CRASH_DATE,POSTED_SPEED_LIMIT,WEATHER_CONDITION,LIGHTING_CONDITION,FIRST_CRASH_TYPE,TRAFFICWAY_TYPE,ROADWAY_SURFACE_COND,CRASH_TYPE,PRIM_CONTRIBUTORY_CAUSE,NUM_UNITS,CRASH_MONTH,MOST_SEVERE_INJURY,INJURIES_TOTAL,INJURIES_FATAL,CRASH_HOUR,CRASH_DAY_OF_WEEK,LATITUDE,LONGITUDE
01/22/2025 08:20:00 AM,30,CLEAR,DAYLIGHT,SIDESWIPE SAME DIRECTION,DIVIDED - W/MEDIAN (NOT RAISED),DRY,NO INJURY / DRIVE AWAY,DISREGARDING ROAD MARKINGS,2,1,NO INDICATION OF INJURY,0,0,8,4,,
01/26/2022 03:49:00 PM,10,CLEAR,DARKNESS,REAR TO FRONT,OTHER,DRY,NO INJURY / DRIVE AWAY,IMPROPER BACKING,2,1,NO INDICATION OF INJURY,0,0,15,4,,
02/06/2022 03:00:00 AM,10,FOG/SMOKE/HAZE,"DARKNESS, LIGHTED ROAD",OVERTURNED,NOT DIVIDED,DRY,INJURY AND / OR TOW DUE TO CRASH,FAILING TO REDUCE SPEED TO AVOID CRASH,1,2,NO INDICATION OF INJURY,0,0,3,1,,
02/11/2022 05:40:00 AM,20,FREEZING RAIN/DRIZZLE,DAWN,SIDESWIPE SAME DIRECTION,ONE-WAY,WET,NO INJURY / DRIVE AWAY,FOLLOWING TOO CLOSELY,2,2,NO INDICATION OF INJURY,0,0,5,6,,
02/08/2022 06:10:00 AM,30,CLEAR,DAYLIGHT,REAR END,OTHER,DRY,NO INJURY / DRIVE AWAY,UNABLE TO DETERMINE,2,2,NO INDICATION OF INJURY,0,0,6,3,,
01/06/2022 09:10:00 PM,25,CLEAR,"DARKNESS, LIGHTED ROAD",SIDESWIPE SAME DIRECTION,UNKNOWN,DRY,NO INJURY / DRIVE AWAY,UNABLE TO DETERMINE,2,1,NO INDICATION OF INJURY,0,0,21,5,,
12/29/2021 12:13:00 PM,30,CLEAR,DAYLIGHT,PARKED MOTOR VEHICLE,NOT DIVIDED,DRY,NO INJURY / DRIVE AWAY,"OPERATING VEHICLE IN ERRATIC, RECKLESS, CARELESS, NEGLIGENT OR AGGRESSIVE MANNER",2,12,NO INDICATION OF INJURY,0,0,12,4,,
02/10/2022 04:02:00 PM,30,CLEAR,DAYLIGHT,REAR END,OTHER,DRY,NO INJURY / DRIVE AWAY,UNABLE TO DETERMINE,2,2,NO INDICATION OF INJURY,0,0,16,5,41.9069778525,-87.6398228975
02/01/2022 03:18:00 PM,30,RAIN,DAYLIGHT,SIDESWIPE SAME DIRECTION,NOT DIVIDED,WET,NO INJURY / DRIVE AWAY,UNABLE TO DETERMINE,2,2,NO INDICATION OF INJURY,0,0,15,3,,
06/30/2022 06:30:00 AM,30,CLEAR,DAYLIGHT,PARKED MOTOR VEHICLE,ONE-WAY,DRY,NO INJURY / DRIVE AWAY,UNABLE TO DETERMINE,2,6,,,,6,5,42.0167497937,-87.6796872705
02/04/2022 08:25:00 AM,30,CLEAR,DAYLIGHT,REAR END,FOUR WAY,WET,NO INJURY / DRIVE AWAY,FOLLOWING TOO CLOSELY,2,2,NO INDICATION OF INJURY,0,0,8,6,,
02/01/2022 07:00:00 PM,35,RAIN,"DARKNESS, LIGHTED ROAD",ANGLE,ONE-WAY,WET,NO INJURY / DRIVE AWAY,FAILING TO YIELD RIGHT-OF-WAY,2,2,NO INDICATION OF INJURY,0,0,19,3,,
01/19/2022 02:15:00 PM,10,CLEAR,DAYLIGHT,FIXED OBJECT,DIVIDED - W/MEDIAN BARRIER,DRY,INJURY AND / OR TOW DUE TO CRASH,"OPERATING VEHICLE IN ERRATIC, RECKLESS, CARELESS, NEGLIGENT OR AGGRESSIVE MANNER",1,1,INCAPACITATING INJURY,1,0,14,4,,
02/04/2022 09:15:00 AM,35,CLEAR,DAYLIGHT,FIXED OBJECT,DIVIDED - W/MEDIAN BARRIER,ICE,INJURY AND / OR TOW DUE TO CRASH,WEATHER,1,2,NO INDICATION OF INJURY,0,0,9,6,,
01/22/2022 07:50:00 PM,25,CLOUDY/OVERCAST,"DARKNESS, LIGHTED ROAD",REAR END,DIVIDED - W/MEDIAN BARRIER,DRY,INJURY AND / OR TOW DUE TO CRASH,FOLLOWING TOO CLOSELY,2,1,NO INDICATION OF INJURY,0,0,19,7,,
01/19/2022 09:00:00 AM,25,CLEAR,DAYLIGHT,FIXED OBJECT,UNKNOWN,UNKNOWN,NO INJURY / DRIVE AWAY,NOT APPLICABLE,1,1,,,,9,4,41.7414392305,-87.7176604204
02/21/2022 01:15:00 PM,25,CLEAR,DAYLIGHT,REAR END,FOUR WAY,DRY,NO INJURY / DRIVE AWAY,UNABLE TO DETERMINE,2,2,NO INDICATION OF INJURY,0,0,13,2,,
01/28/2022 01:55:00 PM,20,CLEAR,DAYLIGHT,SIDESWIPE SAME DIRECTION,ONE-WAY,WET,INJURY AND / OR TOW DUE TO CRASH,IMPROPER OVERTAKING/PASSING,2,1,NO INDICATION OF INJURY,0,0,13,6,,
01/27/2022 07:00:00 AM,15,CLEAR,DAYLIGHT,FIXED OBJECT,PARKING LOT,DRY,NO INJURY / DRIVE AWAY,FAILING TO YIELD RIGHT-OF-WAY,1,1,NO INDICATION OF INJURY,0,0,7,5,,
02/18/2022 08:29:00 PM,0,CLEAR,"DARKNESS, LIGHTED ROAD",PARKED MOTOR VEHICLE,RAMP,DRY,NO INJURY / DRIVE AWAY,UNABLE TO DETERMINE,2,2,NO INDICATION OF INJURY,0,0,20,6,,
02/25/2022 11:10:00 AM,25,CLEAR,DAYLIGHT,ANGLE,ONE-WAY,ICE,NO INJURY / DRIVE AWAY,WEATHER,2,2,NO INDICATION OF INJURY,0,0,11,6,41.8728935591,-87.7053866596
02/05/2022 10:30:00 PM,10,CLEAR,"DARKNESS, LIGHTED ROAD",REAR END,PARKING LOT,DRY,NO INJURY / DRIVE AWAY,UNABLE TO DETERMINE,2,2,NO INDICATION OF INJURY,0,0,22,7,,
02/11/2022 11:24:00 AM,30,CLEAR,DAYLIGHT,ANGLE,DIVIDED - W/MEDIAN (NOT RAISED),DRY,NO INJURY / DRIVE AWAY,UNABLE TO DETERMINE,2,2,NO INDICATION OF INJURY,0,0,11,6,,
02/23/2022 02:50:00 PM,30,CLEAR,DAYLIGHT,REAR END,FOUR WAY,DRY,NO INJURY / DRIVE AWAY,FOLLOWING TOO CLOSELY,2,2,NO INDICATION OF INJURY,0,0,14,4,,
01/15/2022 07:20:00 PM,30,CLEAR,DARKNESS,SIDESWIPE SAME DIRECTION,OTHER,DRY,NO INJURY / DRIVE AWAY,IMPROPER LANE USAGE,2,1,NO INDICATION OF INJURY,0,0,19,7,,
02/19/2022 02:50:00 PM,10,CLEAR,DAYLIGHT,PARKED MOTOR VEHICLE,PARKING LOT,DRY,NO INJURY / DRIVE AWAY,NOT APPLICABLE,2,2,NO INDICATION OF INJURY,0,0,14,7,,
02/18/2022 07:48:00 AM,20,SNOW,DAYLIGHT,HEAD ON,NOT DIVIDED,SNOW OR SLUSH,NO INJURY / DRIVE AWAY,UNABLE TO DETERMINE,2,2,NO INDICATION OF INJURY,0,0,7,6,,
02/11/2022 04:40:00 PM,20,CLEAR,"DARKNESS, LIGHTED ROAD",PARKED MOTOR VEHICLE,ONE-WAY,WET,NO INJURY / DRIVE AWAY,IMPROPER OVERTAKING/PASSING,2,2,NO INDICATION OF INJURY,0,0,16,6,,
02/27/2022 07:55:00 AM,25,CLEAR,DAYLIGHT,SIDESWIPE SAME DIRECTION,ONE-WAY,DRY,NO INJURY / DRIVE AWAY,IMPROPER LANE USAGE,2,2,NO INDICATION OF INJURY,0,0,7,1,,
01/17/2022 10:57:00 AM,25,CLEAR,DAYLIGHT,SIDESWIPE SAME DIRECTION,ONE-WAY,ICE,NO INJURY / DRIVE AWAY,FAILING TO YIELD RIGHT-OF-WAY,2,1,NO INDICATION OF INJURY,0,0,10,2,,
02/24/2022 05:25:00 AM,20,CLEAR,"DARKNESS, LIGHTED ROAD",SIDESWIPE SAME DIRECTION,OTHER,WET,NO INJURY / DRIVE AWAY,DISTRACTION - FROM INSIDE VEHICLE,2,2,NO INDICATION OF INJURY,0,0,5,5,,
02/02/2022 01:00:00 PM,25,SNOW,DAYLIGHT,REAR END,DIVIDED - W/MEDIAN BARRIER,SNOW OR SLUSH,INJURY AND / OR TOW DUE TO CRASH,WEATHER,2,2,NO INDICATION OF INJURY,0,0,13,4,,
03/09/2022 02:54:00 PM,35,CLEAR,DAYLIGHT,REAR END,OTHER,DRY,NO INJURY / DRIVE AWAY,UNABLE TO DETERMINE,2,3,NO INDICATION OF INJURY,0,0,14,4,41.9926493071,-87.6895698104
02/04/2022 07:00:00 PM,25,UNKNOWN,"DARKNESS, LIGHTED ROAD",PARKED MOTOR VEHICLE,NOT DIVIDED,UNKNOWN,NO INJURY / DRIVE AWAY,DRIVING ON WRONG SIDE/WRONG WAY,2,2,NO INDICATION OF INJURY,0,0,19,6,,
02/02/2022 04:25:00 AM,30,SNOW,"DARKNESS, LIGHTED ROAD",FIXED OBJECT,Y-INTERSECTION,SNOW OR SLUSH,NO INJURY / DRIVE AWAY,WEATHER,2,2,NO INDICATION OF INJURY,0,0,4,4,,
02/07/2022 03:00:00 PM,20,CLEAR,DAYLIGHT,OTHER NONCOLLISION,OTHER,SNOW OR SLUSH,NO INJURY / DRIVE AWAY,NOT APPLICABLE,1,2,,,,15,2,41.9660629933,-87.6577341245
01/21/2022 06:45:00 AM,15,CLEAR,DAWN,PARKED MOTOR VEHICLE,OTHER,DRY,NO INJURY / DRIVE AWAY,UNABLE TO DETERMINE,4,1,NO INDICATION OF INJURY,0,0,6,6,,
02/16/2022 05:00:00 PM,30,UNKNOWN,DAYLIGHT,SIDESWIPE SAME DIRECTION,NOT DIVIDED,UNKNOWN,NO INJURY / DRIVE AWAY,NOT APPLICABLE,2,2,NO INDICATION OF INJURY,0,0,17,4,41.8571796069,-87.7228200858
02/16/2022 06:05:00 PM,30,RAIN,"DARKNESS, LIGHTED ROAD",REAR END,ONE-WAY,WET,NO INJURY / DRIVE AWAY,FOLLOWING TOO CLOSELY,2,2,NO INDICATION OF INJURY,0,0,18,4,,
03/23/2022 01:30:00 AM,25,RAIN,"DARKNESS, LIGHTED ROAD",TURNING,NOT DIVIDED,WET,NO INJURY / DRIVE AWAY,IMPROPER TURNING/NO SIGNAL,2,3,NO INDICATION OF INJURY,0,0,1,4,,
02/28/2022 07:30:00 PM,30,CLEAR,"DARKNESS, LIGHTED ROAD",TURNING,FOUR WAY,DRY,INJURY AND / OR TOW DUE TO CRASH,FAILING TO YIELD RIGHT-OF-WAY,2,2,NO INDICATION OF INJURY,0,0,19,2,,
02/17/2022 03:42:00 PM,30,SNOW,DAYLIGHT,REAR END,ONE-WAY,SNOW OR SLUSH,NO INJURY / DRIVE AWAY,FAILING TO REDUCE SPEED TO AVOID CRASH,2,2,NO INDICATION OF INJURY,0,0,15,5,,
01/25/2022 04:28:00 PM,20,SNOW,DAYLIGHT,ANGLE,ONE-WAY,SNOW OR SLUSH,NO INJURY / DRIVE AWAY,WEATHER,2,1,NO INDICATION OF INJURY,0,0,16,3,41.7514226553,-87.5639484528
02/16/2022 07:00:00 AM,25,CLEAR,DAYLIGHT,SIDESWIPE SAME DIRECTION,ONE-WAY,DRY,NO INJURY / DRIVE AWAY,IMPROPER LANE USAGE,2,2,NO INDICATION OF INJURY,0,0,7,4,,
01/16/2022 11:09:00 PM,30,SNOW,"DARKNESS, LIGHTED ROAD",SIDESWIPE SAME DIRECTION,DIVIDED - W/MEDIAN (NOT RAISED),SNOW OR SLUSH,NO INJURY / DRIVE AWAY,UNABLE TO DETERMINE,2,1,NO INDICATION OF INJURY,0,0,23,1,,
02/13/2022 12:10:00 PM,20,CLEAR,DAYLIGHT,FIXED OBJECT,OTHER,DRY,INJURY AND / OR TOW DUE TO CRASH,UNABLE TO DETERMINE,1,2,NO INDICATION OF INJURY,0,0,12,1,,
03/12/2022 06:30:00 AM,20,CLEAR,DAYLIGHT,REAR END,ONE-WAY,DRY,NO INJURY / DRIVE AWAY,FOLLOWING TOO CLOSELY,2,3,NO INDICATION OF INJURY,0,0,6,7,,
01/19/2022 01:00:00 AM,30,UNKNOWN,"DARKNESS, LIGHTED ROAD",FIXED OBJECT,DIVIDED - W/MEDIAN BARRIER,UNKNOWN,NO INJURY / DRIVE AWAY,UNABLE TO DETERMINE,1,1,NO INDICATION OF INJURY,0,0,1,4,,
03/01/2022 02:55:00 PM,30,CLEAR,DAYLIGHT,SIDESWIPE SAME DIRECTION,ONE-WAY,DRY,NO INJURY / DRIVE AWAY,UNABLE TO DETERMINE,2,3,NO INDICATION OF INJURY,0,0,14,3,,
01/26/2022 07:55:00 AM,30,CLEAR,DAYLIGHT,REAR END,DIVIDED - W/MEDIAN (NOT RAISED),DRY,NO INJURY / DRIVE AWAY,FOLLOWING TOO CLOSELY,2,1,NO INDICATION OF INJURY,0,0,7,4,,
02/17/2022 07:54:00 AM,30,CLEAR,DAYLIGHT,TURNING,FOUR WAY,WET,NO INJURY / DRIVE AWAY,FAILING TO YIELD RIGHT-OF-WAY,2,2,NO INDICATION OF INJURY,0,0,7,5,,
01/21/2022 08:06:00 PM,15,CLEAR,"DARKNESS, LIGHTED ROAD",SIDESWIPE OPPOSITE DIRECTION,PARKING LOT,DRY,INJURY AND / OR TOW DUE TO CRASH,DRIVING ON WRONG SIDE/WRONG WAY,3,1,NONINCAPACITATING INJURY,1,0,20,6,,
01/21/2022 03:40:00 PM,30,CLEAR,DAYLIGHT,TURNING,DIVIDED - W/MEDIAN (NOT RAISED),DRY,NO INJURY / DRIVE AWAY,UNABLE TO DETERMINE,2,1,NO INDICATION OF INJURY,0,0,15,6,,
02/16/2022 09:38:00 PM,30,RAIN,"DARKNESS, LIGHTED ROAD",TURNING,NOT DIVIDED,WET,NO INJURY / DRIVE AWAY,IMPROPER LANE USAGE,2,2,NO INDICATION OF INJURY,0,0,21,4,,
02/09/2022 07:00:00 AM,35,CLEAR,DAYLIGHT,REAR END,ONE-WAY,WET,NO INJURY / DRIVE AWAY,WEATHER,2,2,NO INDICATION OF INJURY,0,0,7,4,,
02/01/2022 02:50:00 PM,35,RAIN,DAYLIGHT,SIDESWIPE SAME DIRECTION,DIVIDED - W/MEDIAN BARRIER,WET,NO INJURY / DRIVE AWAY,PHYSICAL CONDITION OF DRIVER,2,2,NO INDICATION OF INJURY,0,0,14,3,,
01/31/2022 07:45:00 PM,25,CLEAR,DARKNESS,REAR END,ONE-WAY,DRY,NO INJURY / DRIVE AWAY,NOT APPLICABLE,2,1,NO INDICATION OF INJURY,0,0,19,2,,
02/11/2022 03:53:00 PM,30,CLEAR,DAYLIGHT,ANGLE,NOT DIVIDED,DRY,NO INJURY / DRIVE AWAY,DISREGARDING TRAFFIC SIGNALS,2,2,NO INDICATION OF INJURY,0,0,15,6,,
02/10/2022 07:34:00 PM,20,CLEAR,DARKNESS,PARKED MOTOR VEHICLE,PARKING LOT,WET,NO INJURY / DRIVE AWAY,IMPROPER BACKING,2,2,NO INDICATION OF INJURY,0,0,19,5,,
03/06/2022 01:27:00 PM,20,CLEAR,DAYLIGHT,ANGLE,PARKING LOT,DRY,INJURY AND / OR TOW DUE TO CRASH,FAILING TO YIELD RIGHT-OF-WAY,2,3,NO INDICATION OF INJURY,0,0,13,1,,
01/18/2022 11:30:00 AM,15,CLEAR,DAYLIGHT,PARKED MOTOR VEHICLE,PARKING LOT,DRY,NO INJURY / DRIVE AWAY,IMPROPER LANE USAGE,2,1,NO INDICATION OF INJURY,0,0,11,3,,
02/16/2022 02:26:00 PM,30,UNKNOWN,DAYLIGHT,REAR END,NOT DIVIDED,UNKNOWN,NO INJURY / DRIVE AWAY,UNABLE TO DETERMINE,2,2,NO INDICATION OF INJURY,0,0,14,4,41.8104515462,-87.6837744013
11/08/2021 05:27:00 AM,30,CLEAR,DAWN,REAR END,OTHER,DRY,INJURY AND / OR TOW DUE TO CRASH,UNABLE TO DETERMINE,2,11,INCAPACITATING INJURY,3,0,5,2,,
02/26/2022 07:50:00 AM,30,CLEAR,DAYLIGHT,REAR END,NOT DIVIDED,DRY,NO INJURY / DRIVE AWAY,FOLLOWING TOO CLOSELY,2,2,NO INDICATION OF INJURY,0,0,7,7,41.8524194266,-87.6221149864
07/08/2022 12:30:00 PM,30,RAIN,DAYLIGHT,SIDESWIPE SAME DIRECTION,ONE-WAY,WET,NO INJURY / DRIVE AWAY,UNABLE TO DETERMINE,2,7,NO INDICATION OF INJURY,0,0,12,6,,
01/19/2022 07:00:00 PM,25,CLEAR,"DARKNESS, LIGHTED ROAD",HEAD ON,NOT DIVIDED,UNKNOWN,NO INJURY / DRIVE AWAY,UNABLE TO DETERMINE,2,1,NO INDICATION OF INJURY,0,0,19,4,,
02/03/2022 07:45:00 PM,20,SNOW,DAYLIGHT,REAR END,PARKING LOT,SNOW OR SLUSH,NO INJURY / DRIVE AWAY,WEATHER,2,2,NO INDICATION OF INJURY,0,0,19,5,,
02/07/2022 09:04:00 AM,30,CLOUDY/OVERCAST,DAYLIGHT,TURNING,NOT DIVIDED,SNOW OR SLUSH,NO INJURY / DRIVE AWAY,DRIVING SKILLS/KNOWLEDGE/EXPERIENCE,2,2,NO INDICATION OF INJURY,0,0,9,2,,
03/06/2022 05:30:00 AM,25,CLEAR,DAWN,FIXED OBJECT,ONE-WAY,DRY,INJURY AND / OR TOW DUE TO CRASH,IMPROPER LANE USAGE,1,3,NO INDICATION OF INJURY,0,0,5,1,,
01/18/2022 07:00:00 PM,30,OTHER,"DARKNESS, LIGHTED ROAD",PARKED MOTOR VEHICLE,PARKING LOT,WET,NO INJURY / DRIVE AWAY,UNABLE TO DETERMINE,2,1,NO INDICATION OF INJURY,0,0,19,3,,
02/05/2022 04:30:00 AM,15,CLEAR,"DARKNESS, LIGHTED ROAD",SIDESWIPE SAME DIRECTION,ONE-WAY,DRY,NO INJURY / DRIVE AWAY,DRIVING SKILLS/KNOWLEDGE/EXPERIENCE,2,2,NO INDICATION OF INJURY,0,0,4,7,,
02/17/2022 05:15:00 PM,30,SNOW,"DARKNESS, LIGHTED ROAD",REAR END,ONE-WAY,SNOW OR SLUSH,NO INJURY / DRIVE AWAY,WEATHER,2,2,NO INDICATION OF INJURY,0,0,17,5,,
02/11/2022 05:29:00 PM,30,CLEAR,"DARKNESS, LIGHTED ROAD",REAR END,DIVIDED - W/MEDIAN BARRIER,DRY,NO INJURY / DRIVE AWAY,IMPROPER BACKING,2,2,NO INDICATION OF INJURY,0,0,17,6,,
01/22/2022 07:00:00 PM,25,CLOUDY/OVERCAST,"DARKNESS, LIGHTED ROAD",SIDESWIPE SAME DIRECTION,DIVIDED - W/MEDIAN BARRIER,DRY,NO INJURY / DRIVE AWAY,FAILING TO YIELD RIGHT-OF-WAY,2,1,NO INDICATION OF INJURY,0,0,19,7,,
03/07/2022 04:15:00 PM,10,CLOUDY/OVERCAST,DAYLIGHT,SIDESWIPE OPPOSITE DIRECTION,UNKNOWN,WET,INJURY AND / OR TOW DUE TO CRASH,UNABLE TO DETERMINE,2,3,NO INDICATION OF INJURY,0,0,16,2,,
03/05/2022 06:00:00 PM,10,CLEAR,DUSK,PARKED MOTOR VEHICLE,PARKING LOT,DRY,NO INJURY / DRIVE AWAY,IMPROPER BACKING,2,3,NO INDICATION OF INJURY,0,0,18,7,,
01/31/2022 06:00:00 AM,30,CLEAR,DAYLIGHT,PARKED MOTOR VEHICLE,NOT DIVIDED,DRY,NO INJURY / DRIVE AWAY,UNABLE TO DETERMINE,2,1,NO INDICATION OF INJURY,0,0,6,2,,
02/25/2022 08:20:00 PM,30,CLEAR,"DARKNESS, LIGHTED ROAD",TURNING,NOT DIVIDED,DRY,INJURY AND / OR TOW DUE TO CRASH,FAILING TO YIELD RIGHT-OF-WAY,2,2,NO INDICATION OF INJURY,0,0,20,6,,
06/03/2022 01:45:00 PM,30,CLEAR,DAYLIGHT,TURNING,NOT DIVIDED,DRY,NO INJURY / DRIVE AWAY,UNABLE TO DETERMINE,2,6,NO INDICATION OF INJURY,0,0,13,6,,
01/23/2022 08:15:00 PM,25,CLEAR,"DARKNESS, LIGHTED ROAD",PEDESTRIAN,ONE-WAY,SNOW OR SLUSH,NO INJURY / DRIVE AWAY,"VISION OBSCURED (SIGNS, TREE LIMBS, BUILDINGS, ETC.)",2,1,NO INDICATION OF INJURY,0,0,20,1,,
02/22/2022 02:08:00 AM,35,RAIN,"DARKNESS, LIGHTED ROAD",OTHER OBJECT,ONE-WAY,WET,NO INJURY / DRIVE AWAY,UNABLE TO DETERMINE,1,2,NO INDICATION OF INJURY,0,0,2,3,,
02/03/2022 10:55:00 AM,10,CLEAR,"DARKNESS, LIGHTED ROAD",REAR TO FRONT,PARKING LOT,WET,NO INJURY / DRIVE AWAY,UNABLE TO DETERMINE,2,2,NO INDICATION OF INJURY,0,0,10,5,,
02/26/2022 10:44:00 PM,15,CLEAR,"DARKNESS, LIGHTED ROAD",REAR TO SIDE,ONE-WAY,DRY,NO INJURY / DRIVE AWAY,FAILING TO YIELD RIGHT-OF-WAY,2,2,NO INDICATION OF INJURY,0,0,22,7,,
02/09/2022 12:42:00 PM,30,CLEAR,DAYLIGHT,TURNING,FOUR WAY,WET,INJURY AND / OR TOW DUE TO CRASH,FAILING TO REDUCE SPEED TO AVOID CRASH,2,2,NONINCAPACITATING INJURY,3,0,12,4,,
02/07/2022 04:35:00 PM,10,CLEAR,DAYLIGHT,PARKED MOTOR VEHICLE,ONE-WAY,WET,NO INJURY / DRIVE AWAY,IMPROPER OVERTAKING/PASSING,2,2,NO INDICATION OF INJURY,0,0,16,2,,
02/01/2022 01:40:00 PM,30,SNOW,DAYLIGHT,REAR TO FRONT,ONE-WAY,SNOW OR SLUSH,NO INJURY / DRIVE AWAY,IMPROPER BACKING,2,2,NO INDICATION OF INJURY,0,0,13,3,,
01/18/2022 03:23:00 PM,35,CLEAR,DAYLIGHT,SIDESWIPE SAME DIRECTION,ONE-WAY,DRY,NO INJURY / DRIVE AWAY,UNABLE TO DETERMINE,2,1,NO INDICATION OF INJURY,0,0,15,3,,
01/19/2022 12:34:00 PM,30,CLEAR,DAYLIGHT,ANGLE,NOT DIVIDED,DRY,INJURY AND / OR TOW DUE TO CRASH,UNABLE TO DETERMINE,2,1,"REPORTED, NOT EVIDENT",1,0,12,4,,
02/23/2022 06:43:00 PM,15,CLEAR,DARKNESS,SIDESWIPE SAME DIRECTION,NOT DIVIDED,DRY,NO INJURY / DRIVE AWAY,FAILING TO YIELD RIGHT-OF-WAY,2,2,NO INDICATION OF INJURY,0,0,18,4,,
04/07/2022 11:38:00 AM,10,CLEAR,DAYLIGHT,REAR END,ONE-WAY,DRY,NO INJURY / DRIVE AWAY,FOLLOWING TOO CLOSELY,2,4,NO INDICATION OF INJURY,0,0,11,5,42.0142116506,-87.6899354852
04/02/2022 06:30:00 PM,15,RAIN,DAYLIGHT,SIDESWIPE SAME DIRECTION,ONE-WAY,WET,NO INJURY / DRIVE AWAY,UNABLE TO DETERMINE,2,4,NO INDICATION OF INJURY,0,0,18,7,,
02/18/2022 12:01:00 AM,10,SNOW,"DARKNESS, LIGHTED ROAD",PARKED MOTOR VEHICLE,UNKNOWN,WET,NO INJURY / DRIVE AWAY,DRIVING SKILLS/KNOWLEDGE/EXPERIENCE,2,2,NO INDICATION OF INJURY,0,0,0,6,,
04/07/2022 10:48:00 PM,10,CLEAR,"DARKNESS, LIGHTED ROAD",REAR END,PARKING LOT,DRY,NO INJURY / DRIVE AWAY,UNABLE TO DETERMINE,2,4,NO INDICATION OF INJURY,0,0,22,5,,
02/20/2022 12:00:00 PM,30,CLEAR,DAYLIGHT,SIDESWIPE SAME DIRECTION,NOT DIVIDED,DRY,NO INJURY / DRIVE AWAY,UNABLE TO DETERMINE,2,2,NO INDICATION OF INJURY,0,0,12,1,,
02/21/2022 07:30:00 AM,20,CLEAR,DAYLIGHT,SIDESWIPE SAME DIRECTION,ONE-WAY,WET,NO INJURY / DRIVE AWAY,IMPROPER LANE USAGE,2,2,NO INDICATION OF INJURY,0,0,7,2,,
03/19/2022 10:15:00 PM,10,CLEAR,"DARKNESS, LIGHTED ROAD",PARKED MOTOR VEHICLE,PARKING LOT,WET,NO INJURY / DRIVE AWAY,UNABLE TO DETERMINE,2,3,NO INDICATION OF INJURY,0,0,22,7,,
04/02/2022 02:34:00 PM,30,RAIN,DAYLIGHT,ANGLE,NOT DIVIDED,WET,NO INJURY / DRIVE AWAY,WEATHER,2,4,NO INDICATION OF INJURY,0,0,14,7,41.8368336766,-87.7208315473
03/30/2022 10:20:00 AM,30,RAIN,DAYLIGHT,PEDESTRIAN,DIVIDED - W/MEDIAN (NOT RAISED),WET,INJURY AND / OR TOW DUE TO CRASH,FAILING TO YIELD RIGHT-OF-WAY,2,3,NONINCAPACITATING INJURY,1,0,10,4,,
03/02/2022 08:30:00 PM,25,CLEAR,"DARKNESS, LIGHTED ROAD",SIDESWIPE SAME DIRECTION,ONE-WAY,DRY,NO INJURY / DRIVE AWAY,UNABLE TO DETERMINE,2,3,NO INDICATION OF INJURY,0,0,20,4,,
03/04/2022 11:00:00 PM,20,CLEAR,"DARKNESS, LIGHTED ROAD",PARKED MOTOR VEHICLE,ONE-WAY,DRY,NO INJURY / DRIVE AWAY,NOT APPLICABLE,2,3,NO INDICATION OF INJURY,0,0,23,6,,
03/08/2022 07:28:00 PM,20,CLEAR,"DARKNESS, LIGHTED ROAD",PARKED MOTOR VEHICLE,PARKING LOT,DRY,NO INJURY / DRIVE AWAY,IMPROPER TURNING/NO SIGNAL,2,3,NO INDICATION OF INJURY,0,0,19,3,,
04/01/2022 10:45:00 AM,25,CLEAR,DAYLIGHT,SIDESWIPE SAME DIRECTION,ONE-WAY,DRY,NO INJURY / DRIVE AWAY,FAILING TO YIELD RIGHT-OF-WAY,2,4,NO INDICATION OF INJURY,0,0,10,6,,
03/21/2022 09:24:00 PM,55,CLEAR,"DARKNESS, LIGHTED ROAD",SIDESWIPE SAME DIRECTION,DIVIDED - W/MEDIAN BARRIER,DRY,NO INJURY / DRIVE AWAY,IMPROPER LANE USAGE,2,3,NO INDICATION OF INJURY,0,0,21,2,,
03/16/2022 06:40:00 AM,45,CLEAR,DAWN,SIDESWIPE OPPOSITE DIRECTION,DIVIDED - W/MEDIAN BARRIER,DRY,NO INJURY / DRIVE AWAY,IMPROPER BACKING,2,3,NO INDICATION OF INJURY,0,0,6,4,,
03/18/2022 01:00:00 PM,20,UNKNOWN,UNKNOWN,PARKED MOTOR VEHICLE,PARKING LOT,UNKNOWN,NO INJURY / DRIVE AWAY,UNABLE TO DETERMINE,2,3,NO INDICATION OF INJURY,0,0,13,6,,
03/22/2022 02:30:00 PM,55,CLEAR,DAYLIGHT,SIDESWIPE SAME DIRECTION,DIVIDED - W/MEDIAN BARRIER,DRY,NO INJURY / DRIVE AWAY,UNABLE TO DETERMINE,2,3,NO INDICATION OF INJURY,0,0,14,3,,
03/25/2022 07:28:00 AM,20,CLEAR,DAYLIGHT,OTHER OBJECT,DIVIDED - W/MEDIAN (NOT RAISED),DRY,NO INJURY / DRIVE AWAY,UNABLE TO DETERMINE,1,3,NO INDICATION OF INJURY,0,0,7,6,,
02/22/2022 08:00:00 AM,30,RAIN,UNKNOWN,SIDESWIPE SAME DIRECTION,ONE-WAY,WET,NO INJURY / DRIVE AWAY,UNABLE TO DETERMINE,2,2,NO INDICATION OF INJURY,0,0,8,3,,
02/06/2025 02:00:00 AM,25,SLEET/HAIL,DARKNESS,PARKED MOTOR VEHICLE,DIVIDED - W/MEDIAN (NOT RAISED),ICE,NO INJURY / DRIVE AWAY,WEATHER,2,2,NO INDICATION OF INJURY,0,0,2,5,,
02/06/2025 05:14:00 AM,10,CLEAR,"DARKNESS, LIGHTED ROAD",REAR TO FRONT,PARKING LOT,ICE,NO INJURY / DRIVE AWAY,IMPROPER BACKING,2,2,NO INDICATION OF INJURY,0,0,5,5,,
01/19/2025 08:11:00 PM,25,CLEAR,"DARKNESS, LIGHTED ROAD",PARKED MOTOR VEHICLE,OTHER,DRY,NO INJURY / DRIVE AWAY,IMPROPER BACKING,2,1,NO INDICATION OF INJURY,0,0,20,1,,
02/08/2025 05:30:00 PM,15,CLEAR,"DARKNESS, LIGHTED ROAD",SIDESWIPE SAME DIRECTION,OTHER,WET,NO INJURY / DRIVE AWAY,UNABLE TO DETERMINE,2,2,NO INDICATION OF INJURY,0,0,17,7,,
01/24/2025 07:40:00 PM,30,CLEAR,"DARKNESS, LIGHTED ROAD",REAR END,DIVIDED - W/MEDIAN (NOT RAISED),DRY,INJURY AND / OR TOW DUE TO CRASH,UNABLE TO DETERMINE,2,1,INCAPACITATING INJURY,1,0,19,6,,