CRASH_DATE,POSTED_SPEED_LIMIT,WEATHER_CONDITION,LIGHTING_CONDITION,FIRST_CRASH_TYPE,TRAFFICWAY_TYPE,ROADWAY_SURFACE_COND,CRASH_TYPE,PRIM_CONTRIBUTORY_CAUSE,NUM_UNITS,CRASH_MONTH,MOST_SEVERE_INJURY,INJURIES_TOTAL,INJURIES_FATAL,CRASH_HOUR,CRASH_DAY_OF_WEEK,LATITUDE,LONGITUDE
04/04/2022 03:20:00 PM,10,CLEAR,DAYLIGHT,ANGLE,PARKING LOT,DRY,NO INJURY / DRIVE AWAY,UNABLE TO DETERMINE,2,4,NO INDICATION OF INJURY,0,0,15,2,,
04/09/2022 11:15:00 AM,15,CLEAR,DAYLIGHT,PARKED MOTOR VEHICLE,PARKING LOT,DRY,NO INJURY / DRIVE AWAY,FAILING TO YIELD RIGHT-OF-WAY,2,4,NO INDICATION OF INJURY,0,0,11,7,,
02/19/2022 01:23:00 AM,30,CLEAR,DAYLIGHT,REAR END,NOT DIVIDED,DRY,INJURY AND / OR TOW DUE TO CRASH,DRIVING SKILLS/KNOWLEDGE/EXPERIENCE,2,2,NO INDICATION OF INJURY,0,0,1,7,,
02/15/2022 12:45:00 PM,20,CLOUDY/OVERCAST,DAYLIGHT,PARKED MOTOR VEHICLE,PARKING LOT,DRY,NO INJURY / DRIVE AWAY,FOLLOWING TOO CLOSELY,2,2,NO INDICATION OF INJURY,0,0,12,3,,
02/17/2022 05:19:00 PM,35,SNOW,DARKNESS,REAR END,FOUR WAY,SNOW OR SLUSH,INJURY AND / OR TOW DUE TO CRASH,UNABLE TO DETERMINE,2,2,NO INDICATION OF INJURY,0,0,17,5,,
04/04/2022 12:30:00 PM,30,CLEAR,DAYLIGHT,SIDESWIPE SAME DIRECTION,ONE-WAY,DRY,NO INJURY / DRIVE AWAY,FAILING TO YIELD RIGHT-OF-WAY,2,4,NO INDICATION OF INJURY,0,0,12,2,,
03/15/2022 06:30:00 AM,25,CLEAR,DAYLIGHT,SIDESWIPE SAME DIRECTION,ONE-WAY,DRY,NO INJURY / DRIVE AWAY,FAILING TO YIELD RIGHT-OF-WAY,2,3,NO INDICATION OF INJURY,0,0,6,3,,
03/02/2022 06:50:00 AM,25,CLEAR,DAYLIGHT,SIDESWIPE SAME DIRECTION,ONE-WAY,DRY,NO INJURY / DRIVE AWAY,IMPROPER LANE USAGE,2,3,NO INDICATION OF INJURY,0,0,6,4,,
02/28/2022 10:00:00 PM,10,CLEAR,"DARKNESS, LIGHTED ROAD",PARKED MOTOR VEHICLE,PARKING LOT,DRY,NO INJURY / DRIVE AWAY,UNABLE TO DETERMINE,2,2,NO INDICATION OF INJURY,0,0,22,2,,
03/22/2022 02:14:00 PM,40,CLEAR,DAYLIGHT,FIXED OBJECT,DIVIDED - W/MEDIAN (NOT RAISED),DRY,NO INJURY / DRIVE AWAY,UNABLE TO DETERMINE,1,3,NO INDICATION OF INJURY,0,0,14,3,,
02/23/2022 07:50:00 AM,35,CLEAR,DAYLIGHT,TURNING,NOT DIVIDED,SNOW OR SLUSH,INJURY AND / OR TOW DUE TO CRASH,FAILING TO YIELD RIGHT-OF-WAY,2,2,NO INDICATION OF INJURY,0,0,7,4,,
02/18/2022 07:20:00 PM,25,CLEAR,"DARKNESS, LIGHTED ROAD",ANIMAL,ONE-WAY,WET,INJURY AND / OR TOW DUE TO CRASH,UNABLE TO DETERMINE,2,2,NO INDICATION OF INJURY,0,0,19,6,,
02/25/2022 12:58:00 PM,40,CLEAR,DAYLIGHT,REAR END,OTHER,ICE,NO INJURY / DRIVE AWAY,FOLLOWING TOO CLOSELY,2,2,NO INDICATION OF INJURY,0,0,12,6,41.976201139,-87.9053091251
03/02/2022 03:45:00 PM,25,CLEAR,DAYLIGHT,SIDESWIPE SAME DIRECTION,OTHER,DRY,NO INJURY / DRIVE AWAY,NOT APPLICABLE,2,3,NO INDICATION OF INJURY,0,0,15,4,,
03/05/2022 09:30:00 PM,25,UNKNOWN,UNKNOWN,OTHER OBJECT,ONE-WAY,UNKNOWN,NO INJURY / DRIVE AWAY,WEATHER,1,3,,,,21,7,41.9306460093,-87.7980551092
04/07/2022 08:00:00 PM,30,RAIN,"DARKNESS, LIGHTED ROAD",SIDESWIPE SAME DIRECTION,OTHER,WET,NO INJURY / DRIVE AWAY,IMPROPER LANE USAGE,2,4,NO INDICATION OF INJURY,0,0,20,5,,
02/19/2022 05:00:00 PM,25,CLEAR,DAYLIGHT,OTHER OBJECT,ONE-WAY,DRY,NO INJURY / DRIVE AWAY,UNABLE TO DETERMINE,1,2,NO INDICATION OF INJURY,0,0,17,7,,
02/14/2022 12:10:00 AM,30,CLEAR,"DARKNESS, LIGHTED ROAD",TURNING,FOUR WAY,DRY,NO INJURY / DRIVE AWAY,UNABLE TO DETERMINE,2,2,NO INDICATION OF INJURY,0,0,0,2,,
01/28/2025 10:47:00 PM,30,CLEAR,"DARKNESS, LIGHTED ROAD",SIDESWIPE SAME DIRECTION,ONE-WAY,DRY,NO INJURY / DRIVE AWAY,UNABLE TO DETERMINE,2,1,NO INDICATION OF INJURY,0,0,22,3,,
01/19/2025 10:00:00 AM,30,UNKNOWN,UNKNOWN,PARKED MOTOR VEHICLE,ONE-WAY,UNKNOWN,NO INJURY / DRIVE AWAY,UNABLE TO DETERMINE,2,1,NO INDICATION OF INJURY,0,0,10,1,,
01/22/2025 05:45:00 PM,20,CLEAR,"DARKNESS, LIGHTED ROAD",PARKED MOTOR VEHICLE,ONE-WAY,DRY,NO INJURY / DRIVE AWAY,IMPROPER LANE USAGE,2,1,NO INDICATION OF INJURY,0,0,17,4,,
02/01/2025 09:45:00 AM,35,CLEAR,DAYLIGHT,TURNING,FOUR WAY,DRY,INJURY AND / OR TOW DUE TO CRASH,FAILING TO YIELD RIGHT-OF-WAY,2,2,NONINCAPACITATING INJURY,1,0,9,7,,
01/22/2025 02:13:00 PM,20,CLEAR,DAYLIGHT,ANGLE,OTHER,DRY,NO INJURY / DRIVE AWAY,UNABLE TO DETERMINE,2,1,NO INDICATION OF INJURY,0,0,14,4,,
01/24/2025 05:25:00 PM,30,CLEAR,DUSK,REAR END,NOT DIVIDED,DRY,NO INJURY / DRIVE AWAY,FOLLOWING TOO CLOSELY,3,1,NO INDICATION OF INJURY,0,0,17,6,41.7724604084,-87.6385803388
03/25/2022 08:45:00 AM,30,RAIN,DAYLIGHT,TURNING,UNKNOWN INTERSECTION TYPE,WET,NO INJURY / DRIVE AWAY,IMPROPER LANE USAGE,2,3,NO INDICATION OF INJURY,0,0,8,6,,
02/28/2022 10:55:00 AM,20,CLEAR,DAYLIGHT,TURNING,ONE-WAY,DRY,NO INJURY / DRIVE AWAY,IMPROPER TURNING/NO SIGNAL,2,2,NO INDICATION OF INJURY,0,0,10,2,,
04/03/2022 09:30:00 AM,30,CLEAR,DAYLIGHT,OTHER OBJECT,ONE-WAY,DRY,NO INJURY / DRIVE AWAY,NOT APPLICABLE,1,4,NO INDICATION OF INJURY,0,0,9,1,,
02/23/2022 03:22:00 PM,20,CLEAR,DAYLIGHT,FIXED OBJECT,ONE-WAY,DRY,NO INJURY / DRIVE AWAY,IMPROPER BACKING,1,2,NO INDICATION OF INJURY,0,0,15,4,,
03/17/2022 09:00:00 AM,20,CLEAR,DAYLIGHT,SIDESWIPE OPPOSITE DIRECTION,DRIVEWAY,DRY,NO INJURY / DRIVE AWAY,UNABLE TO DETERMINE,2,3,NO INDICATION OF INJURY,0,0,9,5,,
02/22/2022 02:58:00 PM,25,CLOUDY/OVERCAST,DAYLIGHT,REAR END,T-INTERSECTION,WET,NO INJURY / DRIVE AWAY,FOLLOWING TOO CLOSELY,2,2,NO INDICATION OF INJURY,0,0,14,3,,
02/22/2022 09:00:00 PM,30,BLOWING SNOW,"DARKNESS, LIGHTED ROAD",TURNING,FOUR WAY,ICE,NO INJURY / DRIVE AWAY,UNABLE TO DETERMINE,2,2,NO INDICATION OF INJURY,0,0,21,3,,
04/09/2022 02:44:00 PM,30,CLEAR,DAYLIGHT,REAR END,NOT DIVIDED,DRY,NO INJURY / DRIVE AWAY,IMPROPER BACKING,3,4,NO INDICATION OF INJURY,0,0,14,7,41.951301458,-87.6769352073
03/08/2022 10:00:00 PM,30,CLEAR,"DARKNESS, LIGHTED ROAD",REAR END,NOT DIVIDED,DRY,NO INJURY / DRIVE AWAY,UNABLE TO DETERMINE,3,3,NO INDICATION OF INJURY,0,0,22,3,,
04/07/2022 09:15:00 PM,20,RAIN,"DARKNESS, LIGHTED ROAD",SIDESWIPE SAME DIRECTION,ONE-WAY,WET,NO INJURY / DRIVE AWAY,UNABLE TO DETERMINE,2,4,NO INDICATION OF INJURY,0,0,21,5,,
03/01/2022 03:00:00 PM,10,CLEAR,DAYLIGHT,TURNING,PARKING LOT,DRY,NO INJURY / DRIVE AWAY,NOT APPLICABLE,2,3,NO INDICATION OF INJURY,0,0,15,3,,
02/12/2022 12:50:00 PM,30,CLEAR,DAYLIGHT,REAR END,NOT DIVIDED,DRY,NO INJURY / DRIVE AWAY,UNABLE TO DETERMINE,2,2,NO INDICATION OF INJURY,0,0,12,7,,
03/24/2022 02:15:00 PM,30,CLOUDY/OVERCAST,DAYLIGHT,FIXED OBJECT,DIVIDED - W/MEDIAN (NOT RAISED),DRY,NO INJURY / DRIVE AWAY,UNABLE TO DETERMINE,1,3,NO INDICATION OF INJURY,0,0,14,5,,
03/22/2022 03:35:00 PM,55,CLOUDY/OVERCAST,DAYLIGHT,REAR END,DIVIDED - W/MEDIAN BARRIER,WET,INJURY AND / OR TOW DUE TO CRASH,FOLLOWING TOO CLOSELY,2,3,NONINCAPACITATING INJURY,1,0,15,3,,
01/14/2023 12:35:00 AM,10,CLEAR,"DARKNESS, LIGHTED ROAD",FIXED OBJECT,OTHER,DRY,INJURY AND / OR TOW DUE TO CRASH,UNDER THE INFLUENCE OF ALCOHOL/DRUGS (USE WHEN ARREST IS EFFECTED),1,1,NO INDICATION OF INJURY,0,0,0,7,,
03/13/2022 06:39:00 PM,30,CLEAR,DAYLIGHT,REAR END,NOT DIVIDED,UNKNOWN,NO INJURY / DRIVE AWAY,FOLLOWING TOO CLOSELY,2,3,NO INDICATION OF INJURY,0,0,18,1,,
04/07/2022 11:07:00 PM,20,RAIN,"DARKNESS, LIGHTED ROAD",FIXED OBJECT,DIVIDED - W/MEDIAN BARRIER,WET,NO INJURY / DRIVE AWAY,WEATHER,1,4,NO INDICATION OF INJURY,0,0,23,5,,
02/26/2022 01:40:00 PM,30,CLEAR,DAYLIGHT,REAR END,NOT DIVIDED,UNKNOWN,NO INJURY / DRIVE AWAY,UNABLE TO DETERMINE,2,2,NO INDICATION OF INJURY,0,0,13,7,,
02/19/2022 02:00:00 PM,35,CLEAR,DAYLIGHT,TURNING,NOT DIVIDED,DRY,NO INJURY / DRIVE AWAY,UNABLE TO DETERMINE,2,2,NO INDICATION OF INJURY,0,0,14,7,41.9757782458,-87.7782426209
02/27/2022 09:00:00 AM,15,CLEAR,DAYLIGHT,PARKED MOTOR VEHICLE,PARKING LOT,DRY,NO INJURY / DRIVE AWAY,UNABLE TO DETERMINE,2,2,NO INDICATION OF INJURY,0,0,9,1,,
03/14/2022 12:30:00 AM,30,CLEAR,"DARKNESS, LIGHTED ROAD",REAR END,FOUR WAY,DRY,INJURY AND / OR TOW DUE TO CRASH,UNABLE TO DETERMINE,2,3,"REPORTED, NOT EVIDENT",4,0,0,2,,
02/18/2022 04:32:00 PM,30,BLOWING SNOW,DAYLIGHT,PARKED MOTOR VEHICLE,ONE-WAY,SNOW OR SLUSH,INJURY AND / OR TOW DUE TO CRASH,UNABLE TO DETERMINE,2,2,NO INDICATION OF INJURY,0,0,16,6,,
02/15/2022 05:10:00 PM,15,CLEAR,DUSK,PARKED MOTOR VEHICLE,DRIVEWAY,DRY,NO INJURY / DRIVE AWAY,DRIVING SKILLS/KNOWLEDGE/EXPERIENCE,2,2,NO INDICATION OF INJURY,0,0,17,3,,
03/01/2022 11:10:00 PM,45,CLEAR,"DARKNESS, LIGHTED ROAD",REAR END,DIVIDED - W/MEDIAN (NOT RAISED),DRY,NO INJURY / DRIVE AWAY,FOLLOWING TOO CLOSELY,2,3,NO INDICATION OF INJURY,0,0,23,3,,
03/05/2022 06:30:00 AM,20,CLEAR,DAYLIGHT,SIDESWIPE SAME DIRECTION,ONE-WAY,DRY,NO INJURY / DRIVE AWAY,DISTRACTION - FROM INSIDE VEHICLE,2,3,NO INDICATION OF INJURY,0,0,6,7,,
03/11/2022 12:15:00 PM,30,CLEAR,DAYLIGHT,SIDESWIPE SAME DIRECTION,ONE-WAY,DRY,NO INJURY / DRIVE AWAY,UNABLE TO DETERMINE,2,3,NO INDICATION OF INJURY,0,0,12,6,,
03/02/2022 02:00:00 PM,30,CLEAR,DAYLIGHT,SIDESWIPE SAME DIRECTION,NOT DIVIDED,DRY,NO INJURY / DRIVE AWAY,IMPROPER OVERTAKING/PASSING,2,3,NO INDICATION OF INJURY,0,0,14,4,,
02/18/2022 08:15:00 PM,25,BLOWING SNOW,"DARKNESS, LIGHTED ROAD",SIDESWIPE SAME DIRECTION,ONE-WAY,WET,INJURY AND / OR TOW DUE TO CRASH,UNABLE TO DETERMINE,2,2,NO INDICATION OF INJURY,0,0,20,6,,
03/24/2022 05:07:00 AM,30,RAIN,"DARKNESS, LIGHTED ROAD",ANGLE,T-INTERSECTION,WET,INJURY AND / OR TOW DUE TO CRASH,UNABLE TO DETERMINE,2,3,INCAPACITATING INJURY,1,0,5,5,,
03/02/2022 10:00:00 AM,35,CLEAR,DAYLIGHT,SIDESWIPE SAME DIRECTION,DIVIDED - W/MEDIAN BARRIER,DRY,NO INJURY / DRIVE AWAY,IMPROPER LANE USAGE,2,3,NO INDICATION OF INJURY,0,0,10,4,,
02/18/2022 09:30:00 AM,15,CLEAR,DAYLIGHT,PARKED MOTOR VEHICLE,PARKING LOT,ICE,NO INJURY / DRIVE AWAY,WEATHER,2,2,NO INDICATION OF INJURY,0,0,9,6,,
03/01/2022 06:50:00 AM,15,CLEAR,DAYLIGHT,FIXED OBJECT,RAMP,DRY,NO INJURY / DRIVE AWAY,FAILING TO YIELD RIGHT-OF-WAY,1,3,NO INDICATION OF INJURY,0,0,6,3,,
03/03/2022 06:11:00 PM,40,CLEAR,"DARKNESS, LIGHTED ROAD",REAR END,DIVIDED - W/MEDIAN BARRIER,DRY,INJURY AND / OR TOW DUE TO CRASH,UNABLE TO DETERMINE,2,3,NONINCAPACITATING INJURY,1,0,18,5,,
07/30/2025 12:20:00 PM,30,RAIN,DAYLIGHT,TURNING,"FIVE POINT, OR MORE",WET,NO INJURY / DRIVE AWAY,UNABLE TO DETERMINE,2,7,NO INDICATION OF INJURY,0,0,12,4,,
02/21/2022 11:00:00 PM,5,CLEAR,"DARKNESS, LIGHTED ROAD",SIDESWIPE SAME DIRECTION,ONE-WAY,DRY,NO INJURY / DRIVE AWAY,UNABLE TO DETERMINE,2,2,NO INDICATION OF INJURY,0,0,23,2,,
02/16/2022 06:10:00 AM,15,CLEAR,"DARKNESS, LIGHTED ROAD",PARKED MOTOR VEHICLE,PARKING LOT,DRY,NO INJURY / DRIVE AWAY,IMPROPER BACKING,2,2,NO INDICATION OF INJURY,0,0,6,4,,
03/30/2022 07:45:00 AM,30,CLOUDY/OVERCAST,DAYLIGHT,REAR END,NOT DIVIDED,DRY,NO INJURY / DRIVE AWAY,IMPROPER LANE USAGE,2,3,NO INDICATION OF INJURY,0,0,7,4,,
03/05/2022 08:02:00 AM,30,CLEAR,DAYLIGHT,FIXED OBJECT,FOUR WAY,DRY,INJURY AND / OR TOW DUE TO CRASH,NOT APPLICABLE,1,3,NONINCAPACITATING INJURY,1,0,8,7,,
03/08/2022 09:15:00 AM,20,CLEAR,DAYLIGHT,SIDESWIPE SAME DIRECTION,ONE-WAY,DRY,NO INJURY / DRIVE AWAY,IMPROPER LANE USAGE,2,3,NO INDICATION OF INJURY,0,0,9,3,,
02/23/2022 04:10:00 PM,30,CLOUDY/OVERCAST,DAYLIGHT,SIDESWIPE SAME DIRECTION,DIVIDED - W/MEDIAN (NOT RAISED),SNOW OR SLUSH,NO INJURY / DRIVE AWAY,FAILING TO YIELD RIGHT-OF-WAY,2,2,NO INDICATION OF INJURY,0,0,16,4,,
04/09/2022 11:12:00 PM,5,CLEAR,DARKNESS,REAR END,ONE-WAY,DRY,NO INJURY / DRIVE AWAY,UNABLE TO DETERMINE,2,4,NO INDICATION OF INJURY,0,0,23,7,,
03/24/2022 08:57:00 PM,30,RAIN,"DARKNESS, LIGHTED ROAD",SIDESWIPE SAME DIRECTION,T-INTERSECTION,WET,NO INJURY / DRIVE AWAY,UNABLE TO DETERMINE,2,3,NO INDICATION OF INJURY,0,0,20,5,,
02/13/2022 04:20:00 AM,30,CLEAR,DARKNESS,FIXED OBJECT,NOT DIVIDED,DRY,INJURY AND / OR TOW DUE TO CRASH,UNABLE TO DETERMINE,1,2,,,,4,1,41.7368391088,-87.6208582446
03/11/2022 08:30:00 AM,15,CLEAR,DAYLIGHT,PARKED MOTOR VEHICLE,PARKING LOT,DRY,NO INJURY / DRIVE AWAY,UNABLE TO DETERMINE,2,3,NO INDICATION OF INJURY,0,0,8,6,,
02/11/2022 11:00:00 PM,35,UNKNOWN,UNKNOWN,REAR END,UNKNOWN,UNKNOWN,NO INJURY / DRIVE AWAY,UNABLE TO DETERMINE,2,2,NO INDICATION OF INJURY,0,0,23,6,41.7527105253,-87.7202895983
03/04/2022 05:50:00 AM,30,CLEAR,DAYLIGHT,OTHER NONCOLLISION,PARKING LOT,DRY,NO INJURY / DRIVE AWAY,IMPROPER BACKING,1,3,NO INDICATION OF INJURY,0,0,5,6,41.8509494947,-87.6302021284
02/25/2022 12:01:00 AM,25,SNOW,"DARKNESS, LIGHTED ROAD",FIXED OBJECT,DIVIDED - W/MEDIAN (NOT RAISED),SNOW OR SLUSH,NO INJURY / DRIVE AWAY,WEATHER,1,2,NO INDICATION OF INJURY,0,0,0,6,,
04/26/2022 03:22:00 PM,55,CLEAR,DAYLIGHT,SIDESWIPE SAME DIRECTION,DIVIDED - W/MEDIAN BARRIER,DRY,NO INJURY / DRIVE AWAY,UNABLE TO DETERMINE,2,4,NO INDICATION OF INJURY,0,0,15,3,,
03/20/2022 03:08:00 PM,30,CLEAR,DAYLIGHT,TURNING,FOUR WAY,DRY,NO INJURY / DRIVE AWAY,FAILING TO YIELD RIGHT-OF-WAY,2,3,NO INDICATION OF INJURY,0,0,15,1,,
03/20/2022 04:20:00 PM,30,CLEAR,DAYLIGHT,ANIMAL,NOT DIVIDED,DRY,NO INJURY / DRIVE AWAY,ANIMAL,1,3,NO INDICATION OF INJURY,0,0,16,1,41.9412374079,-87.7397117631
03/27/2022 09:40:00 AM,25,CLEAR,DAYLIGHT,SIDESWIPE SAME DIRECTION,ONE-WAY,DRY,NO INJURY / DRIVE AWAY,IMPROPER LANE USAGE,2,3,NO INDICATION OF INJURY,0,0,9,1,,
03/17/2022 07:15:00 AM,15,CLEAR,DAYLIGHT,ANGLE,OTHER,DRY,NO INJURY / DRIVE AWAY,FAILING TO YIELD RIGHT-OF-WAY,2,3,NO INDICATION OF INJURY,0,0,7,5,,
04/04/2022 07:05:00 AM,15,CLEAR,DAYLIGHT,SIDESWIPE SAME DIRECTION,ONE-WAY,DRY,NO INJURY / DRIVE AWAY,FAILING TO YIELD RIGHT-OF-WAY,2,4,NO INDICATION OF INJURY,0,0,7,2,,
04/10/2022 01:00:00 AM,30,CLEAR,DARKNESS,REAR END,ONE-WAY,DRY,NO INJURY / DRIVE AWAY,FOLLOWING TOO CLOSELY,2,4,NO INDICATION OF INJURY,0,0,1,1,41.8924584618,-87.6116987911
04/28/2022 04:00:00 PM,55,RAIN,DAYLIGHT,REAR TO FRONT,DIVIDED - W/MEDIAN BARRIER,UNKNOWN,NO INJURY / DRIVE AWAY,UNABLE TO DETERMINE,2,4,NO INDICATION OF INJURY,0,0,16,5,,
03/31/2022 07:50:00 AM,30,RAIN,DAYLIGHT,SIDESWIPE SAME DIRECTION,NOT DIVIDED,WET,NO INJURY / DRIVE AWAY,UNABLE TO DETERMINE,2,3,NO INDICATION OF INJURY,0,0,7,5,,
03/22/2022 03:11:00 PM,30,CLEAR,DAYLIGHT,TURNING,DIVIDED - W/MEDIAN (NOT RAISED),DRY,NO INJURY / DRIVE AWAY,UNABLE TO DETERMINE,2,3,NO INDICATION OF INJURY,0,0,15,3,41.765182268,-87.5864511937
03/24/2022 07:30:00 AM,30,UNKNOWN,DAYLIGHT,REAR END,NOT DIVIDED,UNKNOWN,NO INJURY / DRIVE AWAY,UNABLE TO DETERMINE,2,3,NO INDICATION OF INJURY,0,0,7,5,,
03/25/2022 11:15:00 AM,15,CLEAR,DAYLIGHT,PARKED MOTOR VEHICLE,PARKING LOT,DRY,NO INJURY / DRIVE AWAY,FAILING TO REDUCE SPEED TO AVOID CRASH,2,3,NO INDICATION OF INJURY,0,0,11,6,,
03/27/2022 01:50:00 AM,45,OTHER,"DARKNESS, LIGHTED ROAD",FIXED OBJECT,DIVIDED - W/MEDIAN BARRIER,DRY,NO INJURY / DRIVE AWAY,UNABLE TO DETERMINE,1,3,NO INDICATION OF INJURY,0,0,1,1,,
04/20/2022 01:20:00 PM,30,CLEAR,DAYLIGHT,ANGLE,OTHER,DRY,NO INJURY / DRIVE AWAY,NOT APPLICABLE,2,4,NO INDICATION OF INJURY,0,0,13,4,41.7781651622,-87.7502644562
03/19/2022 10:35:00 PM,30,UNKNOWN,"DARKNESS, LIGHTED ROAD",REAR END,ROUNDABOUT,UNKNOWN,NO INJURY / DRIVE AWAY,FAILING TO REDUCE SPEED TO AVOID CRASH,2,3,NO INDICATION OF INJURY,0,0,22,7,,
03/16/2022 06:50:00 AM,15,CLEAR,DAYLIGHT,ANGLE,OTHER,DRY,NO INJURY / DRIVE AWAY,UNABLE TO DETERMINE,2,3,NO INDICATION OF INJURY,0,0,6,4,,
03/24/2022 06:12:00 PM,15,RAIN,DAYLIGHT,REAR END,ONE-WAY,WET,NO INJURY / DRIVE AWAY,DISTRACTION - FROM OUTSIDE VEHICLE,2,3,NO INDICATION OF INJURY,0,0,18,5,,
04/05/2022 05:50:00 AM,20,UNKNOWN,UNKNOWN,PARKED MOTOR VEHICLE,PARKING LOT,UNKNOWN,NO INJURY / DRIVE AWAY,UNABLE TO DETERMINE,2,4,NO INDICATION OF INJURY,0,0,5,3,,
04/03/2022 06:00:00 PM,30,CLEAR,DAYLIGHT,TURNING,FOUR WAY,DRY,INJURY AND / OR TOW DUE TO CRASH,DISREGARDING TRAFFIC SIGNALS,2,4,"REPORTED, NOT EVIDENT",1,0,18,1,,
04/06/2022 03:45:00 PM,35,CLEAR,DAYLIGHT,SIDESWIPE SAME DIRECTION,NOT DIVIDED,DRY,NO INJURY / DRIVE AWAY,UNABLE TO DETERMINE,2,4,NO INDICATION OF INJURY,0,0,15,4,,
03/24/2022 02:15:00 PM,30,OTHER,DAYLIGHT,ANGLE,NOT DIVIDED,WET,INJURY AND / OR TOW DUE TO CRASH,"OPERATING VEHICLE IN ERRATIC, RECKLESS, CARELESS, NEGLIGENT OR AGGRESSIVE MANNER",2,3,NO INDICATION OF INJURY,0,0,14,5,,
03/15/2022 05:50:00 PM,15,CLEAR,DAYLIGHT,ANGLE,ONE-WAY,DRY,NO INJURY / DRIVE AWAY,UNABLE TO DETERMINE,2,3,NO INDICATION OF INJURY,0,0,17,3,,
03/25/2022 06:00:00 AM,25,CLOUDY/OVERCAST,DAWN,PARKED MOTOR VEHICLE,ONE-WAY,WET,NO INJURY / DRIVE AWAY,IMPROPER LANE USAGE,2,3,NO INDICATION OF INJURY,0,0,6,6,,
04/18/2022 08:45:00 PM,30,CLEAR,DARKNESS,PARKED MOTOR VEHICLE,NOT DIVIDED,DRY,NO INJURY / DRIVE AWAY,IMPROPER LANE USAGE,2,4,NO INDICATION OF INJURY,0,0,20,2,,
04/02/2022 03:16:00 PM,35,RAIN,DAWN,REAR END,NOT DIVIDED,WET,INJURY AND / OR TOW DUE TO CRASH,FOLLOWING TOO CLOSELY,3,4,NO INDICATION OF INJURY,0,0,15,7,41.6941052713,-87.7010564466
03/03/2022 06:39:00 PM,20,CLEAR,"DARKNESS, LIGHTED ROAD",SIDESWIPE SAME DIRECTION,DIVIDED - W/MEDIAN (NOT RAISED),DRY,NO INJURY / DRIVE AWAY,IMPROPER LANE USAGE,2,3,NO INDICATION OF INJURY,0,0,18,5,,
04/27/2022 02:00:00 PM,30,CLOUDY/OVERCAST,DAYLIGHT,REAR END,PARKING LOT,DRY,NO INJURY / DRIVE AWAY,FOLLOWING TOO CLOSELY,2,4,NO INDICATION OF INJURY,0,0,14,4,,
03/27/2022 07:25:00 PM,30,CLEAR,DUSK,SIDESWIPE SAME DIRECTION,OTHER,DRY,NO INJURY / DRIVE AWAY,IMPROPER OVERTAKING/PASSING,2,3,NO INDICATION OF INJURY,0,0,19,1,,
04/24/2022 01:50:00 PM,20,RAIN,DAYLIGHT,REAR END,PARKING LOT,WET,NO INJURY / DRIVE AWAY,DRIVING SKILLS/KNOWLEDGE/EXPERIENCE,2,4,NO INDICATION OF INJURY,0,0,13,1,,
04/12/2022 09:18:00 PM,30,UNKNOWN,"DARKNESS, LIGHTED ROAD",ANGLE,NOT DIVIDED,UNKNOWN,NO INJURY / DRIVE AWAY,UNABLE TO DETERMINE,2,4,NO INDICATION OF INJURY,0,0,21,3,41.8789767203,-87.7257335033
04/05/2022 03:00:00 PM,15,CLEAR,DAYLIGHT,SIDESWIPE SAME DIRECTION,DIVIDED - W/MEDIAN BARRIER,DRY,NO INJURY / DRIVE AWAY,UNABLE TO DETERMINE,2,4,NO INDICATION OF INJURY,0,0,15,3,,
05/03/2022 10:00:00 AM,15,RAIN,DAYLIGHT,SIDESWIPE SAME DIRECTION,ONE-WAY,WET,NO INJURY / DRIVE AWAY,FAILING TO YIELD RIGHT-OF-WAY,2,5,NO INDICATION OF INJURY,0,0,10,3,,
03/23/2022 10:25:00 PM,15,RAIN,"DARKNESS, LIGHTED ROAD",PEDESTRIAN,T-INTERSECTION,WET,INJURY AND / OR TOW DUE TO CRASH,WEATHER,2,3,NONINCAPACITATING INJURY,1,0,22,4,,
05/03/2022 10:00:00 AM,30,RAIN,DAYLIGHT,REAR END,NOT DIVIDED,WET,NO INJURY / DRIVE AWAY,FOLLOWING TOO CLOSELY,2,5,NO INDICATION OF INJURY,0,0,10,3,,
04/22/2022 12:50:00 PM,20,RAIN,DAYLIGHT,TURNING,NOT DIVIDED,WET,INJURY AND / OR TOW DUE TO CRASH,UNABLE TO DETERMINE,2,4,"REPORTED, NOT EVIDENT",1,0,12,6,,
04/10/2022 01:09:00 AM,30,CLEAR,"DARKNESS, LIGHTED ROAD",REAR END,NOT DIVIDED,DRY,NO INJURY / DRIVE AWAY,FAILING TO REDUCE SPEED TO AVOID CRASH,2,4,NO INDICATION OF INJURY,0,0,1,1,,
05/03/2022 10:00:00 PM,20,RAIN,"DARKNESS, LIGHTED ROAD",ANGLE,ONE-WAY,WET,NO INJURY / DRIVE AWAY,UNABLE TO DETERMINE,2,5,NO INDICATION OF INJURY,0,0,22,3,,
03/31/2022 07:30:00 AM,30,RAIN,DAYLIGHT,ANGLE,NOT DIVIDED,WET,NO INJURY / DRIVE AWAY,UNABLE TO DETERMINE,2,3,NO INDICATION OF INJURY,0,0,7,5,,
03/22/2022 09:05:00 PM,35,CLEAR,"DARKNESS, LIGHTED ROAD",TURNING,T-INTERSECTION,DRY,NO INJURY / DRIVE AWAY,IMPROPER TURNING/NO SIGNAL,2,3,NO INDICATION OF INJURY,0,0,21,3,,
03/28/2022 12:15:00 PM,15,CLEAR,DAYLIGHT,SIDESWIPE SAME DIRECTION,ONE-WAY,DRY,NO INJURY / DRIVE AWAY,FAILING TO YIELD RIGHT-OF-WAY,2,3,NO INDICATION OF INJURY,0,0,12,2,,
03/22/2022 02:43:00 AM,45,CLEAR,DARKNESS,SIDESWIPE SAME DIRECTION,ONE-WAY,DRY,INJURY AND / OR TOW DUE TO CRASH,UNABLE TO DETERMINE,2,3,"REPORTED, NOT EVIDENT",2,0,2,3,,
03/26/2022 07:30:00 PM,25,CLEAR,"DARKNESS, LIGHTED ROAD",SIDESWIPE SAME DIRECTION,ONE-WAY,DRY,NO INJURY / DRIVE AWAY,UNABLE TO DETERMINE,2,3,NO INDICATION OF INJURY,0,0,19,7,,
04/01/2022 08:00:00 AM,35,CLEAR,DAYLIGHT,SIDESWIPE SAME DIRECTION,ONE-WAY,DRY,NO INJURY / DRIVE AWAY,UNABLE TO DETERMINE,2,4,NO INDICATION OF INJURY,0,0,8,6,,
03/27/2022 06:40:00 PM,15,CLEAR,DAYLIGHT,REAR END,PARKING LOT,DRY,NO INJURY / DRIVE AWAY,FAILING TO YIELD RIGHT-OF-WAY,2,3,NO INDICATION OF INJURY,0,0,18,1,,