CRASH_DATE,POSTED_SPEED_LIMIT,WEATHER_CONDITION,LIGHTING_CONDITION,FIRST_CRASH_TYPE,TRAFFICWAY_TYPE,ROADWAY_SURFACE_COND,CRASH_TYPE,PRIM_CONTRIBUTORY_CAUSE,NUM_UNITS,CRASH_MONTH,MOST_SEVERE_INJURY,INJURIES_TOTAL,INJURIES_FATAL,CRASH_HOUR,CRASH_DAY_OF_WEEK,LATITUDE,LONGITUDE
12/10/2021 10:59:00 PM,30,CLEAR,"DARKNESS, LIGHTED ROAD",TURNING,FOUR WAY,WET,INJURY AND / OR TOW DUE TO CRASH,DISREGARDING TRAFFIC SIGNALS,2,12,NO INDICATION OF INJURY,0,0,22,6,41.9317002038,-87.7422319306
02/02/2021 11:00:00 AM,25,CLEAR,DAYLIGHT,PARKED MOTOR VEHICLE,ONE-WAY,SNOW OR SLUSH,NO INJURY / DRIVE AWAY,NOT APPLICABLE,2,2,NO INDICATION OF INJURY,0,0,11,3,41.7189992904,-87.6381472324
08/18/2021 10:09:00 AM,30,CLEAR,DAYLIGHT,ANGLE,FOUR WAY,DRY,INJURY AND / OR TOW DUE TO CRASH,DRIVING SKILLS/KNOWLEDGE/EXPERIENCE,2,8,NO INDICATION OF INJURY,0,0,10,4,41.9255116772,-87.795154552
03/07/2024 10:35:00 PM,30,CLEAR,"DARKNESS, LIGHTED ROAD",ANGLE,FOUR WAY,DRY,INJURY AND / OR TOW DUE TO CRASH,DISREGARDING TRAFFIC SIGNALS,2,3,NONINCAPACITATING INJURY,3,0,22,5,41.9020340288,-87.765712109
02/27/2025 11:00:00 PM,30,CLEAR,"DARKNESS, LIGHTED ROAD",TURNING,FOUR WAY,DRY,NO INJURY / DRIVE AWAY,UNABLE TO DETERMINE,2,2,NO INDICATION OF INJURY,0,0,23,5,41.8107853016,-87.6384402772
09/28/2023 05:45:00 PM,30,CLEAR,DAYLIGHT,TURNING,T-INTERSECTION,DRY,NO INJURY / DRIVE AWAY,IMPROPER TURNING/NO SIGNAL,2,9,NO INDICATION OF INJURY,0,0,17,5,41.8102069793,-87.684636304
10/10/2024 02:30:00 PM,30,CLEAR,DAYLIGHT,TURNING,ONE-WAY,DRY,NO INJURY / DRIVE AWAY,UNABLE TO DETERMINE,2,10,NO INDICATION OF INJURY,0,0,14,5,41.8089614007,-87.6310398564
11/29/2025 07:00:00 PM,30,SNOW,"DARKNESS, LIGHTED ROAD",REAR END,UNKNOWN,SNOW OR SLUSH,NO INJURY / DRIVE AWAY,WEATHER,2,11,NO INDICATION OF INJURY,0,0,19,7,41.7995700057,-87.5962391078
03/29/2021 06:52:00 AM,15,CLEAR,DAYLIGHT,PARKED MOTOR VEHICLE,ONE-WAY,DRY,NO INJURY / DRIVE AWAY,UNABLE TO DETERMINE,3,3,NO INDICATION OF INJURY,0,0,6,2,41.9201854198,-87.752493407
10/23/2023 08:40:00 PM,30,CLEAR,"DARKNESS, LIGHTED ROAD",REAR END,NOT DIVIDED,DRY,NO INJURY / DRIVE AWAY,UNABLE TO DETERMINE,2,10,NO INDICATION OF INJURY,0,0,20,2,41.7683132456,-87.7027527401
05/02/2026 02:10:00 PM,30,CLEAR,DAYLIGHT,ANGLE,DIVIDED - W/MEDIAN BARRIER,DRY,INJURY AND / OR TOW DUE TO CRASH,UNABLE TO DETERMINE,2,5,NONINCAPACITATING INJURY,1,0,14,7,41.719735537,-87.6433142052
03/22/2024 09:45:00 AM,30,CLOUDY/OVERCAST,DAYLIGHT,TURNING,NOT DIVIDED,WET,NO INJURY / DRIVE AWAY,UNABLE TO DETERMINE,2,3,NO INDICATION OF INJURY,0,0,9,6,41.9905860424,-87.6898224729
05/14/2023 03:45:00 PM,30,RAIN,DAYLIGHT,TURNING,FOUR WAY,WET,NO INJURY / DRIVE AWAY,UNABLE TO DETERMINE,2,5,NO INDICATION OF INJURY,0,0,15,1,41.9850426421,-87.7681521548
07/02/2023 01:28:00 AM,30,RAIN,"DARKNESS, LIGHTED ROAD",REAR END,NOT DIVIDED,WET,INJURY AND / OR TOW DUE TO CRASH,NOT APPLICABLE,5,7,NO INDICATION OF INJURY,0,0,1,1,41.9462654279,-87.7448926597
05/25/2021 03:00:00 PM,30,CLEAR,DAYLIGHT,PARKED MOTOR VEHICLE,DIVIDED - W/MEDIAN (NOT RAISED),DRY,INJURY AND / OR TOW DUE TO CRASH,UNABLE TO DETERMINE,2,5,NO INDICATION OF INJURY,0,0,15,3,41.7507012143,-87.6326068065
05/02/2022 03:15:00 PM,30,CLOUDY/OVERCAST,DAYLIGHT,SIDESWIPE SAME DIRECTION,NOT DIVIDED,DRY,NO INJURY / DRIVE AWAY,IMPROPER OVERTAKING/PASSING,2,5,NO INDICATION OF INJURY,0,0,15,2,41.9856410954,-87.6553885441
05/28/2024 03:30:00 PM,30,RAIN,DAYLIGHT,ANGLE,NOT DIVIDED,WET,NO INJURY / DRIVE AWAY,FAILING TO YIELD RIGHT-OF-WAY,2,5,NO INDICATION OF INJURY,0,0,15,3,41.8984660369,-87.7569766081
04/06/2021 09:00:00 PM,30,CLEAR,"DARKNESS, LIGHTED ROAD",ANGLE,DIVIDED - W/MEDIAN (NOT RAISED),DRY,NO INJURY / DRIVE AWAY,FAILING TO YIELD RIGHT-OF-WAY,2,4,NO INDICATION OF INJURY,0,0,21,3,41.8409067529,-87.6352365432
03/19/2022 01:47:00 PM,35,CLOUDY/OVERCAST,DAYLIGHT,TURNING,NOT DIVIDED,WET,NO INJURY / DRIVE AWAY,UNABLE TO DETERMINE,2,3,NO INDICATION OF INJURY,0,0,13,7,41.8792837015,-87.6471356442
08/11/2025 05:45:00 PM,30,CLEAR,DAYLIGHT,SIDESWIPE SAME DIRECTION,DIVIDED - W/MEDIAN (NOT RAISED),DRY,NO INJURY / DRIVE AWAY,UNABLE TO DETERMINE,2,8,NO INDICATION OF INJURY,0,0,17,2,41.896737923,-87.620221354
09/22/2024 11:30:00 AM,30,RAIN,DAYLIGHT,REAR END,NOT DIVIDED,WET,NO INJURY / DRIVE AWAY,FOLLOWING TOO CLOSELY,2,9,NO INDICATION OF INJURY,0,0,11,1,41.8198616439,-87.7042861155
09/20/2021 02:18:00 PM,30,CLEAR,DAYLIGHT,REAR END,NOT DIVIDED,DRY,NO INJURY / DRIVE AWAY,FOLLOWING TOO CLOSELY,3,9,NO INDICATION OF INJURY,0,0,14,2,41.7728589081,-87.6155291502
12/15/2022 10:21:00 AM,30,RAIN,DAYLIGHT,ANGLE,TRAFFIC ROUTE,WET,NO INJURY / DRIVE AWAY,UNABLE TO DETERMINE,2,12,NO INDICATION OF INJURY,0,0,10,5,41.7467449873,-87.6549948777
04/17/2026 02:15:00 PM,30,CLEAR,DAYLIGHT,SIDESWIPE SAME DIRECTION,NOT DIVIDED,DRY,NO INJURY / DRIVE AWAY,NOT APPLICABLE,2,4,NO INDICATION OF INJURY,0,0,14,6,41.9756506054,-87.7675486756
03/30/2024 10:11:00 PM,30,CLEAR,"DARKNESS, LIGHTED ROAD",PARKED MOTOR VEHICLE,NOT DIVIDED,DRY,NO INJURY / DRIVE AWAY,IMPROPER BACKING,2,3,NO INDICATION OF INJURY,0,0,22,7,41.7706697475,-87.6614033993
09/11/2024 12:45:00 PM,30,CLEAR,DAYLIGHT,REAR END,DIVIDED - W/MEDIAN (NOT RAISED),DRY,NO INJURY / DRIVE AWAY,UNABLE TO DETERMINE,2,9,NO INDICATION OF INJURY,0,0,12,4,41.9531007292,-87.7646569261
03/21/2025 05:25:00 PM,30,CLEAR,DAYLIGHT,REAR END,NOT DIVIDED,DRY,NO INJURY / DRIVE AWAY,FOLLOWING TOO CLOSELY,2,3,NO INDICATION OF INJURY,0,0,17,6,41.9068617963,-87.7656762457
06/08/2025 01:00:00 AM,30,RAIN,"DARKNESS, LIGHTED ROAD",REAR TO FRONT,NOT DIVIDED,WET,NO INJURY / DRIVE AWAY,IMPROPER BACKING,2,6,NO INDICATION OF INJURY,0,0,1,1,41.8817638011,-87.6551594465
04/22/2026 02:49:00 PM,30,CLEAR,DAYLIGHT,REAR END,NOT DIVIDED,DRY,NO INJURY / DRIVE AWAY,UNABLE TO DETERMINE,2,4,NO INDICATION OF INJURY,0,0,14,4,41.6917273878,-87.6813001283
05/23/2024 09:30:00 AM,30,CLEAR,DAYLIGHT,REAR END,NOT DIVIDED,DRY,NO INJURY / DRIVE AWAY,DRIVING SKILLS/KNOWLEDGE/EXPERIENCE,2,5,NO INDICATION OF INJURY,0,0,9,5,41.6662240404,-87.5409145621
02/01/2024 04:15:00 PM,30,CLEAR,DAYLIGHT,REAR END,NOT DIVIDED,UNKNOWN,INJURY AND / OR TOW DUE TO CRASH,UNABLE TO DETERMINE,2,2,"REPORTED, NOT EVIDENT",1,0,16,5,41.9614018463,-87.6888326228
05/21/2024 04:40:00 PM,30,CLEAR,DAYLIGHT,PARKED MOTOR VEHICLE,DIVIDED - W/MEDIAN (NOT RAISED),DRY,NO INJURY / DRIVE AWAY,IMPROPER OVERTAKING/PASSING,2,5,NO INDICATION OF INJURY,0,0,16,3,41.7656645567,-87.6115719613
04/15/2024 02:00:00 PM,25,UNKNOWN,DAYLIGHT,REAR END,T-INTERSECTION,UNKNOWN,INJURY AND / OR TOW DUE TO CRASH,UNABLE TO DETERMINE,2,4,NONINCAPACITATING INJURY,1,0,14,2,41.7572657601,-87.5677046875
08/31/2025 01:20:00 PM,30,CLEAR,DAYLIGHT,REAR END,DIVIDED - W/MEDIAN (NOT RAISED),DRY,NO INJURY / DRIVE AWAY,UNABLE TO DETERMINE,2,8,NO INDICATION OF INJURY,0,0,13,1,41.7363133246,-87.6199991864
08/27/2025 01:45:00 PM,25,CLEAR,DAYLIGHT,TURNING,FOUR WAY,UNKNOWN,NO INJURY / DRIVE AWAY,UNABLE TO DETERMINE,2,8,NO INDICATION OF INJURY,0,0,13,4,41.985638421,-87.6550943233
07/09/2022 09:38:00 PM,30,CLEAR,DARKNESS,REAR END,NOT DIVIDED,DRY,NO INJURY / DRIVE AWAY,UNABLE TO DETERMINE,2,7,NO INDICATION OF INJURY,0,0,21,7,41.8891582371,-87.642948945
08/22/2025 08:55:00 AM,30,CLEAR,DAYLIGHT,ANGLE,T-INTERSECTION,DRY,INJURY AND / OR TOW DUE TO CRASH,FAILING TO YIELD RIGHT-OF-WAY,2,8,NO INDICATION OF INJURY,0,0,8,6,41.7970685604,-87.7030455145
04/14/2021 06:50:00 PM,30,CLEAR,DAWN,REAR END,NOT DIVIDED,DRY,INJURY AND / OR TOW DUE TO CRASH,UNABLE TO DETERMINE,2,4,NONINCAPACITATING INJURY,1,0,18,4,41.9028610979,-87.716989875
02/27/2022 12:14:00 AM,30,CLEAR,"DARKNESS, LIGHTED ROAD",REAR END,ONE-WAY,WET,INJURY AND / OR TOW DUE TO CRASH,FAILING TO REDUCE SPEED TO AVOID CRASH,2,2,"REPORTED, NOT EVIDENT",3,0,0,1,41.9509535525,-87.7273775971
11/04/2023 12:30:00 PM,30,UNKNOWN,UNKNOWN,PARKED MOTOR VEHICLE,ONE-WAY,UNKNOWN,NO INJURY / DRIVE AWAY,UNABLE TO DETERMINE,2,11,NO INDICATION OF INJURY,0,0,12,7,42.0090670144,-87.6625079876
11/30/2022 12:02:00 PM,25,UNKNOWN,UNKNOWN,TURNING,NOT DIVIDED,UNKNOWN,NO INJURY / DRIVE AWAY,IMPROPER TURNING/NO SIGNAL,2,11,NO INDICATION OF INJURY,0,0,12,4,41.9655622983,-87.6532628377
03/10/2022 01:30:00 PM,30,CLEAR,DAYLIGHT,PARKED MOTOR VEHICLE,DIVIDED - W/MEDIAN BARRIER,DRY,NO INJURY / DRIVE AWAY,NOT APPLICABLE,2,3,NO INDICATION OF INJURY,0,0,13,5,41.9462213623,-87.6686950147
05/03/2024 01:00:00 PM,30,CLEAR,DAYLIGHT,PARKED MOTOR VEHICLE,PARKING LOT,DRY,NO INJURY / DRIVE AWAY,UNABLE TO DETERMINE,2,5,NO INDICATION OF INJURY,0,0,13,6,41.7434273331,-87.632181132
08/30/2022 03:00:00 PM,30,CLEAR,DAYLIGHT,REAR END,DIVIDED - W/MEDIAN BARRIER,DRY,INJURY AND / OR TOW DUE TO CRASH,FOLLOWING TOO CLOSELY,2,8,NO INDICATION OF INJURY,0,0,15,3,41.7579012492,-87.7220477315
06/14/2021 06:00:00 PM,30,CLEAR,DAYLIGHT,REAR END,NOT DIVIDED,DRY,NO INJURY / DRIVE AWAY,UNABLE TO DETERMINE,2,6,NO INDICATION OF INJURY,0,0,18,2,41.7812004499,-87.6644065393
07/07/2023 06:30:00 PM,10,UNKNOWN,DARKNESS,PARKED MOTOR VEHICLE,PARKING LOT,UNKNOWN,NO INJURY / DRIVE AWAY,NOT APPLICABLE,2,7,NO INDICATION OF INJURY,0,0,18,6,41.8738772655,-87.6990610787
05/22/2021 08:43:00 PM,40,CLEAR,DARKNESS,REAR END,DIVIDED - W/MEDIAN (NOT RAISED),DRY,INJURY AND / OR TOW DUE TO CRASH,FAILING TO REDUCE SPEED TO AVOID CRASH,4,5,NO INDICATION OF INJURY,0,0,20,7,41.8911470717,-87.6143750572
11/01/2024 08:30:00 PM,30,CLEAR,"DARKNESS, LIGHTED ROAD",REAR END,DIVIDED - W/MEDIAN (NOT RAISED),DRY,NO INJURY / DRIVE AWAY,FOLLOWING TOO CLOSELY,2,11,NO INDICATION OF INJURY,0,0,20,6,41.9907899344,-87.6795232635
11/18/2023 01:05:00 PM,30,CLEAR,DAYLIGHT,REAR END,NOT DIVIDED,DRY,NO INJURY / DRIVE AWAY,UNABLE TO DETERMINE,2,11,NO INDICATION OF INJURY,0,0,13,7,41.9223431222,-87.7020850919
08/19/2023 09:15:00 AM,30,CLEAR,DAYLIGHT,PEDALCYCLIST,DIVIDED - W/MEDIAN (NOT RAISED),DRY,INJURY AND / OR TOW DUE TO CRASH,NOT APPLICABLE,2,8,NONINCAPACITATING INJURY,1,0,9,7,41.9504375761,-87.7146228943
02/29/2024 09:00:00 PM,30,CLEAR,DARKNESS,TURNING,TRAFFIC ROUTE,DRY,NO INJURY / DRIVE AWAY,FOLLOWING TOO CLOSELY,2,2,NO INDICATION OF INJURY,0,0,21,5,41.7755296075,-87.5749596323
01/29/2023 03:50:00 PM,30,CLEAR,DAYLIGHT,PARKED MOTOR VEHICLE,ONE-WAY,SNOW OR SLUSH,NO INJURY / DRIVE AWAY,FOLLOWING TOO CLOSELY,3,1,NO INDICATION OF INJURY,0,0,15,1,41.9187559416,-87.7548252804
03/07/2024 12:00:00 PM,30,CLEAR,DAYLIGHT,ANGLE,DIVIDED - W/MEDIAN (NOT RAISED),DRY,NO INJURY / DRIVE AWAY,FAILING TO YIELD RIGHT-OF-WAY,2,3,NO INDICATION OF INJURY,0,0,12,5,41.7955489055,-87.6836656221
12/14/2021 02:30:00 PM,30,CLEAR,DAYLIGHT,TURNING,NOT DIVIDED,DRY,INJURY AND / OR TOW DUE TO CRASH,IMPROPER LANE USAGE,2,12,NO INDICATION OF INJURY,0,0,14,3,41.7069268118,-87.6536597685
03/12/2022 01:50:00 AM,30,CLEAR,"DARKNESS, LIGHTED ROAD",TURNING,FOUR WAY,DRY,NO INJURY / DRIVE AWAY,DISREGARDING TRAFFIC SIGNALS,2,3,NO INDICATION OF INJURY,0,0,1,7,41.7941332202,-87.6646452632
03/22/2024 12:00:00 PM,30,CLEAR,DAYLIGHT,REAR END,NOT DIVIDED,DRY,NO INJURY / DRIVE AWAY,FOLLOWING TOO CLOSELY,2,3,NO INDICATION OF INJURY,0,0,12,6,41.9680480073,-87.7478759847
05/24/2022 06:06:00 PM,30,CLEAR,DAYLIGHT,TURNING,DIVIDED - W/MEDIAN BARRIER,DRY,INJURY AND / OR TOW DUE TO CRASH,FAILING TO YIELD RIGHT-OF-WAY,2,5,NO INDICATION OF INJURY,0,0,18,3,41.7508186121,-87.6259715428
08/04/2023 02:45:00 PM,20,CLEAR,DAYLIGHT,PARKED MOTOR VEHICLE,PARKING LOT,DRY,NO INJURY / DRIVE AWAY,UNABLE TO DETERMINE,2,8,NO INDICATION OF INJURY,0,0,14,6,41.8802970887,-87.7685344387
02/22/2022 12:05:00 AM,25,RAIN,"DARKNESS, LIGHTED ROAD",SIDESWIPE SAME DIRECTION,NOT DIVIDED,WET,INJURY AND / OR TOW DUE TO CRASH,UNABLE TO DETERMINE,3,2,NO INDICATION OF INJURY,0,0,0,3,41.8157353423,-87.6431493335
11/22/2024 06:07:00 PM,30,CLEAR,DARKNESS,ANGLE,FOUR WAY,DRY,INJURY AND / OR TOW DUE TO CRASH,FAILING TO YIELD RIGHT-OF-WAY,2,11,NO INDICATION OF INJURY,0,0,18,6,41.9240155684,-87.7966243371
09/23/2023 10:27:00 AM,30,CLEAR,DAYLIGHT,REAR TO FRONT,DIVIDED - W/MEDIAN (NOT RAISED),DRY,NO INJURY / DRIVE AWAY,IMPROPER BACKING,2,9,NO INDICATION OF INJURY,0,0,10,7,41.946818802,-87.6944757506
02/01/2024 11:20:00 AM,20,CLEAR,DAYLIGHT,PARKED MOTOR VEHICLE,PARKING LOT,DRY,INJURY AND / OR TOW DUE TO CRASH,UNABLE TO DETERMINE,3,2,NO INDICATION OF INJURY,0,0,11,5,41.9758613391,-87.8392637312
03/02/2022 12:01:00 AM,30,CLEAR,"DARKNESS, LIGHTED ROAD",PARKED MOTOR VEHICLE,ONE-WAY,DRY,NO INJURY / DRIVE AWAY,IMPROPER BACKING,2,3,NO INDICATION OF INJURY,0,0,0,4,41.7542580809,-87.6531049438
09/05/2021 06:30:00 PM,20,CLEAR,DAYLIGHT,PARKED MOTOR VEHICLE,PARKING LOT,DRY,NO INJURY / DRIVE AWAY,UNABLE TO DETERMINE,2,9,,,,18,1,41.8446516443,-87.7029015499
04/24/2026 03:11:00 PM,30,CLEAR,DAYLIGHT,PARKED MOTOR VEHICLE,NOT DIVIDED,DRY,NO INJURY / DRIVE AWAY,UNABLE TO DETERMINE,2,4,NO INDICATION OF INJURY,0,0,15,6,41.7878242543,-87.5916623676
05/14/2025 07:30:00 PM,30,CLEAR,"DARKNESS, LIGHTED ROAD",REAR END,NOT DIVIDED,DRY,NO INJURY / DRIVE AWAY,FOLLOWING TOO CLOSELY,2,5,NO INDICATION OF INJURY,0,0,19,4,41.8914049906,-87.6399778041
08/14/2024 02:15:00 AM,35,CLEAR,"DARKNESS, LIGHTED ROAD",REAR TO SIDE,FOUR WAY,DRY,INJURY AND / OR TOW DUE TO CRASH,FAILING TO YIELD RIGHT-OF-WAY,2,8,NONINCAPACITATING INJURY,1,0,2,4,41.8949622935,-87.7654607912
05/31/2022 05:00:00 PM,30,CLEAR,DAYLIGHT,REAR END,DIVIDED - W/MEDIAN (NOT RAISED),DRY,NO INJURY / DRIVE AWAY,UNABLE TO DETERMINE,2,5,NO INDICATION OF INJURY,0,0,17,3,41.8575020046,-87.627334618
02/04/2024 10:20:00 AM,30,UNKNOWN,DAYLIGHT,SIDESWIPE OPPOSITE DIRECTION,NOT DIVIDED,UNKNOWN,NO INJURY / DRIVE AWAY,UNABLE TO DETERMINE,2,2,NO INDICATION OF INJURY,0,0,10,1,41.7944913117,-87.7159863549
12/19/2021 11:30:00 AM,10,CLEAR,DAYLIGHT,PARKED MOTOR VEHICLE,PARKING LOT,DRY,NO INJURY / DRIVE AWAY,UNABLE TO DETERMINE,2,12,NO INDICATION OF INJURY,0,0,11,1,41.81945368,-87.6944017448
05/15/2022 04:48:00 AM,35,CLEAR,DAWN,FIXED OBJECT,NOT DIVIDED,DRY,NO INJURY / DRIVE AWAY,DISTRACTION - FROM OUTSIDE VEHICLE,1,5,NO INDICATION OF INJURY,0,0,4,1,42.0150117034,-87.6645224101
12/26/2023 07:07:00 PM,25,UNKNOWN,UNKNOWN,PARKED MOTOR VEHICLE,ONE-WAY,UNKNOWN,NO INJURY / DRIVE AWAY,UNABLE TO DETERMINE,2,12,NO INDICATION OF INJURY,0,0,19,3,41.7970891281,-87.7341516361
12/06/2022 08:00:00 AM,35,CLEAR,DAYLIGHT,REAR END,DIVIDED - W/MEDIAN (NOT RAISED),DRY,NO INJURY / DRIVE AWAY,FOLLOWING TOO CLOSELY,3,12,NO INDICATION OF INJURY,0,0,8,3,41.8309350952,-87.6299753048
05/25/2024 05:00:00 PM,30,CLEAR,DUSK,PARKED MOTOR VEHICLE,ONE-WAY,UNKNOWN,NO INJURY / DRIVE AWAY,DRIVING SKILLS/KNOWLEDGE/EXPERIENCE,2,5,NO INDICATION OF INJURY,0,0,17,7,41.9247355578,-87.7780321911
02/05/2022 08:30:00 AM,30,CLEAR,DAYLIGHT,TURNING,NOT DIVIDED,DRY,NO INJURY / DRIVE AWAY,FOLLOWING TOO CLOSELY,2,2,NO INDICATION OF INJURY,0,0,8,7,41.764465908,-87.6919479607
08/26/2024 05:38:00 PM,30,CLEAR,DAYLIGHT,SIDESWIPE SAME DIRECTION,FOUR WAY,DRY,NO INJURY / DRIVE AWAY,IMPROPER OVERTAKING/PASSING,2,8,NO INDICATION OF INJURY,0,0,17,2,41.8794575569,-87.6370900235
07/07/2024 11:05:00 PM,35,CLEAR,"DARKNESS, LIGHTED ROAD",REAR END,NOT DIVIDED,DRY,NO INJURY / DRIVE AWAY,UNABLE TO DETERMINE,2,7,NO INDICATION OF INJURY,0,0,23,1,41.8374687847,-87.6951780717
05/28/2022 02:45:00 PM,30,CLEAR,DAYLIGHT,PARKED MOTOR VEHICLE,DIVIDED - W/MEDIAN (NOT RAISED),DRY,NO INJURY / DRIVE AWAY,UNABLE TO DETERMINE,2,5,NO INDICATION OF INJURY,0,0,14,7,41.9637783561,-87.7277592697
11/23/2022 11:50:00 PM,30,CLEAR,"DARKNESS, LIGHTED ROAD",OVERTURNED,NOT DIVIDED,UNKNOWN,INJURY AND / OR TOW DUE TO CRASH,UNABLE TO DETERMINE,1,11,NONINCAPACITATING INJURY,1,0,23,4,41.9944671874,-87.6582830968
08/17/2022 06:20:00 PM,30,CLEAR,DAYLIGHT,REAR END,NOT DIVIDED,DRY,NO INJURY / DRIVE AWAY,FAILING TO REDUCE SPEED TO AVOID CRASH,3,8,NO INDICATION OF INJURY,0,0,18,4,41.8392356344,-87.6626798114
03/02/2021 07:44:00 AM,30,CLEAR,DAYLIGHT,ANGLE,NOT DIVIDED,DRY,NO INJURY / DRIVE AWAY,NOT APPLICABLE,2,3,NO INDICATION OF INJURY,0,0,7,3,41.7775176169,-87.7960967466
05/23/2024 09:47:00 PM,25,CLEAR,"DARKNESS, LIGHTED ROAD",PARKED MOTOR VEHICLE,NOT DIVIDED,DRY,INJURY AND / OR TOW DUE TO CRASH,UNABLE TO DETERMINE,3,5,NO INDICATION OF INJURY,0,0,21,5,41.8130823585,-87.6047943474
11/03/2024 10:35:00 PM,30,CLEAR,"DARKNESS, LIGHTED ROAD",ANGLE,FOUR WAY,DRY,NO INJURY / DRIVE AWAY,FAILING TO YIELD RIGHT-OF-WAY,2,11,NO INDICATION OF INJURY,0,0,22,1,41.8853642336,-87.6587520719
12/27/2024 04:40:00 PM,35,RAIN,DARKNESS,PEDESTRIAN,NOT DIVIDED,WET,INJURY AND / OR TOW DUE TO CRASH,NOT APPLICABLE,2,12,INCAPACITATING INJURY,1,0,16,6,41.7725956955,-87.6275252911
10/15/2023 08:30:00 PM,30,CLEAR,"DARKNESS, LIGHTED ROAD",REAR END,NOT DIVIDED,DRY,NO INJURY / DRIVE AWAY,NOT APPLICABLE,2,10,NO INDICATION OF INJURY,0,0,20,1,41.7789474705,-87.7029898306
01/01/2025 01:50:00 PM,30,CLOUDY/OVERCAST,DAYLIGHT,REAR TO SIDE,PARKING LOT,DRY,NO INJURY / DRIVE AWAY,IMPROPER BACKING,2,1,NO INDICATION OF INJURY,0,0,13,4,41.9038839611,-87.6394372016
04/12/2021 02:43:00 PM,30,CLEAR,DAYLIGHT,ANGLE,DIVIDED - W/MEDIAN (NOT RAISED),DRY,INJURY AND / OR TOW DUE TO CRASH,EQUIPMENT - VEHICLE CONDITION,2,4,"REPORTED, NOT EVIDENT",2,0,14,2,41.89867634,-87.750938543
11/21/2024 09:40:00 AM,30,SNOW,DAYLIGHT,ANGLE,NOT DIVIDED,SNOW OR SLUSH,NO INJURY / DRIVE AWAY,UNABLE TO DETERMINE,2,11,NO INDICATION OF INJURY,0,0,9,5,41.8522296085,-87.6349335476
04/01/2023 08:00:00 AM,30,CLOUDY/OVERCAST,DAYLIGHT,TURNING,FOUR WAY,WET,INJURY AND / OR TOW DUE TO CRASH,IMPROPER TURNING/NO SIGNAL,2,4,NONINCAPACITATING INJURY,2,0,8,7,41.9855760454,-87.6601764914
12/23/2022 09:11:00 AM,25,BLOWING SNOW,DAYLIGHT,REAR END,NOT DIVIDED,SNOW OR SLUSH,NO INJURY / DRIVE AWAY,WEATHER,2,12,NO INDICATION OF INJURY,0,0,9,6,41.9216428219,-87.6697453762
03/07/2023 06:00:00 PM,30,CLEAR,DUSK,SIDESWIPE SAME DIRECTION,NOT DIVIDED,DRY,NO INJURY / DRIVE AWAY,UNABLE TO DETERMINE,2,3,NO INDICATION OF INJURY,0,0,18,3,41.8230967602,-87.6850189506
12/01/2025 08:00:00 PM,30,SNOW,"DARKNESS, LIGHTED ROAD",PARKED MOTOR VEHICLE,ONE-WAY,SNOW OR SLUSH,NO INJURY / DRIVE AWAY,UNABLE TO DETERMINE,2,12,NO INDICATION OF INJURY,0,0,20,2,41.9772968092,-87.8074118197
02/11/2025 11:00:00 AM,20,CLEAR,DAYLIGHT,SIDESWIPE SAME DIRECTION,FOUR WAY,DRY,NO INJURY / DRIVE AWAY,IMPROPER OVERTAKING/PASSING,2,2,NO INDICATION OF INJURY,0,0,11,3,41.7373053681,-87.5501842819
07/11/2025 01:27:00 PM,30,CLEAR,DAYLIGHT,TURNING,DIVIDED - W/MEDIAN (NOT RAISED),DRY,INJURY AND / OR TOW DUE TO CRASH,DRIVING SKILLS/KNOWLEDGE/EXPERIENCE,2,7,NO INDICATION OF INJURY,0,0,13,6,41.8698158831,-87.6431258024
09/02/2022 10:18:00 PM,30,CLEAR,DARKNESS,PEDESTRIAN,FOUR WAY,DRY,INJURY AND / OR TOW DUE TO CRASH,FAILING TO YIELD RIGHT-OF-WAY,2,9,NONINCAPACITATING INJURY,1,0,22,6,41.9838860408,-87.6553423514
06/07/2022 04:50:00 AM,35,CLEAR,DAYLIGHT,PARKED MOTOR VEHICLE,PARKING LOT,DRY,NO INJURY / DRIVE AWAY,UNABLE TO DETERMINE,2,6,NO INDICATION OF INJURY,0,0,4,3,41.7841595141,-87.6064232618
09/25/2022 12:00:00 PM,30,CLEAR,DAYLIGHT,PARKED MOTOR VEHICLE,NOT DIVIDED,DRY,NO INJURY / DRIVE AWAY,"OPERATING VEHICLE IN ERRATIC, RECKLESS, CARELESS, NEGLIGENT OR AGGRESSIVE MANNER",2,9,NO INDICATION OF INJURY,0,0,12,1,41.758467431,-87.6179738017
06/22/2025 12:30:00 PM,30,CLEAR,DAYLIGHT,PARKED MOTOR VEHICLE,ONE-WAY,DRY,NO INJURY / DRIVE AWAY,NOT APPLICABLE,2,6,NO INDICATION OF INJURY,0,0,12,1,41.7982107719,-87.7317338139
05/02/2021 07:07:00 PM,30,CLEAR,DAYLIGHT,REAR END,NOT DIVIDED,DRY,NO INJURY / DRIVE AWAY,UNABLE TO DETERMINE,2,5,NO INDICATION OF INJURY,0,0,19,1,41.7177200445,-87.5315081152
05/03/2022 06:40:00 AM,15,RAIN,"DARKNESS, LIGHTED ROAD",SIDESWIPE SAME DIRECTION,ONE-WAY,WET,INJURY AND / OR TOW DUE TO CRASH,FAILING TO YIELD RIGHT-OF-WAY,3,5,NO INDICATION OF INJURY,0,0,6,3,41.9275258613,-87.7654227411