CRASH_DATE,POSTED_SPEED_LIMIT,WEATHER_CONDITION,LIGHTING_CONDITION,FIRST_CRASH_TYPE,TRAFFICWAY_TYPE,ROADWAY_SURFACE_COND,CRASH_TYPE,PRIM_CONTRIBUTORY_CAUSE,NUM_UNITS,CRASH_MONTH,MOST_SEVERE_INJURY,INJURIES_TOTAL,INJURIES_FATAL,CRASH_HOUR,CRASH_DAY_OF_WEEK,LATITUDE,LONGITUDE
02/09/2026 06:37:00 AM,30,UNKNOWN,UNKNOWN,PARKED MOTOR VEHICLE,NOT DIVIDED,UNKNOWN,NO INJURY / DRIVE AWAY,FAILING TO REDUCE SPEED TO AVOID CRASH,2,2,NO INDICATION OF INJURY,0,0,6,2,41.7605141477,-87.6607113956
12/21/2021 04:20:00 PM,20,UNKNOWN,UNKNOWN,PARKED MOTOR VEHICLE,ONE-WAY,UNKNOWN,NO INJURY / DRIVE AWAY,UNABLE TO DETERMINE,2,12,NO INDICATION OF INJURY,0,0,16,3,41.9984023319,-87.6888280546
03/03/2025 06:18:00 PM,15,CLEAR,DARKNESS,PEDALCYCLIST,NOT DIVIDED,DRY,INJURY AND / OR TOW DUE TO CRASH,IMPROPER LANE USAGE,2,3,NONINCAPACITATING INJURY,2,0,18,2,41.8720210288,-87.6959040347
12/11/2022 12:10:00 PM,30,CLEAR,DAYLIGHT,ANGLE,FOUR WAY,DRY,NO INJURY / DRIVE AWAY,UNABLE TO DETERMINE,2,12,NO INDICATION OF INJURY,0,0,12,1,41.8807189579,-87.735600609
09/27/2023 04:32:00 PM,30,CLEAR,DAYLIGHT,SIDESWIPE SAME DIRECTION,NOT DIVIDED,DRY,NO INJURY / DRIVE AWAY,IMPROPER OVERTAKING/PASSING,2,9,NO INDICATION OF INJURY,0,0,16,4,41.9420193786,-87.7075491766
09/01/2022 09:50:00 PM,35,CLEAR,"DARKNESS, LIGHTED ROAD",REAR END,DIVIDED - W/MEDIAN BARRIER,UNKNOWN,NO INJURY / DRIVE AWAY,UNABLE TO DETERMINE,2,9,NO INDICATION OF INJURY,0,0,21,5,41.9259513211,-87.6680262274
11/06/2022 01:00:00 AM,20,CLEAR,"DARKNESS, LIGHTED ROAD",PARKED MOTOR VEHICLE,NOT DIVIDED,DRY,NO INJURY / DRIVE AWAY,FOLLOWING TOO CLOSELY,2,11,NO INDICATION OF INJURY,0,0,1,1,41.7935361751,-87.7743858592
01/14/2022 12:00:00 AM,30,SNOW,DARKNESS,REAR END,DIVIDED - W/MEDIAN BARRIER,WET,NO INJURY / DRIVE AWAY,FOLLOWING TOO CLOSELY,3,1,NO INDICATION OF INJURY,0,0,0,6,41.736827829,-87.5850605801
06/04/2024 11:56:00 PM,30,CLOUDY/OVERCAST,"DARKNESS, LIGHTED ROAD",TURNING,T-INTERSECTION,WET,NO INJURY / DRIVE AWAY,IMPROPER TURNING/NO SIGNAL,2,6,NO INDICATION OF INJURY,0,0,23,3,41.8756551084,-87.6212814416
10/19/2021 03:23:00 AM,30,CLEAR,"DARKNESS, LIGHTED ROAD",FIXED OBJECT,DIVIDED - W/MEDIAN (NOT RAISED),DRY,INJURY AND / OR TOW DUE TO CRASH,UNABLE TO DETERMINE,1,10,NONINCAPACITATING INJURY,1,0,3,3,41.7361650089,-87.6146633164
03/04/2024 08:31:00 PM,30,CLEAR,DARKNESS,PARKED MOTOR VEHICLE,NOT DIVIDED,DRY,NO INJURY / DRIVE AWAY,NOT APPLICABLE,2,3,NO INDICATION OF INJURY,0,0,20,2,41.8995163996,-87.7362097097
11/04/2023 09:00:00 AM,30,CLEAR,DAYLIGHT,ANGLE,FOUR WAY,DRY,NO INJURY / DRIVE AWAY,UNABLE TO DETERMINE,2,11,NO INDICATION OF INJURY,0,0,9,7,41.925295716,-87.7929930141
11/04/2023 08:30:00 PM,30,CLEAR,DAYLIGHT,ANGLE,NOT DIVIDED,DRY,NO INJURY / DRIVE AWAY,FAILING TO YIELD RIGHT-OF-WAY,2,11,NO INDICATION OF INJURY,0,0,20,7,41.8731948919,-87.6768425696
04/03/2025 11:38:00 PM,30,CLEAR,"DARKNESS, LIGHTED ROAD",SIDESWIPE SAME DIRECTION,DIVIDED - W/MEDIAN (NOT RAISED),DRY,NO INJURY / DRIVE AWAY,FAILING TO YIELD RIGHT-OF-WAY,2,4,NO INDICATION OF INJURY,0,0,23,5,41.9104936801,-87.6696775516
07/20/2025 11:10:00 AM,20,CLOUDY/OVERCAST,DAYLIGHT,PARKED MOTOR VEHICLE,PARKING LOT,WET,NO INJURY / DRIVE AWAY,UNABLE TO DETERMINE,2,7,NO INDICATION OF INJURY,0,0,11,1,41.7960196245,-87.7596833672
06/11/2025 09:00:00 AM,30,CLEAR,DAYLIGHT,PARKED MOTOR VEHICLE,ONE-WAY,DRY,NO INJURY / DRIVE AWAY,UNABLE TO DETERMINE,2,6,NO INDICATION OF INJURY,0,0,9,4,41.7461334179,-87.6211067605
09/08/2022 03:06:00 PM,20,CLEAR,DAYLIGHT,PEDESTRIAN,NOT DIVIDED,DRY,INJURY AND / OR TOW DUE TO CRASH,FAILING TO YIELD RIGHT-OF-WAY,2,9,NONINCAPACITATING INJURY,1,0,15,5,41.845598775,-87.7312294647
02/04/2025 07:15:00 AM,30,CLEAR,DAYLIGHT,REAR END,NOT DIVIDED,DRY,NO INJURY / DRIVE AWAY,UNABLE TO DETERMINE,2,2,NO INDICATION OF INJURY,0,0,7,3,41.7426988608,-87.6832011859
04/04/2022 02:43:00 PM,55,CLEAR,DAYLIGHT,SIDESWIPE SAME DIRECTION,DIVIDED - W/MEDIAN BARRIER,DRY,NO INJURY / DRIVE AWAY,FAILING TO YIELD RIGHT-OF-WAY,2,4,NO INDICATION OF INJURY,0,0,14,2,41.9620843768,-87.6460975179
06/11/2025 10:00:00 PM,30,CLEAR,DUSK,SIDESWIPE SAME DIRECTION,NOT DIVIDED,DRY,NO INJURY / DRIVE AWAY,UNABLE TO DETERMINE,2,6,NO INDICATION OF INJURY,0,0,22,4,41.8095347808,-87.5924502234
05/19/2025 02:30:00 PM,20,CLEAR,DAYLIGHT,ANGLE,FOUR WAY,DRY,INJURY AND / OR TOW DUE TO CRASH,DRIVING ON WRONG SIDE/WRONG WAY,2,5,"REPORTED, NOT EVIDENT",1,0,14,2,41.7457041401,-87.6052282036
04/16/2022 03:07:00 AM,35,CLEAR,"DARKNESS, LIGHTED ROAD",ANGLE,NOT DIVIDED,DRY,INJURY AND / OR TOW DUE TO CRASH,DISREGARDING TRAFFIC SIGNALS,2,4,NONINCAPACITATING INJURY,2,0,3,7,41.9779641613,-87.7926774637
06/27/2023 03:40:00 PM,30,CLEAR,DAYLIGHT,SIDESWIPE SAME DIRECTION,DIVIDED - W/MEDIAN (NOT RAISED),DRY,NO INJURY / DRIVE AWAY,FAILING TO YIELD RIGHT-OF-WAY,2,6,NO INDICATION OF INJURY,0,0,15,3,41.8692068666,-87.6630873697
09/18/2025 04:00:00 AM,30,CLEAR,DAYLIGHT,SIDESWIPE SAME DIRECTION,NOT DIVIDED,DRY,NO INJURY / DRIVE AWAY,UNABLE TO DETERMINE,2,9,NO INDICATION OF INJURY,0,0,4,5,41.7352772538,-87.7033047328
08/10/2024 04:40:00 PM,30,CLEAR,DAYLIGHT,ANGLE,UNKNOWN,DRY,NO INJURY / DRIVE AWAY,UNABLE TO DETERMINE,2,8,NO INDICATION OF INJURY,0,0,16,7,41.7943920855,-87.6193626225
10/19/2025 03:53:00 PM,15,CLEAR,DAYLIGHT,FIXED OBJECT,ALLEY,DRY,NO INJURY / DRIVE AWAY,UNABLE TO DETERMINE,1,10,NO INDICATION OF INJURY,0,0,15,1,41.865803723,-87.7155541258
03/21/2023 04:37:00 PM,30,CLEAR,DAYLIGHT,REAR END,NOT DIVIDED,DRY,NO INJURY / DRIVE AWAY,UNABLE TO DETERMINE,3,3,NO INDICATION OF INJURY,0,0,16,3,41.9687912418,-87.6842730382
06/10/2024 03:07:00 PM,30,CLEAR,DAYLIGHT,ANGLE,PARKING LOT,DRY,NO INJURY / DRIVE AWAY,NOT APPLICABLE,2,6,NO INDICATION OF INJURY,0,0,15,2,41.7799200473,-87.6409255107
02/13/2024 04:20:00 PM,30,CLEAR,DAYLIGHT,SIDESWIPE SAME DIRECTION,NOT DIVIDED,UNKNOWN,NO INJURY / DRIVE AWAY,UNABLE TO DETERMINE,2,2,NO INDICATION OF INJURY,0,0,16,3,41.8851459526,-87.7014677441
04/08/2024 08:03:00 AM,30,CLEAR,DAYLIGHT,SIDESWIPE SAME DIRECTION,PARKING LOT,DRY,NO INJURY / DRIVE AWAY,UNABLE TO DETERMINE,2,4,NO INDICATION OF INJURY,0,0,8,2,41.9894657994,-87.8142106663
10/03/2022 03:30:00 PM,30,CLEAR,DAYLIGHT,ANGLE,DIVIDED - W/MEDIAN (NOT RAISED),DRY,INJURY AND / OR TOW DUE TO CRASH,UNABLE TO DETERMINE,2,10,NO INDICATION OF INJURY,0,0,15,2,41.7444137402,-87.7023914824
07/14/2024 07:30:00 AM,25,CLEAR,DAYLIGHT,SIDESWIPE SAME DIRECTION,NOT DIVIDED,DRY,NO INJURY / DRIVE AWAY,DRIVING SKILLS/KNOWLEDGE/EXPERIENCE,2,7,NO INDICATION OF INJURY,0,0,7,1,41.9220372443,-87.6413037614
03/08/2021 03:51:00 PM,20,CLEAR,DAYLIGHT,TURNING,DIVIDED - W/MEDIAN (NOT RAISED),DRY,NO INJURY / DRIVE AWAY,FAILING TO YIELD RIGHT-OF-WAY,2,3,NO INDICATION OF INJURY,0,0,15,2,41.9971973754,-87.6994805551
09/29/2021 03:15:00 PM,25,CLEAR,DAYLIGHT,ANGLE,NOT DIVIDED,DRY,INJURY AND / OR TOW DUE TO CRASH,NOT APPLICABLE,2,9,NO INDICATION OF INJURY,0,0,15,4,41.7742880755,-87.7178667441
04/12/2023 10:22:00 AM,30,CLEAR,DAYLIGHT,PARKED MOTOR VEHICLE,NOT DIVIDED,DRY,NO INJURY / DRIVE AWAY,NOT APPLICABLE,2,4,NO INDICATION OF INJURY,0,0,10,4,41.8965269438,-87.6311689074
10/06/2023 09:14:00 AM,15,CLEAR,DAYLIGHT,PARKED MOTOR VEHICLE,OTHER,DRY,NO INJURY / DRIVE AWAY,IMPROPER BACKING,2,10,NO INDICATION OF INJURY,0,0,9,6,41.9572428884,-87.7385112339
07/19/2024 11:54:00 PM,30,CLEAR,"DARKNESS, LIGHTED ROAD",TURNING,NOT DIVIDED,DRY,INJURY AND / OR TOW DUE TO CRASH,UNABLE TO DETERMINE,2,7,NO INDICATION OF INJURY,0,0,23,6,41.7805413585,-87.6044034741
08/22/2023 08:06:00 AM,35,CLEAR,DAYLIGHT,SIDESWIPE OPPOSITE DIRECTION,ONE-WAY,DRY,INJURY AND / OR TOW DUE TO CRASH,DRIVING ON WRONG SIDE/WRONG WAY,2,8,NONINCAPACITATING INJURY,1,0,8,3,41.7564006607,-87.5811279192
01/27/2022 03:47:00 PM,30,UNKNOWN,DAYLIGHT,SIDESWIPE SAME DIRECTION,DIVIDED - W/MEDIAN (NOT RAISED),UNKNOWN,NO INJURY / DRIVE AWAY,UNABLE TO DETERMINE,2,1,NO INDICATION OF INJURY,0,0,15,5,42.0094922566,-87.6623403131
02/05/2025 07:35:00 PM,35,CLEAR,"DARKNESS, LIGHTED ROAD",REAR END,DIVIDED - W/MEDIAN (NOT RAISED),DRY,NO INJURY / DRIVE AWAY,UNABLE TO DETERMINE,2,2,NO INDICATION OF INJURY,0,0,19,4,41.8095108479,-87.6154374896
12/13/2021 09:00:00 AM,20,CLEAR,"DARKNESS, LIGHTED ROAD",PARKED MOTOR VEHICLE,ONE-WAY,DRY,NO INJURY / DRIVE AWAY,UNABLE TO DETERMINE,2,12,NO INDICATION OF INJURY,0,0,9,2,41.9238804355,-87.8042482877
05/22/2024 01:50:00 PM,30,CLEAR,DAYLIGHT,SIDESWIPE SAME DIRECTION,NOT DIVIDED,DRY,NO INJURY / DRIVE AWAY,FOLLOWING TOO CLOSELY,2,5,NO INDICATION OF INJURY,0,0,13,4,41.851920613,-87.7020170631
10/22/2021 09:45:00 AM,30,CLEAR,DAYLIGHT,OTHER OBJECT,NOT DIVIDED,DRY,INJURY AND / OR TOW DUE TO CRASH,UNABLE TO DETERMINE,1,10,NO INDICATION OF INJURY,0,0,9,6,41.9782452622,-87.8328763307
05/17/2021 06:30:00 PM,40,CLEAR,DAYLIGHT,SIDESWIPE SAME DIRECTION,ONE-WAY,DRY,NO INJURY / DRIVE AWAY,UNABLE TO DETERMINE,2,5,NO INDICATION OF INJURY,0,0,18,2,41.9113638957,-87.6255851047
04/02/2023 01:46:00 PM,30,CLEAR,DAYLIGHT,REAR END,NOT DIVIDED,DRY,NO INJURY / DRIVE AWAY,UNABLE TO DETERMINE,2,4,NO INDICATION OF INJURY,0,0,13,1,41.7793322032,-87.6861559119
07/16/2022 05:26:00 AM,25,CLEAR,DAYLIGHT,PARKED MOTOR VEHICLE,NOT DIVIDED,DRY,INJURY AND / OR TOW DUE TO CRASH,UNABLE TO DETERMINE,2,7,NONINCAPACITATING INJURY,1,0,5,7,41.9474858854,-87.678422672
12/30/2022 07:29:00 PM,35,CLEAR,DARKNESS,ANGLE,FOUR WAY,WET,INJURY AND / OR TOW DUE TO CRASH,FAILING TO YIELD RIGHT-OF-WAY,2,12,NO INDICATION OF INJURY,0,0,19,6,41.888432092,-87.6244246869
04/05/2024 04:20:00 PM,30,CLEAR,DAYLIGHT,TURNING,FOUR WAY,DRY,NO INJURY / DRIVE AWAY,UNABLE TO DETERMINE,2,4,NO INDICATION OF INJURY,0,0,16,6,41.9962801148,-87.6606024638
03/14/2025 06:20:00 PM,30,UNKNOWN,UNKNOWN,SIDESWIPE SAME DIRECTION,DIVIDED - W/MEDIAN BARRIER,UNKNOWN,NO INJURY / DRIVE AWAY,UNABLE TO DETERMINE,2,3,NO INDICATION OF INJURY,0,0,18,6,41.880309204,-87.6245029777
05/26/2023 09:49:00 PM,30,CLEAR,"DARKNESS, LIGHTED ROAD",REAR END,ONE-WAY,DRY,NO INJURY / DRIVE AWAY,FOLLOWING TOO CLOSELY,3,5,NO INDICATION OF INJURY,0,0,21,6,41.9037182828,-87.7679913964
10/22/2024 05:30:00 PM,30,CLEAR,DUSK,REAR END,DIVIDED - W/MEDIAN (NOT RAISED),DRY,NO INJURY / DRIVE AWAY,UNABLE TO DETERMINE,4,10,NO INDICATION OF INJURY,0,0,17,3,41.7901226178,-87.6743377881
09/21/2021 11:11:00 AM,30,CLEAR,DAYLIGHT,ANGLE,ONE-WAY,DRY,NO INJURY / DRIVE AWAY,UNABLE TO DETERMINE,2,9,NO INDICATION OF INJURY,0,0,11,3,41.8951235621,-87.6201211145
06/12/2021 05:15:00 PM,25,CLEAR,DAYLIGHT,PARKED MOTOR VEHICLE,NOT DIVIDED,WET,NO INJURY / DRIVE AWAY,IMPROPER TURNING/NO SIGNAL,2,6,NO INDICATION OF INJURY,0,0,17,7,41.9773684997,-87.8342156248
03/19/2022 10:30:00 AM,30,RAIN,DAYLIGHT,FIXED OBJECT,DIVIDED - W/MEDIAN (NOT RAISED),WET,INJURY AND / OR TOW DUE TO CRASH,DISTRACTION - FROM INSIDE VEHICLE,1,3,NO INDICATION OF INJURY,0,0,10,7,41.8841613178,-87.6957943664
10/22/2022 02:55:00 AM,30,CLEAR,"DARKNESS, LIGHTED ROAD",FIXED OBJECT,NOT DIVIDED,DRY,INJURY AND / OR TOW DUE TO CRASH,UNABLE TO DETERMINE,1,10,NO INDICATION OF INJURY,0,0,2,7,41.8074257354,-87.681261604
01/22/2026 10:50:00 AM,35,CLEAR,DAYLIGHT,SIDESWIPE SAME DIRECTION,CENTER TURN LANE,DRY,NO INJURY / DRIVE AWAY,IMPROPER OVERTAKING/PASSING,2,1,NO INDICATION OF INJURY,0,0,10,5,41.7720982328,-87.6641646176
09/07/2022 11:58:00 AM,30,CLEAR,DAYLIGHT,ANGLE,FOUR WAY,DRY,INJURY AND / OR TOW DUE TO CRASH,DISREGARDING STOP SIGN,2,9,NONINCAPACITATING INJURY,1,0,11,4,41.8084722819,-87.6673331289
10/05/2022 12:05:00 PM,30,CLEAR,DAYLIGHT,PARKED MOTOR VEHICLE,NOT DIVIDED,DRY,INJURY AND / OR TOW DUE TO CRASH,UNABLE TO DETERMINE,2,10,NO INDICATION OF INJURY,0,0,12,4,41.9416252817,-87.6508388431
01/11/2023 10:00:00 PM,30,CLEAR,"DARKNESS, LIGHTED ROAD",REAR END,OTHER,DRY,NO INJURY / DRIVE AWAY,IMPROPER BACKING,2,1,NO INDICATION OF INJURY,0,0,22,4,41.9384656071,-87.766435943
03/30/2026 04:35:00 PM,30,CLEAR,DAYLIGHT,TURNING,FOUR WAY,DRY,NO INJURY / DRIVE AWAY,FAILING TO YIELD RIGHT-OF-WAY,3,3,NO INDICATION OF INJURY,0,0,16,2,41.7655849954,-87.6296287799
08/23/2022 08:10:00 AM,30,CLEAR,DAYLIGHT,PEDESTRIAN,T-INTERSECTION,DRY,INJURY AND / OR TOW DUE TO CRASH,FAILING TO YIELD RIGHT-OF-WAY,2,8,NONINCAPACITATING INJURY,1,0,8,3,41.8857000352,-87.6337822502
06/10/2021 03:45:00 PM,30,CLEAR,DAYLIGHT,ANGLE,FOUR WAY,DRY,INJURY AND / OR TOW DUE TO CRASH,DISREGARDING TRAFFIC SIGNALS,2,6,NONINCAPACITATING INJURY,2,0,15,5,41.7936916233,-87.6548057993
12/08/2024 02:00:00 AM,35,CLEAR,"DARKNESS, LIGHTED ROAD",SIDESWIPE SAME DIRECTION,NOT DIVIDED,DRY,NO INJURY / DRIVE AWAY,UNABLE TO DETERMINE,2,12,NO INDICATION OF INJURY,0,0,2,1,41.8735193085,-87.7107158381
12/28/2021 04:00:00 PM,20,SNOW,DAYLIGHT,PARKED MOTOR VEHICLE,ONE-WAY,SNOW OR SLUSH,INJURY AND / OR TOW DUE TO CRASH,WEATHER,3,12,NO INDICATION OF INJURY,0,0,16,3,41.9103876828,-87.749559093
12/22/2021 02:00:00 PM,30,CLEAR,DAYLIGHT,TURNING,DIVIDED - W/MEDIAN (NOT RAISED),DRY,INJURY AND / OR TOW DUE TO CRASH,IMPROPER TURNING/NO SIGNAL,2,12,NONINCAPACITATING INJURY,1,0,14,4,41.8874071941,-87.7604231392
03/01/2021 05:47:00 PM,30,CLEAR,DUSK,ANGLE,DIVIDED - W/MEDIAN (NOT RAISED),DRY,INJURY AND / OR TOW DUE TO CRASH,DISREGARDING STOP SIGN,2,3,NO INDICATION OF INJURY,0,0,17,2,41.9310653433,-87.7734697609
12/18/2023 05:55:00 PM,30,CLEAR,DUSK,TURNING,NOT DIVIDED,ICE,NO INJURY / DRIVE AWAY,UNABLE TO DETERMINE,2,12,NO INDICATION OF INJURY,0,0,17,2,41.844607515,-87.694804642
11/05/2022 08:00:00 PM,15,UNKNOWN,DARKNESS,PARKED MOTOR VEHICLE,PARKING LOT,UNKNOWN,NO INJURY / DRIVE AWAY,UNABLE TO DETERMINE,2,11,NO INDICATION OF INJURY,0,0,20,7,41.8541207417,-87.6319579225
08/31/2024 02:00:00 PM,25,CLEAR,DAYLIGHT,ANGLE,FOUR WAY,DRY,NO INJURY / DRIVE AWAY,UNABLE TO DETERMINE,2,8,NO INDICATION OF INJURY,0,0,14,7,41.9415459792,-87.7569052542
02/08/2024 10:15:00 AM,25,CLEAR,DAYLIGHT,SIDESWIPE SAME DIRECTION,DIVIDED - W/MEDIAN (NOT RAISED),UNKNOWN,NO INJURY / DRIVE AWAY,IMPROPER OVERTAKING/PASSING,2,2,NO INDICATION OF INJURY,0,0,10,5,41.929151471,-87.6868355894
04/12/2026 06:30:00 PM,30,UNKNOWN,"DARKNESS, LIGHTED ROAD",PARKED MOTOR VEHICLE,NOT DIVIDED,UNKNOWN,NO INJURY / DRIVE AWAY,DRIVING SKILLS/KNOWLEDGE/EXPERIENCE,2,4,NO INDICATION OF INJURY,0,0,18,1,41.6537772285,-87.5518590865
07/20/2023 01:04:00 AM,30,CLEAR,"DARKNESS, LIGHTED ROAD",SIDESWIPE OPPOSITE DIRECTION,NOT DIVIDED,DRY,INJURY AND / OR TOW DUE TO CRASH,UNDER THE INFLUENCE OF ALCOHOL/DRUGS (USE WHEN ARREST IS EFFECTED),2,7,NONINCAPACITATING INJURY,1,0,1,5,41.7592854239,-87.6309870581
04/29/2023 06:28:00 PM,20,CLEAR,DUSK,HEAD ON,NOT DIVIDED,DRY,INJURY AND / OR TOW DUE TO CRASH,"OPERATING VEHICLE IN ERRATIC, RECKLESS, CARELESS, NEGLIGENT OR AGGRESSIVE MANNER",3,4,NO INDICATION OF INJURY,0,0,18,7,41.7612767163,-87.6560553465
11/13/2022 12:58:00 AM,35,CLEAR,"DARKNESS, LIGHTED ROAD",PARKED MOTOR VEHICLE,NOT DIVIDED,DRY,INJURY AND / OR TOW DUE TO CRASH,UNDER THE INFLUENCE OF ALCOHOL/DRUGS (USE WHEN ARREST IS EFFECTED),2,11,NO INDICATION OF INJURY,0,0,0,1,41.7979708445,-87.5918936395
09/20/2021 03:11:00 PM,10,CLEAR,DAYLIGHT,OTHER OBJECT,OTHER,DRY,NO INJURY / DRIVE AWAY,UNABLE TO DETERMINE,2,9,NO INDICATION OF INJURY,0,0,15,2,41.7398533465,-87.6262227229
11/24/2021 06:00:00 PM,30,CLEAR,"DARKNESS, LIGHTED ROAD",REAR END,NOT DIVIDED,DRY,NO INJURY / DRIVE AWAY,UNABLE TO DETERMINE,2,11,NO INDICATION OF INJURY,0,0,18,4,41.7467124217,-87.6534913234
04/07/2022 05:15:00 PM,30,CLEAR,DAYLIGHT,SIDESWIPE SAME DIRECTION,UNKNOWN INTERSECTION TYPE,DRY,NO INJURY / DRIVE AWAY,IMPROPER LANE USAGE,2,4,NO INDICATION OF INJURY,0,0,17,5,41.7696498146,-87.5863831101
10/15/2025 02:21:00 PM,15,RAIN,DAYLIGHT,PARKED MOTOR VEHICLE,PARKING LOT,WET,NO INJURY / DRIVE AWAY,IMPROPER BACKING,2,10,NO INDICATION OF INJURY,0,0,14,4,41.9706775856,-87.7634289442
09/18/2024 11:34:00 PM,30,CLEAR,"DARKNESS, LIGHTED ROAD",REAR TO FRONT,NOT DIVIDED,DRY,INJURY AND / OR TOW DUE TO CRASH,IMPROPER BACKING,2,9,"REPORTED, NOT EVIDENT",1,0,23,4,41.8333122187,-87.6697363451
03/16/2023 12:15:00 PM,30,RAIN,DAYLIGHT,SIDESWIPE SAME DIRECTION,NOT DIVIDED,WET,NO INJURY / DRIVE AWAY,UNABLE TO DETERMINE,2,3,NO INDICATION OF INJURY,0,0,12,5,41.9238607578,-87.7806408552
11/20/2023 05:20:00 PM,30,RAIN,DARKNESS,PEDESTRIAN,FOUR WAY,WET,INJURY AND / OR TOW DUE TO CRASH,UNABLE TO DETERMINE,2,11,NONINCAPACITATING INJURY,1,0,17,2,41.9498826298,-87.732217095
09/15/2024 11:35:00 AM,30,CLEAR,DAYLIGHT,REAR END,DIVIDED - W/MEDIAN (NOT RAISED),UNKNOWN,NO INJURY / DRIVE AWAY,UNABLE TO DETERMINE,2,9,NO INDICATION OF INJURY,0,0,11,1,41.9395521686,-87.7270513764
03/10/2024 04:45:00 PM,35,CLEAR,DAYLIGHT,REAR END,NOT DIVIDED,DRY,NO INJURY / DRIVE AWAY,FOLLOWING TOO CLOSELY,2,3,NO INDICATION OF INJURY,0,0,16,1,41.8892748439,-87.634083718
12/22/2025 07:30:00 PM,30,CLEAR,UNKNOWN,ANGLE,NOT DIVIDED,UNKNOWN,INJURY AND / OR TOW DUE TO CRASH,UNABLE TO DETERMINE,2,12,"REPORTED, NOT EVIDENT",1,0,19,2,41.7861975061,-87.7007623121
10/27/2024 09:00:00 AM,30,CLEAR,DAYLIGHT,TURNING,T-INTERSECTION,DRY,INJURY AND / OR TOW DUE TO CRASH,UNABLE TO DETERMINE,2,10,NO INDICATION OF INJURY,0,0,9,1,41.9917443317,-87.670203914
11/24/2023 03:00:00 AM,20,CLEAR,"DARKNESS, LIGHTED ROAD",PARKED MOTOR VEHICLE,ONE-WAY,DRY,INJURY AND / OR TOW DUE TO CRASH,UNABLE TO DETERMINE,4,11,NO INDICATION OF INJURY,0,0,3,6,41.7786601426,-87.7899984644
07/25/2021 01:15:00 PM,30,CLEAR,DAYLIGHT,REAR TO REAR,DIVIDED - W/MEDIAN (NOT RAISED),DRY,NO INJURY / DRIVE AWAY,IMPROPER BACKING,2,7,NO INDICATION OF INJURY,0,0,13,1,41.7897908215,-87.7035987697
05/24/2021 06:33:00 PM,30,CLEAR,DAYLIGHT,PEDESTRIAN,ONE-WAY,DRY,INJURY AND / OR TOW DUE TO CRASH,"VISION OBSCURED (SIGNS, TREE LIMBS, BUILDINGS, ETC.)",2,5,NONINCAPACITATING INJURY,1,0,18,2,41.937815813,-87.6687414067
12/10/2025 06:57:00 AM,30,RAIN,DAWN,FIXED OBJECT,NOT DIVIDED,WET,INJURY AND / OR TOW DUE TO CRASH,WEATHER,1,12,NO INDICATION OF INJURY,0,0,6,4,41.6861452255,-87.6207777445
05/18/2024 10:42:00 PM,30,CLEAR,"DARKNESS, LIGHTED ROAD",TURNING,FOUR WAY,UNKNOWN,INJURY AND / OR TOW DUE TO CRASH,DISREGARDING TRAFFIC SIGNALS,4,5,"REPORTED, NOT EVIDENT",1,0,22,7,41.9096716765,-87.7459674076
05/16/2025 01:59:00 PM,30,CLEAR,DAYLIGHT,PEDALCYCLIST,NOT DIVIDED,DRY,INJURY AND / OR TOW DUE TO CRASH,"VISION OBSCURED (SIGNS, TREE LIMBS, BUILDINGS, ETC.)",2,5,INCAPACITATING INJURY,1,0,13,6,41.9110307698,-87.6481735886
10/08/2023 12:00:00 PM,30,CLEAR,DAYLIGHT,PARKED MOTOR VEHICLE,UNKNOWN,UNKNOWN,NO INJURY / DRIVE AWAY,UNABLE TO DETERMINE,2,10,NO INDICATION OF INJURY,0,0,12,1,41.6554136729,-87.5460537788
09/30/2022 12:55:00 PM,30,CLEAR,DAYLIGHT,ANGLE,FOUR WAY,DRY,INJURY AND / OR TOW DUE TO CRASH,DISREGARDING TRAFFIC SIGNALS,2,9,NO INDICATION OF INJURY,0,0,12,6,41.940694557,-87.7470649417
07/17/2024 08:00:00 AM,10,CLEAR,UNKNOWN,PARKED MOTOR VEHICLE,PARKING LOT,DRY,NO INJURY / DRIVE AWAY,UNABLE TO DETERMINE,2,7,NO INDICATION OF INJURY,0,0,8,4,41.8179747768,-87.6068829168
10/20/2024 08:42:00 AM,30,CLEAR,DAYLIGHT,TURNING,DIVIDED - W/MEDIAN (NOT RAISED),DRY,INJURY AND / OR TOW DUE TO CRASH,FAILING TO REDUCE SPEED TO AVOID CRASH,2,10,NO INDICATION OF INJURY,0,0,8,1,41.9214437977,-87.6686922549
05/14/2025 09:45:00 AM,30,CLEAR,DAYLIGHT,ANGLE,FOUR WAY,DRY,INJURY AND / OR TOW DUE TO CRASH,DISREGARDING OTHER TRAFFIC SIGNS,2,5,NONINCAPACITATING INJURY,1,0,9,4,41.8772598918,-87.711032087
12/15/2023 07:05:00 PM,30,CLEAR,DARKNESS,SIDESWIPE SAME DIRECTION,NOT DIVIDED,DRY,NO INJURY / DRIVE AWAY,UNABLE TO DETERMINE,2,12,NO INDICATION OF INJURY,0,0,19,6,41.7223821989,-87.5898879307
11/29/2022 05:11:00 PM,30,CLEAR,DAYLIGHT,TURNING,OTHER,DRY,NO INJURY / DRIVE AWAY,TURNING RIGHT ON RED,2,11,NO INDICATION OF INJURY,0,0,17,3,41.8744613835,-87.630820444