CRASH_DATE,POSTED_SPEED_LIMIT,WEATHER_CONDITION,LIGHTING_CONDITION,FIRST_CRASH_TYPE,TRAFFICWAY_TYPE,ROADWAY_SURFACE_COND,CRASH_TYPE,PRIM_CONTRIBUTORY_CAUSE,NUM_UNITS,CRASH_MONTH,MOST_SEVERE_INJURY,INJURIES_TOTAL,INJURIES_FATAL,CRASH_HOUR,CRASH_DAY_OF_WEEK,LATITUDE,LONGITUDE
08/28/2025 06:40:00 PM,25,CLEAR,DAYLIGHT,REAR TO SIDE,PARKING LOT,DRY,NO INJURY / DRIVE AWAY,IMPROPER BACKING,2,8,NO INDICATION OF INJURY,0,0,18,5,41.8698325614,-87.6419369875
09/19/2024 09:00:00 PM,30,CLEAR,"DARKNESS, LIGHTED ROAD",PARKED MOTOR VEHICLE,ONE-WAY,UNKNOWN,NO INJURY / DRIVE AWAY,UNABLE TO DETERMINE,3,9,NO INDICATION OF INJURY,0,0,21,5,41.7375744184,-87.5613017476
01/31/2022 05:50:00 PM,30,CLEAR,DUSK,REAR END,PARKING LOT,DRY,NO INJURY / DRIVE AWAY,FOLLOWING TOO CLOSELY,2,1,NO INDICATION OF INJURY,0,0,17,2,41.7569700964,-87.5759544623
12/13/2022 11:40:00 AM,25,CLEAR,DAYLIGHT,TURNING,NOT DIVIDED,DRY,INJURY AND / OR TOW DUE TO CRASH,FAILING TO YIELD RIGHT-OF-WAY,2,12,NONINCAPACITATING INJURY,3,0,11,3,41.866716453,-87.6833703959
01/18/2024 08:35:00 AM,35,SNOW,DAYLIGHT,ANGLE,NOT DIVIDED,SNOW OR SLUSH,NO INJURY / DRIVE AWAY,UNABLE TO DETERMINE,2,1,NO INDICATION OF INJURY,0,0,8,5,41.791632792,-87.7010015093
04/18/2022 09:00:00 AM,30,UNKNOWN,DAYLIGHT,TURNING,DIVIDED - W/MEDIAN (NOT RAISED),UNKNOWN,NO INJURY / DRIVE AWAY,FAILING TO YIELD RIGHT-OF-WAY,2,4,NO INDICATION OF INJURY,0,0,9,2,41.7803796398,-87.6427703317
08/28/2021 07:00:00 PM,30,CLEAR,DUSK,SIDESWIPE SAME DIRECTION,ONE-WAY,DRY,NO INJURY / DRIVE AWAY,IMPROPER TURNING/NO SIGNAL,2,8,NO INDICATION OF INJURY,0,0,19,7,41.8934156288,-87.631024483
07/20/2021 09:00:00 PM,10,UNKNOWN,DARKNESS,PARKED MOTOR VEHICLE,PARKING LOT,UNKNOWN,NO INJURY / DRIVE AWAY,UNABLE TO DETERMINE,2,7,NO INDICATION OF INJURY,0,0,21,3,41.9308998968,-87.648803203
11/29/2025 01:30:00 PM,30,SNOW,DAYLIGHT,REAR END,FOUR WAY,SNOW OR SLUSH,NO INJURY / DRIVE AWAY,FOLLOWING TOO CLOSELY,2,11,NO INDICATION OF INJURY,0,0,13,7,41.8495064208,-87.7296900222
05/10/2022 09:51:00 AM,30,CLEAR,DAYLIGHT,PEDESTRIAN,T-INTERSECTION,DRY,INJURY AND / OR TOW DUE TO CRASH,FAILING TO YIELD RIGHT-OF-WAY,2,5,INCAPACITATING INJURY,1,0,9,3,41.7927555335,-87.5838040157
03/14/2023 04:25:00 PM,25,CLEAR,DAYLIGHT,ANGLE,Y-INTERSECTION,DRY,NO INJURY / DRIVE AWAY,FAILING TO YIELD RIGHT-OF-WAY,2,3,NO INDICATION OF INJURY,0,0,16,3,41.8397609259,-87.6607729803
03/23/2022 02:05:00 PM,30,CLEAR,DAYLIGHT,TURNING,NOT DIVIDED,WET,NO INJURY / DRIVE AWAY,FAILING TO YIELD RIGHT-OF-WAY,2,3,NO INDICATION OF INJURY,0,0,14,4,41.9684587972,-87.6941114337
06/02/2022 06:30:00 PM,15,CLEAR,DAYLIGHT,PARKED MOTOR VEHICLE,PARKING LOT,DRY,INJURY AND / OR TOW DUE TO CRASH,UNABLE TO DETERMINE,2,6,NO INDICATION OF INJURY,0,0,18,5,41.7517634826,-87.6539170113
02/03/2025 08:44:00 PM,45,CLEAR,"DARKNESS, LIGHTED ROAD",REAR END,DIVIDED - W/MEDIAN BARRIER,WET,INJURY AND / OR TOW DUE TO CRASH,EQUIPMENT - VEHICLE CONDITION,2,2,"REPORTED, NOT EVIDENT",2,0,20,2,41.9024619258,-87.6246606008
11/10/2023 04:08:00 PM,30,CLOUDY/OVERCAST,UNKNOWN,SIDESWIPE SAME DIRECTION,UNKNOWN,UNKNOWN,NO INJURY / DRIVE AWAY,UNABLE TO DETERMINE,2,11,NO INDICATION OF INJURY,0,0,16,6,41.9582609897,-87.747602527
12/17/2021 08:50:00 AM,30,CLEAR,DAYLIGHT,SIDESWIPE SAME DIRECTION,NOT DIVIDED,DRY,NO INJURY / DRIVE AWAY,UNABLE TO DETERMINE,2,12,NO INDICATION OF INJURY,0,0,8,6,41.7063234845,-87.6560393449
08/28/2021 11:00:00 PM,30,CLEAR,"DARKNESS, LIGHTED ROAD",PARKED MOTOR VEHICLE,UNKNOWN,DRY,NO INJURY / DRIVE AWAY,UNABLE TO DETERMINE,2,8,NO INDICATION OF INJURY,0,0,23,7,41.9725713989,-87.7602851533
12/05/2023 05:03:00 PM,30,RAIN,"DARKNESS, LIGHTED ROAD",PEDESTRIAN,FOUR WAY,WET,INJURY AND / OR TOW DUE TO CRASH,DRIVING SKILLS/KNOWLEDGE/EXPERIENCE,2,12,NONINCAPACITATING INJURY,1,0,17,3,41.8516006791,-87.7246132299
03/23/2024 04:01:00 PM,30,CLEAR,DAYLIGHT,REAR END,FOUR WAY,DRY,INJURY AND / OR TOW DUE TO CRASH,FAILING TO REDUCE SPEED TO AVOID CRASH,2,3,NO INDICATION OF INJURY,0,0,16,7,41.9027378134,-87.746131423
10/24/2021 12:30:00 PM,30,CLEAR,DAYLIGHT,REAR END,NOT DIVIDED,DRY,NO INJURY / DRIVE AWAY,FOLLOWING TOO CLOSELY,2,10,NO INDICATION OF INJURY,0,0,12,1,41.9902933071,-87.6895187868
12/17/2024 06:49:00 AM,30,CLEAR,DAYLIGHT,SIDESWIPE SAME DIRECTION,DIVIDED - W/MEDIAN BARRIER,DRY,NO INJURY / DRIVE AWAY,IMPROPER OVERTAKING/PASSING,2,12,NO INDICATION OF INJURY,0,0,6,3,41.8949814875,-87.7415991876
03/02/2022 06:20:00 AM,30,CLEAR,DAWN,PARKED MOTOR VEHICLE,NOT DIVIDED,DRY,NO INJURY / DRIVE AWAY,IMPROPER OVERTAKING/PASSING,2,3,NO INDICATION OF INJURY,0,0,6,4,41.7953257589,-87.6985810213
10/07/2021 05:00:00 PM,30,RAIN,UNKNOWN,REAR TO FRONT,NOT DIVIDED,WET,NO INJURY / DRIVE AWAY,UNABLE TO DETERMINE,2,10,NO INDICATION OF INJURY,0,0,17,5,41.884187809,-87.7036045537
08/18/2023 06:30:00 AM,30,CLEAR,DAYLIGHT,PARKED MOTOR VEHICLE,NOT DIVIDED,DRY,NO INJURY / DRIVE AWAY,UNABLE TO DETERMINE,2,8,NO INDICATION OF INJURY,0,0,6,6,41.6914347795,-87.6685203937
08/11/2023 10:00:00 AM,30,CLEAR,DAYLIGHT,PARKED MOTOR VEHICLE,NOT DIVIDED,DRY,NO INJURY / DRIVE AWAY,UNABLE TO DETERMINE,2,8,NO INDICATION OF INJURY,0,0,10,6,41.7582080959,-87.6052322086
05/13/2022 02:16:00 AM,35,CLEAR,"DARKNESS, LIGHTED ROAD",PARKED MOTOR VEHICLE,FOUR WAY,DRY,NO INJURY / DRIVE AWAY,UNABLE TO DETERMINE,3,5,NO INDICATION OF INJURY,0,0,2,6,41.8821398967,-87.7650673095
02/29/2024 05:57:00 PM,15,CLEAR,DAWN,SIDESWIPE SAME DIRECTION,ONE-WAY,DRY,NO INJURY / DRIVE AWAY,NOT APPLICABLE,3,2,NO INDICATION OF INJURY,0,0,17,5,41.8035824652,-87.6178597858
11/30/2023 04:20:00 PM,20,CLEAR,DAYLIGHT,SIDESWIPE SAME DIRECTION,NOT DIVIDED,DRY,NO INJURY / DRIVE AWAY,IMPROPER OVERTAKING/PASSING,2,11,NO INDICATION OF INJURY,0,0,16,5,41.6909810624,-87.6671082905
05/08/2022 12:31:00 AM,35,CLEAR,"DARKNESS, LIGHTED ROAD",SIDESWIPE SAME DIRECTION,DIVIDED - W/MEDIAN BARRIER,DRY,NO INJURY / DRIVE AWAY,IMPROPER OVERTAKING/PASSING,2,5,NO INDICATION OF INJURY,0,0,0,1,41.8150117417,-87.7432134184
09/17/2025 10:20:00 AM,30,CLEAR,"DARKNESS, LIGHTED ROAD",ANGLE,FOUR WAY,DRY,INJURY AND / OR TOW DUE TO CRASH,UNABLE TO DETERMINE,2,9,NO INDICATION OF INJURY,0,0,10,4,41.7655519618,-87.6265207165
11/01/2024 09:02:00 AM,30,CLEAR,DAYLIGHT,PARKED MOTOR VEHICLE,ONE-WAY,DRY,NO INJURY / DRIVE AWAY,UNABLE TO DETERMINE,2,11,NO INDICATION OF INJURY,0,0,9,6,41.9060933683,-87.7544971531
12/18/2021 06:30:00 PM,25,CLEAR,DAYLIGHT,ANGLE,PARKING LOT,DRY,NO INJURY / DRIVE AWAY,DRIVING ON WRONG SIDE/WRONG WAY,2,12,NO INDICATION OF INJURY,0,0,18,7,41.7516083492,-87.568814724
10/06/2023 01:46:00 PM,30,RAIN,DAYLIGHT,ANGLE,FOUR WAY,WET,INJURY AND / OR TOW DUE TO CRASH,FAILING TO YIELD RIGHT-OF-WAY,2,10,"REPORTED, NOT EVIDENT",1,0,13,6,41.8856979301,-87.6839515744
11/02/2024 12:29:00 PM,30,CLEAR,DAYLIGHT,REAR END,NOT DIVIDED,DRY,NO INJURY / DRIVE AWAY,IMPROPER BACKING,2,11,NO INDICATION OF INJURY,0,0,12,7,41.9461044684,-87.7397640789
08/05/2024 07:00:00 PM,25,UNKNOWN,UNKNOWN,TURNING,NOT DIVIDED,UNKNOWN,NO INJURY / DRIVE AWAY,FAILING TO YIELD RIGHT-OF-WAY,2,8,NO INDICATION OF INJURY,0,0,19,2,41.9544324414,-87.6624462591
07/06/2025 03:16:00 AM,35,CLEAR,"DARKNESS, LIGHTED ROAD",PARKED MOTOR VEHICLE,ONE-WAY,DRY,INJURY AND / OR TOW DUE TO CRASH,UNABLE TO DETERMINE,4,7,NO INDICATION OF INJURY,0,0,3,1,41.7631302967,-87.6684783273
03/07/2023 04:06:00 PM,20,CLEAR,DAYLIGHT,ANGLE,FOUR WAY,DRY,INJURY AND / OR TOW DUE TO CRASH,UNABLE TO DETERMINE,2,3,NO INDICATION OF INJURY,0,0,16,3,41.7005087103,-87.7025003003
06/19/2021 09:55:00 AM,15,CLEAR,DAYLIGHT,ANGLE,ALLEY,DRY,NO INJURY / DRIVE AWAY,IMPROPER BACKING,2,6,NO INDICATION OF INJURY,0,0,9,7,41.9126326817,-87.7299333616
02/28/2023 12:41:00 PM,15,CLEAR,DAYLIGHT,PARKED MOTOR VEHICLE,NOT DIVIDED,DRY,NO INJURY / DRIVE AWAY,IMPROPER BACKING,2,2,NO INDICATION OF INJURY,0,0,12,3,41.8586420697,-87.7165646607
01/28/2022 04:30:00 PM,30,SNOW,DUSK,REAR END,NOT DIVIDED,SNOW OR SLUSH,NO INJURY / DRIVE AWAY,WEATHER,2,1,NO INDICATION OF INJURY,0,0,16,6,41.9934415657,-87.6996454249
02/06/2025 10:30:00 AM,30,OTHER,DAYLIGHT,ANGLE,FOUR WAY,ICE,NO INJURY / DRIVE AWAY,UNABLE TO DETERMINE,2,2,NO INDICATION OF INJURY,0,0,10,5,41.7029223081,-87.5597514536
12/25/2021 03:00:00 PM,30,CLEAR,DAYLIGHT,TURNING,NOT DIVIDED,DRY,NO INJURY / DRIVE AWAY,UNABLE TO DETERMINE,2,12,NO INDICATION OF INJURY,0,0,15,7,41.7931550607,-87.7233037646
03/29/2024 04:40:00 PM,30,CLEAR,DAYLIGHT,ANGLE,FOUR WAY,DRY,INJURY AND / OR TOW DUE TO CRASH,FAILING TO YIELD RIGHT-OF-WAY,2,3,"REPORTED, NOT EVIDENT",2,0,16,6,41.7949574448,-87.723356565
10/30/2022 03:15:00 PM,30,CLEAR,DAYLIGHT,PARKED MOTOR VEHICLE,NOT DIVIDED,DRY,NO INJURY / DRIVE AWAY,UNABLE TO DETERMINE,2,10,NO INDICATION OF INJURY,0,0,15,1,41.8611201956,-87.7154157904
06/09/2022 02:39:00 PM,30,CLEAR,DAYLIGHT,TURNING,NOT DIVIDED,DRY,INJURY AND / OR TOW DUE TO CRASH,IMPROPER OVERTAKING/PASSING,2,6,NO INDICATION OF INJURY,0,0,14,5,41.8924247847,-87.6342371356
01/09/2021 01:14:00 PM,30,CLEAR,DAYLIGHT,TURNING,NOT DIVIDED,DRY,INJURY AND / OR TOW DUE TO CRASH,FAILING TO YIELD RIGHT-OF-WAY,2,1,NONINCAPACITATING INJURY,2,0,13,7,41.7650183056,-87.6638592301
11/26/2024 08:35:00 AM,30,CLEAR,DAYLIGHT,REAR END,DIVIDED - W/MEDIAN (NOT RAISED),DRY,NO INJURY / DRIVE AWAY,UNABLE TO DETERMINE,2,11,NO INDICATION OF INJURY,0,0,8,3,41.9765586649,-87.7880028717
10/27/2025 03:40:00 PM,30,UNKNOWN,UNKNOWN,FIXED OBJECT,ALLEY,UNKNOWN,NO INJURY / DRIVE AWAY,DRIVING SKILLS/KNOWLEDGE/EXPERIENCE,2,10,NO INDICATION OF INJURY,0,0,15,2,41.9968946786,-87.7830068951
05/09/2022 06:35:00 PM,30,CLEAR,DAYLIGHT,REAR END,DIVIDED - W/MEDIAN BARRIER,DRY,INJURY AND / OR TOW DUE TO CRASH,UNABLE TO DETERMINE,2,5,"REPORTED, NOT EVIDENT",1,0,18,2,41.9945423053,-87.7138967838
12/23/2024 02:20:00 PM,25,CLEAR,DAYLIGHT,PARKED MOTOR VEHICLE,ONE-WAY,DRY,NO INJURY / DRIVE AWAY,UNABLE TO DETERMINE,2,12,NO INDICATION OF INJURY,0,0,14,2,41.7863776369,-87.6897884343
02/09/2025 04:45:00 PM,30,CLEAR,DAYLIGHT,ANGLE,FOUR WAY,DRY,NO INJURY / DRIVE AWAY,FAILING TO YIELD RIGHT-OF-WAY,2,2,NO INDICATION OF INJURY,0,0,16,1,41.9866451113,-87.6991265844
11/15/2021 12:40:00 PM,30,CLEAR,DAYLIGHT,PARKED MOTOR VEHICLE,DIVIDED - W/MEDIAN (NOT RAISED),DRY,NO INJURY / DRIVE AWAY,UNABLE TO DETERMINE,2,11,NO INDICATION OF INJURY,0,0,12,2,41.6968880706,-87.6233748168
01/21/2022 12:30:00 PM,30,CLEAR,DAYLIGHT,REAR END,NOT DIVIDED,UNKNOWN,NO INJURY / DRIVE AWAY,UNABLE TO DETERMINE,2,1,NO INDICATION OF INJURY,0,0,12,6,41.983005761,-87.7873360104
08/28/2023 05:31:00 PM,30,CLEAR,DAYLIGHT,TURNING,NOT DIVIDED,DRY,INJURY AND / OR TOW DUE TO CRASH,FAILING TO YIELD RIGHT-OF-WAY,2,8,NO INDICATION OF INJURY,0,0,17,2,41.7568688964,-87.6052856576
03/29/2021 01:30:00 AM,30,CLEAR,DARKNESS,ANGLE,NOT DIVIDED,DRY,INJURY AND / OR TOW DUE TO CRASH,DISREGARDING OTHER TRAFFIC SIGNS,2,3,NO INDICATION OF INJURY,0,0,1,2,41.6852194125,-87.6222576008
05/12/2024 04:32:00 AM,15,CLEAR,DAYLIGHT,FIXED OBJECT,DIVIDED - W/MEDIAN (NOT RAISED),DRY,INJURY AND / OR TOW DUE TO CRASH,NOT APPLICABLE,1,5,NO INDICATION OF INJURY,0,0,4,1,41.8529242143,-87.6316326061
03/02/2024 09:00:00 PM,30,CLEAR,DARKNESS,ANGLE,DIVIDED - W/MEDIAN (NOT RAISED),DRY,NO INJURY / DRIVE AWAY,IMPROPER BACKING,2,3,NO INDICATION OF INJURY,0,0,21,7,41.8542140668,-87.6573920396
01/07/2025 02:55:00 PM,20,CLEAR,DAYLIGHT,FIXED OBJECT,T-INTERSECTION,ICE,INJURY AND / OR TOW DUE TO CRASH,"EVASIVE ACTION DUE TO ANIMAL, OBJECT, NONMOTORIST",1,1,NO INDICATION OF INJURY,0,0,14,3,41.8150248916,-87.6105160861
01/14/2023 12:45:00 PM,30,CLEAR,DAYLIGHT,TURNING,NOT DIVIDED,DRY,INJURY AND / OR TOW DUE TO CRASH,UNABLE TO DETERMINE,2,1,NO INDICATION OF INJURY,0,0,12,7,41.8079024497,-87.7163759681
03/02/2022 04:15:00 AM,30,CLEAR,"DARKNESS, LIGHTED ROAD",SIDESWIPE SAME DIRECTION,FOUR WAY,DRY,NO INJURY / DRIVE AWAY,"OPERATING VEHICLE IN ERRATIC, RECKLESS, CARELESS, NEGLIGENT OR AGGRESSIVE MANNER",2,3,NO INDICATION OF INJURY,0,0,4,4,41.7785380711,-87.7423558784
08/02/2022 04:30:00 PM,20,CLEAR,DAYLIGHT,PARKED MOTOR VEHICLE,NOT DIVIDED,DRY,NO INJURY / DRIVE AWAY,UNABLE TO DETERMINE,2,8,NO INDICATION OF INJURY,0,0,16,3,41.8746080199,-87.7170713365
08/09/2021 02:50:00 PM,30,CLEAR,DAYLIGHT,REAR END,NOT DIVIDED,WET,INJURY AND / OR TOW DUE TO CRASH,FOLLOWING TOO CLOSELY,2,8,NO INDICATION OF INJURY,0,0,14,2,41.986231598,-87.8362116039
05/03/2026 05:12:00 PM,30,CLEAR,DAYLIGHT,OTHER OBJECT,DIVIDED - W/MEDIAN (NOT RAISED),DRY,NO INJURY / DRIVE AWAY,IMPROPER LANE USAGE,2,5,NO INDICATION OF INJURY,0,0,17,1,41.9026337556,-87.7179312389
08/20/2022 02:00:00 PM,20,UNKNOWN,UNKNOWN,PARKED MOTOR VEHICLE,ONE-WAY,UNKNOWN,NO INJURY / DRIVE AWAY,UNABLE TO DETERMINE,2,8,NO INDICATION OF INJURY,0,0,14,7,41.9436405871,-87.6567081753
05/27/2023 05:45:00 PM,30,CLEAR,DAYLIGHT,SIDESWIPE SAME DIRECTION,DIVIDED - W/MEDIAN (NOT RAISED),DRY,NO INJURY / DRIVE AWAY,FAILING TO YIELD RIGHT-OF-WAY,2,5,NO INDICATION OF INJURY,0,0,17,7,41.9472772783,-87.6578895368
07/03/2023 01:05:00 PM,25,CLEAR,DAYLIGHT,ANGLE,NOT DIVIDED,DRY,INJURY AND / OR TOW DUE TO CRASH,UNABLE TO DETERMINE,2,7,NO INDICATION OF INJURY,0,0,13,2,41.9221969712,-87.7953438817
05/30/2021 12:22:00 AM,30,CLEAR,"DARKNESS, LIGHTED ROAD",PARKED MOTOR VEHICLE,NOT DIVIDED,UNKNOWN,NO INJURY / DRIVE AWAY,"OPERATING VEHICLE IN ERRATIC, RECKLESS, CARELESS, NEGLIGENT OR AGGRESSIVE MANNER",2,5,NO INDICATION OF INJURY,0,0,0,1,41.764272822,-87.5954918854
02/02/2024 07:15:00 AM,30,CLEAR,DAYLIGHT,REAR END,NOT DIVIDED,DRY,INJURY AND / OR TOW DUE TO CRASH,FOLLOWING TOO CLOSELY,2,2,NO INDICATION OF INJURY,0,0,7,6,41.9658685525,-87.777346614
10/27/2022 06:50:00 AM,30,CLEAR,UNKNOWN,REAR END,NOT DIVIDED,DRY,NO INJURY / DRIVE AWAY,UNABLE TO DETERMINE,2,10,NO INDICATION OF INJURY,0,0,6,5,41.9764630629,-87.656566023
10/29/2021 02:00:00 PM,30,RAIN,DAYLIGHT,PARKED MOTOR VEHICLE,NOT DIVIDED,WET,NO INJURY / DRIVE AWAY,EQUIPMENT - VEHICLE CONDITION,2,10,NO INDICATION OF INJURY,0,0,14,6,41.6851031021,-87.6319181854
07/02/2022 11:30:00 PM,30,CLEAR,"DARKNESS, LIGHTED ROAD",TURNING,NOT DIVIDED,DRY,INJURY AND / OR TOW DUE TO CRASH,IMPROPER TURNING/NO SIGNAL,3,7,NONINCAPACITATING INJURY,1,0,23,7,41.88067825,-87.7391257089
03/30/2021 01:10:00 PM,30,CLEAR,DAYLIGHT,REAR END,PARKING LOT,DRY,NO INJURY / DRIVE AWAY,UNABLE TO DETERMINE,2,3,NO INDICATION OF INJURY,0,0,13,3,41.7920564795,-87.8010589933
10/22/2025 02:30:00 AM,30,CLEAR,"DARKNESS, LIGHTED ROAD",PARKED MOTOR VEHICLE,NOT DIVIDED,WET,NO INJURY / DRIVE AWAY,UNABLE TO DETERMINE,2,10,NO INDICATION OF INJURY,0,0,2,4,41.9336784443,-87.7268840049
11/30/2024 02:30:00 PM,30,CLEAR,DAYLIGHT,TURNING,NOT DIVIDED,DRY,INJURY AND / OR TOW DUE TO CRASH,UNABLE TO DETERMINE,2,11,NO INDICATION OF INJURY,0,0,14,7,41.7195288822,-87.6142310585
08/03/2024 07:40:00 PM,30,CLEAR,DUSK,TURNING,FOUR WAY,DRY,INJURY AND / OR TOW DUE TO CRASH,IMPROPER TURNING/NO SIGNAL,2,8,NONINCAPACITATING INJURY,1,0,19,7,42.0012218731,-87.660879719
05/08/2025 10:19:00 AM,30,CLEAR,DAYLIGHT,PARKED MOTOR VEHICLE,NOT DIVIDED,DRY,NO INJURY / DRIVE AWAY,UNABLE TO DETERMINE,2,5,NO INDICATION OF INJURY,0,0,10,5,41.8694711181,-87.6602674686
09/13/2025 10:35:00 AM,30,UNKNOWN,DAYLIGHT,REAR END,UNKNOWN INTERSECTION TYPE,WET,NO INJURY / DRIVE AWAY,UNABLE TO DETERMINE,2,9,NO INDICATION OF INJURY,0,0,10,7,41.6479861586,-87.5454836589
06/20/2021 06:00:00 PM,40,CLEAR,DAYLIGHT,REAR END,DIVIDED - W/MEDIAN BARRIER,DRY,NO INJURY / DRIVE AWAY,FOLLOWING TOO CLOSELY,2,6,NO INDICATION OF INJURY,0,0,18,1,41.9331090781,-87.6359767983
07/16/2025 03:13:00 PM,40,CLEAR,DAYLIGHT,SIDESWIPE SAME DIRECTION,ONE-WAY,DRY,NO INJURY / DRIVE AWAY,FAILING TO YIELD RIGHT-OF-WAY,2,7,NO INDICATION OF INJURY,0,0,15,4,41.8383932992,-87.6087495204
04/25/2023 09:30:00 AM,30,RAIN,DAYLIGHT,REAR END,DIVIDED - W/MEDIAN (NOT RAISED),WET,INJURY AND / OR TOW DUE TO CRASH,FAILING TO REDUCE SPEED TO AVOID CRASH,2,4,NO INDICATION OF INJURY,0,0,9,3,41.8429959896,-87.6953093057
01/05/2023 11:20:00 AM,30,FREEZING RAIN/DRIZZLE,DAYLIGHT,TURNING,FOUR WAY,WET,NO INJURY / DRIVE AWAY,DISREGARDING TRAFFIC SIGNALS,2,1,NO INDICATION OF INJURY,0,0,11,5,41.9972314882,-87.7668182559
11/15/2025 02:36:00 PM,30,CLEAR,DAYLIGHT,TURNING,FOUR WAY,DRY,INJURY AND / OR TOW DUE TO CRASH,DISREGARDING TRAFFIC SIGNALS,2,11,NONINCAPACITATING INJURY,3,0,14,7,41.8672634302,-87.630486968
10/29/2023 01:21:00 AM,30,RAIN,"DARKNESS, LIGHTED ROAD",ANGLE,T-INTERSECTION,WET,INJURY AND / OR TOW DUE TO CRASH,UNABLE TO DETERMINE,2,10,NO INDICATION OF INJURY,0,0,1,1,41.8521276608,-87.6759854491
04/07/2025 03:00:00 PM,30,CLEAR,DAYLIGHT,PARKED MOTOR VEHICLE,PARKING LOT,DRY,NO INJURY / DRIVE AWAY,UNABLE TO DETERMINE,2,4,NO INDICATION OF INJURY,0,0,15,2,41.6962325277,-87.5958061971
12/21/2022 11:00:00 AM,30,CLEAR,DAYLIGHT,PARKED MOTOR VEHICLE,PARKING LOT,DRY,NO INJURY / DRIVE AWAY,UNABLE TO DETERMINE,2,12,NO INDICATION OF INJURY,0,0,11,4,41.7034485439,-87.6813819118
02/05/2021 02:50:00 PM,30,CLEAR,DAYLIGHT,ANGLE,DIVIDED - W/MEDIAN (NOT RAISED),UNKNOWN,NO INJURY / DRIVE AWAY,UNABLE TO DETERMINE,2,2,NO INDICATION OF INJURY,0,0,14,6,41.9507743476,-87.7470940803
08/25/2023 09:22:00 PM,30,CLEAR,"DARKNESS, LIGHTED ROAD",SIDESWIPE SAME DIRECTION,DIVIDED - W/MEDIAN (NOT RAISED),DRY,NO INJURY / DRIVE AWAY,IMPROPER OVERTAKING/PASSING,2,8,NO INDICATION OF INJURY,0,0,21,6,41.9140601958,-87.7460277339
03/01/2025 12:49:00 AM,30,CLEAR,"DARKNESS, LIGHTED ROAD",ANGLE,FOUR WAY,DRY,INJURY AND / OR TOW DUE TO CRASH,FAILING TO YIELD RIGHT-OF-WAY,2,3,NO INDICATION OF INJURY,0,0,0,7,41.735942014,-87.6451541748
07/19/2021 07:30:00 PM,30,CLEAR,DAYLIGHT,SIDESWIPE SAME DIRECTION,DIVIDED - W/MEDIAN (NOT RAISED),DRY,NO INJURY / DRIVE AWAY,FOLLOWING TOO CLOSELY,2,7,NO INDICATION OF INJURY,0,0,19,2,41.7955722492,-87.7625162943
04/18/2026 04:00:00 AM,30,UNKNOWN,DARKNESS,PARKED MOTOR VEHICLE,NOT DIVIDED,UNKNOWN,INJURY AND / OR TOW DUE TO CRASH,UNABLE TO DETERMINE,3,4,NO INDICATION OF INJURY,0,0,4,7,41.8742128764,-87.7644935276
09/06/2025 12:00:00 PM,30,CLEAR,DAYLIGHT,REAR END,DIVIDED - W/MEDIAN (NOT RAISED),DRY,NO INJURY / DRIVE AWAY,UNABLE TO DETERMINE,2,9,NO INDICATION OF INJURY,0,0,12,7,41.9540833177,-87.6983027701
01/31/2023 12:00:00 PM,30,UNKNOWN,UNKNOWN,PARKED MOTOR VEHICLE,UNKNOWN,UNKNOWN,NO INJURY / DRIVE AWAY,UNABLE TO DETERMINE,2,1,NO INDICATION OF INJURY,0,0,12,3,41.8008558673,-87.5927892295
02/02/2022 09:55:00 AM,25,SNOW,DAYLIGHT,REAR END,NOT DIVIDED,SNOW OR SLUSH,NO INJURY / DRIVE AWAY,WEATHER,2,2,NO INDICATION OF INJURY,0,0,9,4,41.9966904218,-87.6997545707
11/10/2023 03:30:00 PM,30,CLEAR,DAYLIGHT,REAR END,NOT DIVIDED,DRY,NO INJURY / DRIVE AWAY,FAILING TO YIELD RIGHT-OF-WAY,4,11,NO INDICATION OF INJURY,0,0,15,6,41.8089769906,-87.6456566889
06/16/2024 01:56:00 PM,35,CLEAR,DAYLIGHT,REAR END,NOT DIVIDED,DRY,INJURY AND / OR TOW DUE TO CRASH,FAILING TO REDUCE SPEED TO AVOID CRASH,2,6,NO INDICATION OF INJURY,0,0,13,1,41.7686831633,-87.6623955365
11/06/2024 05:50:00 PM,30,CLEAR,DAWN,PARKED MOTOR VEHICLE,OTHER,DRY,NO INJURY / DRIVE AWAY,NOT APPLICABLE,2,11,NO INDICATION OF INJURY,0,0,17,4,41.8251224884,-87.666178457
10/18/2021 11:30:00 PM,25,UNKNOWN,"DARKNESS, LIGHTED ROAD",PARKED MOTOR VEHICLE,ONE-WAY,UNKNOWN,INJURY AND / OR TOW DUE TO CRASH,UNABLE TO DETERMINE,2,10,NO INDICATION OF INJURY,0,0,23,2,41.8815156261,-87.7680236252
07/25/2024 05:42:00 AM,30,CLEAR,DAYLIGHT,PEDESTRIAN,FOUR WAY,DRY,INJURY AND / OR TOW DUE TO CRASH,FAILING TO YIELD RIGHT-OF-WAY,2,7,NONINCAPACITATING INJURY,1,0,5,5,41.8818862275,-87.6366183305
08/30/2024 11:15:00 AM,30,CLEAR,DAYLIGHT,PARKED MOTOR VEHICLE,NOT DIVIDED,DRY,NO INJURY / DRIVE AWAY,UNABLE TO DETERMINE,2,8,NO INDICATION OF INJURY,0,0,11,6,41.9452217166,-87.803524842