CRASH_DATE,POSTED_SPEED_LIMIT,WEATHER_CONDITION,LIGHTING_CONDITION,FIRST_CRASH_TYPE,TRAFFICWAY_TYPE,ROADWAY_SURFACE_COND,CRASH_TYPE,PRIM_CONTRIBUTORY_CAUSE,NUM_UNITS,CRASH_MONTH,MOST_SEVERE_INJURY,INJURIES_TOTAL,INJURIES_FATAL,CRASH_HOUR,CRASH_DAY_OF_WEEK,LATITUDE,LONGITUDE
12/14/2025 01:30:00 PM,30,CLEAR,DAYLIGHT,FIXED OBJECT,DIVIDED - W/MEDIAN (NOT RAISED),DRY,INJURY AND / OR TOW DUE TO CRASH,IMPROPER OVERTAKING/PASSING,1,12,NO INDICATION OF INJURY,0,0,13,1,41.8010350912,-87.6977275024
06/02/2023 07:00:00 PM,25,CLEAR,UNKNOWN,PARKED MOTOR VEHICLE,OTHER,UNKNOWN,NO INJURY / DRIVE AWAY,NOT APPLICABLE,2,6,NO INDICATION OF INJURY,0,0,19,6,41.9655783282,-87.6487826561
11/13/2023 04:30:00 PM,30,UNKNOWN,UNKNOWN,SIDESWIPE SAME DIRECTION,NOT DIVIDED,OTHER,NO INJURY / DRIVE AWAY,UNABLE TO DETERMINE,2,11,NO INDICATION OF INJURY,0,0,16,2,41.9544864228,-87.6476902111
11/18/2025 11:00:00 PM,40,CLEAR,"DARKNESS, LIGHTED ROAD",REAR END,DIVIDED - W/MEDIAN BARRIER,DRY,NO INJURY / DRIVE AWAY,FOLLOWING TOO CLOSELY,2,11,NO INDICATION OF INJURY,0,0,23,3,41.8809827009,-87.6176333442
06/28/2023 01:30:00 PM,30,CLEAR,DAYLIGHT,ANGLE,NOT DIVIDED,DRY,INJURY AND / OR TOW DUE TO CRASH,FAILING TO YIELD RIGHT-OF-WAY,2,6,NONINCAPACITATING INJURY,2,0,13,4,41.9597478225,-87.7535366451
07/24/2023 05:10:00 PM,30,CLEAR,DAYLIGHT,REAR END,NOT DIVIDED,DRY,INJURY AND / OR TOW DUE TO CRASH,FOLLOWING TOO CLOSELY,2,7,NO INDICATION OF INJURY,0,0,17,2,41.8235104081,-87.6891236419
03/11/2025 02:43:00 PM,20,CLEAR,DAYLIGHT,PARKED MOTOR VEHICLE,OTHER,DRY,NO INJURY / DRIVE AWAY,DRIVING SKILLS/KNOWLEDGE/EXPERIENCE,2,3,NO INDICATION OF INJURY,0,0,14,3,,
02/28/2025 11:20:00 AM,15,CLEAR,DAYLIGHT,SIDESWIPE SAME DIRECTION,OTHER,DRY,NO INJURY / DRIVE AWAY,FAILING TO YIELD RIGHT-OF-WAY,2,2,NO INDICATION OF INJURY,0,0,11,6,,
02/23/2025 11:50:00 PM,30,CLEAR,"DARKNESS, LIGHTED ROAD",REAR END,DIVIDED - W/MEDIAN BARRIER,DRY,NO INJURY / DRIVE AWAY,FOLLOWING TOO CLOSELY,3,2,NO INDICATION OF INJURY,0,0,23,1,,
03/14/2025 07:03:00 PM,30,UNKNOWN,UNKNOWN,REAR END,ONE-WAY,UNKNOWN,NO INJURY / DRIVE AWAY,UNABLE TO DETERMINE,2,3,NO INDICATION OF INJURY,0,0,19,6,,
02/21/2025 11:38:00 PM,30,CLEAR,"DARKNESS, LIGHTED ROAD",PARKED MOTOR VEHICLE,ONE-WAY,DRY,NO INJURY / DRIVE AWAY,DRIVING SKILLS/KNOWLEDGE/EXPERIENCE,2,2,NO INDICATION OF INJURY,0,0,23,6,,
03/16/2025 08:25:00 PM,25,CLEAR,"DARKNESS, LIGHTED ROAD",TURNING,NOT DIVIDED,DRY,NO INJURY / DRIVE AWAY,NOT APPLICABLE,2,3,NO INDICATION OF INJURY,0,0,20,1,41.9655980411,-87.6508784236
06/14/2024 08:00:00 AM,30,CLEAR,DAYLIGHT,TURNING,ONE-WAY,UNKNOWN,NO INJURY / DRIVE AWAY,FAILING TO YIELD RIGHT-OF-WAY,2,6,NO INDICATION OF INJURY,0,0,8,6,41.7672328545,-87.6267537665
10/06/2025 06:11:00 PM,25,CLEAR,DAYLIGHT,REAR END,DIVIDED - W/MEDIAN (NOT RAISED),DRY,NO INJURY / DRIVE AWAY,UNABLE TO DETERMINE,2,10,NO INDICATION OF INJURY,0,0,18,2,41.7509404144,-87.6199127203
03/21/2026 01:02:00 PM,30,UNKNOWN,DAYLIGHT,REAR END,DIVIDED - W/MEDIAN (NOT RAISED),UNKNOWN,NO INJURY / DRIVE AWAY,UNABLE TO DETERMINE,2,3,NO INDICATION OF INJURY,0,0,13,7,41.9855984502,-87.6576912955
01/20/2023 09:12:00 PM,10,CLEAR,DARKNESS,FIXED OBJECT,OTHER,DRY,INJURY AND / OR TOW DUE TO CRASH,UNDER THE INFLUENCE OF ALCOHOL/DRUGS (USE WHEN ARREST IS EFFECTED),1,1,NO INDICATION OF INJURY,0,0,21,6,41.95049927,-87.6447490514
10/05/2025 10:32:00 PM,30,CLEAR,DUSK,ANGLE,FOUR WAY,DRY,INJURY AND / OR TOW DUE TO CRASH,FAILING TO YIELD RIGHT-OF-WAY,2,10,"REPORTED, NOT EVIDENT",2,0,22,1,41.7656188178,-87.615407248
11/14/2021 12:00:00 PM,30,FREEZING RAIN/DRIZZLE,DAYLIGHT,TURNING,NOT DIVIDED,WET,INJURY AND / OR TOW DUE TO CRASH,IMPROPER TURNING/NO SIGNAL,2,11,NO INDICATION OF INJURY,0,0,12,1,41.6925370419,-87.6232492653
12/07/2024 05:00:00 PM,40,UNKNOWN,DAYLIGHT,SIDESWIPE SAME DIRECTION,OTHER,UNKNOWN,NO INJURY / DRIVE AWAY,UNABLE TO DETERMINE,2,12,NO INDICATION OF INJURY,0,0,17,7,41.8674842272,-87.6191503834
11/25/2021 11:30:00 AM,30,CLEAR,DAYLIGHT,ANGLE,FOUR WAY,DRY,NO INJURY / DRIVE AWAY,FAILING TO YIELD RIGHT-OF-WAY,2,11,NO INDICATION OF INJURY,0,0,11,5,41.7784155729,-87.6109052606
01/07/2026 08:00:00 AM,30,CLEAR,DAYLIGHT,PARKED MOTOR VEHICLE,ONE-WAY,DRY,NO INJURY / DRIVE AWAY,UNABLE TO DETERMINE,2,1,NO INDICATION OF INJURY,0,0,8,4,41.8943094837,-87.7139867125
03/19/2023 09:30:00 PM,30,UNKNOWN,"DARKNESS, LIGHTED ROAD",SIDESWIPE SAME DIRECTION,NOT DIVIDED,UNKNOWN,NO INJURY / DRIVE AWAY,UNABLE TO DETERMINE,2,3,NO INDICATION OF INJURY,0,0,21,1,41.7037258574,-87.6816837997
10/04/2022 09:15:00 PM,30,CLEAR,"DARKNESS, LIGHTED ROAD",SIDESWIPE SAME DIRECTION,UNKNOWN INTERSECTION TYPE,DRY,NO INJURY / DRIVE AWAY,UNABLE TO DETERMINE,2,10,NO INDICATION OF INJURY,0,0,21,3,41.8910245134,-87.6252901507
04/11/2022 01:00:00 AM,25,UNKNOWN,UNKNOWN,PARKED MOTOR VEHICLE,ONE-WAY,UNKNOWN,NO INJURY / DRIVE AWAY,UNABLE TO DETERMINE,2,4,NO INDICATION OF INJURY,0,0,1,2,41.9185163566,-87.7814795761
11/21/2024 11:30:00 AM,30,SNOW,DAYLIGHT,REAR TO FRONT,ALLEY,SNOW OR SLUSH,INJURY AND / OR TOW DUE TO CRASH,IMPROPER BACKING,2,11,NO INDICATION OF INJURY,0,0,11,5,41.9209079615,-87.7288912163
10/04/2022 09:40:00 AM,30,CLEAR,DAYLIGHT,PARKED MOTOR VEHICLE,ONE-WAY,DRY,NO INJURY / DRIVE AWAY,UNABLE TO DETERMINE,2,10,NO INDICATION OF INJURY,0,0,9,3,41.8765364601,-87.6489899653
03/25/2026 12:00:00 PM,30,CLEAR,DAYLIGHT,PARKED MOTOR VEHICLE,NOT DIVIDED,DRY,NO INJURY / DRIVE AWAY,NOT APPLICABLE,2,3,NO INDICATION OF INJURY,0,0,12,4,41.7815468055,-87.7156245753
04/21/2024 02:45:00 PM,30,CLEAR,DAYLIGHT,SIDESWIPE SAME DIRECTION,ONE-WAY,DRY,NO INJURY / DRIVE AWAY,IMPROPER BACKING,2,4,NO INDICATION OF INJURY,0,0,14,1,41.9364457231,-87.6808371307
05/04/2024 12:30:00 AM,30,CLEAR,DARKNESS,REAR TO FRONT,NOT DIVIDED,DRY,NO INJURY / DRIVE AWAY,UNABLE TO DETERMINE,2,5,NO INDICATION OF INJURY,0,0,0,7,41.9038208792,-87.6293285298
08/21/2022 03:51:00 AM,30,CLEAR,"DARKNESS, LIGHTED ROAD",PARKED MOTOR VEHICLE,NOT DIVIDED,DRY,INJURY AND / OR TOW DUE TO CRASH,"OPERATING VEHICLE IN ERRATIC, RECKLESS, CARELESS, NEGLIGENT OR AGGRESSIVE MANNER",3,8,NO INDICATION OF INJURY,0,0,3,1,41.9411793596,-87.7020512308
03/04/2023 10:20:00 AM,30,CLEAR,"DARKNESS, LIGHTED ROAD",SIDESWIPE SAME DIRECTION,ONE-WAY,UNKNOWN,NO INJURY / DRIVE AWAY,UNABLE TO DETERMINE,2,3,NO INDICATION OF INJURY,0,0,10,7,41.8844950554,-87.6366428286
12/31/2023 06:48:00 PM,30,RAIN,"DARKNESS, LIGHTED ROAD",SIDESWIPE SAME DIRECTION,NOT DIVIDED,WET,NO INJURY / DRIVE AWAY,UNABLE TO DETERMINE,2,12,NO INDICATION OF INJURY,0,0,18,1,41.8932567111,-87.6370077971
09/19/2021 07:27:00 PM,30,CLEAR,DARKNESS,SIDESWIPE SAME DIRECTION,ONE-WAY,DRY,NO INJURY / DRIVE AWAY,IMPROPER BACKING,2,9,NO INDICATION OF INJURY,0,0,19,1,41.8155322153,-87.6313214515
12/17/2023 03:25:00 AM,30,RAIN,DARKNESS,FIXED OBJECT,NOT DIVIDED,WET,INJURY AND / OR TOW DUE TO CRASH,UNDER THE INFLUENCE OF ALCOHOL/DRUGS (USE WHEN ARREST IS EFFECTED),1,12,NO INDICATION OF INJURY,0,0,3,1,41.8649642644,-87.6668538022
02/20/2023 12:20:00 PM,20,CLEAR,DAYLIGHT,ANGLE,FOUR WAY,DRY,INJURY AND / OR TOW DUE TO CRASH,FAILING TO YIELD RIGHT-OF-WAY,2,2,NO INDICATION OF INJURY,0,0,12,2,41.7993982353,-87.5951706268
08/21/2021 01:20:00 AM,20,CLEAR,DARKNESS,FIXED OBJECT,PARKING LOT,DRY,INJURY AND / OR TOW DUE TO CRASH,NOT APPLICABLE,1,8,NO INDICATION OF INJURY,0,0,1,7,41.7549565398,-87.5459227715
01/15/2024 06:35:00 PM,30,CLEAR,"DARKNESS, LIGHTED ROAD",REAR END,NOT DIVIDED,DRY,NO INJURY / DRIVE AWAY,DRIVING SKILLS/KNOWLEDGE/EXPERIENCE,2,1,NO INDICATION OF INJURY,0,0,18,2,41.7929108835,-87.742077343
01/03/2022 09:29:00 AM,30,CLEAR,DAYLIGHT,REAR END,NOT DIVIDED,DRY,INJURY AND / OR TOW DUE TO CRASH,NOT APPLICABLE,3,1,"REPORTED, NOT EVIDENT",3,0,9,2,41.9313459209,-87.7691952903
07/14/2022 05:30:00 AM,30,CLEAR,UNKNOWN,PARKED MOTOR VEHICLE,NOT DIVIDED,UNKNOWN,NO INJURY / DRIVE AWAY,UNABLE TO DETERMINE,2,7,NO INDICATION OF INJURY,0,0,5,5,41.9530710145,-87.7831155235
11/12/2025 04:05:00 PM,20,CLEAR,DUSK,ANGLE,TRAFFIC ROUTE,DRY,INJURY AND / OR TOW DUE TO CRASH,FAILING TO YIELD RIGHT-OF-WAY,2,11,NO INDICATION OF INJURY,0,0,16,4,41.8094276995,-87.7516189481
03/21/2025 08:40:00 AM,30,CLEAR,DAYLIGHT,SIDESWIPE SAME DIRECTION,FOUR WAY,DRY,NO INJURY / DRIVE AWAY,IMPROPER OVERTAKING/PASSING,2,3,NO INDICATION OF INJURY,0,0,8,6,41.885175769,-87.7223426632
05/26/2022 11:15:00 AM,30,CLEAR,DAYLIGHT,ANGLE,NOT DIVIDED,WET,INJURY AND / OR TOW DUE TO CRASH,FAILING TO YIELD RIGHT-OF-WAY,3,5,NONINCAPACITATING INJURY,2,0,11,5,41.9460399294,-87.7453561051
10/20/2021 08:42:00 AM,35,CLEAR,DAYLIGHT,REAR END,DIVIDED - W/MEDIAN BARRIER,DRY,NO INJURY / DRIVE AWAY,FOLLOWING TOO CLOSELY,2,10,NO INDICATION OF INJURY,0,0,8,4,41.7217799868,-87.6279341436
03/15/2022 04:01:00 PM,30,CLEAR,DAYLIGHT,ANGLE,UNKNOWN INTERSECTION TYPE,DRY,INJURY AND / OR TOW DUE TO CRASH,DISREGARDING TRAFFIC SIGNALS,2,3,NO INDICATION OF INJURY,0,0,16,3,41.9401834508,-87.6389104208
10/29/2021 05:50:00 PM,15,RAIN,"DARKNESS, LIGHTED ROAD",REAR TO SIDE,PARKING LOT,WET,NO INJURY / DRIVE AWAY,IMPROPER BACKING,2,10,NO INDICATION OF INJURY,0,0,17,6,41.7367554697,-87.5907102868
05/07/2022 01:00:00 PM,35,CLEAR,DAYLIGHT,TURNING,FOUR WAY,DRY,INJURY AND / OR TOW DUE TO CRASH,UNABLE TO DETERMINE,2,5,NONINCAPACITATING INJURY,1,0,13,7,41.7078998865,-87.5848228888
03/09/2025 04:34:00 PM,30,CLEAR,DAYLIGHT,PEDALCYCLIST,NOT DIVIDED,DRY,INJURY AND / OR TOW DUE TO CRASH,DISREGARDING TRAFFIC SIGNALS,2,3,INCAPACITATING INJURY,1,0,16,1,41.8808056553,-87.6209349918
03/11/2025 08:06:00 AM,30,CLEAR,DAYLIGHT,FIXED OBJECT,RAMP,DRY,INJURY AND / OR TOW DUE TO CRASH,UNABLE TO DETERMINE,1,3,NONINCAPACITATING INJURY,1,0,8,3,41.8752048786,-87.6398675848
05/20/2023 12:30:00 AM,40,CLEAR,"DARKNESS, LIGHTED ROAD",REAR END,DIVIDED - W/MEDIAN BARRIER,DRY,INJURY AND / OR TOW DUE TO CRASH,UNABLE TO DETERMINE,2,5,NO INDICATION OF INJURY,0,0,0,7,41.9767789528,-87.6501635453
09/11/2025 08:18:00 AM,35,CLEAR,DAYLIGHT,ANGLE,FOUR WAY,DRY,NO INJURY / DRIVE AWAY,FAILING TO YIELD RIGHT-OF-WAY,2,9,NO INDICATION OF INJURY,0,0,8,5,41.7585960629,-87.6101982443
06/21/2023 12:12:00 PM,30,CLEAR,DAYLIGHT,TURNING,NOT DIVIDED,DRY,NO INJURY / DRIVE AWAY,IMPROPER LANE USAGE,2,6,NO INDICATION OF INJURY,0,0,12,4,41.8024205013,-87.606559619
01/12/2022 05:05:00 PM,30,CLEAR,"DARKNESS, LIGHTED ROAD",SIDESWIPE SAME DIRECTION,ONE-WAY,DRY,NO INJURY / DRIVE AWAY,IMPROPER OVERTAKING/PASSING,2,1,NO INDICATION OF INJURY,0,0,17,4,41.874330362,-87.7362069752
03/28/2022 04:30:00 AM,30,UNKNOWN,UNKNOWN,REAR END,ALLEY,UNKNOWN,INJURY AND / OR TOW DUE TO CRASH,IMPROPER BACKING,2,3,"REPORTED, NOT EVIDENT",1,0,4,2,41.7484447836,-87.5724172553
01/06/2021 02:45:00 PM,25,CLEAR,DAYLIGHT,TURNING,NOT DIVIDED,DRY,NO INJURY / DRIVE AWAY,FAILING TO YIELD RIGHT-OF-WAY,2,1,NO INDICATION OF INJURY,0,0,14,4,42.0049250421,-87.6899633727
02/14/2025 07:32:00 PM,30,SNOW,DARKNESS,TURNING,NOT DIVIDED,SNOW OR SLUSH,NO INJURY / DRIVE AWAY,IMPROPER TURNING/NO SIGNAL,2,2,NO INDICATION OF INJURY,0,0,19,6,41.8878096178,-87.6378861165
06/06/2024 11:11:00 PM,40,CLEAR,DAYLIGHT,TURNING,FOUR WAY,DRY,INJURY AND / OR TOW DUE TO CRASH,DISREGARDING TRAFFIC SIGNALS,3,6,NONINCAPACITATING INJURY,2,0,23,5,41.7914202821,-87.5801477687
06/16/2024 01:40:00 PM,30,CLEAR,DAYLIGHT,SIDESWIPE SAME DIRECTION,NOT DIVIDED,DRY,NO INJURY / DRIVE AWAY,IMPROPER OVERTAKING/PASSING,2,6,NO INDICATION OF INJURY,0,0,13,1,41.7606255255,-87.5979971945
08/13/2022 08:00:00 PM,30,CLEAR,"DARKNESS, LIGHTED ROAD",SIDESWIPE SAME DIRECTION,DIVIDED - W/MEDIAN BARRIER,DRY,NO INJURY / DRIVE AWAY,UNABLE TO DETERMINE,2,8,NO INDICATION OF INJURY,0,0,20,7,41.7569668999,-87.5762476242
11/13/2024 12:20:00 PM,30,CLEAR,DAYLIGHT,REAR END,NOT DIVIDED,DRY,NO INJURY / DRIVE AWAY,UNABLE TO DETERMINE,2,11,NO INDICATION OF INJURY,0,0,12,4,41.7735646961,-87.7419743118
04/11/2025 10:09:00 PM,30,CLEAR,"DARKNESS, LIGHTED ROAD",SIDESWIPE SAME DIRECTION,NOT DIVIDED,DRY,NO INJURY / DRIVE AWAY,FAILING TO YIELD RIGHT-OF-WAY,2,4,NO INDICATION OF INJURY,0,0,22,6,41.9063612211,-87.707046373
12/05/2025 04:49:00 PM,30,UNKNOWN,UNKNOWN,ANGLE,NOT DIVIDED,DRY,NO INJURY / DRIVE AWAY,IMPROPER TURNING/NO SIGNAL,2,12,NO INDICATION OF INJURY,0,0,16,6,41.9410365941,-87.6685506933
05/21/2022 09:30:00 AM,30,CLEAR,DAYLIGHT,SIDESWIPE SAME DIRECTION,ONE-WAY,UNKNOWN,NO INJURY / DRIVE AWAY,UNABLE TO DETERMINE,2,5,NO INDICATION OF INJURY,0,0,9,7,41.8708361407,-87.7248377222
10/30/2021 01:45:00 PM,30,CLEAR,DAYLIGHT,PARKED MOTOR VEHICLE,NOT DIVIDED,DRY,NO INJURY / DRIVE AWAY,UNABLE TO DETERMINE,2,10,NO INDICATION OF INJURY,0,0,13,7,41.9916901543,-87.6895513312
09/19/2024 07:01:00 AM,30,CLEAR,DAYLIGHT,TURNING,NOT DIVIDED,DRY,NO INJURY / DRIVE AWAY,IMPROPER BACKING,2,9,NO INDICATION OF INJURY,0,0,7,5,41.889265416,-87.6278676579
10/23/2024 08:45:00 AM,30,CLEAR,DAYLIGHT,SIDESWIPE SAME DIRECTION,NOT DIVIDED,DRY,NO INJURY / DRIVE AWAY,UNABLE TO DETERMINE,2,10,NO INDICATION OF INJURY,0,0,8,4,41.793767096,-87.7107569266
10/01/2023 10:15:00 AM,30,CLEAR,DAYLIGHT,PEDESTRIAN,DIVIDED - W/MEDIAN (NOT RAISED),DRY,INJURY AND / OR TOW DUE TO CRASH,UNABLE TO DETERMINE,2,10,"REPORTED, NOT EVIDENT",1,0,10,1,41.747494585,-87.6077029528
01/26/2021 03:45:00 PM,30,SNOW,DAYLIGHT,PARKED MOTOR VEHICLE,NOT DIVIDED,SNOW OR SLUSH,NO INJURY / DRIVE AWAY,WEATHER,2,1,NO INDICATION OF INJURY,0,0,15,3,41.6842998011,-87.7055690119
09/16/2024 04:45:00 PM,30,CLEAR,DAYLIGHT,REAR END,DIVIDED - W/MEDIAN (NOT RAISED),DRY,NO INJURY / DRIVE AWAY,FOLLOWING TOO CLOSELY,2,9,NO INDICATION OF INJURY,0,0,16,2,41.8943291716,-87.7063719198
02/22/2025 07:00:00 PM,30,CLEAR,"DARKNESS, LIGHTED ROAD",SIDESWIPE SAME DIRECTION,DIVIDED - W/MEDIAN BARRIER,DRY,INJURY AND / OR TOW DUE TO CRASH,FAILING TO YIELD RIGHT-OF-WAY,2,2,"REPORTED, NOT EVIDENT",2,0,19,7,41.7085875015,-87.6430228747
04/20/2023 03:10:00 PM,35,CLEAR,DAYLIGHT,REAR END,NOT DIVIDED,DRY,NO INJURY / DRIVE AWAY,FAILING TO REDUCE SPEED TO AVOID CRASH,2,4,NO INDICATION OF INJURY,0,0,15,5,41.7081220217,-87.5705123579
10/01/2024 09:48:00 AM,30,CLEAR,DAYLIGHT,SIDESWIPE SAME DIRECTION,DIVIDED - W/MEDIAN BARRIER,DRY,NO INJURY / DRIVE AWAY,FOLLOWING TOO CLOSELY,2,10,NO INDICATION OF INJURY,0,0,9,3,41.8921474078,-87.6240191061
06/22/2021 12:30:00 PM,30,CLEAR,DAYLIGHT,TURNING,DIVIDED - W/MEDIAN (NOT RAISED),DRY,NO INJURY / DRIVE AWAY,IMPROPER LANE USAGE,2,6,NO INDICATION OF INJURY,0,0,12,3,41.8005277021,-87.7235192748
12/19/2022 08:15:00 AM,30,CLEAR,DAYLIGHT,REAR END,NOT DIVIDED,DRY,NO INJURY / DRIVE AWAY,"OPERATING VEHICLE IN ERRATIC, RECKLESS, CARELESS, NEGLIGENT OR AGGRESSIVE MANNER",2,12,NO INDICATION OF INJURY,0,0,8,2,41.9249216847,-87.6969608979
01/18/2026 08:47:00 PM,30,SNOW,"DARKNESS, LIGHTED ROAD",PARKED MOTOR VEHICLE,DIVIDED - W/MEDIAN (NOT RAISED),SNOW OR SLUSH,INJURY AND / OR TOW DUE TO CRASH,UNABLE TO DETERMINE,2,1,NO INDICATION OF INJURY,0,0,20,1,41.9759865011,-87.6911145524
06/02/2022 06:00:00 PM,30,CLEAR,DAYLIGHT,REAR END,DIVIDED - W/MEDIAN (NOT RAISED),DRY,NO INJURY / DRIVE AWAY,FOLLOWING TOO CLOSELY,3,6,NO INDICATION OF INJURY,0,0,18,5,41.7507681278,-87.6429703592
04/19/2024 05:40:00 PM,30,CLEAR,DAYLIGHT,REAR END,NOT DIVIDED,UNKNOWN,NO INJURY / DRIVE AWAY,UNABLE TO DETERMINE,2,4,NO INDICATION OF INJURY,0,0,17,6,41.9082555487,-87.7313611584
12/21/2023 01:45:00 PM,20,CLEAR,DAYLIGHT,SIDESWIPE SAME DIRECTION,NOT DIVIDED,DRY,NO INJURY / DRIVE AWAY,UNABLE TO DETERMINE,2,12,NO INDICATION OF INJURY,0,0,13,5,41.7354754247,-87.6919716665
01/28/2023 04:30:00 AM,30,CLEAR,"DARKNESS, LIGHTED ROAD",REAR END,NOT DIVIDED,WET,NO INJURY / DRIVE AWAY,FOLLOWING TOO CLOSELY,2,1,NO INDICATION OF INJURY,0,0,4,7,41.8364683477,-87.6655669021
09/12/2021 02:20:00 PM,20,CLEAR,DAYLIGHT,TURNING,ONE-WAY,DRY,NO INJURY / DRIVE AWAY,UNABLE TO DETERMINE,2,9,NO INDICATION OF INJURY,0,0,14,1,41.7726594338,-87.6266156376
11/16/2024 04:30:00 PM,15,CLEAR,DUSK,PARKED MOTOR VEHICLE,ONE-WAY,DRY,NO INJURY / DRIVE AWAY,UNABLE TO DETERMINE,2,11,NO INDICATION OF INJURY,0,0,16,7,41.9701169699,-87.7129290626
05/09/2025 11:00:00 AM,30,CLEAR,DAYLIGHT,PARKED MOTOR VEHICLE,ONE-WAY,DRY,NO INJURY / DRIVE AWAY,UNABLE TO DETERMINE,2,5,NO INDICATION OF INJURY,0,0,11,6,41.7971854954,-87.6974149287
12/05/2024 09:59:00 AM,30,CLEAR,DAYLIGHT,PARKED MOTOR VEHICLE,ONE-WAY,DRY,INJURY AND / OR TOW DUE TO CRASH,UNABLE TO DETERMINE,2,12,NO INDICATION OF INJURY,0,0,9,5,41.9376130214,-87.6806045168
04/04/2023 10:30:00 PM,30,RAIN,"DARKNESS, LIGHTED ROAD",SIDESWIPE SAME DIRECTION,FOUR WAY,WET,INJURY AND / OR TOW DUE TO CRASH,FAILING TO REDUCE SPEED TO AVOID CRASH,3,4,NO INDICATION OF INJURY,0,0,22,3,41.8662124013,-87.7300053527
06/30/2022 07:34:00 AM,30,CLEAR,DAYLIGHT,ANGLE,FOUR WAY,DRY,INJURY AND / OR TOW DUE TO CRASH,FAILING TO YIELD RIGHT-OF-WAY,2,6,NONINCAPACITATING INJURY,1,0,7,5,41.9973470918,-87.7659239429
08/29/2024 10:30:00 PM,30,CLEAR,"DARKNESS, LIGHTED ROAD",PARKED MOTOR VEHICLE,NOT DIVIDED,DRY,INJURY AND / OR TOW DUE TO CRASH,FAILING TO REDUCE SPEED TO AVOID CRASH,2,8,NO INDICATION OF INJURY,0,0,22,5,41.9543572436,-87.7491079457
03/10/2026 04:03:00 PM,30,CLOUDY/OVERCAST,DAYLIGHT,REAR END,NOT DIVIDED,DRY,NO INJURY / DRIVE AWAY,FOLLOWING TOO CLOSELY,2,3,NO INDICATION OF INJURY,0,0,16,3,41.8736828846,-87.6962220423
05/31/2024 03:00:00 PM,30,CLEAR,DAYLIGHT,TURNING,NOT DIVIDED,DRY,NO INJURY / DRIVE AWAY,IMPROPER OVERTAKING/PASSING,2,5,NO INDICATION OF INJURY,0,0,15,6,41.7913006906,-87.7281599032
01/29/2025 02:42:00 AM,30,CLEAR,"DARKNESS, LIGHTED ROAD",PARKED MOTOR VEHICLE,NOT DIVIDED,DRY,INJURY AND / OR TOW DUE TO CRASH,UNABLE TO DETERMINE,2,1,NO INDICATION OF INJURY,0,0,2,4,41.8656457995,-87.7686815795
11/27/2021 06:42:00 PM,30,CLEAR,"DARKNESS, LIGHTED ROAD",FIXED OBJECT,DIVIDED - W/MEDIAN BARRIER,DRY,NO INJURY / DRIVE AWAY,UNABLE TO DETERMINE,1,11,NO INDICATION OF INJURY,0,0,18,7,41.7323722306,-87.5608498624
09/11/2021 10:37:00 AM,10,CLEAR,DAYLIGHT,PARKED MOTOR VEHICLE,PARKING LOT,UNKNOWN,NO INJURY / DRIVE AWAY,IMPROPER OVERTAKING/PASSING,2,9,NO INDICATION OF INJURY,0,0,10,7,41.9298489966,-87.6846437835
09/06/2024 04:43:00 PM,35,CLEAR,DAYLIGHT,TURNING,NOT DIVIDED,DRY,INJURY AND / OR TOW DUE TO CRASH,DRIVING ON WRONG SIDE/WRONG WAY,2,9,"REPORTED, NOT EVIDENT",1,0,16,6,41.7784213364,-87.7029760581
10/16/2025 05:25:00 AM,30,UNKNOWN,DARKNESS,REAR END,NOT DIVIDED,DRY,NO INJURY / DRIVE AWAY,FOLLOWING TOO CLOSELY,2,10,NO INDICATION OF INJURY,0,0,5,5,41.9419434452,-87.7664703795
09/15/2023 10:20:00 PM,30,CLEAR,"DARKNESS, LIGHTED ROAD",PARKED MOTOR VEHICLE,ONE-WAY,DRY,INJURY AND / OR TOW DUE TO CRASH,UNABLE TO DETERMINE,2,9,NO INDICATION OF INJURY,0,0,22,6,41.7470069746,-87.6508204576
10/26/2021 08:00:00 AM,30,CLEAR,DAYLIGHT,PARKED MOTOR VEHICLE,PARKING LOT,UNKNOWN,NO INJURY / DRIVE AWAY,IMPROPER BACKING,2,10,NO INDICATION OF INJURY,0,0,8,3,41.9565917155,-87.7930062229
01/01/2025 03:35:00 PM,25,OTHER,DAYLIGHT,SIDESWIPE SAME DIRECTION,CENTER TURN LANE,WET,NO INJURY / DRIVE AWAY,DRIVING SKILLS/KNOWLEDGE/EXPERIENCE,2,1,NO INDICATION OF INJURY,0,0,15,4,41.8692750493,-87.6206532775
08/08/2023 03:00:00 PM,30,CLOUDY/OVERCAST,DAYLIGHT,TURNING,DIVIDED - W/MEDIAN (NOT RAISED),DRY,NO INJURY / DRIVE AWAY,"OPERATING VEHICLE IN ERRATIC, RECKLESS, CARELESS, NEGLIGENT OR AGGRESSIVE MANNER",2,8,NO INDICATION OF INJURY,0,0,15,3,41.7502622404,-87.6635801171
08/14/2021 11:05:00 PM,30,CLEAR,"DARKNESS, LIGHTED ROAD",TURNING,NOT DIVIDED,DRY,NO INJURY / DRIVE AWAY,UNDER THE INFLUENCE OF ALCOHOL/DRUGS (USE WHEN ARREST IS EFFECTED),2,8,NO INDICATION OF INJURY,0,0,23,7,41.9076854595,-87.7464943325