CRASH_DATE,POSTED_SPEED_LIMIT,WEATHER_CONDITION,LIGHTING_CONDITION,FIRST_CRASH_TYPE,TRAFFICWAY_TYPE,ROADWAY_SURFACE_COND,CRASH_TYPE,PRIM_CONTRIBUTORY_CAUSE,NUM_UNITS,CRASH_MONTH,MOST_SEVERE_INJURY,INJURIES_TOTAL,INJURIES_FATAL,CRASH_HOUR,CRASH_DAY_OF_WEEK,LATITUDE,LONGITUDE
12/18/2025 02:33:00 AM,30,FREEZING RAIN/DRIZZLE,"DARKNESS, LIGHTED ROAD",FIXED OBJECT,PARKING LOT,WET,NO INJURY / DRIVE AWAY,NOT APPLICABLE,1,12,NO INDICATION OF INJURY,0,0,2,5,41.7143243683,-87.6429440279
05/03/2026 11:47:00 AM,30,CLEAR,DAYLIGHT,TURNING,DIVIDED - W/MEDIAN (NOT RAISED),DRY,INJURY AND / OR TOW DUE TO CRASH,FAILING TO YIELD RIGHT-OF-WAY,3,5,NONINCAPACITATING INJURY,1,0,11,1,42.0194732592,-87.6692612434
04/09/2026 08:15:00 AM,30,CLEAR,DAYLIGHT,REAR END,NOT DIVIDED,DRY,NO INJURY / DRIVE AWAY,FAILING TO REDUCE SPEED TO AVOID CRASH,3,4,NO INDICATION OF INJURY,0,0,8,5,41.932710196,-87.6779923674
09/06/2025 02:00:00 PM,15,UNKNOWN,UNKNOWN,FIXED OBJECT,ALLEY,UNKNOWN,NO INJURY / DRIVE AWAY,UNABLE TO DETERMINE,1,9,NO INDICATION OF INJURY,0,0,14,7,41.9648147341,-87.7187570571
08/25/2021 09:05:00 AM,30,CLEAR,DAYLIGHT,TURNING,T-INTERSECTION,DRY,INJURY AND / OR TOW DUE TO CRASH,FAILING TO YIELD RIGHT-OF-WAY,2,8,NO INDICATION OF INJURY,0,0,9,4,41.7930498637,-87.6157901227
09/24/2021 07:00:00 PM,25,CLEAR,DARKNESS,SIDESWIPE SAME DIRECTION,DIVIDED - W/MEDIAN (NOT RAISED),DRY,NO INJURY / DRIVE AWAY,NOT APPLICABLE,2,9,NO INDICATION OF INJURY,0,0,19,6,42.0221061891,-87.6708589719
12/20/2025 07:32:00 PM,30,CLEAR,"DARKNESS, LIGHTED ROAD",TURNING,DIVIDED - W/MEDIAN (NOT RAISED),DRY,NO INJURY / DRIVE AWAY,UNABLE TO DETERMINE,2,12,NO INDICATION OF INJURY,0,0,19,7,41.9756564106,-87.7061580445
11/11/2023 01:20:00 AM,30,CLEAR,"DARKNESS, LIGHTED ROAD",SIDESWIPE SAME DIRECTION,DIVIDED - W/MEDIAN BARRIER,DRY,INJURY AND / OR TOW DUE TO CRASH,UNABLE TO DETERMINE,2,11,NO INDICATION OF INJURY,0,0,1,7,41.7492772146,-87.5407233145
04/13/2024 04:25:00 PM,30,CLEAR,DAYLIGHT,SIDESWIPE SAME DIRECTION,DIVIDED - W/MEDIAN (NOT RAISED),DRY,NO INJURY / DRIVE AWAY,IMPROPER LANE USAGE,3,4,NO INDICATION OF INJURY,0,0,16,7,41.9532503197,-87.7474532717
09/15/2025 01:00:00 PM,30,CLEAR,DAYLIGHT,TURNING,FOUR WAY,DRY,NO INJURY / DRIVE AWAY,FAILING TO YIELD RIGHT-OF-WAY,2,9,NO INDICATION OF INJURY,0,0,13,2,41.9169547475,-87.6701628907
05/31/2021 06:30:00 PM,30,CLEAR,DAYLIGHT,ANGLE,FOUR WAY,DRY,NO INJURY / DRIVE AWAY,UNABLE TO DETERMINE,2,5,NO INDICATION OF INJURY,0,0,18,2,41.9223369098,-87.7840652683
07/20/2021 05:15:00 PM,30,CLEAR,DAYLIGHT,SIDESWIPE SAME DIRECTION,DIVIDED - W/MEDIAN BARRIER,DRY,NO INJURY / DRIVE AWAY,IMPROPER OVERTAKING/PASSING,2,7,NO INDICATION OF INJURY,0,0,17,3,41.6631821012,-87.6415652652
11/22/2021 05:20:00 AM,10,CLEAR,"DARKNESS, LIGHTED ROAD",PARKED MOTOR VEHICLE,PARKING LOT,DRY,NO INJURY / DRIVE AWAY,UNABLE TO DETERMINE,2,11,NO INDICATION OF INJURY,0,0,5,2,41.9918656495,-87.7095450826
05/19/2025 03:00:00 PM,30,CLEAR,DAYLIGHT,SIDESWIPE SAME DIRECTION,DIVIDED - W/MEDIAN BARRIER,DRY,NO INJURY / DRIVE AWAY,IMPROPER OVERTAKING/PASSING,2,5,NO INDICATION OF INJURY,0,0,15,2,41.9661305482,-87.7478407164
12/18/2024 04:00:00 PM,30,CLEAR,DAYLIGHT,TURNING,ONE-WAY,DRY,NO INJURY / DRIVE AWAY,UNABLE TO DETERMINE,2,12,NO INDICATION OF INJURY,0,0,16,4,41.955887862,-87.6777081717
01/06/2023 04:35:00 PM,30,CLEAR,DAYLIGHT,PARKED MOTOR VEHICLE,OTHER,WET,NO INJURY / DRIVE AWAY,UNABLE TO DETERMINE,2,1,NO INDICATION OF INJURY,0,0,16,6,41.8589452403,-87.6270803104
01/11/2023 08:30:00 AM,30,CLOUDY/OVERCAST,DAYLIGHT,PARKED MOTOR VEHICLE,NOT DIVIDED,DRY,NO INJURY / DRIVE AWAY,FOLLOWING TOO CLOSELY,2,1,NO INDICATION OF INJURY,0,0,8,4,41.8450069948,-87.6804035753
09/03/2023 02:07:00 AM,20,CLEAR,DUSK,PARKED MOTOR VEHICLE,NOT DIVIDED,DRY,NO INJURY / DRIVE AWAY,UNABLE TO DETERMINE,2,9,NO INDICATION OF INJURY,0,0,2,1,41.8706160576,-87.7363081051
06/24/2022 01:39:00 PM,20,CLEAR,DAYLIGHT,REAR END,ONE-WAY,DRY,INJURY AND / OR TOW DUE TO CRASH,FOLLOWING TOO CLOSELY,2,6,NO INDICATION OF INJURY,0,0,13,6,41.7835513184,-87.632090469
06/07/2022 07:10:00 AM,30,CLEAR,DAYLIGHT,REAR END,NOT DIVIDED,DRY,NO INJURY / DRIVE AWAY,FOLLOWING TOO CLOSELY,2,6,NO INDICATION OF INJURY,0,0,7,3,41.735361344,-87.5850143311
09/25/2022 12:59:00 PM,30,CLEAR,DAYLIGHT,ANGLE,FOUR WAY,DRY,INJURY AND / OR TOW DUE TO CRASH,DISREGARDING TRAFFIC SIGNALS,2,9,NONINCAPACITATING INJURY,5,0,12,1,41.6631821012,-87.6415652652
04/30/2024 03:25:00 PM,30,CLEAR,DAYLIGHT,REAR END,ONE-WAY,DRY,NO INJURY / DRIVE AWAY,UNABLE TO DETERMINE,2,4,NO INDICATION OF INJURY,0,0,15,3,41.7657117786,-87.5666263874
04/04/2022 03:42:00 PM,10,CLOUDY/OVERCAST,DAYLIGHT,PARKED MOTOR VEHICLE,PARKING LOT,DRY,NO INJURY / DRIVE AWAY,UNABLE TO DETERMINE,2,4,NO INDICATION OF INJURY,0,0,15,2,41.8919471733,-87.622522306
03/21/2024 05:50:00 PM,30,CLEAR,DAYLIGHT,REAR END,ONE-WAY,DRY,NO INJURY / DRIVE AWAY,FAILING TO REDUCE SPEED TO AVOID CRASH,2,3,NO INDICATION OF INJURY,0,0,17,5,41.9000228287,-87.6297892252
05/01/2026 08:58:00 AM,30,CLEAR,DAYLIGHT,TURNING,DIVIDED - W/MEDIAN BARRIER,DRY,INJURY AND / OR TOW DUE TO CRASH,FAILING TO YIELD RIGHT-OF-WAY,2,5,NONINCAPACITATING INJURY,4,0,8,6,41.6594304556,-87.5987716953
09/09/2021 01:14:00 AM,30,CLEAR,"DARKNESS, LIGHTED ROAD",REAR END,NOT DIVIDED,DRY,NO INJURY / DRIVE AWAY,UNABLE TO DETERMINE,2,9,NO INDICATION OF INJURY,0,0,1,5,41.844841146,-87.6660212672
07/30/2022 01:43:00 PM,30,CLEAR,DAYLIGHT,PEDESTRIAN,FOUR WAY,DRY,INJURY AND / OR TOW DUE TO CRASH,FAILING TO YIELD RIGHT-OF-WAY,2,7,INCAPACITATING INJURY,1,0,13,7,41.8091430179,-87.6262291323
02/13/2024 07:00:00 AM,30,CLEAR,DAYLIGHT,REAR END,NOT DIVIDED,UNKNOWN,NO INJURY / DRIVE AWAY,FAILING TO YIELD RIGHT-OF-WAY,2,2,NO INDICATION OF INJURY,0,0,7,3,41.9828032173,-87.7755487528
11/26/2022 03:20:00 PM,30,CLEAR,DAYLIGHT,SIDESWIPE OPPOSITE DIRECTION,Y-INTERSECTION,DRY,NO INJURY / DRIVE AWAY,IMPROPER LANE USAGE,2,11,NO INDICATION OF INJURY,0,0,15,7,41.9304965319,-87.7095113245
08/14/2023 06:19:00 PM,30,RAIN,DAWN,PEDALCYCLIST,NOT DIVIDED,WET,INJURY AND / OR TOW DUE TO CRASH,IMPROPER OVERTAKING/PASSING,2,8,INCAPACITATING INJURY,1,0,18,2,41.8938695004,-87.6349680771
10/16/2022 01:00:00 PM,30,CLEAR,DAYLIGHT,REAR END,NOT DIVIDED,DRY,NO INJURY / DRIVE AWAY,UNABLE TO DETERMINE,2,10,NO INDICATION OF INJURY,0,0,13,1,41.932394164,-87.6781730309
02/02/2024 10:00:00 PM,15,CLEAR,"DARKNESS, LIGHTED ROAD",OTHER NONCOLLISION,UNKNOWN,DRY,NO INJURY / DRIVE AWAY,UNABLE TO DETERMINE,1,2,NO INDICATION OF INJURY,0,0,22,6,41.9032416531,-87.6433521393
06/08/2023 09:40:00 AM,30,CLEAR,DAYLIGHT,PARKED MOTOR VEHICLE,NOT DIVIDED,DRY,INJURY AND / OR TOW DUE TO CRASH,UNABLE TO DETERMINE,2,6,NO INDICATION OF INJURY,0,0,9,5,41.6779860017,-87.6362008551
02/23/2024 09:50:00 AM,35,CLEAR,DAYLIGHT,SIDESWIPE SAME DIRECTION,UNKNOWN,DRY,NO INJURY / DRIVE AWAY,UNABLE TO DETERMINE,2,2,NO INDICATION OF INJURY,0,0,9,6,41.7922914853,-87.6670320857
08/19/2024 08:00:00 AM,25,CLEAR,DAYLIGHT,PARKED MOTOR VEHICLE,ONE-WAY,DRY,NO INJURY / DRIVE AWAY,UNABLE TO DETERMINE,2,8,NO INDICATION OF INJURY,0,0,8,2,41.7268322431,-87.5995976306
09/03/2023 12:01:00 AM,20,CLEAR,"DARKNESS, LIGHTED ROAD",PARKED MOTOR VEHICLE,NOT DIVIDED,DRY,NO INJURY / DRIVE AWAY,UNABLE TO DETERMINE,2,9,NO INDICATION OF INJURY,0,0,0,1,41.9726545089,-87.7517700203
12/13/2025 05:42:00 PM,30,CLEAR,DARKNESS,PEDESTRIAN,FOUR WAY,DRY,INJURY AND / OR TOW DUE TO CRASH,FAILING TO YIELD RIGHT-OF-WAY,2,12,INCAPACITATING INJURY,1,0,17,7,41.9720020991,-87.7084293967
10/05/2024 09:20:00 AM,30,CLEAR,DAYLIGHT,REAR TO SIDE,PARKING LOT,DRY,NO INJURY / DRIVE AWAY,UNABLE TO DETERMINE,2,10,NO INDICATION OF INJURY,0,0,9,7,41.7363800456,-87.627509219
06/13/2021 06:00:00 AM,30,CLEAR,DAYLIGHT,ANGLE,FOUR WAY,DRY,INJURY AND / OR TOW DUE TO CRASH,UNABLE TO DETERMINE,2,6,NONINCAPACITATING INJURY,2,0,6,1,41.876709998,-87.6519276804
02/18/2026 07:42:00 PM,20,CLEAR,DARKNESS,PARKED MOTOR VEHICLE,NOT DIVIDED,DRY,NO INJURY / DRIVE AWAY,DRIVING SKILLS/KNOWLEDGE/EXPERIENCE,3,2,NO INDICATION OF INJURY,0,0,19,4,41.7771003163,-87.6691804598
02/17/2021 11:35:00 PM,30,UNKNOWN,"DARKNESS, LIGHTED ROAD",PARKED MOTOR VEHICLE,DIVIDED - W/MEDIAN (NOT RAISED),UNKNOWN,NO INJURY / DRIVE AWAY,IMPROPER OVERTAKING/PASSING,2,2,NO INDICATION OF INJURY,0,0,23,4,41.9331627908,-87.8064311242
04/09/2024 08:02:00 AM,30,CLEAR,DAYLIGHT,SIDESWIPE SAME DIRECTION,CENTER TURN LANE,DRY,NO INJURY / DRIVE AWAY,DRIVING SKILLS/KNOWLEDGE/EXPERIENCE,2,4,NO INDICATION OF INJURY,0,0,8,3,41.8852431698,-87.6205148548
06/23/2021 08:30:00 PM,30,CLEAR,"DARKNESS, LIGHTED ROAD",ANGLE,FOUR WAY,DRY,INJURY AND / OR TOW DUE TO CRASH,DISREGARDING STOP SIGN,2,6,NO INDICATION OF INJURY,0,0,20,4,41.864251194,-87.7252627897
04/13/2025 03:18:00 PM,30,CLEAR,DAYLIGHT,REAR END,DIVIDED - W/MEDIAN (NOT RAISED),DRY,NO INJURY / DRIVE AWAY,FOLLOWING TOO CLOSELY,2,4,NO INDICATION OF INJURY,0,0,15,1,41.7586768089,-87.6843133814
01/12/2021 08:59:00 PM,30,CLEAR,"DARKNESS, LIGHTED ROAD",ANGLE,FOUR WAY,DRY,NO INJURY / DRIVE AWAY,DISREGARDING STOP SIGN,3,1,NO INDICATION OF INJURY,0,0,20,3,41.7642839116,-87.5764066694
05/29/2023 10:15:00 AM,30,CLEAR,DAYLIGHT,ANGLE,OTHER,DRY,INJURY AND / OR TOW DUE TO CRASH,"OPERATING VEHICLE IN ERRATIC, RECKLESS, CARELESS, NEGLIGENT OR AGGRESSIVE MANNER",2,5,NONINCAPACITATING INJURY,1,0,10,2,41.8697369512,-87.7450226977
03/14/2026 11:32:00 PM,10,CLEAR,"DARKNESS, LIGHTED ROAD",REAR END,PARKING LOT,UNKNOWN,NO INJURY / DRIVE AWAY,UNABLE TO DETERMINE,2,3,NO INDICATION OF INJURY,0,0,23,7,41.8789440042,-87.6862268272
10/14/2021 04:20:00 PM,30,CLEAR,DAYLIGHT,FIXED OBJECT,OTHER,DRY,NO INJURY / DRIVE AWAY,UNABLE TO DETERMINE,1,10,NO INDICATION OF INJURY,0,0,16,5,41.9536466519,-87.7184849051
08/29/2023 11:45:00 AM,35,CLEAR,DAYLIGHT,PARKED MOTOR VEHICLE,NOT DIVIDED,DRY,NO INJURY / DRIVE AWAY,IMPROPER BACKING,2,8,NO INDICATION OF INJURY,0,0,11,3,41.8162827725,-87.6007703242
02/02/2022 09:00:00 AM,30,SNOW,DAYLIGHT,REAR END,DIVIDED - W/MEDIAN (NOT RAISED),SNOW OR SLUSH,NO INJURY / DRIVE AWAY,UNABLE TO DETERMINE,2,2,NO INDICATION OF INJURY,0,0,9,4,41.9101071509,-87.6970820702
11/17/2024 10:30:00 AM,30,CLOUDY/OVERCAST,DAYLIGHT,TURNING,DIVIDED - W/MEDIAN (NOT RAISED),DRY,NO INJURY / DRIVE AWAY,IMPROPER TURNING/NO SIGNAL,2,11,NO INDICATION OF INJURY,0,0,10,1,41.9456601744,-87.7766224177
02/21/2022 09:29:00 AM,30,FOG/SMOKE/HAZE,DAYLIGHT,ANGLE,NOT DIVIDED,WET,NO INJURY / DRIVE AWAY,UNABLE TO DETERMINE,2,2,NO INDICATION OF INJURY,0,0,9,2,41.7680915046,-87.5762895248
04/12/2023 12:55:00 PM,35,CLEAR,DAYLIGHT,SIDESWIPE SAME DIRECTION,NOT DIVIDED,DRY,INJURY AND / OR TOW DUE TO CRASH,DISREGARDING YIELD SIGN,2,4,NO INDICATION OF INJURY,0,0,12,4,41.8890951778,-87.6315694241
08/14/2023 04:18:00 PM,30,RAIN,DAWN,TURNING,NOT DIVIDED,WET,NO INJURY / DRIVE AWAY,FAILING TO YIELD RIGHT-OF-WAY,2,8,NO INDICATION OF INJURY,0,0,16,2,41.8993434371,-87.7024967196
01/24/2023 04:13:00 PM,15,CLEAR,DAYLIGHT,PARKED MOTOR VEHICLE,ONE-WAY,DRY,NO INJURY / DRIVE AWAY,"OPERATING VEHICLE IN ERRATIC, RECKLESS, CARELESS, NEGLIGENT OR AGGRESSIVE MANNER",3,1,NO INDICATION OF INJURY,0,0,16,3,42.0050747897,-87.6695169676
01/13/2025 11:38:00 AM,30,CLEAR,DAYLIGHT,SIDESWIPE SAME DIRECTION,DIVIDED - W/MEDIAN (NOT RAISED),DRY,NO INJURY / DRIVE AWAY,FAILING TO YIELD RIGHT-OF-WAY,2,1,NO INDICATION OF INJURY,0,0,11,2,41.7828905426,-87.8009926655
04/24/2024 03:30:00 PM,30,CLEAR,DAYLIGHT,SIDESWIPE SAME DIRECTION,DIVIDED - W/MEDIAN (NOT RAISED),DRY,NO INJURY / DRIVE AWAY,IMPROPER OVERTAKING/PASSING,2,4,NO INDICATION OF INJURY,0,0,15,4,41.7799026134,-87.6302938056
03/10/2021 03:00:00 PM,30,CLEAR,DAYLIGHT,HEAD ON,DIVIDED - W/MEDIAN (NOT RAISED),DRY,NO INJURY / DRIVE AWAY,"OPERATING VEHICLE IN ERRATIC, RECKLESS, CARELESS, NEGLIGENT OR AGGRESSIVE MANNER",2,3,NO INDICATION OF INJURY,0,0,15,4,41.7784851446,-87.6157310198
02/18/2025 12:25:00 PM,30,CLEAR,DAYLIGHT,REAR END,DIVIDED - W/MEDIAN (NOT RAISED),DRY,NO INJURY / DRIVE AWAY,FAILING TO REDUCE SPEED TO AVOID CRASH,2,2,NO INDICATION OF INJURY,0,0,12,3,41.8080906667,-87.7149354835
12/21/2022 06:59:00 PM,30,CLOUDY/OVERCAST,"DARKNESS, LIGHTED ROAD",TURNING,FOUR WAY,DRY,INJURY AND / OR TOW DUE TO CRASH,FAILING TO YIELD RIGHT-OF-WAY,2,12,NO INDICATION OF INJURY,0,0,18,4,41.9240211796,-87.8056244063
10/15/2024 03:30:00 PM,30,UNKNOWN,UNKNOWN,HEAD ON,NOT DIVIDED,UNKNOWN,NO INJURY / DRIVE AWAY,FAILING TO YIELD RIGHT-OF-WAY,2,10,NO INDICATION OF INJURY,0,0,15,3,41.811726668,-87.6991508281
09/06/2022 07:00:00 AM,35,CLOUDY/OVERCAST,DAYLIGHT,SIDESWIPE SAME DIRECTION,NOT DIVIDED,DRY,INJURY AND / OR TOW DUE TO CRASH,IMPROPER OVERTAKING/PASSING,2,9,NO INDICATION OF INJURY,0,0,7,3,41.7598295533,-87.6832659347
01/21/2026 04:10:00 PM,30,CLEAR,DAYLIGHT,SIDESWIPE SAME DIRECTION,DIVIDED - W/MEDIAN (NOT RAISED),DRY,INJURY AND / OR TOW DUE TO CRASH,DRIVING SKILLS/KNOWLEDGE/EXPERIENCE,3,1,NO INDICATION OF INJURY,0,0,16,4,41.9846698015,-87.6896263317
09/15/2025 04:28:00 PM,30,CLEAR,DAYLIGHT,TURNING,FOUR WAY,DRY,NO INJURY / DRIVE AWAY,DISREGARDING TRAFFIC SIGNALS,2,9,NO INDICATION OF INJURY,0,0,16,2,41.8760647764,-87.686415631
07/17/2021 12:04:00 AM,20,CLEAR,"DARKNESS, LIGHTED ROAD",PARKED MOTOR VEHICLE,DIVIDED - W/MEDIAN (NOT RAISED),DRY,NO INJURY / DRIVE AWAY,DRIVING SKILLS/KNOWLEDGE/EXPERIENCE,2,7,NO INDICATION OF INJURY,0,0,0,7,41.9974557646,-87.6993600989
12/27/2022 12:17:00 PM,30,CLEAR,DAYLIGHT,ANGLE,FOUR WAY,DRY,INJURY AND / OR TOW DUE TO CRASH,UNABLE TO DETERMINE,2,12,NO INDICATION OF INJURY,0,0,12,3,41.7872017678,-87.6301695062
11/21/2025 10:01:00 PM,30,CLEAR,"DARKNESS, LIGHTED ROAD",REAR END,NOT DIVIDED,DRY,NO INJURY / DRIVE AWAY,FOLLOWING TOO CLOSELY,2,11,NO INDICATION OF INJURY,0,0,22,6,41.8783170107,-87.6170521254
07/06/2025 09:58:00 AM,30,CLEAR,DAYLIGHT,ANGLE,FOUR WAY,DRY,NO INJURY / DRIVE AWAY,DISREGARDING STOP SIGN,2,7,NO INDICATION OF INJURY,0,0,9,1,41.8956682156,-87.6894531465
04/15/2022 01:25:00 PM,30,CLEAR,DAYLIGHT,TURNING,NOT DIVIDED,DRY,NO INJURY / DRIVE AWAY,UNABLE TO DETERMINE,2,4,NO INDICATION OF INJURY,0,0,13,6,41.7503420616,-87.6730023909
08/18/2025 12:08:00 AM,30,CLEAR,"DARKNESS, LIGHTED ROAD",PARKED MOTOR VEHICLE,ONE-WAY,DRY,INJURY AND / OR TOW DUE TO CRASH,EQUIPMENT - VEHICLE CONDITION,3,8,NO INDICATION OF INJURY,0,0,0,2,41.9042050531,-87.678698087
04/07/2025 09:49:00 AM,30,CLEAR,DAYLIGHT,ANGLE,FOUR WAY,DRY,NO INJURY / DRIVE AWAY,DISREGARDING STOP SIGN,2,4,NO INDICATION OF INJURY,0,0,9,2,41.8911132675,-87.6445943192
07/08/2022 02:37:00 PM,30,CLEAR,DAYLIGHT,PEDALCYCLIST,NOT DIVIDED,DRY,INJURY AND / OR TOW DUE TO CRASH,UNABLE TO DETERMINE,2,7,NONINCAPACITATING INJURY,1,0,14,6,41.9174966079,-87.6887196084
04/13/2026 08:05:00 AM,30,CLEAR,DAYLIGHT,TURNING,FOUR WAY,WET,NO INJURY / DRIVE AWAY,FAILING TO YIELD RIGHT-OF-WAY,2,4,NO INDICATION OF INJURY,0,0,8,2,41.9530219992,-87.7818080184
07/20/2021 08:00:00 AM,30,CLEAR,DAYLIGHT,ANGLE,DIVIDED - W/MEDIAN (NOT RAISED),DRY,NO INJURY / DRIVE AWAY,IMPROPER OVERTAKING/PASSING,2,7,NO INDICATION OF INJURY,0,0,8,3,41.7966060745,-87.7430040257
09/05/2023 06:20:00 PM,30,CLEAR,DUSK,SIDESWIPE SAME DIRECTION,NOT DIVIDED,UNKNOWN,NO INJURY / DRIVE AWAY,UNABLE TO DETERMINE,2,9,NO INDICATION OF INJURY,0,0,18,3,41.9448849913,-87.8278936405
04/07/2022 07:00:00 PM,20,UNKNOWN,UNKNOWN,PARKED MOTOR VEHICLE,NOT DIVIDED,UNKNOWN,NO INJURY / DRIVE AWAY,UNABLE TO DETERMINE,2,4,NO INDICATION OF INJURY,0,0,19,5,41.9568649179,-87.6886706907
06/30/2024 09:10:00 AM,30,CLEAR,DAYLIGHT,SIDESWIPE SAME DIRECTION,DIVIDED - W/MEDIAN (NOT RAISED),DRY,INJURY AND / OR TOW DUE TO CRASH,FAILING TO YIELD RIGHT-OF-WAY,2,6,NONINCAPACITATING INJURY,1,0,9,1,41.9454941982,-87.7864936282
06/13/2021 04:30:00 PM,25,CLEAR,DAYLIGHT,ANIMAL,ONE-WAY,DRY,NO INJURY / DRIVE AWAY,UNABLE TO DETERMINE,1,6,NO INDICATION OF INJURY,0,0,16,1,41.687897733,-87.6069594965
06/08/2023 08:05:00 AM,30,CLEAR,DAYLIGHT,ANGLE,DIVIDED - W/MEDIAN (NOT RAISED),UNKNOWN,NO INJURY / DRIVE AWAY,UNABLE TO DETERMINE,2,6,NO INDICATION OF INJURY,0,0,8,5,41.9089394987,-87.7754448558
02/16/2023 10:30:00 PM,45,SNOW,"DARKNESS, LIGHTED ROAD",FIXED OBJECT,DIVIDED - W/MEDIAN BARRIER,SNOW OR SLUSH,INJURY AND / OR TOW DUE TO CRASH,WEATHER,1,2,NO INDICATION OF INJURY,0,0,22,5,41.842074737,-87.6103016193
07/15/2024 11:10:00 AM,30,CLEAR,DAYLIGHT,REAR END,FOUR WAY,DRY,NO INJURY / DRIVE AWAY,UNABLE TO DETERMINE,2,7,NO INDICATION OF INJURY,0,0,11,2,41.7295181284,-87.5856364085
11/21/2024 07:10:00 AM,15,CLEAR,DAYLIGHT,ANGLE,T-INTERSECTION,DRY,INJURY AND / OR TOW DUE TO CRASH,UNABLE TO DETERMINE,2,11,"REPORTED, NOT EVIDENT",1,0,7,5,41.7922632474,-87.6694551895
12/23/2021 08:10:00 AM,30,CLEAR,DAYLIGHT,SIDESWIPE SAME DIRECTION,FOUR WAY,DRY,NO INJURY / DRIVE AWAY,FOLLOWING TOO CLOSELY,2,12,NO INDICATION OF INJURY,0,0,8,5,41.9322057027,-87.6972690835
06/30/2023 02:08:00 PM,30,CLEAR,DAYLIGHT,REAR END,DIVIDED - W/MEDIAN (NOT RAISED),DRY,NO INJURY / DRIVE AWAY,FOLLOWING TOO CLOSELY,2,6,NO INDICATION OF INJURY,0,0,14,6,41.7367587139,-87.6048594111
05/18/2021 10:30:00 PM,30,RAIN,"DARKNESS, LIGHTED ROAD",PARKED MOTOR VEHICLE,NOT DIVIDED,WET,INJURY AND / OR TOW DUE TO CRASH,UNABLE TO DETERMINE,2,5,NO INDICATION OF INJURY,0,0,22,3,41.8727628966,-87.7353545159
01/28/2023 03:45:00 AM,30,CLEAR,"DARKNESS, LIGHTED ROAD",REAR END,DIVIDED - W/MEDIAN (NOT RAISED),DRY,NO INJURY / DRIVE AWAY,UNABLE TO DETERMINE,2,1,NO INDICATION OF INJURY,0,0,3,7,41.8077940306,-87.7234369863
06/29/2022 02:00:00 PM,30,CLEAR,DAYLIGHT,PEDALCYCLIST,NOT DIVIDED,DRY,INJURY AND / OR TOW DUE TO CRASH,FAILING TO YIELD RIGHT-OF-WAY,2,6,INCAPACITATING INJURY,1,0,14,4,41.9274245487,-87.6517403393
07/10/2023 09:00:00 PM,20,CLEAR,"DARKNESS, LIGHTED ROAD",TURNING,FOUR WAY,DRY,NO INJURY / DRIVE AWAY,IMPROPER TURNING/NO SIGNAL,2,7,NO INDICATION OF INJURY,0,0,21,2,41.7612974384,-87.6590167106
03/26/2022 06:41:00 PM,30,CLEAR,DAYLIGHT,FIXED OBJECT,PARKING LOT,DRY,INJURY AND / OR TOW DUE TO CRASH,UNABLE TO DETERMINE,1,3,NO INDICATION OF INJURY,0,0,18,7,41.7546601244,-87.7413847586
03/06/2022 05:12:00 AM,30,CLEAR,"DARKNESS, LIGHTED ROAD",PARKED MOTOR VEHICLE,NOT DIVIDED,DRY,INJURY AND / OR TOW DUE TO CRASH,PHYSICAL CONDITION OF DRIVER,2,3,NO INDICATION OF INJURY,0,0,5,1,41.9195606013,-87.7120923026
06/04/2023 11:30:00 AM,30,CLEAR,DAYLIGHT,PARKED MOTOR VEHICLE,NOT DIVIDED,DRY,NO INJURY / DRIVE AWAY,NOT APPLICABLE,2,6,NO INDICATION OF INJURY,0,0,11,1,41.956472934,-87.6560421621
05/24/2024 02:15:00 AM,30,CLEAR,"DARKNESS, LIGHTED ROAD",SIDESWIPE SAME DIRECTION,DIVIDED - W/MEDIAN BARRIER,DRY,NO INJURY / DRIVE AWAY,IMPROPER OVERTAKING/PASSING,2,5,NO INDICATION OF INJURY,0,0,2,6,41.8878690642,-87.7551926358
10/26/2024 12:10:00 PM,20,CLEAR,DAYLIGHT,PARKED MOTOR VEHICLE,PARKING LOT,DRY,NO INJURY / DRIVE AWAY,UNABLE TO DETERMINE,2,10,NO INDICATION OF INJURY,0,0,12,7,41.946538983,-87.7020848861
08/28/2024 03:55:00 PM,30,UNKNOWN,DAYLIGHT,TURNING,DIVIDED - W/MEDIAN (NOT RAISED),UNKNOWN,NO INJURY / DRIVE AWAY,FOLLOWING TOO CLOSELY,2,8,NO INDICATION OF INJURY,0,0,15,4,41.8949900001,-87.7594852965
11/19/2021 01:50:00 PM,30,CLEAR,DAYLIGHT,TURNING,FOUR WAY,DRY,NO INJURY / DRIVE AWAY,DISREGARDING STOP SIGN,2,11,NO INDICATION OF INJURY,0,0,13,6,41.7434072895,-87.585241889
06/02/2025 10:08:00 PM,35,CLEAR,"DARKNESS, LIGHTED ROAD",PARKED MOTOR VEHICLE,ONE-WAY,DRY,INJURY AND / OR TOW DUE TO CRASH,DISTRACTION - FROM INSIDE VEHICLE,3,6,NO INDICATION OF INJURY,0,0,22,2,41.9077466214,-87.630141443
08/06/2021 03:40:00 AM,30,CLEAR,"DARKNESS, LIGHTED ROAD",FIXED OBJECT,CENTER TURN LANE,UNKNOWN,INJURY AND / OR TOW DUE TO CRASH,PHYSICAL CONDITION OF DRIVER,1,8,NO INDICATION OF INJURY,0,0,3,6,41.9191395145,-87.6684026168