CRASH_DATE,POSTED_SPEED_LIMIT,WEATHER_CONDITION,LIGHTING_CONDITION,FIRST_CRASH_TYPE,TRAFFICWAY_TYPE,ROADWAY_SURFACE_COND,CRASH_TYPE,PRIM_CONTRIBUTORY_CAUSE,NUM_UNITS,CRASH_MONTH,MOST_SEVERE_INJURY,INJURIES_TOTAL,INJURIES_FATAL,CRASH_HOUR,CRASH_DAY_OF_WEEK,LATITUDE,LONGITUDE
06/05/2024 11:05:00 AM,30,CLEAR,DAYLIGHT,REAR END,NOT DIVIDED,DRY,NO INJURY / DRIVE AWAY,FOLLOWING TOO CLOSELY,2,6,NO INDICATION OF INJURY,0,0,11,4,41.9545969221,-87.6546272474
03/11/2025 03:00:00 PM,25,CLEAR,DAYLIGHT,ANGLE,FOUR WAY,DRY,NO INJURY / DRIVE AWAY,FAILING TO YIELD RIGHT-OF-WAY,2,3,NO INDICATION OF INJURY,0,0,15,3,41.7441923642,-87.5830575596
09/27/2021 02:40:00 PM,30,CLEAR,DAYLIGHT,REAR END,NOT DIVIDED,UNKNOWN,NO INJURY / DRIVE AWAY,UNABLE TO DETERMINE,2,9,NO INDICATION OF INJURY,0,0,14,2,41.998334209,-87.6995225143
01/02/2021 01:16:00 PM,30,RAIN,DAYLIGHT,TURNING,DIVIDED - W/MEDIAN (NOT RAISED),WET,NO INJURY / DRIVE AWAY,WEATHER,2,1,NO INDICATION OF INJURY,0,0,13,7,41.8793284157,-87.7551745472
03/09/2025 03:39:00 PM,15,CLEAR,DAYLIGHT,PARKED MOTOR VEHICLE,PARKING LOT,DRY,NO INJURY / DRIVE AWAY,UNABLE TO DETERMINE,2,3,NO INDICATION OF INJURY,0,0,15,1,41.9266957847,-87.6343064499
05/08/2024 09:45:00 AM,15,CLEAR,DAYLIGHT,PARKED MOTOR VEHICLE,ALLEY,DRY,NO INJURY / DRIVE AWAY,UNABLE TO DETERMINE,2,5,NO INDICATION OF INJURY,0,0,9,4,41.8986841794,-87.770539749
12/24/2025 11:48:00 AM,30,CLEAR,DAYLIGHT,REAR END,NOT DIVIDED,DRY,NO INJURY / DRIVE AWAY,FOLLOWING TOO CLOSELY,2,12,NO INDICATION OF INJURY,0,0,11,4,41.6921091564,-87.6813114352
09/22/2024 02:08:00 PM,30,CLEAR,DAYLIGHT,REAR END,NOT DIVIDED,WET,NO INJURY / DRIVE AWAY,UNABLE TO DETERMINE,2,9,NO INDICATION OF INJURY,0,0,14,1,41.8806148421,-87.7257888312
08/06/2021 11:00:00 AM,30,CLEAR,DAYLIGHT,SIDESWIPE SAME DIRECTION,NOT DIVIDED,DRY,NO INJURY / DRIVE AWAY,IMPROPER OVERTAKING/PASSING,2,8,NO INDICATION OF INJURY,0,0,11,6,41.7798770036,-87.6301666694
10/17/2025 10:45:00 AM,30,CLEAR,DAYLIGHT,REAR END,DIVIDED - W/MEDIAN (NOT RAISED),DRY,NO INJURY / DRIVE AWAY,FOLLOWING TOO CLOSELY,2,10,NO INDICATION OF INJURY,0,0,10,6,41.980852002,-87.8071220071
02/11/2024 11:00:00 AM,30,CLEAR,DAYLIGHT,PARKED MOTOR VEHICLE,NOT DIVIDED,DRY,NO INJURY / DRIVE AWAY,UNABLE TO DETERMINE,2,2,NO INDICATION OF INJURY,0,0,11,1,41.7942491439,-87.7257891678
09/03/2023 10:45:00 PM,30,UNKNOWN,UNKNOWN,SIDESWIPE SAME DIRECTION,NOT DIVIDED,UNKNOWN,NO INJURY / DRIVE AWAY,IMPROPER OVERTAKING/PASSING,2,9,NO INDICATION OF INJURY,0,0,22,1,41.8728728625,-87.764736532
11/02/2025 09:00:00 PM,30,CLEAR,DAYLIGHT,OTHER OBJECT,ONE-WAY,DRY,NO INJURY / DRIVE AWAY,UNABLE TO DETERMINE,2,11,NO INDICATION OF INJURY,0,0,21,1,41.9186997317,-87.696133997
03/05/2023 10:46:00 AM,30,CLEAR,DAYLIGHT,PARKED MOTOR VEHICLE,NOT DIVIDED,DRY,NO INJURY / DRIVE AWAY,UNABLE TO DETERMINE,2,3,NO INDICATION OF INJURY,0,0,10,1,41.9470546137,-87.658067097
11/17/2022 03:50:00 PM,25,UNKNOWN,UNKNOWN,SIDESWIPE SAME DIRECTION,NOT DIVIDED,UNKNOWN,NO INJURY / DRIVE AWAY,UNABLE TO DETERMINE,2,11,NO INDICATION OF INJURY,0,0,15,5,41.907584841,-87.6465961372
11/05/2022 08:35:00 AM,30,RAIN,DAYLIGHT,TURNING,T-INTERSECTION,WET,INJURY AND / OR TOW DUE TO CRASH,"VISION OBSCURED (SIGNS, TREE LIMBS, BUILDINGS, ETC.)",2,11,NO INDICATION OF INJURY,0,0,8,7,41.8581852421,-87.647576122
02/06/2025 09:00:00 AM,30,CLEAR,DAYLIGHT,REAR END,NOT DIVIDED,ICE,NO INJURY / DRIVE AWAY,WEATHER,2,2,NO INDICATION OF INJURY,0,0,9,5,41.6889909753,-87.6133255852
12/14/2021 12:28:00 AM,30,CLEAR,"DARKNESS, LIGHTED ROAD",REAR END,NOT DIVIDED,DRY,INJURY AND / OR TOW DUE TO CRASH,FOLLOWING TOO CLOSELY,2,12,"REPORTED, NOT EVIDENT",1,0,0,3,41.8671321213,-87.6406446754
11/08/2025 09:20:00 PM,30,RAIN,"DARKNESS, LIGHTED ROAD",REAR END,NOT DIVIDED,WET,NO INJURY / DRIVE AWAY,UNABLE TO DETERMINE,2,11,NO INDICATION OF INJURY,0,0,21,7,41.9323573331,-87.6643749603
12/17/2021 07:40:00 AM,30,CLEAR,DAYLIGHT,REAR END,NOT DIVIDED,UNKNOWN,NO INJURY / DRIVE AWAY,FOLLOWING TOO CLOSELY,2,12,NO INDICATION OF INJURY,0,0,7,6,41.909040116,-87.8026219616
11/27/2023 08:40:00 AM,10,CLEAR,DAYLIGHT,PARKED MOTOR VEHICLE,PARKING LOT,DRY,NO INJURY / DRIVE AWAY,UNABLE TO DETERMINE,2,11,NO INDICATION OF INJURY,0,0,8,2,41.7214884683,-87.6819363105
08/28/2023 01:59:00 PM,35,CLEAR,DAYLIGHT,PARKED MOTOR VEHICLE,OTHER,DRY,INJURY AND / OR TOW DUE TO CRASH,UNABLE TO DETERMINE,2,8,NO INDICATION OF INJURY,0,0,13,2,41.7873294662,-87.6221295605
04/25/2026 04:20:00 PM,30,CLEAR,DAYLIGHT,REAR END,DIVIDED - W/MEDIAN (NOT RAISED),DRY,NO INJURY / DRIVE AWAY,UNABLE TO DETERMINE,2,4,NO INDICATION OF INJURY,0,0,16,7,41.9034073742,-87.6704656135
04/18/2024 08:15:00 AM,35,CLEAR,DAYLIGHT,SIDESWIPE SAME DIRECTION,TRAFFIC ROUTE,DRY,NO INJURY / DRIVE AWAY,NOT APPLICABLE,2,4,NO INDICATION OF INJURY,0,0,8,5,41.7532238029,-87.6049347089
02/26/2021 03:00:00 PM,30,CLEAR,DAYLIGHT,REAR END,NOT DIVIDED,DRY,NO INJURY / DRIVE AWAY,IMPROPER BACKING,2,2,NO INDICATION OF INJURY,0,0,15,6,41.7817906068,-87.6238954673
07/08/2021 01:45:00 PM,30,CLEAR,DAYLIGHT,REAR END,FOUR WAY,DRY,NO INJURY / DRIVE AWAY,FOLLOWING TOO CLOSELY,2,7,NO INDICATION OF INJURY,0,0,13,5,41.9042599647,-87.6676647561
08/01/2025 12:00:00 PM,10,CLEAR,DAYLIGHT,PARKED MOTOR VEHICLE,PARKING LOT,UNKNOWN,NO INJURY / DRIVE AWAY,UNABLE TO DETERMINE,2,8,NO INDICATION OF INJURY,0,0,12,6,41.8760804365,-87.696302293
02/17/2021 02:44:00 PM,15,SNOW,DAYLIGHT,PARKED MOTOR VEHICLE,ALLEY,SNOW OR SLUSH,NO INJURY / DRIVE AWAY,ROAD ENGINEERING/SURFACE/MARKING DEFECTS,2,2,NO INDICATION OF INJURY,0,0,14,4,41.9430660364,-87.6817748972
07/07/2025 08:55:00 PM,30,CLEAR,DUSK,REAR END,FOUR WAY,DRY,NO INJURY / DRIVE AWAY,UNABLE TO DETERMINE,2,7,NO INDICATION OF INJURY,0,0,20,2,41.7369631273,-87.5758627085
04/19/2025 03:50:00 PM,30,CLEAR,DAYLIGHT,REAR END,NOT DIVIDED,DRY,INJURY AND / OR TOW DUE TO CRASH,IMPROPER OVERTAKING/PASSING,2,4,"REPORTED, NOT EVIDENT",1,0,15,7,41.9767000351,-87.7538745146
12/29/2022 02:09:00 PM,30,CLEAR,DAYLIGHT,TURNING,DIVIDED - W/MEDIAN BARRIER,DRY,INJURY AND / OR TOW DUE TO CRASH,FAILING TO YIELD RIGHT-OF-WAY,2,12,NO INDICATION OF INJURY,0,0,14,5,41.7679923221,-87.585899131
11/01/2023 01:59:00 PM,30,CLEAR,DAYLIGHT,SIDESWIPE SAME DIRECTION,NOT DIVIDED,DRY,INJURY AND / OR TOW DUE TO CRASH,UNABLE TO DETERMINE,2,11,NO INDICATION OF INJURY,0,0,13,4,41.6906573646,-87.6644713645
07/03/2025 02:54:00 PM,30,CLEAR,DAYLIGHT,REAR END,NOT DIVIDED,DRY,INJURY AND / OR TOW DUE TO CRASH,FOLLOWING TOO CLOSELY,2,7,NONINCAPACITATING INJURY,1,0,14,5,41.7650894399,-87.6590315479
05/09/2024 06:24:00 AM,30,CLEAR,DAYLIGHT,REAR TO FRONT,NOT DIVIDED,DRY,NO INJURY / DRIVE AWAY,UNABLE TO DETERMINE,2,5,NO INDICATION OF INJURY,0,0,6,5,41.7644348308,-87.7064209292
01/23/2021 06:10:00 PM,30,CLEAR,"DARKNESS, LIGHTED ROAD",REAR END,DIVIDED - W/MEDIAN BARRIER,DRY,INJURY AND / OR TOW DUE TO CRASH,FOLLOWING TOO CLOSELY,2,1,NO INDICATION OF INJURY,0,0,18,7,41.8877502986,-87.6244108678
04/14/2024 03:00:00 AM,30,UNKNOWN,"DARKNESS, LIGHTED ROAD",PARKED MOTOR VEHICLE,NOT DIVIDED,WET,INJURY AND / OR TOW DUE TO CRASH,UNABLE TO DETERMINE,4,4,NO INDICATION OF INJURY,0,0,3,1,41.9628918719,-87.6557059303
05/20/2021 01:40:00 PM,30,CLEAR,DAYLIGHT,SIDESWIPE SAME DIRECTION,NOT DIVIDED,DRY,NO INJURY / DRIVE AWAY,UNABLE TO DETERMINE,2,5,NO INDICATION OF INJURY,0,0,13,5,41.8690985092,-87.6852806243
03/16/2024 03:15:00 AM,40,CLEAR,"DARKNESS, LIGHTED ROAD",SIDESWIPE SAME DIRECTION,ONE-WAY,DRY,INJURY AND / OR TOW DUE TO CRASH,UNABLE TO DETERMINE,2,3,NO INDICATION OF INJURY,0,0,3,7,41.8926672756,-87.6143625489
03/02/2022 02:00:00 AM,30,CLEAR,UNKNOWN,PARKED MOTOR VEHICLE,ONE-WAY,DRY,NO INJURY / DRIVE AWAY,UNABLE TO DETERMINE,2,3,NO INDICATION OF INJURY,0,0,2,4,41.8786390649,-87.7698487209
07/24/2022 09:30:00 AM,15,CLEAR,DAYLIGHT,SIDESWIPE SAME DIRECTION,ONE-WAY,WET,NO INJURY / DRIVE AWAY,FAILING TO YIELD RIGHT-OF-WAY,2,7,NO INDICATION OF INJURY,0,0,9,1,41.9153567413,-87.7340434237
04/11/2024 05:30:00 PM,30,CLEAR,DAYLIGHT,PARKED MOTOR VEHICLE,PARKING LOT,UNKNOWN,NO INJURY / DRIVE AWAY,UNABLE TO DETERMINE,2,4,NO INDICATION OF INJURY,0,0,17,5,41.9660114013,-87.8368311691
11/16/2021 04:50:00 PM,30,CLEAR,"DARKNESS, LIGHTED ROAD",SIDESWIPE SAME DIRECTION,DIVIDED - W/MEDIAN BARRIER,DRY,NO INJURY / DRIVE AWAY,UNABLE TO DETERMINE,2,11,NO INDICATION OF INJURY,0,0,16,3,41.8949034326,-87.6241041941
05/07/2022 11:10:00 PM,30,CLEAR,"DARKNESS, LIGHTED ROAD",TURNING,NOT DIVIDED,UNKNOWN,NO INJURY / DRIVE AWAY,IMPROPER TURNING/NO SIGNAL,2,5,NO INDICATION OF INJURY,0,0,23,7,41.7732928959,-87.5864423683
10/25/2024 02:50:00 PM,30,CLEAR,DAYLIGHT,SIDESWIPE SAME DIRECTION,NOT DIVIDED,DRY,NO INJURY / DRIVE AWAY,UNABLE TO DETERMINE,2,10,NO INDICATION OF INJURY,0,0,14,6,41.8301725892,-87.6846031452
02/28/2022 11:25:00 AM,30,CLEAR,DAYLIGHT,PARKED MOTOR VEHICLE,NOT DIVIDED,DRY,INJURY AND / OR TOW DUE TO CRASH,DISTRACTION - FROM OUTSIDE VEHICLE,2,2,NONINCAPACITATING INJURY,1,0,11,2,41.8061703876,-87.5857995725
07/02/2024 05:15:00 PM,30,CLEAR,DAYLIGHT,REAR END,NOT DIVIDED,DRY,NO INJURY / DRIVE AWAY,FOLLOWING TOO CLOSELY,2,7,NO INDICATION OF INJURY,0,0,17,3,41.7365323981,-87.6098180213
07/09/2023 08:20:00 AM,10,CLEAR,DAYLIGHT,REAR END,OTHER,DRY,NO INJURY / DRIVE AWAY,NOT APPLICABLE,2,7,NO INDICATION OF INJURY,0,0,8,1,41.7510204707,-87.6151022455
01/06/2026 06:28:00 PM,30,RAIN,DARKNESS,PARKED MOTOR VEHICLE,NOT DIVIDED,WET,NO INJURY / DRIVE AWAY,UNABLE TO DETERMINE,2,1,NO INDICATION OF INJURY,0,0,18,3,41.7906191315,-87.6559377584
02/28/2026 12:25:00 PM,30,CLEAR,DAYLIGHT,REAR END,NOT DIVIDED,DRY,NO INJURY / DRIVE AWAY,FOLLOWING TOO CLOSELY,2,2,NO INDICATION OF INJURY,0,0,12,7,41.9212989388,-87.7463744267
06/13/2023 04:53:00 PM,30,RAIN,DUSK,TURNING,FOUR WAY,WET,NO INJURY / DRIVE AWAY,IMPROPER TURNING/NO SIGNAL,2,6,NO INDICATION OF INJURY,0,0,16,3,41.7935901159,-87.6647209959
03/15/2024 11:10:00 AM,15,CLEAR,DAYLIGHT,FIXED OBJECT,PARKING LOT,DRY,INJURY AND / OR TOW DUE TO CRASH,DRIVING SKILLS/KNOWLEDGE/EXPERIENCE,1,3,"REPORTED, NOT EVIDENT",1,0,11,6,41.942206868,-87.807044663
12/01/2023 02:00:00 PM,30,CLEAR,DAYLIGHT,PARKED MOTOR VEHICLE,NOT DIVIDED,WET,NO INJURY / DRIVE AWAY,UNABLE TO DETERMINE,2,12,NO INDICATION OF INJURY,0,0,14,6,41.9451838593,-87.8053926888
02/04/2026 03:50:00 PM,30,CLEAR,DAYLIGHT,TURNING,NOT DIVIDED,DRY,NO INJURY / DRIVE AWAY,IMPROPER TURNING/NO SIGNAL,4,2,NO INDICATION OF INJURY,0,0,15,4,41.8190524663,-87.7241127025
04/05/2025 04:15:00 AM,30,RAIN,"DARKNESS, LIGHTED ROAD",TURNING,NOT DIVIDED,WET,NO INJURY / DRIVE AWAY,IMPROPER TURNING/NO SIGNAL,2,4,NO INDICATION OF INJURY,0,0,4,7,41.9153720339,-87.6777147461
03/13/2021 04:20:00 PM,20,CLEAR,DAYLIGHT,PARKED MOTOR VEHICLE,NOT DIVIDED,DRY,INJURY AND / OR TOW DUE TO CRASH,UNABLE TO DETERMINE,2,3,NO INDICATION OF INJURY,0,0,16,7,41.9986087673,-87.8000350633
02/12/2025 07:30:00 PM,30,SNOW,"DARKNESS, LIGHTED ROAD",REAR END,NOT DIVIDED,WET,NO INJURY / DRIVE AWAY,FOLLOWING TOO CLOSELY,2,2,NO INDICATION OF INJURY,0,0,19,4,41.8081726144,-87.70848389
06/24/2024 05:00:00 PM,30,CLEAR,DAYLIGHT,PEDALCYCLIST,NOT DIVIDED,DRY,INJURY AND / OR TOW DUE TO CRASH,UNABLE TO DETERMINE,2,6,NONINCAPACITATING INJURY,1,0,17,2,41.9395149294,-87.6954011139
07/23/2023 01:05:00 AM,30,RAIN,"DARKNESS, LIGHTED ROAD",REAR END,NOT DIVIDED,WET,INJURY AND / OR TOW DUE TO CRASH,FAILING TO REDUCE SPEED TO AVOID CRASH,2,7,NONINCAPACITATING INJURY,1,0,1,1,41.8754287151,-87.6204468174
06/18/2022 06:00:00 AM,30,CLEAR,DAYLIGHT,OTHER NONCOLLISION,ONE-WAY,DRY,NO INJURY / DRIVE AWAY,UNABLE TO DETERMINE,1,6,NO INDICATION OF INJURY,0,0,6,7,41.9261607198,-87.6315146648
06/14/2024 05:20:00 PM,30,CLEAR,DAYLIGHT,REAR END,NOT DIVIDED,DRY,NO INJURY / DRIVE AWAY,FOLLOWING TOO CLOSELY,2,6,NO INDICATION OF INJURY,0,0,17,6,41.9402114722,-87.6405314897
09/27/2023 10:00:00 AM,10,RAIN,DAYLIGHT,ANGLE,PARKING LOT,WET,NO INJURY / DRIVE AWAY,IMPROPER BACKING,2,9,NO INDICATION OF INJURY,0,0,10,4,41.9094801719,-87.7488564309
11/13/2024 06:30:00 PM,30,RAIN,"DARKNESS, LIGHTED ROAD",REAR END,NOT DIVIDED,WET,INJURY AND / OR TOW DUE TO CRASH,PHYSICAL CONDITION OF DRIVER,2,11,NONINCAPACITATING INJURY,2,0,18,4,41.772463807,-87.6382714949
07/17/2023 11:44:00 AM,30,CLEAR,DAYLIGHT,REAR END,DIVIDED - W/MEDIAN (NOT RAISED),DRY,NO INJURY / DRIVE AWAY,FOLLOWING TOO CLOSELY,2,7,NO INDICATION OF INJURY,0,0,11,2,41.8866857055,-87.6478253815
10/29/2021 11:50:00 PM,30,RAIN,"DARKNESS, LIGHTED ROAD",TURNING,ONE-WAY,WET,NO INJURY / DRIVE AWAY,FAILING TO YIELD RIGHT-OF-WAY,2,10,NO INDICATION OF INJURY,0,0,23,6,41.9540280708,-87.715220986
12/22/2024 10:23:00 AM,30,CLEAR,DAYLIGHT,ANGLE,FOUR WAY,DRY,INJURY AND / OR TOW DUE TO CRASH,DISREGARDING TRAFFIC SIGNALS,2,12,NO INDICATION OF INJURY,0,0,10,1,41.8729976413,-87.7546599326
10/28/2022 07:23:00 PM,30,CLEAR,"DARKNESS, LIGHTED ROAD",SIDESWIPE SAME DIRECTION,DIVIDED - W/MEDIAN (NOT RAISED),DRY,NO INJURY / DRIVE AWAY,UNABLE TO DETERMINE,2,10,NO INDICATION OF INJURY,0,0,19,6,41.9747112365,-87.8170667624
01/29/2024 06:20:00 AM,30,UNKNOWN,UNKNOWN,SIDESWIPE SAME DIRECTION,DIVIDED - W/MEDIAN (NOT RAISED),UNKNOWN,NO INJURY / DRIVE AWAY,UNABLE TO DETERMINE,2,1,NO INDICATION OF INJURY,0,0,6,2,41.7363282002,-87.6437746007
03/29/2026 03:24:00 PM,30,CLEAR,DAYLIGHT,TURNING,FOUR WAY,DRY,NO INJURY / DRIVE AWAY,DISREGARDING STOP SIGN,2,3,NO INDICATION OF INJURY,0,0,15,1,41.7563471224,-87.634294856
03/28/2021 08:21:00 PM,25,CLEAR,"DARKNESS, LIGHTED ROAD",ANGLE,NOT DIVIDED,DRY,NO INJURY / DRIVE AWAY,FAILING TO YIELD RIGHT-OF-WAY,2,3,NO INDICATION OF INJURY,0,0,20,1,41.741890475,-87.6148184593
09/30/2025 07:45:00 AM,20,CLEAR,DAYLIGHT,PARKED MOTOR VEHICLE,NOT DIVIDED,DRY,INJURY AND / OR TOW DUE TO CRASH,DRIVING SKILLS/KNOWLEDGE/EXPERIENCE,2,9,NO INDICATION OF INJURY,0,0,7,3,41.7604933663,-87.6795051083
05/22/2025 10:50:00 AM,30,CLEAR,DAYLIGHT,REAR END,NOT DIVIDED,DRY,INJURY AND / OR TOW DUE TO CRASH,UNABLE TO DETERMINE,2,5,NO INDICATION OF INJURY,0,0,10,5,41.7929711763,-87.7370295687
09/27/2024 03:20:00 PM,30,CLEAR,DAYLIGHT,SIDESWIPE SAME DIRECTION,NOT DIVIDED,DRY,NO INJURY / DRIVE AWAY,NOT APPLICABLE,2,9,NO INDICATION OF INJURY,0,0,15,6,41.7929943849,-87.7418060289
03/03/2023 11:30:00 PM,30,CLEAR,"DARKNESS, LIGHTED ROAD",TURNING,NOT DIVIDED,DRY,NO INJURY / DRIVE AWAY,UNABLE TO DETERMINE,2,3,NO INDICATION OF INJURY,0,0,23,6,41.8867793362,-87.6221793902
01/22/2024 03:30:00 AM,30,UNKNOWN,UNKNOWN,PARKED MOTOR VEHICLE,NOT DIVIDED,UNKNOWN,NO INJURY / DRIVE AWAY,UNABLE TO DETERMINE,2,1,NO INDICATION OF INJURY,0,0,3,2,41.9078185939,-87.6483406845
06/24/2024 11:15:00 AM,35,CLEAR,DAYLIGHT,TURNING,ONE-WAY,DRY,NO INJURY / DRIVE AWAY,IMPROPER LANE USAGE,2,6,NO INDICATION OF INJURY,0,0,11,2,41.9128916644,-87.7265739438
12/08/2025 09:40:00 PM,30,CLEAR,"DARKNESS, LIGHTED ROAD",SIDESWIPE SAME DIRECTION,NOT DIVIDED,WET,NO INJURY / DRIVE AWAY,IMPROPER TURNING/NO SIGNAL,2,12,NO INDICATION OF INJURY,0,0,21,2,41.8948959733,-87.7456903499
11/12/2021 05:10:00 PM,25,RAIN,DUSK,TURNING,NOT DIVIDED,WET,INJURY AND / OR TOW DUE TO CRASH,UNABLE TO DETERMINE,2,11,NO INDICATION OF INJURY,0,0,17,6,41.8843514783,-87.6964425612
01/28/2026 07:45:00 AM,30,CLEAR,DAYLIGHT,SIDESWIPE SAME DIRECTION,NOT DIVIDED,DRY,NO INJURY / DRIVE AWAY,IMPROPER LANE USAGE,2,1,NO INDICATION OF INJURY,0,0,7,4,41.9975230829,-87.807740796
05/31/2022 04:35:00 PM,30,CLEAR,DAYLIGHT,ANGLE,FOUR WAY,DRY,INJURY AND / OR TOW DUE TO CRASH,FAILING TO YIELD RIGHT-OF-WAY,2,5,NO INDICATION OF INJURY,0,0,16,3,41.7352559351,-87.5632111218
07/21/2024 06:05:00 PM,30,CLEAR,DAYLIGHT,PARKED MOTOR VEHICLE,ONE-WAY,DRY,NO INJURY / DRIVE AWAY,IMPROPER BACKING,2,7,NO INDICATION OF INJURY,0,0,18,1,41.8918003533,-87.7482972554
09/11/2023 08:10:00 AM,30,RAIN,DAYLIGHT,REAR END,FOUR WAY,WET,INJURY AND / OR TOW DUE TO CRASH,DISTRACTION - FROM INSIDE VEHICLE,2,9,"REPORTED, NOT EVIDENT",1,0,8,2,41.9307730758,-87.7955224536
02/26/2024 02:08:00 PM,30,CLEAR,DAYLIGHT,PEDESTRIAN,NOT DIVIDED,DRY,INJURY AND / OR TOW DUE TO CRASH,UNABLE TO DETERMINE,2,2,INCAPACITATING INJURY,1,0,14,2,41.9329794251,-87.7075997961
12/06/2025 11:25:00 PM,30,SNOW,"DARKNESS, LIGHTED ROAD",ANGLE,NOT DIVIDED,WET,INJURY AND / OR TOW DUE TO CRASH,DISREGARDING STOP SIGN,2,12,NO INDICATION OF INJURY,0,0,23,7,41.7661663725,-87.7029975225
09/16/2024 12:04:00 PM,0,CLEAR,DAYLIGHT,REAR TO SIDE,PARKING LOT,DRY,NO INJURY / DRIVE AWAY,IMPROPER BACKING,2,9,NO INDICATION OF INJURY,0,0,12,2,41.9775565837,-87.8389517297
11/30/2023 05:15:00 PM,30,CLEAR,DARKNESS,SIDESWIPE SAME DIRECTION,DIVIDED - W/MEDIAN (NOT RAISED),UNKNOWN,NO INJURY / DRIVE AWAY,UNABLE TO DETERMINE,2,11,NO INDICATION OF INJURY,0,0,17,5,41.9087714711,-87.7754398536
01/04/2023 07:20:00 AM,30,CLOUDY/OVERCAST,DAWN,ANGLE,T-INTERSECTION,WET,INJURY AND / OR TOW DUE TO CRASH,DISREGARDING TRAFFIC SIGNALS,2,1,NONINCAPACITATING INJURY,3,0,7,4,41.9101814096,-87.7362488704
03/03/2026 10:34:00 AM,30,CLEAR,DAYLIGHT,PARKED MOTOR VEHICLE,NOT DIVIDED,DRY,INJURY AND / OR TOW DUE TO CRASH,"EVASIVE ACTION DUE TO ANIMAL, OBJECT, NONMOTORIST",3,3,,,,10,3,41.8160748795,-87.7041436275
04/03/2025 04:04:00 PM,35,UNKNOWN,DAYLIGHT,TURNING,DIVIDED - W/MEDIAN (NOT RAISED),UNKNOWN,NO INJURY / DRIVE AWAY,IMPROPER TURNING/NO SIGNAL,2,4,NO INDICATION OF INJURY,0,0,16,5,41.8088150393,-87.6456829532
03/30/2025 01:30:00 PM,25,CLEAR,DAYLIGHT,OTHER OBJECT,ALLEY,DRY,NO INJURY / DRIVE AWAY,NOT APPLICABLE,2,3,NO INDICATION OF INJURY,0,0,13,1,41.9295096576,-87.6526773258
12/20/2024 07:10:00 AM,20,SNOW,DAYLIGHT,PARKED MOTOR VEHICLE,ONE-WAY,DRY,INJURY AND / OR TOW DUE TO CRASH,UNABLE TO DETERMINE,2,12,NO INDICATION OF INJURY,0,0,7,6,41.7594734651,-87.5646247811
06/29/2021 12:00:00 AM,30,CLEAR,"DARKNESS, LIGHTED ROAD",PARKED MOTOR VEHICLE,NOT DIVIDED,DRY,NO INJURY / DRIVE AWAY,UNABLE TO DETERMINE,2,6,NO INDICATION OF INJURY,0,0,0,3,41.9099276583,-87.7528058312
01/30/2026 06:40:00 PM,30,SNOW,"DARKNESS, LIGHTED ROAD",TURNING,OTHER,SNOW OR SLUSH,NO INJURY / DRIVE AWAY,WEATHER,2,1,NO INDICATION OF INJURY,0,0,18,6,41.8968584868,-87.7033057526
05/08/2021 08:11:00 PM,30,RAIN,DARKNESS,ANGLE,NOT DIVIDED,DRY,INJURY AND / OR TOW DUE TO CRASH,UNABLE TO DETERMINE,2,5,NO INDICATION OF INJURY,0,0,20,7,41.9189500509,-87.7264668577
07/29/2025 03:45:00 PM,30,CLEAR,DAYLIGHT,REAR TO FRONT,NOT DIVIDED,DRY,NO INJURY / DRIVE AWAY,UNABLE TO DETERMINE,2,7,NO INDICATION OF INJURY,0,0,15,3,41.9533728388,-87.7597610947
01/26/2024 06:00:00 AM,35,CLEAR,"DARKNESS, LIGHTED ROAD",REAR END,NOT DIVIDED,WET,INJURY AND / OR TOW DUE TO CRASH,UNABLE TO DETERMINE,2,1,NO INDICATION OF INJURY,0,0,6,6,41.6951317352,-87.7203401422
07/23/2023 04:59:00 PM,30,CLEAR,DAYLIGHT,PEDESTRIAN,NOT DIVIDED,DRY,INJURY AND / OR TOW DUE TO CRASH,UNABLE TO DETERMINE,2,7,INCAPACITATING INJURY,1,0,16,1,41.807799638,-87.6456513619
12/31/2021 05:28:00 PM,30,CLEAR,"DARKNESS, LIGHTED ROAD",SIDESWIPE SAME DIRECTION,ONE-WAY,DRY,NO INJURY / DRIVE AWAY,IMPROPER LANE USAGE,2,12,NO INDICATION OF INJURY,0,0,17,6,41.894811493,-87.6255222559
01/15/2025 06:40:00 PM,25,CLEAR,"DARKNESS, LIGHTED ROAD",ANGLE,FOUR WAY,DRY,NO INJURY / DRIVE AWAY,DISREGARDING TRAFFIC SIGNALS,2,1,NO INDICATION OF INJURY,0,0,18,4,41.846037569,-87.7247613705
10/02/2022 05:00:00 AM,30,CLEAR,UNKNOWN,PARKED MOTOR VEHICLE,NOT DIVIDED,DRY,NO INJURY / DRIVE AWAY,UNABLE TO DETERMINE,3,10,NO INDICATION OF INJURY,0,0,5,1,42.0226602681,-87.6766472381
05/12/2021 12:30:00 PM,30,CLEAR,DAYLIGHT,HEAD ON,FOUR WAY,DRY,NO INJURY / DRIVE AWAY,UNABLE TO DETERMINE,2,5,NO INDICATION OF INJURY,0,0,12,4,41.8644514475,-87.7251801988