CRASH_DATE,POSTED_SPEED_LIMIT,WEATHER_CONDITION,LIGHTING_CONDITION,FIRST_CRASH_TYPE,TRAFFICWAY_TYPE,ROADWAY_SURFACE_COND,CRASH_TYPE,PRIM_CONTRIBUTORY_CAUSE,NUM_UNITS,CRASH_MONTH,MOST_SEVERE_INJURY,INJURIES_TOTAL,INJURIES_FATAL,CRASH_HOUR,CRASH_DAY_OF_WEEK,LATITUDE,LONGITUDE
04/13/2021 09:13:00 PM,35,CLEAR,"DARKNESS, LIGHTED ROAD",ANGLE,FOUR WAY,DRY,INJURY AND / OR TOW DUE TO CRASH,FAILING TO YIELD RIGHT-OF-WAY,2,4,"REPORTED, NOT EVIDENT",1,0,21,3,41.7563856194,-87.6200565449
06/12/2022 06:17:00 PM,30,CLEAR,DAYLIGHT,SIDESWIPE SAME DIRECTION,ONE-WAY,DRY,NO INJURY / DRIVE AWAY,UNABLE TO DETERMINE,2,6,NO INDICATION OF INJURY,0,0,18,1,41.7644468993,-87.6931737199
05/23/2025 09:30:00 AM,30,UNKNOWN,DAYLIGHT,TURNING,DIVIDED - W/MEDIAN (NOT RAISED),UNKNOWN,NO INJURY / DRIVE AWAY,IMPROPER OVERTAKING/PASSING,2,5,NO INDICATION OF INJURY,0,0,9,6,41.9465294805,-87.688106391
03/17/2021 12:30:00 PM,30,UNKNOWN,DAYLIGHT,TURNING,NOT DIVIDED,UNKNOWN,NO INJURY / DRIVE AWAY,UNABLE TO DETERMINE,2,3,NO INDICATION OF INJURY,0,0,12,4,41.8003414792,-87.6064981445
08/17/2024 05:00:00 PM,30,CLEAR,DAYLIGHT,PEDESTRIAN,OTHER,DRY,INJURY AND / OR TOW DUE TO CRASH,NOT APPLICABLE,2,8,NONINCAPACITATING INJURY,1,0,17,7,41.7993651958,-87.5949001648
10/12/2022 10:50:00 AM,35,UNKNOWN,UNKNOWN,SIDESWIPE SAME DIRECTION,UNKNOWN,UNKNOWN,NO INJURY / DRIVE AWAY,UNABLE TO DETERMINE,2,10,NO INDICATION OF INJURY,0,0,10,4,41.7443693006,-87.5662707113
10/19/2025 01:55:00 AM,30,UNKNOWN,UNKNOWN,PARKED MOTOR VEHICLE,NOT DIVIDED,UNKNOWN,NO INJURY / DRIVE AWAY,NOT APPLICABLE,2,10,NO INDICATION OF INJURY,0,0,1,1,41.9039045352,-87.6288253503
07/02/2023 01:29:00 PM,30,RAIN,DAYLIGHT,PARKED MOTOR VEHICLE,NOT DIVIDED,WET,INJURY AND / OR TOW DUE TO CRASH,UNABLE TO DETERMINE,2,7,NO INDICATION OF INJURY,0,0,13,1,41.912706665,-87.7714278114
06/30/2025 10:28:00 PM,30,CLEAR,DARKNESS,SIDESWIPE SAME DIRECTION,NOT DIVIDED,DRY,NO INJURY / DRIVE AWAY,IMPROPER OVERTAKING/PASSING,2,6,NO INDICATION OF INJURY,0,0,22,2,41.8930809814,-87.6339460742
01/11/2023 01:11:00 AM,30,CLEAR,"DARKNESS, LIGHTED ROAD",FIXED OBJECT,NOT DIVIDED,DRY,INJURY AND / OR TOW DUE TO CRASH,NOT APPLICABLE,1,1,NO INDICATION OF INJURY,0,0,1,4,41.865569497,-87.7740785744
09/27/2021 04:40:00 PM,30,CLEAR,DAYLIGHT,REAR END,NOT DIVIDED,DRY,NO INJURY / DRIVE AWAY,FOLLOWING TOO CLOSELY,2,9,NO INDICATION OF INJURY,0,0,16,2,41.7985203335,-87.6064622969
06/24/2024 11:22:00 AM,30,CLEAR,DAYLIGHT,SIDESWIPE SAME DIRECTION,NOT DIVIDED,DRY,INJURY AND / OR TOW DUE TO CRASH,FOLLOWING TOO CLOSELY,2,6,NO INDICATION OF INJURY,0,0,11,2,41.9548151772,-87.727797531
06/09/2025 05:45:00 PM,30,CLEAR,DAYLIGHT,SIDESWIPE SAME DIRECTION,FOUR WAY,DRY,NO INJURY / DRIVE AWAY,IMPROPER OVERTAKING/PASSING,2,6,NO INDICATION OF INJURY,0,0,17,2,41.7366015585,-87.6049681002
02/09/2026 07:30:00 AM,30,CLEAR,DAYLIGHT,TURNING,FOUR WAY,DRY,NO INJURY / DRIVE AWAY,FAILING TO YIELD RIGHT-OF-WAY,2,2,NO INDICATION OF INJURY,0,0,7,2,41.7983453499,-87.7443169411
12/17/2025 07:50:00 AM,35,UNKNOWN,DAYLIGHT,TURNING,NOT DIVIDED,UNKNOWN,NO INJURY / DRIVE AWAY,UNABLE TO DETERMINE,2,12,NO INDICATION OF INJURY,0,0,7,4,41.9237283237,-87.7927766139
06/25/2024 06:45:00 PM,30,UNKNOWN,UNKNOWN,SIDESWIPE SAME DIRECTION,NOT DIVIDED,UNKNOWN,NO INJURY / DRIVE AWAY,UNABLE TO DETERMINE,2,6,NO INDICATION OF INJURY,0,0,18,3,41.8981701101,-87.6328935432
05/04/2023 04:15:00 PM,30,CLEAR,DAYLIGHT,REAR END,DIVIDED - W/MEDIAN (NOT RAISED),UNKNOWN,NO INJURY / DRIVE AWAY,UNABLE TO DETERMINE,2,5,NO INDICATION OF INJURY,0,0,16,5,41.9942680838,-87.6859352488
04/19/2026 01:10:00 PM,30,RAIN,DAYLIGHT,REAR END,NOT DIVIDED,WET,NO INJURY / DRIVE AWAY,WEATHER,3,4,NO INDICATION OF INJURY,0,0,13,1,41.910875544,-87.6582782399
10/10/2023 08:08:00 AM,30,CLEAR,DAYLIGHT,SIDESWIPE SAME DIRECTION,NOT DIVIDED,DRY,NO INJURY / DRIVE AWAY,UNABLE TO DETERMINE,2,10,NO INDICATION OF INJURY,0,0,8,3,41.7934658523,-87.713638709
10/29/2021 07:30:00 AM,25,UNKNOWN,UNKNOWN,PARKED MOTOR VEHICLE,NOT DIVIDED,UNKNOWN,NO INJURY / DRIVE AWAY,UNABLE TO DETERMINE,2,10,NO INDICATION OF INJURY,0,0,7,6,41.9472054947,-87.647026647
04/04/2024 07:41:00 PM,30,CLEAR,"DARKNESS, LIGHTED ROAD",PEDESTRIAN,FOUR WAY,DRY,INJURY AND / OR TOW DUE TO CRASH,UNABLE TO DETERMINE,2,4,NONINCAPACITATING INJURY,1,0,19,5,41.7673533957,-87.6188478488
06/08/2023 09:30:00 PM,30,CLEAR,DAYLIGHT,PARKED MOTOR VEHICLE,NOT DIVIDED,DRY,NO INJURY / DRIVE AWAY,UNABLE TO DETERMINE,2,6,NO INDICATION OF INJURY,0,0,21,5,41.8916787567,-87.6210574018
04/02/2025 03:30:00 PM,30,UNKNOWN,UNKNOWN,OTHER OBJECT,DIVIDED - W/MEDIAN (NOT RAISED),UNKNOWN,NO INJURY / DRIVE AWAY,UNABLE TO DETERMINE,1,4,NO INDICATION OF INJURY,0,0,15,4,41.9724777682,-87.6696861169
12/18/2021 05:00:00 PM,10,CLEAR,DUSK,SIDESWIPE SAME DIRECTION,PARKING LOT,DRY,NO INJURY / DRIVE AWAY,UNABLE TO DETERMINE,2,12,NO INDICATION OF INJURY,0,0,17,7,41.8846028549,-87.6271869402
08/14/2022 08:03:00 PM,30,CLEAR,DAYLIGHT,REAR END,NOT DIVIDED,DRY,NO INJURY / DRIVE AWAY,UNABLE TO DETERMINE,2,8,NO INDICATION OF INJURY,0,0,20,1,41.9762334175,-87.6584772635
09/22/2025 11:30:00 AM,30,CLEAR,DAYLIGHT,PARKED MOTOR VEHICLE,PARKING LOT,DRY,NO INJURY / DRIVE AWAY,DRIVING SKILLS/KNOWLEDGE/EXPERIENCE,2,9,NO INDICATION OF INJURY,0,0,11,2,41.8493792152,-87.6410584022
03/15/2025 08:15:00 PM,30,CLEAR,"DARKNESS, LIGHTED ROAD",TURNING,FOUR WAY,DRY,NO INJURY / DRIVE AWAY,IMPROPER LANE USAGE,2,3,NO INDICATION OF INJURY,0,0,20,7,41.8741670358,-87.6337687338
11/01/2021 06:50:00 PM,30,CLEAR,"DARKNESS, LIGHTED ROAD",PEDALCYCLIST,DIVIDED - W/MEDIAN (NOT RAISED),DRY,INJURY AND / OR TOW DUE TO CRASH,NOT APPLICABLE,2,11,NONINCAPACITATING INJURY,1,0,18,2,41.8805669932,-87.7451331943
02/11/2023 11:50:00 AM,30,CLEAR,DAYLIGHT,TURNING,T-INTERSECTION,DRY,NO INJURY / DRIVE AWAY,UNABLE TO DETERMINE,2,2,NO INDICATION OF INJURY,0,0,11,7,41.8710625708,-87.745246223
08/29/2025 06:23:00 PM,30,CLEAR,DAYLIGHT,PARKED MOTOR VEHICLE,NOT DIVIDED,DRY,INJURY AND / OR TOW DUE TO CRASH,UNDER THE INFLUENCE OF ALCOHOL/DRUGS (USE WHEN ARREST IS EFFECTED),2,8,NO INDICATION OF INJURY,0,0,18,6,41.9586422892,-87.7593611671
02/21/2024 06:25:00 PM,30,CLEAR,"DARKNESS, LIGHTED ROAD",PARKED MOTOR VEHICLE,DIVIDED - W/MEDIAN BARRIER,DRY,NO INJURY / DRIVE AWAY,DRIVING SKILLS/KNOWLEDGE/EXPERIENCE,2,2,NO INDICATION OF INJURY,0,0,18,4,41.883974702,-87.6667377246
04/04/2026 12:18:00 PM,40,CLOUDY/OVERCAST,DAYLIGHT,PEDESTRIAN,DIVIDED - W/MEDIAN BARRIER,WET,INJURY AND / OR TOW DUE TO CRASH,IMPROPER OVERTAKING/PASSING,2,4,"REPORTED, NOT EVIDENT",1,0,12,7,41.8602208955,-87.6179433356
12/09/2021 05:50:00 PM,30,CLEAR,DARKNESS,PEDESTRIAN,NOT DIVIDED,DRY,INJURY AND / OR TOW DUE TO CRASH,DRIVING SKILLS/KNOWLEDGE/EXPERIENCE,2,12,NONINCAPACITATING INJURY,1,0,17,5,41.8243563076,-87.7045936543
10/16/2024 08:32:00 AM,30,CLEAR,DAYLIGHT,ANGLE,FOUR WAY,DRY,INJURY AND / OR TOW DUE TO CRASH,DISREGARDING TRAFFIC SIGNALS,2,10,NO INDICATION OF INJURY,0,0,8,4,41.8867392444,-87.6866389725
05/02/2021 01:53:00 AM,30,CLEAR,"DARKNESS, LIGHTED ROAD",FIXED OBJECT,DIVIDED - W/MEDIAN BARRIER,DRY,INJURY AND / OR TOW DUE TO CRASH,UNABLE TO DETERMINE,1,5,INCAPACITATING INJURY,1,0,1,1,41.9657614765,-87.6456441764
04/28/2022 04:25:00 PM,30,CLEAR,DAYLIGHT,SIDESWIPE SAME DIRECTION,NOT DIVIDED,DRY,NO INJURY / DRIVE AWAY,IMPROPER LANE USAGE,2,4,NO INDICATION OF INJURY,0,0,16,5,41.8094693268,-87.6180914309
05/10/2021 01:50:00 PM,25,CLEAR,DAYLIGHT,SIDESWIPE SAME DIRECTION,NOT DIVIDED,DRY,NO INJURY / DRIVE AWAY,IMPROPER OVERTAKING/PASSING,2,5,NO INDICATION OF INJURY,0,0,13,2,41.7797369987,-87.6398781338
02/24/2021 12:30:00 PM,10,CLEAR,DAYLIGHT,FIXED OBJECT,ALLEY,SNOW OR SLUSH,NO INJURY / DRIVE AWAY,WEATHER,1,2,NO INDICATION OF INJURY,0,0,12,4,41.9757900417,-87.6884727411
10/20/2023 06:01:00 PM,30,CLEAR,DUSK,PARKED MOTOR VEHICLE,NOT DIVIDED,DRY,INJURY AND / OR TOW DUE TO CRASH,EQUIPMENT - VEHICLE CONDITION,5,10,NO INDICATION OF INJURY,0,0,18,6,41.8099907911,-87.6926351406
09/21/2022 01:20:00 PM,30,CLEAR,DAYLIGHT,TURNING,NOT DIVIDED,DRY,NO INJURY / DRIVE AWAY,UNABLE TO DETERMINE,2,9,NO INDICATION OF INJURY,0,0,13,4,41.818349017,-87.7240964055
01/19/2022 03:13:00 PM,30,CLEAR,DAYLIGHT,PEDESTRIAN,FOUR WAY,DRY,INJURY AND / OR TOW DUE TO CRASH,DISREGARDING OTHER TRAFFIC SIGNS,2,1,NONINCAPACITATING INJURY,1,0,15,4,41.8932247359,-87.6242706113
03/04/2021 08:40:00 AM,30,CLEAR,DAYLIGHT,REAR END,DIVIDED - W/MEDIAN (NOT RAISED),DRY,NO INJURY / DRIVE AWAY,UNABLE TO DETERMINE,2,3,NO INDICATION OF INJURY,0,0,8,5,41.9035903141,-87.6592132092
02/07/2021 07:30:00 PM,0,SNOW,"DARKNESS, LIGHTED ROAD",PARKED MOTOR VEHICLE,DIVIDED - W/MEDIAN (NOT RAISED),SNOW OR SLUSH,NO INJURY / DRIVE AWAY,UNABLE TO DETERMINE,2,2,NO INDICATION OF INJURY,0,0,19,1,41.7841514115,-87.6068591408
02/15/2026 03:40:00 PM,30,CLEAR,DAYLIGHT,TURNING,DIVIDED - W/MEDIAN (NOT RAISED),DRY,NO INJURY / DRIVE AWAY,UNABLE TO DETERMINE,2,2,NO INDICATION OF INJURY,0,0,15,1,41.8268100071,-87.660110348
04/29/2021 08:37:00 AM,30,RAIN,DAYLIGHT,ANGLE,DIVIDED - W/MEDIAN BARRIER,WET,INJURY AND / OR TOW DUE TO CRASH,DISREGARDING TRAFFIC SIGNALS,2,4,NO INDICATION OF INJURY,0,0,8,5,41.8743308056,-87.7203752941
02/24/2023 12:50:00 PM,30,UNKNOWN,UNKNOWN,PARKED MOTOR VEHICLE,ONE-WAY,UNKNOWN,NO INJURY / DRIVE AWAY,UNABLE TO DETERMINE,2,2,NO INDICATION OF INJURY,0,0,12,6,41.938864954,-87.6399987506
08/29/2024 04:08:00 PM,30,CLEAR,DAYLIGHT,PARKED MOTOR VEHICLE,NOT DIVIDED,DRY,NO INJURY / DRIVE AWAY,DRIVING SKILLS/KNOWLEDGE/EXPERIENCE,2,8,NO INDICATION OF INJURY,0,0,16,5,41.889313038,-87.7199453696
03/11/2022 11:30:00 AM,25,CLEAR,DAYLIGHT,TURNING,NOT DIVIDED,DRY,NO INJURY / DRIVE AWAY,FAILING TO YIELD RIGHT-OF-WAY,2,3,NO INDICATION OF INJURY,0,0,11,6,41.9865931159,-87.6554324031
02/01/2021 09:50:00 AM,30,SNOW,DAYLIGHT,OTHER OBJECT,NOT DIVIDED,WET,NO INJURY / DRIVE AWAY,NOT APPLICABLE,1,2,NO INDICATION OF INJURY,0,0,9,2,41.8815837076,-87.6524082634
07/22/2025 03:57:00 PM,25,CLEAR,DAYLIGHT,REAR TO FRONT,OTHER,DRY,NO INJURY / DRIVE AWAY,UNABLE TO DETERMINE,2,7,NO INDICATION OF INJURY,0,0,15,3,41.747711245,-87.589538658
02/17/2022 04:15:00 PM,30,SNOW,DAYLIGHT,PARKED MOTOR VEHICLE,NOT DIVIDED,SNOW OR SLUSH,NO INJURY / DRIVE AWAY,WEATHER,2,2,NO INDICATION OF INJURY,0,0,16,5,41.8465557708,-87.6956285921
07/28/2025 12:01:00 AM,30,CLEAR,"DARKNESS, LIGHTED ROAD",PARKED MOTOR VEHICLE,NOT DIVIDED,DRY,NO INJURY / DRIVE AWAY,UNABLE TO DETERMINE,2,7,NO INDICATION OF INJURY,0,0,0,2,41.8659660363,-87.658949801
01/25/2024 03:53:00 PM,30,UNKNOWN,DAYLIGHT,TURNING,NOT DIVIDED,UNKNOWN,NO INJURY / DRIVE AWAY,UNABLE TO DETERMINE,2,1,NO INDICATION OF INJURY,0,0,15,5,41.749608897,-87.5859665494
02/27/2025 10:30:00 AM,30,CLEAR,DAYLIGHT,SIDESWIPE SAME DIRECTION,NOT DIVIDED,DRY,NO INJURY / DRIVE AWAY,FOLLOWING TOO CLOSELY,2,2,NO INDICATION OF INJURY,0,0,10,5,42.0020364217,-87.6721254651
01/03/2024 01:55:00 PM,30,CLEAR,DAYLIGHT,ANGLE,NOT DIVIDED,DRY,INJURY AND / OR TOW DUE TO CRASH,FAILING TO REDUCE SPEED TO AVOID CRASH,2,1,NONINCAPACITATING INJURY,1,0,13,4,41.7994007877,-87.6648779428
06/21/2022 02:00:00 PM,30,CLEAR,DAYLIGHT,REAR END,NOT DIVIDED,DRY,NO INJURY / DRIVE AWAY,FAILING TO REDUCE SPEED TO AVOID CRASH,2,6,NO INDICATION OF INJURY,0,0,14,3,41.9395313282,-87.6931225337
01/25/2022 04:08:00 PM,20,SNOW,DAYLIGHT,FIXED OBJECT,ALLEY,SNOW OR SLUSH,INJURY AND / OR TOW DUE TO CRASH,UNABLE TO DETERMINE,1,1,NO INDICATION OF INJURY,0,0,16,3,41.8478664572,-87.7062088087
12/01/2021 07:40:00 PM,30,CLEAR,"DARKNESS, LIGHTED ROAD",TURNING,FOUR WAY,DRY,NO INJURY / DRIVE AWAY,UNABLE TO DETERMINE,2,12,NO INDICATION OF INJURY,0,0,19,4,41.7732378962,-87.591314808
06/12/2024 01:20:00 PM,20,CLEAR,DAYLIGHT,PEDESTRIAN,NOT DIVIDED,DRY,NO INJURY / DRIVE AWAY,UNABLE TO DETERMINE,2,6,NO INDICATION OF INJURY,0,0,13,4,41.8837150759,-87.6510666504
07/01/2021 05:00:00 PM,25,CLEAR,DAYLIGHT,REAR END,PARKING LOT,DRY,NO INJURY / DRIVE AWAY,UNABLE TO DETERMINE,2,7,NO INDICATION OF INJURY,0,0,17,5,41.8071794738,-87.7157688717
03/15/2025 12:37:00 AM,30,RAIN,"DARKNESS, LIGHTED ROAD",FIXED OBJECT,NOT DIVIDED,WET,INJURY AND / OR TOW DUE TO CRASH,UNABLE TO DETERMINE,1,3,NONINCAPACITATING INJURY,1,0,0,7,41.6777862297,-87.6517606348
09/23/2025 08:10:00 AM,25,UNKNOWN,UNKNOWN,REAR END,NOT DIVIDED,UNKNOWN,NO INJURY / DRIVE AWAY,NOT APPLICABLE,2,9,NO INDICATION OF INJURY,0,0,8,3,41.8674707758,-87.6202190599
12/10/2024 08:15:00 AM,30,CLEAR,DAYLIGHT,ANGLE,NOT DIVIDED,DRY,INJURY AND / OR TOW DUE TO CRASH,FAILING TO YIELD RIGHT-OF-WAY,2,12,NO INDICATION OF INJURY,0,0,8,3,41.9953464848,-87.8069658232
06/08/2024 05:56:00 PM,30,RAIN,DAYLIGHT,PARKED MOTOR VEHICLE,NOT DIVIDED,WET,NO INJURY / DRIVE AWAY,UNABLE TO DETERMINE,2,6,NO INDICATION OF INJURY,0,0,17,7,41.8850441767,-87.6484759072
06/16/2025 05:53:00 PM,25,CLEAR,DAYLIGHT,PARKED MOTOR VEHICLE,NOT DIVIDED,DRY,INJURY AND / OR TOW DUE TO CRASH,UNABLE TO DETERMINE,2,6,NO INDICATION OF INJURY,0,0,17,2,41.8463304386,-87.6961617103
04/09/2022 03:30:00 PM,30,CLEAR,DAYLIGHT,REAR END,DIVIDED - W/MEDIAN (NOT RAISED),DRY,NO INJURY / DRIVE AWAY,FOLLOWING TOO CLOSELY,3,4,NO INDICATION OF INJURY,0,0,15,7,41.9380592912,-87.7950037068
07/23/2025 10:15:00 PM,30,CLEAR,"DARKNESS, LIGHTED ROAD",PEDALCYCLIST,DIVIDED - W/MEDIAN (NOT RAISED),DRY,NO INJURY / DRIVE AWAY,IMPROPER OVERTAKING/PASSING,2,7,NO INDICATION OF INJURY,0,0,22,4,41.9094811812,-87.7487773589
10/23/2023 05:00:00 PM,30,CLEAR,DAYLIGHT,SIDESWIPE SAME DIRECTION,NOT DIVIDED,DRY,NO INJURY / DRIVE AWAY,IMPROPER OVERTAKING/PASSING,2,10,NO INDICATION OF INJURY,0,0,17,2,41.679830589,-87.6207140271
06/05/2025 12:13:00 PM,30,FOG/SMOKE/HAZE,DAYLIGHT,REAR END,NOT DIVIDED,DRY,NO INJURY / DRIVE AWAY,DISTRACTION - FROM INSIDE VEHICLE,2,6,NO INDICATION OF INJURY,0,0,12,5,41.7512473989,-87.6137796439
03/02/2022 07:30:00 AM,30,CLEAR,DAYLIGHT,ANGLE,ALLEY,DRY,NO INJURY / DRIVE AWAY,FAILING TO YIELD RIGHT-OF-WAY,2,3,NO INDICATION OF INJURY,0,0,7,4,41.8099845661,-87.6956269314
01/21/2021 10:45:00 AM,30,CLEAR,DAYLIGHT,PEDALCYCLIST,FOUR WAY,DRY,INJURY AND / OR TOW DUE TO CRASH,FAILING TO YIELD RIGHT-OF-WAY,2,1,NONINCAPACITATING INJURY,1,0,10,5,41.8579019844,-87.6661809529
10/09/2021 05:20:00 PM,35,CLEAR,DAYLIGHT,PEDESTRIAN,DIVIDED - W/MEDIAN BARRIER,DRY,INJURY AND / OR TOW DUE TO CRASH,FAILING TO YIELD RIGHT-OF-WAY,2,10,"REPORTED, NOT EVIDENT",1,0,17,7,41.7697788576,-87.6832355827
11/02/2025 03:50:00 AM,30,CLEAR,"DARKNESS, LIGHTED ROAD",TURNING,FOUR WAY,DRY,NO INJURY / DRIVE AWAY,FAILING TO YIELD RIGHT-OF-WAY,3,11,NO INDICATION OF INJURY,0,0,3,1,41.7863335907,-87.6925199051
05/01/2026 08:30:00 PM,30,CLEAR,"DARKNESS, LIGHTED ROAD",REAR END,DIVIDED - W/MEDIAN (NOT RAISED),DRY,INJURY AND / OR TOW DUE TO CRASH,UNABLE TO DETERMINE,2,5,"REPORTED, NOT EVIDENT",1,0,20,6,41.9018067703,-87.6330036926
11/09/2022 11:30:00 AM,5,CLEAR,DAYLIGHT,REAR END,PARKING LOT,DRY,NO INJURY / DRIVE AWAY,IMPROPER BACKING,2,11,NO INDICATION OF INJURY,0,0,11,4,41.8740601078,-87.6683847406
02/22/2026 05:00:00 PM,30,CLEAR,DUSK,PARKED MOTOR VEHICLE,ONE-WAY,DRY,NO INJURY / DRIVE AWAY,UNABLE TO DETERMINE,2,2,NO INDICATION OF INJURY,0,0,17,1,41.8973880377,-87.6933923283
05/06/2025 01:00:00 PM,15,CLEAR,DAYLIGHT,PARKED MOTOR VEHICLE,PARKING LOT,DRY,NO INJURY / DRIVE AWAY,UNABLE TO DETERMINE,2,5,NO INDICATION OF INJURY,0,0,13,3,41.9202454905,-87.6685729626
10/07/2022 08:52:00 AM,30,RAIN,DAYLIGHT,REAR END,DIVIDED - W/MEDIAN BARRIER,WET,INJURY AND / OR TOW DUE TO CRASH,FOLLOWING TOO CLOSELY,2,10,NONINCAPACITATING INJURY,1,0,8,6,41.8707900434,-87.67621587
10/07/2023 12:00:00 AM,30,CLEAR,"DARKNESS, LIGHTED ROAD",PARKED MOTOR VEHICLE,NOT DIVIDED,DRY,NO INJURY / DRIVE AWAY,UNABLE TO DETERMINE,2,10,NO INDICATION OF INJURY,0,0,0,7,41.9119372151,-87.7262508658
11/28/2022 09:10:00 AM,35,CLEAR,DAYLIGHT,SIDESWIPE SAME DIRECTION,FOUR WAY,DRY,NO INJURY / DRIVE AWAY,UNABLE TO DETERMINE,2,11,NO INDICATION OF INJURY,0,0,9,2,41.7659368587,-87.5857724234
04/10/2026 07:55:00 AM,25,RAIN,DAWN,PEDESTRIAN,FOUR WAY,WET,NO INJURY / DRIVE AWAY,FAILING TO YIELD RIGHT-OF-WAY,2,4,NO INDICATION OF INJURY,0,0,7,6,41.9570949145,-87.7327257245
06/05/2023 05:00:00 AM,30,UNKNOWN,UNKNOWN,PARKED MOTOR VEHICLE,ONE-WAY,UNKNOWN,INJURY AND / OR TOW DUE TO CRASH,NOT APPLICABLE,2,6,NO INDICATION OF INJURY,0,0,5,2,41.7264686288,-87.663870403
01/09/2024 03:45:00 PM,30,CLEAR,DAYLIGHT,REAR END,NOT DIVIDED,SNOW OR SLUSH,NO INJURY / DRIVE AWAY,FOLLOWING TOO CLOSELY,2,1,NO INDICATION OF INJURY,0,0,15,3,41.9375409112,-87.8424208841
02/22/2021 10:00:00 PM,30,SLEET/HAIL,"DARKNESS, LIGHTED ROAD",PARKED MOTOR VEHICLE,NOT DIVIDED,WET,NO INJURY / DRIVE AWAY,UNABLE TO DETERMINE,2,2,NO INDICATION OF INJURY,0,0,22,2,41.7039355485,-87.6709730629
03/13/2026 06:03:00 PM,30,CLEAR,DAYLIGHT,ANGLE,FOUR WAY,DRY,NO INJURY / DRIVE AWAY,UNABLE TO DETERMINE,2,3,NO INDICATION OF INJURY,0,0,18,6,41.8902283489,-87.6819343953
03/23/2025 11:10:00 PM,30,CLEAR,"DARKNESS, LIGHTED ROAD",REAR END,NOT DIVIDED,DRY,INJURY AND / OR TOW DUE TO CRASH,FOLLOWING TOO CLOSELY,2,3,NO INDICATION OF INJURY,0,0,23,1,41.7516302036,-87.5859747514
07/05/2021 08:26:00 PM,30,UNKNOWN,UNKNOWN,PARKED MOTOR VEHICLE,NOT DIVIDED,UNKNOWN,NO INJURY / DRIVE AWAY,UNABLE TO DETERMINE,3,7,NO INDICATION OF INJURY,0,0,20,2,41.8710518368,-87.7459314927
08/16/2025 06:00:00 PM,25,UNKNOWN,UNKNOWN,PARKED MOTOR VEHICLE,PARKING LOT,UNKNOWN,NO INJURY / DRIVE AWAY,UNABLE TO DETERMINE,2,8,NO INDICATION OF INJURY,0,0,18,7,41.8949957274,-87.6274829525
06/13/2021 03:44:00 PM,30,CLEAR,DAYLIGHT,SIDESWIPE SAME DIRECTION,DIVIDED - W/MEDIAN (NOT RAISED),DRY,NO INJURY / DRIVE AWAY,IMPROPER LANE USAGE,2,6,NO INDICATION OF INJURY,0,0,15,1,41.9401381795,-87.7126788867
08/08/2023 02:00:00 PM,30,CLEAR,DAYLIGHT,SIDESWIPE SAME DIRECTION,NOT DIVIDED,DRY,NO INJURY / DRIVE AWAY,IMPROPER OVERTAKING/PASSING,2,8,NO INDICATION OF INJURY,0,0,14,3,41.8693014121,-87.680755578
11/28/2024 11:00:00 PM,30,CLEAR,"DARKNESS, LIGHTED ROAD",PARKED MOTOR VEHICLE,NOT DIVIDED,UNKNOWN,INJURY AND / OR TOW DUE TO CRASH,UNABLE TO DETERMINE,2,11,NO INDICATION OF INJURY,0,0,23,5,41.8538474126,-87.6833901547
10/31/2023 07:40:00 AM,25,CLEAR,DAWN,TURNING,FOUR WAY,DRY,NO INJURY / DRIVE AWAY,UNABLE TO DETERMINE,2,10,NO INDICATION OF INJURY,0,0,7,3,41.8877818569,-87.6770187484
08/12/2021 06:40:00 PM,25,CLEAR,DAYLIGHT,PEDALCYCLIST,NOT DIVIDED,DRY,INJURY AND / OR TOW DUE TO CRASH,UNABLE TO DETERMINE,2,8,NONINCAPACITATING INJURY,1,0,18,5,41.9975261246,-87.6953720597
05/27/2025 01:12:00 PM,30,CLEAR,DAYLIGHT,TURNING,UNKNOWN INTERSECTION TYPE,DRY,NO INJURY / DRIVE AWAY,IMPROPER TURNING/NO SIGNAL,2,5,NO INDICATION OF INJURY,0,0,13,3,41.8670458463,-87.6603885966
02/08/2026 01:05:00 PM,30,CLEAR,DAYLIGHT,REAR END,FOUR WAY,UNKNOWN,NO INJURY / DRIVE AWAY,UNABLE TO DETERMINE,2,2,NO INDICATION OF INJURY,0,0,13,1,41.9981740741,-87.6770891936
07/28/2024 07:50:00 PM,35,CLEAR,DAYLIGHT,PEDALCYCLIST,FOUR WAY,DRY,INJURY AND / OR TOW DUE TO CRASH,UNABLE TO DETERMINE,2,7,NONINCAPACITATING INJURY,1,0,19,1,41.9175988369,-87.6972537453
08/22/2025 07:47:00 AM,30,CLEAR,DAYLIGHT,TURNING,DIVIDED - W/MEDIAN (NOT RAISED),DRY,NO INJURY / DRIVE AWAY,UNABLE TO DETERMINE,2,8,NO INDICATION OF INJURY,0,0,7,6,41.9588783542,-87.726502892
06/04/2021 10:13:00 AM,30,CLEAR,DAYLIGHT,SIDESWIPE SAME DIRECTION,NOT DIVIDED,DRY,NO INJURY / DRIVE AWAY,IMPROPER LANE USAGE,2,6,NO INDICATION OF INJURY,0,0,10,6,41.9982982277,-87.6606116606
06/17/2024 02:24:00 PM,35,CLEAR,DAYLIGHT,TURNING,NOT DIVIDED,DRY,INJURY AND / OR TOW DUE TO CRASH,FAILING TO YIELD RIGHT-OF-WAY,2,6,"REPORTED, NOT EVIDENT",1,0,14,2,41.7923300399,-87.7229862302