CRASH_DATE,POSTED_SPEED_LIMIT,WEATHER_CONDITION,LIGHTING_CONDITION,FIRST_CRASH_TYPE,TRAFFICWAY_TYPE,ROADWAY_SURFACE_COND,CRASH_TYPE,PRIM_CONTRIBUTORY_CAUSE,NUM_UNITS,CRASH_MONTH,MOST_SEVERE_INJURY,INJURIES_TOTAL,INJURIES_FATAL,CRASH_HOUR,CRASH_DAY_OF_WEEK,LATITUDE,LONGITUDE
12/27/2021 09:00:00 PM,10,CLEAR,DARKNESS,FIXED OBJECT,PARKING LOT,DRY,NO INJURY / DRIVE AWAY,ROAD ENGINEERING/SURFACE/MARKING DEFECTS,1,12,NO INDICATION OF INJURY,0,0,21,2,41.7440562264,-87.6063909496
09/09/2023 02:50:00 PM,30,CLEAR,DAYLIGHT,REAR END,DIVIDED - W/MEDIAN (NOT RAISED),DRY,NO INJURY / DRIVE AWAY,FOLLOWING TOO CLOSELY,2,9,NO INDICATION OF INJURY,0,0,14,7,41.7657167263,-87.605584027
04/24/2021 04:20:00 PM,25,CLEAR,DAYLIGHT,REAR END,NOT DIVIDED,DRY,INJURY AND / OR TOW DUE TO CRASH,FOLLOWING TOO CLOSELY,2,4,NO INDICATION OF INJURY,0,0,16,7,42.0107633959,-87.6744779315
11/25/2023 10:30:00 PM,30,CLEAR,DUSK,PARKED MOTOR VEHICLE,DIVIDED - W/MEDIAN (NOT RAISED),DRY,NO INJURY / DRIVE AWAY,FAILING TO REDUCE SPEED TO AVOID CRASH,2,11,NO INDICATION OF INJURY,0,0,22,7,41.8901230051,-87.6316845966
03/08/2021 08:00:00 PM,30,CLEAR,"DARKNESS, LIGHTED ROAD",PARKED MOTOR VEHICLE,DIVIDED - W/MEDIAN (NOT RAISED),DRY,NO INJURY / DRIVE AWAY,NOT APPLICABLE,2,3,NO INDICATION OF INJURY,0,0,20,2,41.881525451,-87.7633786129
07/20/2024 11:57:00 AM,35,CLEAR,DAYLIGHT,ANGLE,ONE-WAY,DRY,NO INJURY / DRIVE AWAY,DISREGARDING TRAFFIC SIGNALS,2,7,NO INDICATION OF INJURY,0,0,11,7,41.8820426442,-87.635386679
10/30/2024 08:20:00 AM,10,CLEAR,DAYLIGHT,FIXED OBJECT,RAMP,DRY,NO INJURY / DRIVE AWAY,UNABLE TO DETERMINE,1,10,NO INDICATION OF INJURY,0,0,8,4,41.8135354009,-87.7192438958
02/09/2023 09:00:00 PM,30,UNKNOWN,UNKNOWN,TURNING,T-INTERSECTION,UNKNOWN,INJURY AND / OR TOW DUE TO CRASH,DISREGARDING TRAFFIC SIGNALS,2,2,NO INDICATION OF INJURY,0,0,21,5,41.8735025271,-87.7350744849
07/06/2025 11:58:00 AM,35,CLEAR,DAYLIGHT,REAR END,DIVIDED - W/MEDIAN BARRIER,DRY,NO INJURY / DRIVE AWAY,FOLLOWING TOO CLOSELY,2,7,NO INDICATION OF INJURY,0,0,11,1,41.8865172887,-87.6246776864
01/16/2025 01:04:00 PM,30,CLOUDY/OVERCAST,DAYLIGHT,TURNING,FOUR WAY,UNKNOWN,INJURY AND / OR TOW DUE TO CRASH,FAILING TO YIELD RIGHT-OF-WAY,2,1,NO INDICATION OF INJURY,0,0,13,5,41.8809860544,-87.6205611783
10/14/2022 12:26:00 PM,30,UNKNOWN,UNKNOWN,FIXED OBJECT,ALLEY,UNKNOWN,NO INJURY / DRIVE AWAY,NOT APPLICABLE,1,10,NO INDICATION OF INJURY,0,0,12,6,41.9732241892,-87.7636897308
09/04/2024 07:40:00 AM,30,CLEAR,DAYLIGHT,REAR END,NOT DIVIDED,DRY,INJURY AND / OR TOW DUE TO CRASH,UNABLE TO DETERMINE,4,9,NONINCAPACITATING INJURY,2,0,7,4,41.8084732835,-87.6891194047
04/27/2025 07:30:00 AM,30,CLEAR,DAYLIGHT,PARKED MOTOR VEHICLE,ONE-WAY,DRY,INJURY AND / OR TOW DUE TO CRASH,NOT APPLICABLE,2,4,NO INDICATION OF INJURY,0,0,7,1,41.8039055585,-87.7318948656
11/21/2021 10:30:00 PM,30,CLEAR,DAYLIGHT,REAR END,NOT DIVIDED,UNKNOWN,NO INJURY / DRIVE AWAY,UNABLE TO DETERMINE,2,11,NO INDICATION OF INJURY,0,0,22,1,41.903046998,-87.6791193272
07/21/2022 11:40:00 PM,30,CLEAR,"DARKNESS, LIGHTED ROAD",PARKED MOTOR VEHICLE,ONE-WAY,DRY,INJURY AND / OR TOW DUE TO CRASH,UNABLE TO DETERMINE,2,7,NO INDICATION OF INJURY,0,0,23,5,41.797662833,-87.6320525567
07/03/2025 10:39:00 PM,30,CLEAR,DARKNESS,ANGLE,NOT DIVIDED,DRY,INJURY AND / OR TOW DUE TO CRASH,NOT APPLICABLE,2,7,NO INDICATION OF INJURY,0,0,22,5,41.8693521095,-87.74916732
05/02/2023 12:00:00 PM,30,CLEAR,DAYLIGHT,PARKED MOTOR VEHICLE,NOT DIVIDED,UNKNOWN,NO INJURY / DRIVE AWAY,IMPROPER OVERTAKING/PASSING,2,5,NO INDICATION OF INJURY,0,0,12,3,41.8959244977,-87.6696638392
10/31/2024 07:17:00 PM,30,CLEAR,"DARKNESS, LIGHTED ROAD",TURNING,NOT DIVIDED,DRY,NO INJURY / DRIVE AWAY,FAILING TO YIELD RIGHT-OF-WAY,2,10,NO INDICATION OF INJURY,0,0,19,5,41.7643134949,-87.7151117531
10/17/2025 07:30:00 AM,30,CLEAR,DAYLIGHT,SIDESWIPE SAME DIRECTION,NOT DIVIDED,DRY,NO INJURY / DRIVE AWAY,IMPROPER TURNING/NO SIGNAL,2,10,NO INDICATION OF INJURY,0,0,7,6,41.9537461868,-87.7129631256
05/23/2021 02:00:00 AM,30,CLEAR,"DARKNESS, LIGHTED ROAD",PARKED MOTOR VEHICLE,DIVIDED - W/MEDIAN (NOT RAISED),DRY,NO INJURY / DRIVE AWAY,UNABLE TO DETERMINE,2,5,NO INDICATION OF INJURY,0,0,2,1,41.9562056437,-87.6981603811
10/21/2021 07:10:00 PM,30,CLEAR,"DARKNESS, LIGHTED ROAD",PARKED MOTOR VEHICLE,PARKING LOT,DRY,NO INJURY / DRIVE AWAY,FOLLOWING TOO CLOSELY,2,10,NO INDICATION OF INJURY,0,0,19,5,41.9387841294,-87.7586371362
06/11/2025 11:55:00 AM,30,CLEAR,DAYLIGHT,REAR END,DIVIDED - W/MEDIAN BARRIER,DRY,NO INJURY / DRIVE AWAY,DISREGARDING TRAFFIC SIGNALS,2,6,NO INDICATION OF INJURY,0,0,11,4,41.7335336289,-87.5608191834
09/20/2022 05:00:00 PM,20,CLEAR,"DARKNESS, LIGHTED ROAD",PARKED MOTOR VEHICLE,NOT DIVIDED,DRY,NO INJURY / DRIVE AWAY,UNABLE TO DETERMINE,3,9,NO INDICATION OF INJURY,0,0,17,3,41.7489919082,-87.6499120659
10/23/2023 11:00:00 AM,30,CLOUDY/OVERCAST,DAYLIGHT,PARKED MOTOR VEHICLE,OTHER,DRY,NO INJURY / DRIVE AWAY,"VISION OBSCURED (SIGNS, TREE LIMBS, BUILDINGS, ETC.)",2,10,NO INDICATION OF INJURY,0,0,11,2,41.8164499301,-87.6554930468
11/20/2024 11:09:00 AM,30,CLEAR,DAYLIGHT,PEDESTRIAN,NOT DIVIDED,DRY,INJURY AND / OR TOW DUE TO CRASH,"OPERATING VEHICLE IN ERRATIC, RECKLESS, CARELESS, NEGLIGENT OR AGGRESSIVE MANNER",2,11,INCAPACITATING INJURY,1,0,11,4,41.9106156427,-87.8056757759
06/01/2023 04:12:00 AM,30,CLEAR,"DARKNESS, LIGHTED ROAD",REAR END,DIVIDED - W/MEDIAN (NOT RAISED),DRY,NO INJURY / DRIVE AWAY,FOLLOWING TOO CLOSELY,2,6,NO INDICATION OF INJURY,0,0,4,5,41.8369073126,-87.7302828222
09/22/2022 03:30:00 PM,30,CLEAR,DAYLIGHT,REAR END,NOT DIVIDED,DRY,INJURY AND / OR TOW DUE TO CRASH,FAILING TO REDUCE SPEED TO AVOID CRASH,4,9,"REPORTED, NOT EVIDENT",1,0,15,5,41.9208192992,-87.7360663036
06/29/2025 03:24:00 PM,30,CLEAR,DAYLIGHT,ANGLE,DIVIDED - W/MEDIAN (NOT RAISED),DRY,INJURY AND / OR TOW DUE TO CRASH,UNABLE TO DETERMINE,2,6,NO INDICATION OF INJURY,0,0,15,1,41.7862314969,-87.6976491627
03/13/2025 07:20:00 PM,20,CLEAR,"DARKNESS, LIGHTED ROAD",PARKED MOTOR VEHICLE,NOT DIVIDED,DRY,NO INJURY / DRIVE AWAY,UNABLE TO DETERMINE,2,3,NO INDICATION OF INJURY,0,0,19,5,,
02/27/2025 12:10:00 PM,40,CLEAR,DAYLIGHT,SIDESWIPE SAME DIRECTION,DIVIDED - W/MEDIAN BARRIER,DRY,NO INJURY / DRIVE AWAY,FAILING TO YIELD RIGHT-OF-WAY,2,2,NO INDICATION OF INJURY,0,0,12,5,,
10/06/2021 03:15:00 PM,35,CLOUDY/OVERCAST,DAYLIGHT,REAR END,FOUR WAY,DRY,NO INJURY / DRIVE AWAY,DISTRACTION - FROM INSIDE VEHICLE,2,10,NO INDICATION OF INJURY,0,0,15,4,41.6993946163,-87.681544611
08/23/2025 10:00:00 PM,30,CLEAR,"DARKNESS, LIGHTED ROAD",REAR END,DIVIDED - W/MEDIAN (NOT RAISED),DRY,NO INJURY / DRIVE AWAY,UNABLE TO DETERMINE,2,8,NO INDICATION OF INJURY,0,0,22,7,41.8301872553,-87.6851779251
10/19/2025 12:00:00 PM,30,CLOUDY/OVERCAST,DAYLIGHT,PEDESTRIAN,ONE-WAY,UNKNOWN,INJURY AND / OR TOW DUE TO CRASH,"OPERATING VEHICLE IN ERRATIC, RECKLESS, CARELESS, NEGLIGENT OR AGGRESSIVE MANNER",2,10,"REPORTED, NOT EVIDENT",1,0,12,1,41.7347350306,-87.5459200015
10/21/2025 11:20:00 AM,30,CLEAR,DAYLIGHT,REAR END,NOT DIVIDED,DRY,NO INJURY / DRIVE AWAY,"OPERATING VEHICLE IN ERRATIC, RECKLESS, CARELESS, NEGLIGENT OR AGGRESSIVE MANNER",2,10,NO INDICATION OF INJURY,0,0,11,3,41.844266133,-87.6953500314
01/04/2022 06:30:00 PM,30,CLEAR,DAYLIGHT,REAR END,NOT DIVIDED,DRY,NO INJURY / DRIVE AWAY,UNABLE TO DETERMINE,2,1,NO INDICATION OF INJURY,0,0,18,3,41.8958031149,-87.676987476
04/03/2023 02:58:00 PM,15,CLOUDY/OVERCAST,DAYLIGHT,PEDALCYCLIST,T-INTERSECTION,WET,INJURY AND / OR TOW DUE TO CRASH,FAILING TO YIELD RIGHT-OF-WAY,2,4,NONINCAPACITATING INJURY,1,0,14,2,41.9296912573,-87.7568577345
04/12/2023 04:10:00 PM,35,CLEAR,DAYLIGHT,TURNING,OTHER,DRY,NO INJURY / DRIVE AWAY,DRIVING ON WRONG SIDE/WRONG WAY,2,4,NO INDICATION OF INJURY,0,0,16,4,41.9184108708,-87.6389652344
12/04/2024 05:26:00 PM,35,CLEAR,"DARKNESS, LIGHTED ROAD",TURNING,DIVIDED - W/MEDIAN (NOT RAISED),DRY,NO INJURY / DRIVE AWAY,FAILING TO YIELD RIGHT-OF-WAY,2,12,NO INDICATION OF INJURY,0,0,17,4,41.8026112442,-87.606564664
06/16/2024 12:49:00 AM,30,CLEAR,"DARKNESS, LIGHTED ROAD",TURNING,FOUR WAY,DRY,INJURY AND / OR TOW DUE TO CRASH,IMPROPER TURNING/NO SIGNAL,2,6,NONINCAPACITATING INJURY,4,0,0,1,41.7720235179,-87.6702334245
02/16/2024 11:00:00 AM,30,CLEAR,DAYLIGHT,SIDESWIPE SAME DIRECTION,NOT DIVIDED,DRY,NO INJURY / DRIVE AWAY,DRIVING SKILLS/KNOWLEDGE/EXPERIENCE,2,2,NO INDICATION OF INJURY,0,0,11,6,41.9309382803,-87.7824135688
10/09/2024 03:15:00 PM,30,CLEAR,DAYLIGHT,REAR END,NOT DIVIDED,DRY,NO INJURY / DRIVE AWAY,FAILING TO YIELD RIGHT-OF-WAY,2,10,NO INDICATION OF INJURY,0,0,15,4,41.6845363879,-87.6374422095
02/23/2026 09:16:00 PM,10,CLEAR,"DARKNESS, LIGHTED ROAD",FIXED OBJECT,PARKING LOT,DRY,NO INJURY / DRIVE AWAY,UNABLE TO DETERMINE,1,2,NO INDICATION OF INJURY,0,0,21,2,41.7659013923,-87.5923518552
10/21/2021 12:40:00 PM,30,CLEAR,DAYLIGHT,SIDESWIPE SAME DIRECTION,NOT DIVIDED,DRY,NO INJURY / DRIVE AWAY,NOT APPLICABLE,2,10,NO INDICATION OF INJURY,0,0,12,5,41.8579349714,-87.6240815387
01/04/2024 09:15:00 AM,30,CLEAR,DAYLIGHT,SIDESWIPE SAME DIRECTION,DIVIDED - W/MEDIAN (NOT RAISED),DRY,NO INJURY / DRIVE AWAY,UNABLE TO DETERMINE,2,1,NO INDICATION OF INJURY,0,0,9,5,41.8841425185,-87.7014398939
06/14/2022 08:20:00 AM,30,CLEAR,DAYLIGHT,ANGLE,ALLEY,UNKNOWN,NO INJURY / DRIVE AWAY,UNABLE TO DETERMINE,2,6,NO INDICATION OF INJURY,0,0,8,3,41.7659390441,-87.7176868506
07/06/2024 06:25:00 AM,45,UNKNOWN,UNKNOWN,SIDESWIPE SAME DIRECTION,DIVIDED - W/MEDIAN BARRIER,UNKNOWN,NO INJURY / DRIVE AWAY,UNABLE TO DETERMINE,2,7,NO INDICATION OF INJURY,0,0,6,7,41.9530968826,-87.6449470833
09/24/2023 11:40:00 PM,30,CLEAR,"DARKNESS, LIGHTED ROAD",FIXED OBJECT,NOT DIVIDED,DRY,INJURY AND / OR TOW DUE TO CRASH,UNABLE TO DETERMINE,1,9,NO INDICATION OF INJURY,0,0,23,1,41.8282176101,-87.7029903545
11/07/2023 09:50:00 AM,30,CLEAR,DAYLIGHT,PEDESTRIAN,DIVIDED - W/MEDIAN (NOT RAISED),DRY,INJURY AND / OR TOW DUE TO CRASH,FAILING TO YIELD RIGHT-OF-WAY,2,11,INCAPACITATING INJURY,2,0,9,3,41.886676655,-87.69354148
09/16/2021 07:25:00 AM,30,CLEAR,DAYLIGHT,TURNING,NOT DIVIDED,DRY,INJURY AND / OR TOW DUE TO CRASH,UNABLE TO DETERMINE,2,9,NONINCAPACITATING INJURY,1,0,7,5,41.848242799,-87.6954908639
05/30/2022 06:35:00 AM,15,CLEAR,DAYLIGHT,PARKED MOTOR VEHICLE,ONE-WAY,DRY,INJURY AND / OR TOW DUE TO CRASH,UNABLE TO DETERMINE,4,5,NO INDICATION OF INJURY,0,0,6,2,41.9274618787,-87.7700554942
08/22/2022 07:15:00 AM,25,CLEAR,DAYLIGHT,TURNING,FOUR WAY,DRY,NO INJURY / DRIVE AWAY,UNABLE TO DETERMINE,2,8,NO INDICATION OF INJURY,0,0,7,2,42.00486962,-87.7044058835
08/08/2025 04:37:00 PM,30,CLEAR,DAYLIGHT,TURNING,NOT DIVIDED,DRY,INJURY AND / OR TOW DUE TO CRASH,IMPROPER TURNING/NO SIGNAL,2,8,NO INDICATION OF INJURY,0,0,16,6,41.754315881,-87.5892790281
12/27/2022 04:00:00 PM,30,CLEAR,DAYLIGHT,REAR END,NOT DIVIDED,DRY,NO INJURY / DRIVE AWAY,FOLLOWING TOO CLOSELY,2,12,NO INDICATION OF INJURY,0,0,16,3,41.9400181286,-87.8287159526
10/27/2023 06:59:00 AM,10,CLEAR,DAYLIGHT,PARKED MOTOR VEHICLE,PARKING LOT,UNKNOWN,NO INJURY / DRIVE AWAY,IMPROPER BACKING,2,10,NO INDICATION OF INJURY,0,0,6,6,41.9318485169,-87.7133515575
01/12/2025 04:50:00 PM,35,CLEAR,DAYLIGHT,FIXED OBJECT,NOT DIVIDED,WET,INJURY AND / OR TOW DUE TO CRASH,UNABLE TO DETERMINE,1,1,NONINCAPACITATING INJURY,1,0,16,1,41.8587977155,-87.7034304861
03/16/2026 07:30:00 AM,30,SNOW,DAYLIGHT,ANGLE,NOT DIVIDED,SNOW OR SLUSH,NO INJURY / DRIVE AWAY,WEATHER,2,3,NO INDICATION OF INJURY,0,0,7,2,41.9255821803,-87.6475257359
06/09/2025 01:01:00 PM,35,CLEAR,DAYLIGHT,FIXED OBJECT,NOT DIVIDED,DRY,INJURY AND / OR TOW DUE TO CRASH,"VISION OBSCURED (SIGNS, TREE LIMBS, BUILDINGS, ETC.)",1,6,"REPORTED, NOT EVIDENT",1,0,13,2,41.8574943511,-87.6429126978
05/14/2022 10:32:00 PM,30,CLEAR,"DARKNESS, LIGHTED ROAD",REAR END,FOUR WAY,DRY,NO INJURY / DRIVE AWAY,DISTRACTION - FROM INSIDE VEHICLE,2,5,NO INDICATION OF INJURY,0,0,22,7,41.954660667,-87.6503054301
06/25/2024 02:32:00 PM,30,CLOUDY/OVERCAST,DAYLIGHT,REAR END,NOT DIVIDED,DRY,NO INJURY / DRIVE AWAY,FAILING TO REDUCE SPEED TO AVOID CRASH,2,6,NO INDICATION OF INJURY,0,0,14,3,41.9429900974,-87.6879232018
11/26/2021 11:20:00 PM,30,UNKNOWN,UNKNOWN,SIDESWIPE SAME DIRECTION,DIVIDED - W/MEDIAN BARRIER,UNKNOWN,NO INJURY / DRIVE AWAY,UNABLE TO DETERMINE,2,11,NO INDICATION OF INJURY,0,0,23,6,41.8671275148,-87.6467711256
08/24/2023 03:10:00 PM,30,CLEAR,DAYLIGHT,ANGLE,NOT DIVIDED,DRY,NO INJURY / DRIVE AWAY,UNABLE TO DETERMINE,2,8,NO INDICATION OF INJURY,0,0,15,5,41.8761343708,-87.6815486501
11/27/2021 09:36:00 PM,30,UNKNOWN,UNKNOWN,SIDESWIPE SAME DIRECTION,DIVIDED - W/MEDIAN BARRIER,UNKNOWN,NO INJURY / DRIVE AWAY,UNABLE TO DETERMINE,2,11,NO INDICATION OF INJURY,0,0,21,7,41.7944140151,-87.6449656486
02/19/2021 06:40:00 PM,30,CLEAR,"DARKNESS, LIGHTED ROAD",PARKED MOTOR VEHICLE,NOT DIVIDED,WET,NO INJURY / DRIVE AWAY,UNABLE TO DETERMINE,2,2,NO INDICATION OF INJURY,0,0,18,6,41.9419509774,-87.7762034681
03/15/2026 12:00:00 PM,30,RAIN,DAYLIGHT,PARKED MOTOR VEHICLE,NOT DIVIDED,WET,NO INJURY / DRIVE AWAY,UNABLE TO DETERMINE,2,3,NO INDICATION OF INJURY,0,0,12,1,41.6826002862,-87.6834662822
12/02/2024 03:10:00 PM,30,CLEAR,DAYLIGHT,SIDESWIPE SAME DIRECTION,DIVIDED - W/MEDIAN (NOT RAISED),DRY,NO INJURY / DRIVE AWAY,UNABLE TO DETERMINE,2,12,NO INDICATION OF INJURY,0,0,15,2,41.7177744059,-87.6818225061
09/11/2025 08:15:00 AM,30,CLEAR,DAYLIGHT,REAR END,NOT DIVIDED,UNKNOWN,NO INJURY / DRIVE AWAY,UNABLE TO DETERMINE,2,9,NO INDICATION OF INJURY,0,0,8,5,41.7139479244,-87.655359699
02/16/2025 11:10:00 AM,30,CLOUDY/OVERCAST,DAYLIGHT,TURNING,DIVIDED - W/MEDIAN (NOT RAISED),DRY,NO INJURY / DRIVE AWAY,UNABLE TO DETERMINE,2,2,NO INDICATION OF INJURY,0,0,11,1,41.8203495003,-87.6165141095
02/28/2025 09:15:00 AM,30,CLEAR,DAYLIGHT,REAR END,NOT DIVIDED,DRY,NO INJURY / DRIVE AWAY,FOLLOWING TOO CLOSELY,2,2,NO INDICATION OF INJURY,0,0,9,6,41.9303953624,-87.7858323479
11/09/2024 04:37:00 PM,30,RAIN,"DARKNESS, LIGHTED ROAD",SIDESWIPE SAME DIRECTION,NOT DIVIDED,WET,INJURY AND / OR TOW DUE TO CRASH,IMPROPER OVERTAKING/PASSING,2,11,NO INDICATION OF INJURY,0,0,16,7,41.8918271016,-87.6255167108
02/18/2022 10:00:00 AM,15,SNOW,DAYLIGHT,REAR TO REAR,PARKING LOT,WET,NO INJURY / DRIVE AWAY,FAILING TO YIELD RIGHT-OF-WAY,2,2,NO INDICATION OF INJURY,0,0,10,6,41.9514130591,-87.6688308366
03/01/2026 08:30:00 PM,25,UNKNOWN,UNKNOWN,PARKED MOTOR VEHICLE,ONE-WAY,DRY,NO INJURY / DRIVE AWAY,UNABLE TO DETERMINE,2,3,NO INDICATION OF INJURY,0,0,20,1,41.9698339816,-87.7062173307
04/26/2022 08:30:00 AM,30,CLEAR,DAYLIGHT,PEDALCYCLIST,ROUNDABOUT,DRY,NO INJURY / DRIVE AWAY,UNABLE TO DETERMINE,2,4,NO INDICATION OF INJURY,0,0,8,3,41.9652279997,-87.6762571171
07/03/2025 05:51:00 PM,30,CLOUDY/OVERCAST,DAYLIGHT,FIXED OBJECT,PARKING LOT,DRY,NO INJURY / DRIVE AWAY,UNABLE TO DETERMINE,1,7,NO INDICATION OF INJURY,0,0,17,5,41.7912606178,-87.605084912
02/02/2022 03:00:00 PM,30,SNOW,DAYLIGHT,PARKED MOTOR VEHICLE,UNKNOWN,SNOW OR SLUSH,NO INJURY / DRIVE AWAY,IMPROPER BACKING,2,2,NO INDICATION OF INJURY,0,0,15,4,41.8068571827,-87.6124652734
08/10/2021 01:00:00 PM,10,CLEAR,DAYLIGHT,PARKED MOTOR VEHICLE,PARKING LOT,DRY,NO INJURY / DRIVE AWAY,UNABLE TO DETERMINE,2,8,NO INDICATION OF INJURY,0,0,13,3,41.9269248056,-87.7927510481
04/22/2021 03:00:00 PM,30,CLEAR,DAYLIGHT,SIDESWIPE SAME DIRECTION,ONE-WAY,DRY,NO INJURY / DRIVE AWAY,IMPROPER OVERTAKING/PASSING,2,4,NO INDICATION OF INJURY,0,0,15,5,41.8822310896,-87.6836508454
10/14/2022 07:30:00 PM,35,RAIN,"DARKNESS, LIGHTED ROAD",REAR END,DIVIDED - W/MEDIAN (NOT RAISED),WET,NO INJURY / DRIVE AWAY,UNABLE TO DETERMINE,3,10,NO INDICATION OF INJURY,0,0,19,6,41.7626261903,-87.5760772217
07/23/2023 07:18:00 AM,30,CLEAR,DAYLIGHT,TURNING,NOT DIVIDED,DRY,NO INJURY / DRIVE AWAY,IMPROPER TURNING/NO SIGNAL,2,7,NO INDICATION OF INJURY,0,0,7,1,41.7213650608,-87.6433580423
10/23/2023 02:30:00 PM,10,CLEAR,DAYLIGHT,PARKED MOTOR VEHICLE,PARKING LOT,DRY,NO INJURY / DRIVE AWAY,NOT APPLICABLE,2,10,NO INDICATION OF INJURY,0,0,14,2,41.8341473875,-87.6745978564
02/06/2025 07:47:00 AM,20,CLOUDY/OVERCAST,DAYLIGHT,REAR END,ONE-WAY,DRY,NO INJURY / DRIVE AWAY,FOLLOWING TOO CLOSELY,2,2,NO INDICATION OF INJURY,0,0,7,5,41.9062635613,-87.7167227898
10/26/2023 04:15:00 PM,30,RAIN,DAYLIGHT,SIDESWIPE SAME DIRECTION,DIVIDED - W/MEDIAN BARRIER,WET,NO INJURY / DRIVE AWAY,UNABLE TO DETERMINE,2,10,NO INDICATION OF INJURY,0,0,16,5,41.8799780653,-87.7745816701
02/08/2024 04:10:00 PM,30,CLEAR,DAYLIGHT,FIXED OBJECT,ONE-WAY,DRY,NO INJURY / DRIVE AWAY,NOT APPLICABLE,1,2,NO INDICATION OF INJURY,0,0,16,5,41.8918234902,-87.6253177097
12/09/2023 09:13:00 PM,5,CLEAR,"DARKNESS, LIGHTED ROAD",ANGLE,PARKING LOT,DRY,NO INJURY / DRIVE AWAY,IMPROPER BACKING,2,12,NO INDICATION OF INJURY,0,0,21,7,41.8745287445,-87.6255163708
08/16/2024 03:00:00 PM,30,CLEAR,DAYLIGHT,ANGLE,FOUR WAY,DRY,NO INJURY / DRIVE AWAY,DISREGARDING TRAFFIC SIGNALS,2,8,NO INDICATION OF INJURY,0,0,15,6,41.7586090061,-87.5957213605
02/22/2023 04:30:00 PM,30,RAIN,DARKNESS,PARKED MOTOR VEHICLE,PARKING LOT,WET,NO INJURY / DRIVE AWAY,NOT APPLICABLE,2,2,NO INDICATION OF INJURY,0,0,16,4,41.9931082854,-87.7287336369
09/11/2023 03:10:00 PM,30,RAIN,DAYLIGHT,TURNING,FOUR WAY,WET,NO INJURY / DRIVE AWAY,TURNING RIGHT ON RED,2,9,NO INDICATION OF INJURY,0,0,15,2,41.8066508999,-87.7166010836
04/26/2022 03:05:00 AM,30,CLEAR,"DARKNESS, LIGHTED ROAD",FIXED OBJECT,NOT DIVIDED,DRY,NO INJURY / DRIVE AWAY,DISREGARDING ROAD MARKINGS,1,4,NO INDICATION OF INJURY,0,0,3,3,41.7653864258,-87.6396407617
04/17/2023 03:32:00 PM,30,CLEAR,DAYLIGHT,TURNING,DIVIDED - W/MEDIAN (NOT RAISED),DRY,NO INJURY / DRIVE AWAY,UNABLE TO DETERMINE,2,4,NO INDICATION OF INJURY,0,0,15,2,41.9542296409,-87.6812468061
07/22/2024 02:04:00 PM,20,CLEAR,DAYLIGHT,REAR END,DIVIDED - W/MEDIAN BARRIER,DRY,INJURY AND / OR TOW DUE TO CRASH,IMPROPER OVERTAKING/PASSING,2,7,NO INDICATION OF INJURY,0,0,14,2,41.7801635555,-87.620925125
10/21/2022 11:30:00 AM,30,CLEAR,DAYLIGHT,TURNING,DIVIDED - W/MEDIAN BARRIER,DRY,INJURY AND / OR TOW DUE TO CRASH,FAILING TO YIELD RIGHT-OF-WAY,2,10,NONINCAPACITATING INJURY,3,0,11,6,41.7666422675,-87.6636890393
08/06/2025 01:00:00 PM,15,CLEAR,UNKNOWN,PARKED MOTOR VEHICLE,PARKING LOT,DRY,NO INJURY / DRIVE AWAY,UNABLE TO DETERMINE,2,8,NO INDICATION OF INJURY,0,0,13,4,41.7789832925,-87.6640610676
09/02/2025 09:04:00 PM,35,CLEAR,"DARKNESS, LIGHTED ROAD",REAR END,DIVIDED - W/MEDIAN (NOT RAISED),DRY,INJURY AND / OR TOW DUE TO CRASH,IMPROPER TURNING/NO SIGNAL,2,9,"REPORTED, NOT EVIDENT",1,0,21,3,41.7290822889,-87.6627210724
04/04/2022 06:50:00 AM,40,RAIN,DAWN,FIXED OBJECT,DIVIDED - W/MEDIAN BARRIER,WET,NO INJURY / DRIVE AWAY,FAILING TO REDUCE SPEED TO AVOID CRASH,1,4,NO INDICATION OF INJURY,0,0,6,2,41.9009589191,-87.6199281737
05/10/2022 09:40:00 AM,30,CLEAR,DAWN,SIDESWIPE SAME DIRECTION,DIVIDED - W/MEDIAN (NOT RAISED),DRY,NO INJURY / DRIVE AWAY,IMPROPER LANE USAGE,2,5,NO INDICATION OF INJURY,0,0,9,3,41.8731483272,-87.6207388596
07/17/2023 03:46:00 AM,30,CLEAR,"DARKNESS, LIGHTED ROAD",HEAD ON,NOT DIVIDED,DRY,INJURY AND / OR TOW DUE TO CRASH,UNABLE TO DETERMINE,3,7,"REPORTED, NOT EVIDENT",1,0,3,2,41.8954925423,-87.6771872352
07/23/2021 04:53:00 PM,30,CLEAR,DAYLIGHT,SIDESWIPE SAME DIRECTION,DIVIDED - W/MEDIAN (NOT RAISED),DRY,NO INJURY / DRIVE AWAY,FOLLOWING TOO CLOSELY,2,7,NO INDICATION OF INJURY,0,0,16,6,41.8962333151,-87.6640771599
05/31/2023 05:01:00 PM,30,CLEAR,DAYLIGHT,REAR END,NOT DIVIDED,DRY,NO INJURY / DRIVE AWAY,FAILING TO REDUCE SPEED TO AVOID CRASH,2,5,NO INDICATION OF INJURY,0,0,17,4,41.9492745986,-87.6496942748
09/28/2021 03:20:00 PM,30,UNKNOWN,DAYLIGHT,SIDESWIPE SAME DIRECTION,OTHER,UNKNOWN,NO INJURY / DRIVE AWAY,UNABLE TO DETERMINE,2,9,NO INDICATION OF INJURY,0,0,15,3,41.9470443094,-87.6884117199