CRASH_DATE,POSTED_SPEED_LIMIT,WEATHER_CONDITION,LIGHTING_CONDITION,FIRST_CRASH_TYPE,TRAFFICWAY_TYPE,ROADWAY_SURFACE_COND,CRASH_TYPE,PRIM_CONTRIBUTORY_CAUSE,NUM_UNITS,CRASH_MONTH,MOST_SEVERE_INJURY,INJURIES_TOTAL,INJURIES_FATAL,CRASH_HOUR,CRASH_DAY_OF_WEEK,LATITUDE,LONGITUDE
06/21/2022 06:42:00 PM,35,CLEAR,DAYLIGHT,PEDALCYCLIST,NOT DIVIDED,DRY,INJURY AND / OR TOW DUE TO CRASH,DRIVING SKILLS/KNOWLEDGE/EXPERIENCE,2,6,"REPORTED, NOT EVIDENT",1,0,18,3,41.7869340927,-87.6438184982
01/19/2021 07:50:00 PM,25,SNOW,"DARKNESS, LIGHTED ROAD",PARKED MOTOR VEHICLE,ONE-WAY,SNOW OR SLUSH,NO INJURY / DRIVE AWAY,UNABLE TO DETERMINE,2,1,NO INDICATION OF INJURY,0,0,19,3,42.002120091,-87.6691389474
11/16/2023 01:30:00 PM,30,CLEAR,DAYLIGHT,REAR END,NOT DIVIDED,DRY,NO INJURY / DRIVE AWAY,FOLLOWING TOO CLOSELY,2,11,NO INDICATION OF INJURY,0,0,13,5,41.8041103589,-87.7236234138
05/17/2025 07:44:00 PM,30,UNKNOWN,UNKNOWN,REAR END,ONE-WAY,UNKNOWN,INJURY AND / OR TOW DUE TO CRASH,NOT APPLICABLE,2,5,NONINCAPACITATING INJURY,2,0,19,7,41.9132171812,-87.7654908973
07/12/2022 07:40:00 PM,30,CLEAR,DUSK,REAR TO FRONT,NOT DIVIDED,DRY,NO INJURY / DRIVE AWAY,EQUIPMENT - VEHICLE CONDITION,3,7,NO INDICATION OF INJURY,0,0,19,3,41.8318358109,-87.6754618393
09/16/2024 07:30:00 AM,30,CLEAR,DAYLIGHT,TURNING,FOUR WAY,DRY,NO INJURY / DRIVE AWAY,IMPROPER TURNING/NO SIGNAL,2,9,NO INDICATION OF INJURY,0,0,7,2,41.9751768804,-87.757625285
07/07/2021 12:57:00 PM,15,CLEAR,DAYLIGHT,OTHER OBJECT,OTHER,DRY,NO INJURY / DRIVE AWAY,UNABLE TO DETERMINE,2,7,NO INDICATION OF INJURY,0,0,12,4,41.9492408088,-87.7052972491
03/23/2025 11:00:00 AM,30,CLEAR,DAYLIGHT,TURNING,NOT DIVIDED,DRY,NO INJURY / DRIVE AWAY,IMPROPER TURNING/NO SIGNAL,2,3,NO INDICATION OF INJURY,0,0,11,1,41.6838610866,-87.6162301862
06/04/2025 10:25:00 AM,30,RAIN,DAYLIGHT,PARKED MOTOR VEHICLE,NOT DIVIDED,WET,INJURY AND / OR TOW DUE TO CRASH,"EVASIVE ACTION DUE TO ANIMAL, OBJECT, NONMOTORIST",2,6,NO INDICATION OF INJURY,0,0,10,4,41.873456101,-87.6616194976
12/01/2021 08:56:00 AM,35,CLEAR,DAYLIGHT,TURNING,TRAFFIC ROUTE,DRY,INJURY AND / OR TOW DUE TO CRASH,UNABLE TO DETERMINE,2,12,NONINCAPACITATING INJURY,1,0,8,4,41.764185795,-87.5864263891
10/10/2024 06:29:00 PM,30,CLEAR,"DARKNESS, LIGHTED ROAD",TURNING,T-INTERSECTION,DRY,INJURY AND / OR TOW DUE TO CRASH,UNABLE TO DETERMINE,2,10,"REPORTED, NOT EVIDENT",1,0,18,5,41.7804962746,-87.5879698031
08/07/2024 05:56:00 PM,30,CLEAR,DAYLIGHT,ANGLE,FOUR WAY,DRY,NO INJURY / DRIVE AWAY,FAILING TO YIELD RIGHT-OF-WAY,2,8,NO INDICATION OF INJURY,0,0,17,4,41.8746307866,-87.6307286799
03/05/2026 09:21:00 PM,30,CLEAR,"DARKNESS, LIGHTED ROAD",ANGLE,NOT DIVIDED,DRY,NO INJURY / DRIVE AWAY,DISREGARDING TRAFFIC SIGNALS,2,3,NO INDICATION OF INJURY,0,0,21,5,41.8761900335,-87.6839772041
02/23/2021 02:15:00 PM,15,CLEAR,DAYLIGHT,SIDESWIPE SAME DIRECTION,DIVIDED - W/MEDIAN (NOT RAISED),SNOW OR SLUSH,NO INJURY / DRIVE AWAY,UNABLE TO DETERMINE,2,2,NO INDICATION OF INJURY,0,0,14,3,41.7360301752,-87.6290945086
11/03/2025 02:10:00 PM,30,CLEAR,DAYLIGHT,SIDESWIPE SAME DIRECTION,NOT DIVIDED,DRY,NO INJURY / DRIVE AWAY,DRIVING SKILLS/KNOWLEDGE/EXPERIENCE,2,11,NO INDICATION OF INJURY,0,0,14,2,41.875036267,-87.6766345774
12/06/2024 11:45:00 AM,30,CLEAR,DAYLIGHT,SIDESWIPE SAME DIRECTION,ONE-WAY,DRY,INJURY AND / OR TOW DUE TO CRASH,UNABLE TO DETERMINE,3,12,NO INDICATION OF INJURY,0,0,11,6,41.8574922593,-87.7275047023
08/21/2025 08:31:00 AM,30,CLEAR,DAYLIGHT,REAR END,UNKNOWN,DRY,NO INJURY / DRIVE AWAY,IMPROPER BACKING,2,8,NO INDICATION OF INJURY,0,0,8,5,41.9481007353,-87.6446865935
02/18/2022 07:42:00 AM,20,SNOW,DAYLIGHT,REAR END,ONE-WAY,SNOW OR SLUSH,NO INJURY / DRIVE AWAY,IMPROPER BACKING,2,2,NO INDICATION OF INJURY,0,0,7,6,41.7339351455,-87.6595095404
10/02/2025 10:46:00 PM,30,CLEAR,"DARKNESS, LIGHTED ROAD",PEDESTRIAN,NOT DIVIDED,DRY,INJURY AND / OR TOW DUE TO CRASH,IMPROPER OVERTAKING/PASSING,2,10,NONINCAPACITATING INJURY,1,0,22,5,41.9102469636,-87.6848404458
06/05/2025 05:25:00 PM,35,FOG/SMOKE/HAZE,DAYLIGHT,REAR END,NOT DIVIDED,DRY,INJURY AND / OR TOW DUE TO CRASH,FAILING TO REDUCE SPEED TO AVOID CRASH,2,6,"REPORTED, NOT EVIDENT",1,0,17,5,41.9699918642,-87.7881336353
04/22/2023 01:10:00 PM,30,SLEET/HAIL,DAYLIGHT,TURNING,FOUR WAY,WET,NO INJURY / DRIVE AWAY,IMPROPER LANE USAGE,2,4,NO INDICATION OF INJURY,0,0,13,7,41.7723113662,-87.6495992793
09/15/2021 03:34:00 PM,30,CLEAR,DAYLIGHT,ANGLE,NOT DIVIDED,DRY,NO INJURY / DRIVE AWAY,IMPROPER BACKING,2,9,NO INDICATION OF INJURY,0,0,15,4,41.9951148764,-87.6825815009
02/09/2022 05:30:00 PM,35,CLEAR,DAYLIGHT,REAR END,NOT DIVIDED,DRY,NO INJURY / DRIVE AWAY,UNABLE TO DETERMINE,2,2,NO INDICATION OF INJURY,0,0,17,4,41.9535774118,-87.762234723
06/06/2022 03:20:00 PM,30,CLEAR,DAYLIGHT,TURNING,NOT REPORTED,UNKNOWN,NO INJURY / DRIVE AWAY,UNABLE TO DETERMINE,2,6,NO INDICATION OF INJURY,0,0,15,2,41.7564161048,-87.6310407409
10/27/2021 07:40:00 AM,30,CLEAR,DAYLIGHT,TURNING,DIVIDED - W/MEDIAN (NOT RAISED),DRY,NO INJURY / DRIVE AWAY,UNABLE TO DETERMINE,2,10,NO INDICATION OF INJURY,0,0,7,4,41.8930247797,-87.6572858298
03/08/2022 12:55:00 PM,30,CLEAR,DAYLIGHT,TURNING,DIVIDED - W/MEDIAN (NOT RAISED),DRY,NO INJURY / DRIVE AWAY,DISREGARDING STOP SIGN,2,3,NO INDICATION OF INJURY,0,0,12,3,41.7796015926,-87.6630610337
03/02/2023 02:00:00 PM,30,CLEAR,DAYLIGHT,SIDESWIPE SAME DIRECTION,NOT DIVIDED,DRY,NO INJURY / DRIVE AWAY,UNABLE TO DETERMINE,2,3,NO INDICATION OF INJURY,0,0,14,5,41.9392037499,-87.7273101341
02/01/2026 02:50:00 PM,30,CLEAR,DAYLIGHT,REAR END,NOT DIVIDED,DRY,NO INJURY / DRIVE AWAY,FOLLOWING TOO CLOSELY,2,2,NO INDICATION OF INJURY,0,0,14,1,41.966797112,-87.7672994806
03/17/2026 04:10:00 PM,30,CLOUDY/OVERCAST,DAYLIGHT,PARKED MOTOR VEHICLE,NOT DIVIDED,UNKNOWN,NO INJURY / DRIVE AWAY,UNABLE TO DETERMINE,2,3,NO INDICATION OF INJURY,0,0,16,3,41.9227315324,-87.6447528911
06/29/2022 04:09:00 PM,30,CLEAR,DAYLIGHT,SIDESWIPE SAME DIRECTION,NOT DIVIDED,DRY,NO INJURY / DRIVE AWAY,IMPROPER LANE USAGE,2,6,NO INDICATION OF INJURY,0,0,16,4,41.9630766923,-87.6707301425
04/05/2022 01:30:00 PM,35,CLEAR,DAYLIGHT,PARKED MOTOR VEHICLE,NOT DIVIDED,DRY,NO INJURY / DRIVE AWAY,IMPROPER LANE USAGE,2,4,NO INDICATION OF INJURY,0,0,13,3,41.8532991568,-87.6239754764
02/21/2022 01:12:00 PM,30,FOG/SMOKE/HAZE,DAYLIGHT,TURNING,NOT DIVIDED,DRY,INJURY AND / OR TOW DUE TO CRASH,FAILING TO YIELD RIGHT-OF-WAY,2,2,NO INDICATION OF INJURY,0,0,13,2,41.8412658223,-87.6329007118
03/26/2022 04:52:00 PM,30,CLOUDY/OVERCAST,DAYLIGHT,TURNING,UNKNOWN INTERSECTION TYPE,DRY,INJURY AND / OR TOW DUE TO CRASH,UNABLE TO DETERMINE,2,3,NO INDICATION OF INJURY,0,0,16,7,41.8164388049,-87.6295865961
01/16/2026 06:43:00 PM,30,CLEAR,"DARKNESS, LIGHTED ROAD",PARKED MOTOR VEHICLE,NOT DIVIDED,DRY,NO INJURY / DRIVE AWAY,UNABLE TO DETERMINE,2,1,NO INDICATION OF INJURY,0,0,18,6,41.8095347808,-87.5924502234
07/09/2023 06:00:00 PM,15,CLEAR,DAYLIGHT,SIDESWIPE SAME DIRECTION,NOT DIVIDED,DRY,NO INJURY / DRIVE AWAY,IMPROPER OVERTAKING/PASSING,2,7,NO INDICATION OF INJURY,0,0,18,1,41.9410325397,-87.6441244544
05/31/2022 02:30:00 PM,30,CLEAR,DAYLIGHT,PARKED MOTOR VEHICLE,NOT DIVIDED,DRY,NO INJURY / DRIVE AWAY,IMPROPER LANE USAGE,2,5,NO INDICATION OF INJURY,0,0,14,3,41.7946388263,-87.6322670455
11/21/2024 10:43:00 PM,30,CLEAR,"DARKNESS, LIGHTED ROAD",PARKED MOTOR VEHICLE,NOT DIVIDED,WET,INJURY AND / OR TOW DUE TO CRASH,UNABLE TO DETERMINE,3,11,NO INDICATION OF INJURY,0,0,22,5,41.8305083157,-87.6744621771
09/07/2025 02:45:00 PM,30,CLEAR,DAYLIGHT,REAR END,DIVIDED - W/MEDIAN (NOT RAISED),DRY,INJURY AND / OR TOW DUE TO CRASH,FAILING TO REDUCE SPEED TO AVOID CRASH,3,9,NONINCAPACITATING INJURY,1,0,14,1,41.9868227194,-87.6650588094
03/18/2025 08:30:00 PM,30,UNKNOWN,UNKNOWN,PARKED MOTOR VEHICLE,NOT DIVIDED,UNKNOWN,NO INJURY / DRIVE AWAY,UNABLE TO DETERMINE,2,3,NO INDICATION OF INJURY,0,0,20,3,41.9670896913,-87.6595955637
07/15/2022 12:40:00 PM,30,RAIN,DAYLIGHT,REAR END,NOT DIVIDED,WET,NO INJURY / DRIVE AWAY,WEATHER,2,7,NO INDICATION OF INJURY,0,0,12,6,41.9689035752,-87.6762826511
05/19/2025 04:35:00 PM,30,CLEAR,DAYLIGHT,SIDESWIPE SAME DIRECTION,NOT DIVIDED,UNKNOWN,NO INJURY / DRIVE AWAY,UNABLE TO DETERMINE,2,5,NO INDICATION OF INJURY,0,0,16,2,41.9902996887,-87.7051332139
02/22/2026 07:30:00 AM,30,CLEAR,DAYLIGHT,SIDESWIPE SAME DIRECTION,UNKNOWN INTERSECTION TYPE,DRY,INJURY AND / OR TOW DUE TO CRASH,UNABLE TO DETERMINE,2,2,"REPORTED, NOT EVIDENT",1,0,7,1,41.9009589191,-87.6199281737
11/02/2021 08:10:00 AM,30,CLEAR,DAYLIGHT,SIDESWIPE SAME DIRECTION,NOT DIVIDED,DRY,NO INJURY / DRIVE AWAY,UNABLE TO DETERMINE,2,11,NO INDICATION OF INJURY,0,0,8,3,41.7443158746,-87.5853160413
05/25/2025 05:55:00 AM,30,RAIN,DAYLIGHT,PARKED MOTOR VEHICLE,NOT DIVIDED,WET,INJURY AND / OR TOW DUE TO CRASH,UNABLE TO DETERMINE,2,5,NO INDICATION OF INJURY,0,0,5,1,41.9391229685,-87.7332008781
09/22/2023 03:00:00 PM,10,CLEAR,DAYLIGHT,PARKED MOTOR VEHICLE,PARKING LOT,DRY,NO INJURY / DRIVE AWAY,UNABLE TO DETERMINE,2,9,NO INDICATION OF INJURY,0,0,15,6,41.9681329619,-87.7480531882
02/23/2026 05:04:00 PM,30,CLEAR,DAYLIGHT,ANGLE,DIVIDED - W/MEDIAN (NOT RAISED),DRY,INJURY AND / OR TOW DUE TO CRASH,FAILING TO YIELD RIGHT-OF-WAY,2,2,"REPORTED, NOT EVIDENT",1,0,17,2,41.7936275375,-87.6912970311
08/27/2024 11:39:00 PM,30,CLEAR,UNKNOWN,OTHER NONCOLLISION,PARKING LOT,DRY,NO INJURY / DRIVE AWAY,IMPROPER BACKING,1,8,NO INDICATION OF INJURY,0,0,23,3,41.7076421509,-87.6010128106
03/05/2024 08:00:00 PM,25,CLEAR,"DARKNESS, LIGHTED ROAD",PARKED MOTOR VEHICLE,NOT DIVIDED,DRY,INJURY AND / OR TOW DUE TO CRASH,DISTRACTION - FROM INSIDE VEHICLE,2,3,NO INDICATION OF INJURY,0,0,20,3,41.7829873068,-87.7864129418
09/24/2024 11:21:00 AM,30,RAIN,DAYLIGHT,REAR END,FOUR WAY,WET,INJURY AND / OR TOW DUE TO CRASH,FAILING TO REDUCE SPEED TO AVOID CRASH,2,9,INCAPACITATING INJURY,2,0,11,3,41.8640803824,-87.6760283114
03/01/2025 06:00:00 AM,20,CLEAR,DAWN,PARKED MOTOR VEHICLE,NOT DIVIDED,DRY,NO INJURY / DRIVE AWAY,UNABLE TO DETERMINE,2,3,NO INDICATION OF INJURY,0,0,6,7,41.8864131903,-87.7146854855
06/14/2023 09:35:00 PM,30,CLEAR,"DARKNESS, LIGHTED ROAD",SIDESWIPE SAME DIRECTION,CENTER TURN LANE,DRY,INJURY AND / OR TOW DUE TO CRASH,IMPROPER OVERTAKING/PASSING,2,6,INCAPACITATING INJURY,3,0,21,4,41.901532882,-87.6868425547
05/09/2024 05:00:00 PM,30,CLEAR,DAYLIGHT,ANGLE,FOUR WAY,DRY,NO INJURY / DRIVE AWAY,IMPROPER OVERTAKING/PASSING,2,5,NO INDICATION OF INJURY,0,0,17,5,41.9240695282,-87.7673487133
10/28/2021 05:57:00 PM,25,RAIN,"DARKNESS, LIGHTED ROAD",PEDESTRIAN,ONE-WAY,WET,NO INJURY / DRIVE AWAY,FAILING TO YIELD RIGHT-OF-WAY,2,10,NO INDICATION OF INJURY,0,0,17,5,41.8866335194,-87.6174134204
06/19/2023 06:05:00 PM,30,CLEAR,DAYLIGHT,PARKED MOTOR VEHICLE,PARKING LOT,DRY,NO INJURY / DRIVE AWAY,UNABLE TO DETERMINE,2,6,NO INDICATION OF INJURY,0,0,18,2,41.8586084477,-87.6651637583
02/14/2022 07:53:00 AM,15,CLEAR,DAYLIGHT,PARKED MOTOR VEHICLE,NOT DIVIDED,DRY,INJURY AND / OR TOW DUE TO CRASH,UNABLE TO DETERMINE,3,2,NO INDICATION OF INJURY,0,0,7,2,41.9653418602,-87.6694301319
08/18/2023 05:05:00 PM,30,UNKNOWN,UNKNOWN,REAR END,UNKNOWN,UNKNOWN,NO INJURY / DRIVE AWAY,UNABLE TO DETERMINE,2,8,NO INDICATION OF INJURY,0,0,17,6,41.9450108216,-87.8142730043
05/20/2023 09:55:00 AM,30,CLEAR,DAYLIGHT,REAR END,NOT DIVIDED,DRY,NO INJURY / DRIVE AWAY,FOLLOWING TOO CLOSELY,2,5,NO INDICATION OF INJURY,0,0,9,7,41.9399887875,-87.6407680185
09/05/2025 06:15:00 AM,30,CLEAR,DAYLIGHT,REAR END,NOT DIVIDED,DRY,NO INJURY / DRIVE AWAY,FOLLOWING TOO CLOSELY,2,9,NO INDICATION OF INJURY,0,0,6,6,41.9466915574,-87.6833424584
12/20/2021 09:40:00 AM,30,CLEAR,DAYLIGHT,FIXED OBJECT,DIVIDED - W/MEDIAN (NOT RAISED),DRY,INJURY AND / OR TOW DUE TO CRASH,DISREGARDING ROAD MARKINGS,1,12,NO INDICATION OF INJURY,0,0,9,2,41.8527575712,-87.630952871
08/05/2021 12:51:00 AM,30,CLEAR,"DARKNESS, LIGHTED ROAD",ANGLE,FOUR WAY,DRY,INJURY AND / OR TOW DUE TO CRASH,DISREGARDING TRAFFIC SIGNALS,2,8,NO INDICATION OF INJURY,0,0,0,5,41.801473266,-87.6454638308
05/26/2023 05:00:00 PM,25,CLEAR,DAYLIGHT,REAR END,OTHER,UNKNOWN,NO INJURY / DRIVE AWAY,UNABLE TO DETERMINE,2,5,NO INDICATION OF INJURY,0,0,17,6,41.7512406214,-87.6141234221
11/02/2023 01:30:00 PM,30,UNKNOWN,UNKNOWN,PARKED MOTOR VEHICLE,PARKING LOT,UNKNOWN,NO INJURY / DRIVE AWAY,UNABLE TO DETERMINE,2,11,NO INDICATION OF INJURY,0,0,13,5,41.9795935502,-87.7585892718
11/11/2021 03:22:00 PM,30,CLEAR,DAYLIGHT,PARKED MOTOR VEHICLE,NOT DIVIDED,DRY,INJURY AND / OR TOW DUE TO CRASH,UNABLE TO DETERMINE,3,11,NO INDICATION OF INJURY,0,0,15,5,41.9625458525,-87.7602118656
01/18/2023 11:35:00 AM,30,CLEAR,DAYLIGHT,FIXED OBJECT,DIVIDED - W/MEDIAN BARRIER,DRY,NO INJURY / DRIVE AWAY,NOT APPLICABLE,1,1,NO INDICATION OF INJURY,0,0,11,4,41.8309734293,-87.6374984479
10/27/2023 01:20:00 PM,30,CLOUDY/OVERCAST,DAYLIGHT,REAR END,DIVIDED - W/MEDIAN (NOT RAISED),DRY,INJURY AND / OR TOW DUE TO CRASH,FOLLOWING TOO CLOSELY,2,10,"REPORTED, NOT EVIDENT",2,0,13,6,41.7539015158,-87.6636703331
10/28/2023 07:20:00 PM,30,UNKNOWN,"DARKNESS, LIGHTED ROAD",PARKED MOTOR VEHICLE,PARKING LOT,UNKNOWN,NO INJURY / DRIVE AWAY,IMPROPER BACKING,2,10,NO INDICATION OF INJURY,0,0,19,7,41.9473785588,-87.72820548
02/21/2022 07:14:00 AM,25,CLOUDY/OVERCAST,DAYLIGHT,REAR END,NOT DIVIDED,WET,INJURY AND / OR TOW DUE TO CRASH,FAILING TO REDUCE SPEED TO AVOID CRASH,3,2,NO INDICATION OF INJURY,0,0,7,2,41.8579451669,-87.6637121014
03/20/2023 08:15:00 AM,15,CLEAR,DAYLIGHT,ANGLE,ALLEY,DRY,NO INJURY / DRIVE AWAY,IMPROPER BACKING,4,3,NO INDICATION OF INJURY,0,0,8,2,41.9025494121,-87.7270057539
04/04/2022 12:15:00 AM,25,RAIN,DARKNESS,PARKED MOTOR VEHICLE,NOT DIVIDED,WET,NO INJURY / DRIVE AWAY,FAILING TO REDUCE SPEED TO AVOID CRASH,3,4,NO INDICATION OF INJURY,0,0,0,2,41.7284421396,-87.5610308346
04/16/2021 02:45:00 PM,30,CLEAR,DAYLIGHT,SIDESWIPE SAME DIRECTION,NOT DIVIDED,SNOW OR SLUSH,NO INJURY / DRIVE AWAY,NOT APPLICABLE,2,4,NO INDICATION OF INJURY,0,0,14,6,41.7412742997,-87.7143295821
06/07/2023 08:10:00 AM,30,CLEAR,DAYLIGHT,PARKED MOTOR VEHICLE,NOT DIVIDED,UNKNOWN,NO INJURY / DRIVE AWAY,UNABLE TO DETERMINE,2,6,NO INDICATION OF INJURY,0,0,8,4,41.6993156308,-87.6601959527
02/10/2025 07:35:00 AM,30,CLEAR,DAYLIGHT,SIDESWIPE SAME DIRECTION,NOT DIVIDED,DRY,INJURY AND / OR TOW DUE TO CRASH,IMPROPER OVERTAKING/PASSING,2,2,"REPORTED, NOT EVIDENT",2,0,7,2,41.8526407885,-87.6437341071
03/21/2024 04:38:00 PM,25,CLEAR,DAYLIGHT,REAR TO FRONT,ALLEY,DRY,NO INJURY / DRIVE AWAY,NOT APPLICABLE,2,3,NO INDICATION OF INJURY,0,0,16,5,41.9040521808,-87.7468876732
03/13/2023 06:00:00 AM,35,SNOW,DAYLIGHT,REAR END,FOUR WAY,SNOW OR SLUSH,NO INJURY / DRIVE AWAY,FAILING TO REDUCE SPEED TO AVOID CRASH,2,3,NO INDICATION OF INJURY,0,0,6,2,41.677435819,-87.6613013176
08/26/2023 04:00:00 PM,30,CLEAR,UNKNOWN,PARKED MOTOR VEHICLE,ONE-WAY,DRY,INJURY AND / OR TOW DUE TO CRASH,UNABLE TO DETERMINE,2,8,NO INDICATION OF INJURY,0,0,16,7,41.8513006368,-87.711180078
09/17/2023 06:30:00 AM,30,RAIN,"DARKNESS, LIGHTED ROAD",ANGLE,NOT DIVIDED,WET,NO INJURY / DRIVE AWAY,UNABLE TO DETERMINE,2,9,NO INDICATION OF INJURY,0,0,6,1,41.9654110236,-87.6625852174
07/09/2024 10:27:00 AM,30,CLEAR,DAYLIGHT,ANGLE,DIVIDED - W/MEDIAN (NOT RAISED),DRY,INJURY AND / OR TOW DUE TO CRASH,DISREGARDING TRAFFIC SIGNALS,2,7,NONINCAPACITATING INJURY,1,0,10,3,41.7478775471,-87.5760629125
08/14/2023 08:15:00 AM,35,CLEAR,DAYLIGHT,REAR END,DIVIDED - W/MEDIAN BARRIER,DRY,NO INJURY / DRIVE AWAY,UNABLE TO DETERMINE,2,8,NO INDICATION OF INJURY,0,0,8,2,41.7221539388,-87.6044477356
04/08/2025 03:11:00 PM,30,CLEAR,DAYLIGHT,REAR END,"FIVE POINT, OR MORE",DRY,INJURY AND / OR TOW DUE TO CRASH,NOT APPLICABLE,2,4,"REPORTED, NOT EVIDENT",1,0,15,3,41.7729100339,-87.6155947054
04/03/2022 12:40:00 PM,30,CLEAR,DAYLIGHT,HEAD ON,NOT DIVIDED,DRY,INJURY AND / OR TOW DUE TO CRASH,UNABLE TO DETERMINE,2,4,NONINCAPACITATING INJURY,2,0,12,1,41.8596423092,-87.7248305394
06/08/2022 08:45:00 AM,30,CLEAR,DAYLIGHT,PARKED MOTOR VEHICLE,NOT DIVIDED,DRY,NO INJURY / DRIVE AWAY,IMPROPER OVERTAKING/PASSING,2,6,NO INDICATION OF INJURY,0,0,8,4,41.6904310575,-87.6131603259
02/06/2025 08:20:00 AM,30,RAIN,DAYLIGHT,REAR END,FOUR WAY,ICE,NO INJURY / DRIVE AWAY,WEATHER,2,2,NO INDICATION OF INJURY,0,0,8,5,41.853935254,-87.6903118068
09/01/2022 11:15:00 PM,30,CLEAR,DARKNESS,PEDALCYCLIST,UNKNOWN,DRY,INJURY AND / OR TOW DUE TO CRASH,UNABLE TO DETERMINE,2,9,INCAPACITATING INJURY,1,0,23,5,41.9436113647,-87.6543689053
12/24/2024 05:45:00 AM,30,CLEAR,"DARKNESS, LIGHTED ROAD",REAR END,DIVIDED - W/MEDIAN (NOT RAISED),DRY,NO INJURY / DRIVE AWAY,FOLLOWING TOO CLOSELY,2,12,NO INDICATION OF INJURY,0,0,5,3,41.8743399012,-87.7353653588
01/16/2021 06:00:00 PM,30,CLEAR,DAYLIGHT,SIDESWIPE SAME DIRECTION,DIVIDED - W/MEDIAN (NOT RAISED),DRY,NO INJURY / DRIVE AWAY,IMPROPER LANE USAGE,2,1,NO INDICATION OF INJURY,0,0,18,7,41.7772617725,-87.8007496292
02/27/2026 12:00:00 PM,35,CLEAR,DAYLIGHT,SIDESWIPE SAME DIRECTION,DIVIDED - W/MEDIAN (NOT RAISED),DRY,NO INJURY / DRIVE AWAY,IMPROPER OVERTAKING/PASSING,2,2,NO INDICATION OF INJURY,0,0,12,6,41.8511998366,-87.6188194842
01/17/2023 12:10:00 PM,30,CLEAR,DAYLIGHT,SIDESWIPE SAME DIRECTION,NOT DIVIDED,DRY,INJURY AND / OR TOW DUE TO CRASH,FAILING TO YIELD RIGHT-OF-WAY,2,1,NONINCAPACITATING INJURY,4,0,12,3,41.8664507524,-87.7111967953
05/25/2023 11:30:00 AM,35,CLEAR,DAYLIGHT,TURNING,DIVIDED - W/MEDIAN BARRIER,DRY,NO INJURY / DRIVE AWAY,UNABLE TO DETERMINE,3,5,NO INDICATION OF INJURY,0,0,11,5,41.8169056947,-87.7237581135
04/13/2026 10:30:00 AM,30,CLEAR,DAYLIGHT,ANGLE,NOT DIVIDED,DRY,NO INJURY / DRIVE AWAY,UNABLE TO DETERMINE,2,4,NO INDICATION OF INJURY,0,0,10,2,41.8881668846,-87.6247266565
04/14/2024 05:35:00 PM,30,CLEAR,DAYLIGHT,FIXED OBJECT,NOT DIVIDED,DRY,INJURY AND / OR TOW DUE TO CRASH,DRIVING SKILLS/KNOWLEDGE/EXPERIENCE,1,4,INCAPACITATING INJURY,2,0,17,1,41.7076421509,-87.6010128106
06/16/2025 01:45:00 PM,25,CLEAR,DAYLIGHT,TURNING,NOT DIVIDED,DRY,NO INJURY / DRIVE AWAY,DRIVING SKILLS/KNOWLEDGE/EXPERIENCE,2,6,NO INDICATION OF INJURY,0,0,13,2,41.8380231094,-87.6560655358
04/17/2025 12:12:00 PM,30,CLEAR,DAYLIGHT,REAR END,NOT DIVIDED,DRY,NO INJURY / DRIVE AWAY,UNABLE TO DETERMINE,2,4,NO INDICATION OF INJURY,0,0,12,5,41.91593006,-87.7658638188
08/26/2021 08:30:00 AM,30,CLEAR,DAYLIGHT,REAR END,NOT DIVIDED,DRY,NO INJURY / DRIVE AWAY,UNABLE TO DETERMINE,2,8,NO INDICATION OF INJURY,0,0,8,5,41.773438566,-87.5668993058
02/10/2025 07:30:00 AM,25,CLEAR,DAYLIGHT,PARKED MOTOR VEHICLE,ONE-WAY,DRY,NO INJURY / DRIVE AWAY,UNABLE TO DETERMINE,2,2,NO INDICATION OF INJURY,0,0,7,2,41.7606602762,-87.7028045079
11/28/2022 08:45:00 AM,30,CLEAR,DAYLIGHT,REAR END,DIVIDED - W/MEDIAN (NOT RAISED),DRY,NO INJURY / DRIVE AWAY,FOLLOWING TOO CLOSELY,2,11,NO INDICATION OF INJURY,0,0,8,2,41.7737987995,-87.6739011736
11/24/2023 04:36:00 PM,30,CLEAR,"DARKNESS, LIGHTED ROAD",ANGLE,DIVIDED - W/MEDIAN (NOT RAISED),DRY,NO INJURY / DRIVE AWAY,DISREGARDING TRAFFIC SIGNALS,2,11,NO INDICATION OF INJURY,0,0,16,6,41.925064062,-87.6836816475
04/20/2022 03:33:00 AM,30,CLEAR,"DARKNESS, LIGHTED ROAD",PARKED MOTOR VEHICLE,NOT DIVIDED,DRY,INJURY AND / OR TOW DUE TO CRASH,"OPERATING VEHICLE IN ERRATIC, RECKLESS, CARELESS, NEGLIGENT OR AGGRESSIVE MANNER",2,4,NO INDICATION OF INJURY,0,0,3,4,41.7715958406,-87.5888446728
12/05/2021 12:10:00 AM,30,CLEAR,"DARKNESS, LIGHTED ROAD",PARKED MOTOR VEHICLE,NOT DIVIDED,DRY,INJURY AND / OR TOW DUE TO CRASH,UNABLE TO DETERMINE,2,12,NO INDICATION OF INJURY,0,0,0,1,41.6949690362,-87.7201070359
01/12/2022 08:11:00 PM,30,CLEAR,"DARKNESS, LIGHTED ROAD",REAR END,ONE-WAY,UNKNOWN,NO INJURY / DRIVE AWAY,FOLLOWING TOO CLOSELY,2,1,NO INDICATION OF INJURY,0,0,20,4,41.8845256252,-87.626395831