CRASH_DATE,POSTED_SPEED_LIMIT,WEATHER_CONDITION,LIGHTING_CONDITION,FIRST_CRASH_TYPE,TRAFFICWAY_TYPE,ROADWAY_SURFACE_COND,CRASH_TYPE,PRIM_CONTRIBUTORY_CAUSE,NUM_UNITS,CRASH_MONTH,MOST_SEVERE_INJURY,INJURIES_TOTAL,INJURIES_FATAL,CRASH_HOUR,CRASH_DAY_OF_WEEK,LATITUDE,LONGITUDE
10/15/2025 06:30:00 AM,30,CLEAR,"DARKNESS, LIGHTED ROAD",PARKED MOTOR VEHICLE,NOT DIVIDED,DRY,NO INJURY / DRIVE AWAY,UNABLE TO DETERMINE,2,10,NO INDICATION OF INJURY,0,0,6,4,41.9362871451,-87.6600873838
04/28/2023 03:55:00 PM,30,CLEAR,DAYLIGHT,ANGLE,T-INTERSECTION,DRY,INJURY AND / OR TOW DUE TO CRASH,FAILING TO YIELD RIGHT-OF-WAY,2,4,NONINCAPACITATING INJURY,1,0,15,6,41.9957871193,-87.8066654809
12/01/2022 12:55:00 PM,30,CLEAR,DAYLIGHT,TURNING,NOT DIVIDED,DRY,NO INJURY / DRIVE AWAY,UNABLE TO DETERMINE,2,12,NO INDICATION OF INJURY,0,0,12,5,41.9392054664,-87.7271256343
08/15/2022 12:45:00 AM,30,UNKNOWN,DARKNESS,REAR END,NOT DIVIDED,DRY,NO INJURY / DRIVE AWAY,UNABLE TO DETERMINE,2,8,NO INDICATION OF INJURY,0,0,0,2,41.8853546365,-87.7257555436
10/06/2023 09:00:00 AM,30,CLEAR,DAYLIGHT,SIDESWIPE SAME DIRECTION,NOT DIVIDED,DRY,NO INJURY / DRIVE AWAY,UNABLE TO DETERMINE,2,10,NO INDICATION OF INJURY,0,0,9,6,41.8820178064,-87.6260659931
03/03/2023 12:22:00 AM,30,CLEAR,"DARKNESS, LIGHTED ROAD",TURNING,FOUR WAY,DRY,INJURY AND / OR TOW DUE TO CRASH,IMPROPER TURNING/NO SIGNAL,2,3,NO INDICATION OF INJURY,0,0,0,6,41.7786364688,-87.7229063557
10/18/2022 11:00:00 AM,30,CLEAR,DAYLIGHT,TURNING,NOT DIVIDED,DRY,NO INJURY / DRIVE AWAY,UNABLE TO DETERMINE,2,10,NO INDICATION OF INJURY,0,0,11,3,41.9732357538,-87.80691294
11/19/2023 01:10:00 PM,30,CLEAR,DAYLIGHT,PARKED MOTOR VEHICLE,DIVIDED - W/MEDIAN (NOT RAISED),DRY,NO INJURY / DRIVE AWAY,UNABLE TO DETERMINE,2,11,NO INDICATION OF INJURY,0,0,13,1,41.9653393681,-87.653479057
01/30/2022 12:45:00 AM,30,SNOW,"DARKNESS, LIGHTED ROAD",TURNING,NOT DIVIDED,WET,NO INJURY / DRIVE AWAY,IMPROPER TURNING/NO SIGNAL,2,1,NO INDICATION OF INJURY,0,0,0,1,41.7026858266,-87.5597477072
12/21/2023 11:40:00 AM,30,CLEAR,DAYLIGHT,PARKED MOTOR VEHICLE,DIVIDED - W/MEDIAN (NOT RAISED),DRY,NO INJURY / DRIVE AWAY,DRIVING SKILLS/KNOWLEDGE/EXPERIENCE,2,12,NO INDICATION OF INJURY,0,0,11,5,41.9902247075,-87.730286153
03/07/2022 08:37:00 AM,35,SNOW,DAYLIGHT,REAR END,NOT DIVIDED,WET,NO INJURY / DRIVE AWAY,FOLLOWING TOO CLOSELY,2,3,NO INDICATION OF INJURY,0,0,8,2,41.8370517559,-87.7209221839
09/11/2024 04:58:00 PM,30,CLEAR,DAYLIGHT,ANGLE,NOT DIVIDED,DRY,INJURY AND / OR TOW DUE TO CRASH,UNABLE TO DETERMINE,2,9,NO INDICATION OF INJURY,0,0,16,4,41.8988263367,-87.7076340331
11/15/2022 03:09:00 PM,30,RAIN,DAYLIGHT,ANGLE,NOT DIVIDED,WET,NO INJURY / DRIVE AWAY,FAILING TO YIELD RIGHT-OF-WAY,2,11,NO INDICATION OF INJURY,0,0,15,3,41.9461926303,-87.6880972427
02/02/2023 12:30:00 PM,30,CLEAR,DAYLIGHT,SIDESWIPE SAME DIRECTION,DIVIDED - W/MEDIAN (NOT RAISED),DRY,NO INJURY / DRIVE AWAY,IMPROPER OVERTAKING/PASSING,2,2,NO INDICATION OF INJURY,0,0,12,5,41.8581719501,-87.6483139258
03/20/2023 07:20:00 PM,30,CLEAR,"DARKNESS, LIGHTED ROAD",ANGLE,FOUR WAY,DRY,NO INJURY / DRIVE AWAY,DISREGARDING STOP SIGN,2,3,NO INDICATION OF INJURY,0,0,19,2,41.9610654925,-87.7094095846
04/27/2024 12:56:00 PM,30,CLEAR,DAYLIGHT,TURNING,NOT DIVIDED,DRY,NO INJURY / DRIVE AWAY,IMPROPER TURNING/NO SIGNAL,2,4,NO INDICATION OF INJURY,0,0,12,7,41.8084599704,-87.6685481439
04/01/2024 04:17:00 PM,30,RAIN,DAYLIGHT,PARKED MOTOR VEHICLE,NOT DIVIDED,WET,NO INJURY / DRIVE AWAY,UNABLE TO DETERMINE,2,4,NO INDICATION OF INJURY,0,0,16,2,41.7768118097,-87.6351113991
04/23/2021 10:15:00 AM,20,CLEAR,DAYLIGHT,PARKED MOTOR VEHICLE,ONE-WAY,DRY,INJURY AND / OR TOW DUE TO CRASH,UNABLE TO DETERMINE,3,4,NO INDICATION OF INJURY,0,0,10,6,41.9334396696,-87.7688976895
12/17/2021 03:00:00 PM,15,CLEAR,DAYLIGHT,TURNING,DIVIDED - W/MEDIAN (NOT RAISED),DRY,NO INJURY / DRIVE AWAY,UNABLE TO DETERMINE,2,12,NO INDICATION OF INJURY,0,0,15,6,41.9502791355,-87.687794051
08/13/2024 04:55:00 PM,30,CLEAR,DAYLIGHT,PARKED MOTOR VEHICLE,DIVIDED - W/MEDIAN (NOT RAISED),DRY,NO INJURY / DRIVE AWAY,FAILING TO REDUCE SPEED TO AVOID CRASH,2,8,NO INDICATION OF INJURY,0,0,16,3,41.7436986978,-87.6287157075
01/27/2021 01:35:00 PM,30,SNOW,DAWN,PARKED MOTOR VEHICLE,NOT DIVIDED,SNOW OR SLUSH,NO INJURY / DRIVE AWAY,UNABLE TO DETERMINE,2,1,NO INDICATION OF INJURY,0,0,13,4,41.7722660755,-87.6447387795
01/04/2026 01:00:00 AM,25,CLEAR,"DARKNESS, LIGHTED ROAD",SIDESWIPE SAME DIRECTION,NOT DIVIDED,DRY,NO INJURY / DRIVE AWAY,NOT APPLICABLE,2,1,NO INDICATION OF INJURY,0,0,1,1,41.9024197312,-87.6297937792
09/16/2024 11:15:00 AM,30,CLEAR,DAYLIGHT,REAR END,DIVIDED - W/MEDIAN (NOT RAISED),DRY,NO INJURY / DRIVE AWAY,FOLLOWING TOO CLOSELY,2,9,NO INDICATION OF INJURY,0,0,11,2,42.0121587495,-87.6908117406
04/10/2025 01:40:00 PM,30,CLOUDY/OVERCAST,DAYLIGHT,TURNING,FOUR WAY,DRY,INJURY AND / OR TOW DUE TO CRASH,IMPROPER TURNING/NO SIGNAL,2,4,NO INDICATION OF INJURY,0,0,13,5,41.886780184,-87.6867285043
01/03/2025 08:20:00 PM,30,CLEAR,DUSK,PARKED MOTOR VEHICLE,DIVIDED - W/MEDIAN (NOT RAISED),DRY,INJURY AND / OR TOW DUE TO CRASH,DISTRACTION - FROM INSIDE VEHICLE,2,1,"REPORTED, NOT EVIDENT",1,0,20,6,41.9841617017,-87.6896119894
02/16/2022 03:00:00 PM,30,CLEAR,DAYLIGHT,PARKED MOTOR VEHICLE,PARKING LOT,DRY,NO INJURY / DRIVE AWAY,UNABLE TO DETERMINE,2,2,NO INDICATION OF INJURY,0,0,15,4,41.7697334053,-87.6371164138
08/02/2022 04:35:00 PM,35,CLEAR,DAYLIGHT,ANGLE,FOUR WAY,DRY,NO INJURY / DRIVE AWAY,FAILING TO YIELD RIGHT-OF-WAY,2,8,NO INDICATION OF INJURY,0,0,16,3,41.7581746727,-87.5567008213
11/23/2021 07:15:00 PM,30,UNKNOWN,UNKNOWN,SIDESWIPE OPPOSITE DIRECTION,NOT DIVIDED,UNKNOWN,NO INJURY / DRIVE AWAY,UNABLE TO DETERMINE,2,11,NO INDICATION OF INJURY,0,0,19,3,41.9924192509,-87.6589294644
03/26/2025 12:56:00 AM,30,CLEAR,"DARKNESS, LIGHTED ROAD",SIDESWIPE SAME DIRECTION,DIVIDED - W/MEDIAN (NOT RAISED),DRY,NO INJURY / DRIVE AWAY,"OPERATING VEHICLE IN ERRATIC, RECKLESS, CARELESS, NEGLIGENT OR AGGRESSIVE MANNER",2,3,NO INDICATION OF INJURY,0,0,0,4,41.9286173965,-87.6783243432
08/18/2025 03:14:00 PM,30,CLEAR,DAYLIGHT,SIDESWIPE SAME DIRECTION,OTHER,DRY,NO INJURY / DRIVE AWAY,IMPROPER OVERTAKING/PASSING,3,8,NO INDICATION OF INJURY,0,0,15,2,41.8164920749,-87.6336245191
04/14/2023 06:30:00 PM,35,CLEAR,DARKNESS,PEDESTRIAN,PARKING LOT,DRY,NO INJURY / DRIVE AWAY,NOT APPLICABLE,2,4,NO INDICATION OF INJURY,0,0,18,6,41.8932447739,-87.6327867038
08/17/2025 04:00:00 PM,30,CLEAR,DAYLIGHT,PARKED MOTOR VEHICLE,NOT DIVIDED,DRY,NO INJURY / DRIVE AWAY,FOLLOWING TOO CLOSELY,2,8,NO INDICATION OF INJURY,0,0,16,1,41.9242938884,-87.7335018576
08/28/2024 03:46:00 PM,30,CLEAR,DAYLIGHT,PARKED MOTOR VEHICLE,NOT DIVIDED,DRY,NO INJURY / DRIVE AWAY,UNABLE TO DETERMINE,2,8,NO INDICATION OF INJURY,0,0,15,4,41.9638255533,-87.7182658274
10/10/2021 12:40:00 PM,30,CLEAR,DAYLIGHT,ANGLE,UNKNOWN INTERSECTION TYPE,DRY,INJURY AND / OR TOW DUE TO CRASH,DISREGARDING TRAFFIC SIGNALS,2,10,NO INDICATION OF INJURY,0,0,12,1,41.8734792205,-87.7196088957
10/23/2022 03:56:00 AM,30,CLEAR,"DARKNESS, LIGHTED ROAD",SIDESWIPE OPPOSITE DIRECTION,OTHER,DRY,NO INJURY / DRIVE AWAY,FAILING TO REDUCE SPEED TO AVOID CRASH,2,10,NO INDICATION OF INJURY,0,0,3,1,41.8950326044,-87.7664781283
05/20/2025 06:59:00 PM,30,RAIN,DUSK,SIDESWIPE OPPOSITE DIRECTION,NOT DIVIDED,WET,NO INJURY / DRIVE AWAY,IMPROPER LANE USAGE,2,5,NO INDICATION OF INJURY,0,0,18,3,41.9917631909,-87.680632919
09/05/2024 02:30:00 PM,35,CLEAR,DAYLIGHT,TURNING,NOT DIVIDED,DRY,NO INJURY / DRIVE AWAY,IMPROPER TURNING/NO SIGNAL,2,9,NO INDICATION OF INJURY,0,0,14,5,41.8793853026,-87.6272810588
10/10/2022 11:20:00 PM,30,CLEAR,"DARKNESS, LIGHTED ROAD",REAR END,NOT DIVIDED,UNKNOWN,NO INJURY / DRIVE AWAY,UNABLE TO DETERMINE,2,10,NO INDICATION OF INJURY,0,0,23,2,41.9290354101,-87.6490339279
01/26/2022 08:48:00 PM,30,CLEAR,"DARKNESS, LIGHTED ROAD",SIDESWIPE SAME DIRECTION,DIVIDED - W/MEDIAN BARRIER,DRY,NO INJURY / DRIVE AWAY,IMPROPER BACKING,2,1,NO INDICATION OF INJURY,0,0,20,4,41.8876994732,-87.6208487999
03/26/2021 06:30:00 PM,30,CLEAR,DAWN,ANGLE,FOUR WAY,DRY,NO INJURY / DRIVE AWAY,UNABLE TO DETERMINE,2,3,NO INDICATION OF INJURY,0,0,18,6,41.8819844348,-87.7401630114
02/02/2026 11:00:00 AM,25,CLEAR,DAYLIGHT,TURNING,NOT DIVIDED,SNOW OR SLUSH,NO INJURY / DRIVE AWAY,UNABLE TO DETERMINE,2,2,NO INDICATION OF INJURY,0,0,11,2,41.9970301459,-87.6994732507
05/02/2021 02:06:00 PM,30,CLEAR,DAWN,PARKED MOTOR VEHICLE,PARKING LOT,DRY,NO INJURY / DRIVE AWAY,UNABLE TO DETERMINE,2,5,,,,14,1,41.696313684,-87.5966322439
02/07/2026 02:00:00 PM,30,CLEAR,DAYLIGHT,TURNING,DIVIDED - W/MEDIAN (NOT RAISED),DRY,NO INJURY / DRIVE AWAY,UNABLE TO DETERMINE,2,2,NO INDICATION OF INJURY,0,0,14,7,41.8998349207,-87.6277991724
02/22/2022 08:20:00 PM,30,FREEZING RAIN/DRIZZLE,"DARKNESS, LIGHTED ROAD",REAR END,NOT DIVIDED,ICE,NO INJURY / DRIVE AWAY,WEATHER,3,2,NO INDICATION OF INJURY,0,0,20,3,41.7658596705,-87.5900148847
03/05/2023 10:36:00 AM,30,CLEAR,DAYLIGHT,REAR END,NOT DIVIDED,DRY,NO INJURY / DRIVE AWAY,UNABLE TO DETERMINE,2,3,NO INDICATION OF INJURY,0,0,10,1,41.9315787362,-87.7513860724
04/26/2026 10:00:00 AM,35,CLEAR,DAYLIGHT,ANGLE,NOT DIVIDED,DRY,NO INJURY / DRIVE AWAY,UNABLE TO DETERMINE,2,4,NO INDICATION OF INJURY,0,0,10,1,41.92589841,-87.7659109477
01/20/2023 06:10:00 AM,35,UNKNOWN,UNKNOWN,SIDESWIPE SAME DIRECTION,NOT DIVIDED,UNKNOWN,NO INJURY / DRIVE AWAY,IMPROPER OVERTAKING/PASSING,2,1,NO INDICATION OF INJURY,0,0,6,6,41.8939642683,-87.62806283
05/24/2021 09:30:00 PM,30,CLEAR,DAWN,SIDESWIPE SAME DIRECTION,DIVIDED - W/MEDIAN BARRIER,DRY,INJURY AND / OR TOW DUE TO CRASH,UNABLE TO DETERMINE,2,5,NO INDICATION OF INJURY,0,0,21,2,41.7518453078,-87.5861482354
05/08/2023 07:40:00 PM,30,CLEAR,"DARKNESS, LIGHTED ROAD",ANGLE,NOT DIVIDED,DRY,NO INJURY / DRIVE AWAY,FAILING TO YIELD RIGHT-OF-WAY,2,5,NO INDICATION OF INJURY,0,0,19,2,41.7073119322,-87.6209814231
03/11/2024 11:35:00 AM,30,CLEAR,DAYLIGHT,REAR END,NOT DIVIDED,DRY,INJURY AND / OR TOW DUE TO CRASH,FOLLOWING TOO CLOSELY,2,3,"REPORTED, NOT EVIDENT",1,0,11,2,41.8957122297,-87.6343256832
09/01/2021 06:16:00 PM,15,CLEAR,DAYLIGHT,TURNING,PARKING LOT,DRY,INJURY AND / OR TOW DUE TO CRASH,UNABLE TO DETERMINE,2,9,NO INDICATION OF INJURY,0,0,18,4,41.6778366046,-87.6626311185
09/23/2022 06:05:00 PM,30,CLEAR,DUSK,OTHER NONCOLLISION,NOT DIVIDED,DRY,NO INJURY / DRIVE AWAY,DRIVING SKILLS/KNOWLEDGE/EXPERIENCE,1,9,NO INDICATION OF INJURY,0,0,18,6,41.9583738459,-87.7673207624
08/11/2022 01:30:00 PM,35,UNKNOWN,UNKNOWN,REAR END,UNKNOWN,UNKNOWN,NO INJURY / DRIVE AWAY,UNABLE TO DETERMINE,2,8,NO INDICATION OF INJURY,0,0,13,5,41.7362094694,-87.6243055191
08/12/2025 11:15:00 AM,30,CLEAR,DAYLIGHT,REAR END,NOT DIVIDED,DRY,NO INJURY / DRIVE AWAY,FOLLOWING TOO CLOSELY,2,8,NO INDICATION OF INJURY,0,0,11,3,41.9982179205,-87.6606952556
04/23/2022 11:45:00 PM,30,CLEAR,"DARKNESS, LIGHTED ROAD",REAR END,NOT DIVIDED,DRY,INJURY AND / OR TOW DUE TO CRASH,FOLLOWING TOO CLOSELY,3,4,NO INDICATION OF INJURY,0,0,23,7,41.910504148,-87.6688482052
08/15/2024 09:10:00 PM,30,CLEAR,"DARKNESS, LIGHTED ROAD",PARKED MOTOR VEHICLE,ONE-WAY,DRY,NO INJURY / DRIVE AWAY,IMPROPER BACKING,2,8,NO INDICATION OF INJURY,0,0,21,5,41.8757907827,-87.7450880495
12/31/2025 11:24:00 PM,40,OTHER,"DARKNESS, LIGHTED ROAD",SIDESWIPE SAME DIRECTION,DIVIDED - W/MEDIAN BARRIER,OTHER,NO INJURY / DRIVE AWAY,IMPROPER OVERTAKING/PASSING,2,12,NO INDICATION OF INJURY,0,0,23,4,41.8783170107,-87.6170521254
08/04/2023 12:01:00 AM,25,CLEAR,"DARKNESS, LIGHTED ROAD",PARKED MOTOR VEHICLE,ONE-WAY,DRY,INJURY AND / OR TOW DUE TO CRASH,UNABLE TO DETERMINE,2,8,NO INDICATION OF INJURY,0,0,0,6,41.946197216,-87.7498036544
04/17/2023 09:54:00 AM,30,SNOW,DAYLIGHT,PARKED MOTOR VEHICLE,NOT DIVIDED,UNKNOWN,NO INJURY / DRIVE AWAY,IMPROPER BACKING,2,4,NO INDICATION OF INJURY,0,0,9,2,41.9850647345,-87.7936772732
07/22/2021 10:30:00 PM,30,CLEAR,"DARKNESS, LIGHTED ROAD",REAR TO REAR,DIVIDED - W/MEDIAN BARRIER,DRY,NO INJURY / DRIVE AWAY,FAILING TO REDUCE SPEED TO AVOID CRASH,3,7,NO INDICATION OF INJURY,0,0,22,5,41.87928364,-87.6371007044
02/24/2024 04:30:00 PM,30,CLEAR,DAYLIGHT,PARKED MOTOR VEHICLE,ONE-WAY,DRY,INJURY AND / OR TOW DUE TO CRASH,NOT APPLICABLE,2,2,NO INDICATION OF INJURY,0,0,16,7,41.7755170149,-87.7310741745
06/10/2021 09:54:00 PM,30,CLEAR,"DARKNESS, LIGHTED ROAD",REAR END,DIVIDED - W/MEDIAN (NOT RAISED),DRY,INJURY AND / OR TOW DUE TO CRASH,FOLLOWING TOO CLOSELY,2,6,"REPORTED, NOT EVIDENT",1,0,21,5,41.8389769292,-87.7147910195
08/03/2024 04:20:00 PM,30,CLEAR,DAYLIGHT,ANGLE,NOT DIVIDED,DRY,NO INJURY / DRIVE AWAY,FAILING TO YIELD RIGHT-OF-WAY,2,8,NO INDICATION OF INJURY,0,0,16,7,41.8812745843,-87.6862339582
02/04/2026 06:40:00 AM,30,UNKNOWN,UNKNOWN,SIDESWIPE SAME DIRECTION,NOT DIVIDED,UNKNOWN,NO INJURY / DRIVE AWAY,UNABLE TO DETERMINE,2,2,NO INDICATION OF INJURY,0,0,6,4,41.7511784993,-87.6178193273
04/14/2026 12:43:00 PM,30,CLEAR,DAYLIGHT,ANGLE,OTHER,DRY,INJURY AND / OR TOW DUE TO CRASH,NOT APPLICABLE,2,4,"REPORTED, NOT EVIDENT",2,0,12,3,41.8084144938,-87.6729534765
03/30/2026 11:45:00 AM,20,CLEAR,DAYLIGHT,PARKED MOTOR VEHICLE,OTHER,DRY,NO INJURY / DRIVE AWAY,UNABLE TO DETERMINE,2,3,NO INDICATION OF INJURY,0,0,11,2,41.7364674896,-87.73984728
02/13/2026 12:11:00 AM,30,CLEAR,"DARKNESS, LIGHTED ROAD",REAR END,NOT DIVIDED,DRY,NO INJURY / DRIVE AWAY,UNABLE TO DETERMINE,2,2,NO INDICATION OF INJURY,0,0,0,6,41.7511446334,-87.6070067619
01/30/2026 01:30:00 PM,30,SNOW,DAYLIGHT,ANGLE,FOUR WAY,SNOW OR SLUSH,NO INJURY / DRIVE AWAY,WEATHER,2,1,NO INDICATION OF INJURY,0,0,13,6,42.0189090146,-87.8066955204
05/15/2025 04:30:00 AM,30,CLEAR,DUSK,TURNING,DIVIDED - W/MEDIAN (NOT RAISED),DRY,NO INJURY / DRIVE AWAY,UNABLE TO DETERMINE,2,5,NO INDICATION OF INJURY,0,0,4,5,41.8714356497,-87.7741990656
09/07/2021 05:00:00 PM,30,CLEAR,DAYLIGHT,SIDESWIPE SAME DIRECTION,NOT DIVIDED,WET,NO INJURY / DRIVE AWAY,IMPROPER LANE USAGE,2,9,NO INDICATION OF INJURY,0,0,17,3,41.9997345695,-87.6803433147
03/02/2022 04:05:00 PM,30,CLEAR,DAYLIGHT,TURNING,OTHER,DRY,NO INJURY / DRIVE AWAY,FAILING TO YIELD RIGHT-OF-WAY,2,3,NO INDICATION OF INJURY,0,0,16,4,41.7895306331,-87.723207174
02/07/2023 05:08:00 AM,30,CLEAR,"DARKNESS, LIGHTED ROAD",PEDALCYCLIST,ONE-WAY,DRY,NO INJURY / DRIVE AWAY,FAILING TO YIELD RIGHT-OF-WAY,2,2,NO INDICATION OF INJURY,0,0,5,3,41.8444097476,-87.7208351247
05/24/2024 07:15:00 AM,15,CLEAR,DAYLIGHT,PARKED MOTOR VEHICLE,NOT DIVIDED,DRY,NO INJURY / DRIVE AWAY,IMPROPER TURNING/NO SIGNAL,2,5,NO INDICATION OF INJURY,0,0,7,6,41.8546571102,-87.66871077
09/20/2024 05:20:00 PM,30,CLEAR,DAYLIGHT,SIDESWIPE SAME DIRECTION,DIVIDED - W/MEDIAN (NOT RAISED),DRY,NO INJURY / DRIVE AWAY,UNABLE TO DETERMINE,2,9,NO INDICATION OF INJURY,0,0,17,6,41.7482223795,-87.5853118735
02/21/2026 09:34:00 PM,35,SNOW,"DARKNESS, LIGHTED ROAD",TURNING,FOUR WAY,SNOW OR SLUSH,NO INJURY / DRIVE AWAY,WEATHER,2,2,NO INDICATION OF INJURY,0,0,21,7,41.8238804827,-87.6067533271
04/08/2026 06:50:00 AM,10,CLEAR,DAWN,REAR TO SIDE,PARKING LOT,WET,NO INJURY / DRIVE AWAY,UNABLE TO DETERMINE,2,4,NO INDICATION OF INJURY,0,0,6,4,41.8194414263,-87.6653755449
10/24/2023 01:45:00 PM,35,CLEAR,DAYLIGHT,REAR TO FRONT,PARKING LOT,DRY,NO INJURY / DRIVE AWAY,IMPROPER BACKING,2,10,NO INDICATION OF INJURY,0,0,13,3,41.9298489966,-87.6846437835
08/28/2025 02:05:00 PM,30,CLEAR,DAYLIGHT,PARKED MOTOR VEHICLE,ONE-WAY,DRY,NO INJURY / DRIVE AWAY,"VISION OBSCURED (SIGNS, TREE LIMBS, BUILDINGS, ETC.)",2,8,NO INDICATION OF INJURY,0,0,14,5,41.8876119494,-87.7078367057
09/28/2021 06:37:00 AM,30,CLEAR,DAYLIGHT,TURNING,DIVIDED - W/MEDIAN (NOT RAISED),DRY,NO INJURY / DRIVE AWAY,IMPROPER TURNING/NO SIGNAL,2,9,NO INDICATION OF INJURY,0,0,6,3,41.7710200149,-87.7419912546
06/16/2022 01:00:00 PM,30,CLEAR,DAYLIGHT,REAR END,DIVIDED - W/MEDIAN (NOT RAISED),DRY,NO INJURY / DRIVE AWAY,UNABLE TO DETERMINE,2,6,NO INDICATION OF INJURY,0,0,13,5,41.9110519342,-87.6341939966
09/25/2023 08:05:00 AM,40,RAIN,DAYLIGHT,SIDESWIPE SAME DIRECTION,NOT DIVIDED,WET,NO INJURY / DRIVE AWAY,UNABLE TO DETERMINE,2,9,NO INDICATION OF INJURY,0,0,8,2,41.8715599191,-87.6168899122
09/30/2021 08:30:00 PM,30,CLEAR,"DARKNESS, LIGHTED ROAD",REAR END,NOT DIVIDED,DRY,INJURY AND / OR TOW DUE TO CRASH,FOLLOWING TOO CLOSELY,2,9,"REPORTED, NOT EVIDENT",2,0,20,5,41.8545508013,-87.6302897164
12/12/2022 06:13:00 AM,30,RAIN,DAWN,PEDALCYCLIST,NOT DIVIDED,WET,INJURY AND / OR TOW DUE TO CRASH,DRIVING ON WRONG SIDE/WRONG WAY,2,12,NONINCAPACITATING INJURY,1,0,6,2,41.8959757893,-87.6796255956
07/28/2021 07:00:00 PM,30,CLEAR,"DARKNESS, LIGHTED ROAD",REAR END,OTHER,DRY,NO INJURY / DRIVE AWAY,FOLLOWING TOO CLOSELY,2,7,NO INDICATION OF INJURY,0,0,19,4,41.9903895102,-87.6897306368
03/22/2023 08:00:00 AM,30,CLOUDY/OVERCAST,DAYLIGHT,ANGLE,NOT DIVIDED,DRY,NO INJURY / DRIVE AWAY,NOT APPLICABLE,2,3,NO INDICATION OF INJURY,0,0,8,4,41.7425466162,-87.6924899501
11/06/2023 10:00:00 PM,30,CLEAR,"DARKNESS, LIGHTED ROAD",OTHER OBJECT,NOT DIVIDED,DRY,INJURY AND / OR TOW DUE TO CRASH,UNABLE TO DETERMINE,1,11,NO INDICATION OF INJURY,0,0,22,2,41.7139518981,-87.65491999
10/27/2024 11:10:00 PM,30,UNKNOWN,UNKNOWN,PARKED MOTOR VEHICLE,NOT DIVIDED,UNKNOWN,NO INJURY / DRIVE AWAY,UNABLE TO DETERMINE,2,10,NO INDICATION OF INJURY,0,0,23,1,41.970622619,-87.6833905109
08/24/2023 11:21:00 AM,30,CLEAR,DAYLIGHT,TURNING,FOUR WAY,DRY,INJURY AND / OR TOW DUE TO CRASH,NOT APPLICABLE,2,8,NONINCAPACITATING INJURY,1,0,11,5,41.9092695337,-87.7656686752
04/23/2022 08:19:00 PM,30,CLEAR,"DARKNESS, LIGHTED ROAD",PEDALCYCLIST,NOT DIVIDED,DRY,INJURY AND / OR TOW DUE TO CRASH,FAILING TO YIELD RIGHT-OF-WAY,2,4,NONINCAPACITATING INJURY,1,0,20,7,41.9313013146,-87.7722616001
05/21/2024 04:40:00 PM,30,CLEAR,DAYLIGHT,REAR END,DIVIDED - W/MEDIAN (NOT RAISED),DRY,NO INJURY / DRIVE AWAY,FOLLOWING TOO CLOSELY,2,5,NO INDICATION OF INJURY,0,0,16,3,41.8878768295,-87.7664156888
02/02/2023 12:00:00 PM,30,CLEAR,DAYLIGHT,REAR TO SIDE,NOT DIVIDED,DRY,NO INJURY / DRIVE AWAY,IMPROPER BACKING,2,2,NO INDICATION OF INJURY,0,0,12,5,41.7223152189,-87.5788543234
04/12/2022 05:46:00 PM,30,UNKNOWN,UNKNOWN,SIDESWIPE SAME DIRECTION,NOT DIVIDED,DRY,NO INJURY / DRIVE AWAY,FAILING TO YIELD RIGHT-OF-WAY,2,4,NO INDICATION OF INJURY,0,0,17,3,41.836257772,-87.6678258914
09/07/2021 12:30:00 PM,30,CLEAR,DAYLIGHT,PEDESTRIAN,FOUR WAY,DRY,INJURY AND / OR TOW DUE TO CRASH,UNABLE TO DETERMINE,2,9,NONINCAPACITATING INJURY,1,0,12,3,41.8941183811,-87.6225859309
02/06/2023 05:45:00 PM,30,CLEAR,DARKNESS,REAR END,DIVIDED - W/MEDIAN (NOT RAISED),DRY,NO INJURY / DRIVE AWAY,UNABLE TO DETERMINE,2,2,NO INDICATION OF INJURY,0,0,17,2,41.9378859663,-87.8068055064
08/26/2024 08:00:00 AM,30,CLEAR,DAYLIGHT,REAR END,DIVIDED - W/MEDIAN (NOT RAISED),DRY,NO INJURY / DRIVE AWAY,UNABLE TO DETERMINE,2,8,NO INDICATION OF INJURY,0,0,8,2,41.9902164701,-87.7309580196
09/05/2024 04:00:00 PM,30,CLEAR,DAYLIGHT,TURNING,NOT DIVIDED,DRY,NO INJURY / DRIVE AWAY,FAILING TO YIELD RIGHT-OF-WAY,2,9,NO INDICATION OF INJURY,0,0,16,5,41.9143957656,-87.7070250985
12/12/2025 05:08:00 PM,30,CLEAR,"DARKNESS, LIGHTED ROAD",REAR TO FRONT,NOT DIVIDED,DRY,NO INJURY / DRIVE AWAY,IMPROPER BACKING,2,12,NO INDICATION OF INJURY,0,0,17,6,41.9012530703,-87.6284774906
11/02/2025 09:50:00 AM,30,UNKNOWN,UNKNOWN,SIDESWIPE SAME DIRECTION,NOT DIVIDED,UNKNOWN,NO INJURY / DRIVE AWAY,FAILING TO YIELD RIGHT-OF-WAY,2,11,NO INDICATION OF INJURY,0,0,9,1,42.019366923,-87.6655250738
03/29/2025 02:30:00 PM,30,RAIN,DAYLIGHT,TURNING,NOT DIVIDED,WET,INJURY AND / OR TOW DUE TO CRASH,DISREGARDING TRAFFIC SIGNALS,2,3,INCAPACITATING INJURY,1,0,14,7,41.7226389707,-87.5704691141