CRASH_DATE,POSTED_SPEED_LIMIT,WEATHER_CONDITION,LIGHTING_CONDITION,FIRST_CRASH_TYPE,TRAFFICWAY_TYPE,ROADWAY_SURFACE_COND,CRASH_TYPE,PRIM_CONTRIBUTORY_CAUSE,NUM_UNITS,CRASH_MONTH,MOST_SEVERE_INJURY,INJURIES_TOTAL,INJURIES_FATAL,CRASH_HOUR,CRASH_DAY_OF_WEEK,LATITUDE,LONGITUDE
06/10/2024 04:45:00 AM,25,RAIN,DAWN,FIXED OBJECT,NOT DIVIDED,DRY,INJURY AND / OR TOW DUE TO CRASH,DRIVING SKILLS/KNOWLEDGE/EXPERIENCE,1,6,NO INDICATION OF INJURY,0,0,4,2,41.9873850593,-87.6747650062
08/02/2022 05:05:00 PM,30,CLEAR,DAYLIGHT,PEDESTRIAN,FOUR WAY,DRY,INJURY AND / OR TOW DUE TO CRASH,FAILING TO YIELD RIGHT-OF-WAY,2,8,NONINCAPACITATING INJURY,1,0,17,3,41.8742286889,-87.6716246751
10/27/2022 07:32:00 AM,25,UNKNOWN,DAYLIGHT,PARKED MOTOR VEHICLE,NOT DIVIDED,UNKNOWN,NO INJURY / DRIVE AWAY,UNABLE TO DETERMINE,2,10,NO INDICATION OF INJURY,0,0,7,5,41.7057168611,-87.6059635855
01/22/2025 02:00:00 PM,30,CLEAR,DAYLIGHT,SIDESWIPE SAME DIRECTION,NOT DIVIDED,DRY,NO INJURY / DRIVE AWAY,IMPROPER OVERTAKING/PASSING,2,1,NO INDICATION OF INJURY,0,0,14,4,41.975307319,-87.7579249012
04/01/2022 04:15:00 PM,35,CLEAR,DAYLIGHT,SIDESWIPE SAME DIRECTION,DIVIDED - W/MEDIAN (NOT RAISED),DRY,NO INJURY / DRIVE AWAY,IMPROPER OVERTAKING/PASSING,2,4,NO INDICATION OF INJURY,0,0,16,6,41.8486413654,-87.6757942038
07/18/2025 11:28:00 AM,30,UNKNOWN,UNKNOWN,PARKED MOTOR VEHICLE,UNKNOWN,UNKNOWN,NO INJURY / DRIVE AWAY,UNABLE TO DETERMINE,2,7,NO INDICATION OF INJURY,0,0,11,6,41.9535934413,-87.7417123237
02/04/2021 02:07:00 PM,30,CLEAR,DAWN,PARKED MOTOR VEHICLE,NOT DIVIDED,DRY,NO INJURY / DRIVE AWAY,IMPROPER BACKING,2,2,NO INDICATION OF INJURY,0,0,14,5,41.69227336,-87.6584361264
04/04/2022 01:53:00 AM,30,RAIN,"DARKNESS, LIGHTED ROAD",FIXED OBJECT,FOUR WAY,WET,INJURY AND / OR TOW DUE TO CRASH,UNABLE TO DETERMINE,1,4,NO INDICATION OF INJURY,0,0,1,2,41.9173802074,-87.6971377611
05/05/2024 12:58:00 PM,30,CLEAR,DAYLIGHT,SIDESWIPE SAME DIRECTION,DIVIDED - W/MEDIAN (NOT RAISED),DRY,NO INJURY / DRIVE AWAY,UNABLE TO DETERMINE,2,5,NO INDICATION OF INJURY,0,0,12,1,41.79799187,-87.7234437408
06/26/2024 02:15:00 PM,30,CLEAR,DAYLIGHT,SIDESWIPE SAME DIRECTION,DIVIDED - W/MEDIAN (NOT RAISED),DRY,NO INJURY / DRIVE AWAY,UNABLE TO DETERMINE,2,6,NO INDICATION OF INJURY,0,0,14,4,41.895158259,-87.6506361724
03/05/2023 02:53:00 AM,30,CLEAR,"DARKNESS, LIGHTED ROAD",ANGLE,FOUR WAY,UNKNOWN,INJURY AND / OR TOW DUE TO CRASH,FAILING TO REDUCE SPEED TO AVOID CRASH,2,3,"REPORTED, NOT EVIDENT",1,0,2,1,41.6920498409,-87.6588085646
02/04/2024 06:00:00 AM,30,CLEAR,DAWN,PARKED MOTOR VEHICLE,NOT DIVIDED,DRY,INJURY AND / OR TOW DUE TO CRASH,UNABLE TO DETERMINE,3,2,NO INDICATION OF INJURY,0,0,6,1,41.8391679448,-87.6552420091
01/12/2026 05:05:00 PM,30,CLEAR,"DARKNESS, LIGHTED ROAD",PARKED MOTOR VEHICLE,ONE-WAY,DRY,NO INJURY / DRIVE AWAY,UNABLE TO DETERMINE,2,1,NO INDICATION OF INJURY,0,0,17,2,41.9592346498,-87.686340402
10/15/2023 03:30:00 PM,30,CLEAR,DAYLIGHT,PARKED MOTOR VEHICLE,ONE-WAY,DRY,NO INJURY / DRIVE AWAY,DRIVING SKILLS/KNOWLEDGE/EXPERIENCE,2,10,NO INDICATION OF INJURY,0,0,15,1,41.9053829948,-87.733256705
10/20/2021 07:53:00 AM,10,CLEAR,DAYLIGHT,TURNING,PARKING LOT,DRY,NO INJURY / DRIVE AWAY,IMPROPER TURNING/NO SIGNAL,2,10,NO INDICATION OF INJURY,0,0,7,4,41.8421369262,-87.6170582198
04/05/2021 06:23:00 PM,30,CLEAR,DAYLIGHT,TURNING,NOT DIVIDED,DRY,NO INJURY / DRIVE AWAY,UNABLE TO DETERMINE,2,4,NO INDICATION OF INJURY,0,0,18,2,41.8344505151,-87.685366584
01/03/2024 08:50:00 AM,30,CLEAR,DAYLIGHT,TURNING,DIVIDED - W/MEDIAN (NOT RAISED),DRY,NO INJURY / DRIVE AWAY,UNABLE TO DETERMINE,2,1,NO INDICATION OF INJURY,0,0,8,4,41.9311472902,-87.7832001665
01/08/2022 07:15:00 PM,25,FREEZING RAIN/DRIZZLE,"DARKNESS, LIGHTED ROAD",PARKED MOTOR VEHICLE,ONE-WAY,ICE,NO INJURY / DRIVE AWAY,UNABLE TO DETERMINE,2,1,NO INDICATION OF INJURY,0,0,19,7,41.7527539674,-87.5542040209
04/28/2022 06:55:00 PM,20,CLEAR,DAYLIGHT,TURNING,PARKING LOT,DRY,NO INJURY / DRIVE AWAY,NOT APPLICABLE,2,4,NO INDICATION OF INJURY,0,0,18,5,41.7546601244,-87.7413847586
02/06/2022 03:52:00 AM,30,CLEAR,"DARKNESS, LIGHTED ROAD",OTHER OBJECT,NOT DIVIDED,DRY,INJURY AND / OR TOW DUE TO CRASH,FAILING TO REDUCE SPEED TO AVOID CRASH,1,2,INCAPACITATING INJURY,1,0,3,1,41.7513957409,-87.5858258911
05/04/2025 04:00:00 PM,30,UNKNOWN,UNKNOWN,PARKED MOTOR VEHICLE,NOT DIVIDED,UNKNOWN,NO INJURY / DRIVE AWAY,UNABLE TO DETERMINE,2,5,NO INDICATION OF INJURY,0,0,16,1,41.873205316,-87.7467338038
09/03/2025 05:00:00 PM,30,RAIN,DAYLIGHT,SIDESWIPE SAME DIRECTION,DIVIDED - W/MEDIAN (NOT RAISED),WET,NO INJURY / DRIVE AWAY,DRIVING SKILLS/KNOWLEDGE/EXPERIENCE,2,9,NO INDICATION OF INJURY,0,0,17,4,41.8754149321,-87.6274726112
12/04/2022 03:20:00 PM,30,CLEAR,DAYLIGHT,SIDESWIPE SAME DIRECTION,NOT DIVIDED,DRY,NO INJURY / DRIVE AWAY,UNABLE TO DETERMINE,2,12,NO INDICATION OF INJURY,0,0,15,1,41.8691781333,-87.664907281
08/09/2022 01:53:00 PM,30,CLEAR,DAYLIGHT,TURNING,NOT DIVIDED,DRY,NO INJURY / DRIVE AWAY,DRIVING SKILLS/KNOWLEDGE/EXPERIENCE,2,8,NO INDICATION OF INJURY,0,0,13,3,41.7793722205,-87.6643653474
02/09/2021 05:57:00 PM,30,SNOW,"DARKNESS, LIGHTED ROAD",SIDESWIPE SAME DIRECTION,NOT DIVIDED,WET,NO INJURY / DRIVE AWAY,UNABLE TO DETERMINE,2,2,NO INDICATION OF INJURY,0,0,17,3,41.9023850027,-87.75326585
04/02/2026 10:00:00 AM,30,RAIN,DAYLIGHT,REAR END,NOT DIVIDED,WET,NO INJURY / DRIVE AWAY,UNABLE TO DETERMINE,2,4,NO INDICATION OF INJURY,0,0,10,5,41.7908892004,-87.8013363063
11/21/2022 02:55:00 PM,30,CLEAR,DAYLIGHT,REAR END,NOT DIVIDED,DRY,INJURY AND / OR TOW DUE TO CRASH,UNABLE TO DETERMINE,2,11,"REPORTED, NOT EVIDENT",2,0,14,2,41.8946664739,-87.7708930069
06/30/2021 01:15:00 AM,35,RAIN,"DARKNESS, LIGHTED ROAD",FIXED OBJECT,T-INTERSECTION,WET,INJURY AND / OR TOW DUE TO CRASH,UNABLE TO DETERMINE,1,6,NO INDICATION OF INJURY,0,0,1,4,41.7914202821,-87.5801477687
06/20/2021 11:00:00 AM,30,CLOUDY/OVERCAST,DAYLIGHT,PARKED MOTOR VEHICLE,NOT DIVIDED,DRY,NO INJURY / DRIVE AWAY,NOT APPLICABLE,2,6,NO INDICATION OF INJURY,0,0,11,1,41.8094854275,-87.6067108184
05/28/2021 07:30:00 PM,30,RAIN,DUSK,REAR END,DIVIDED - W/MEDIAN (NOT RAISED),WET,NO INJURY / DRIVE AWAY,UNABLE TO DETERMINE,2,5,NO INDICATION OF INJURY,0,0,19,6,41.9219994605,-87.6436690777
09/02/2021 02:30:00 PM,15,CLEAR,DAYLIGHT,FIXED OBJECT,ALLEY,DRY,NO INJURY / DRIVE AWAY,FAILING TO REDUCE SPEED TO AVOID CRASH,1,9,NO INDICATION OF INJURY,0,0,14,5,42.0125695072,-87.6874066054
05/18/2023 10:39:00 AM,45,CLEAR,DAYLIGHT,PEDESTRIAN,ONE-WAY,DRY,NO INJURY / DRIVE AWAY,NOT APPLICABLE,2,5,NO INDICATION OF INJURY,0,0,10,5,41.8933331177,-87.6315972712
06/09/2022 09:15:00 AM,30,CLEAR,DAYLIGHT,SIDESWIPE SAME DIRECTION,ONE-WAY,DRY,NO INJURY / DRIVE AWAY,FAILING TO REDUCE SPEED TO AVOID CRASH,2,6,NO INDICATION OF INJURY,0,0,9,5,41.883327336,-87.6289866475
06/20/2021 08:00:00 AM,30,CLEAR,DAYLIGHT,ANGLE,FOUR WAY,DRY,NO INJURY / DRIVE AWAY,NOT APPLICABLE,2,6,NO INDICATION OF INJURY,0,0,8,1,41.7293628881,-87.6011573974
06/06/2024 10:34:00 AM,30,CLEAR,DAYLIGHT,SIDESWIPE SAME DIRECTION,NOT DIVIDED,DRY,NO INJURY / DRIVE AWAY,UNABLE TO DETERMINE,2,6,NO INDICATION OF INJURY,0,0,10,5,41.823027657,-87.6657440311
06/11/2022 10:37:00 PM,30,CLEAR,"DARKNESS, LIGHTED ROAD",PEDALCYCLIST,NOT DIVIDED,DRY,INJURY AND / OR TOW DUE TO CRASH,FAILING TO YIELD RIGHT-OF-WAY,2,6,INCAPACITATING INJURY,1,0,22,7,41.7434735935,-87.6434339893
01/25/2026 01:00:00 AM,30,SNOW,"DARKNESS, LIGHTED ROAD",FIXED OBJECT,OTHER,SNOW OR SLUSH,NO INJURY / DRIVE AWAY,WEATHER,1,1,NO INDICATION OF INJURY,0,0,1,1,41.9109052578,-87.6434630949
11/10/2023 06:35:00 PM,30,CLEAR,"DARKNESS, LIGHTED ROAD",TURNING,ONE-WAY,DRY,NO INJURY / DRIVE AWAY,UNABLE TO DETERMINE,2,11,NO INDICATION OF INJURY,0,0,18,6,41.8792394731,-87.6427230509
11/19/2022 09:45:00 PM,25,CLEAR,"DARKNESS, LIGHTED ROAD",TURNING,NOT DIVIDED,DRY,NO INJURY / DRIVE AWAY,IMPROPER OVERTAKING/PASSING,2,11,NO INDICATION OF INJURY,0,0,21,7,41.9980876159,-87.6707468271
03/25/2022 08:00:00 PM,30,UNKNOWN,UNKNOWN,TURNING,T-INTERSECTION,UNKNOWN,NO INJURY / DRIVE AWAY,UNABLE TO DETERMINE,2,3,NO INDICATION OF INJURY,0,0,20,6,41.8734994825,-87.735368187
08/07/2023 01:45:00 PM,10,CLEAR,DAYLIGHT,PARKED MOTOR VEHICLE,PARKING LOT,DRY,NO INJURY / DRIVE AWAY,UNABLE TO DETERMINE,2,8,NO INDICATION OF INJURY,0,0,13,2,41.9668882839,-87.7085716632
02/23/2023 09:30:00 AM,30,CLOUDY/OVERCAST,DAYLIGHT,TURNING,NOT DIVIDED,DRY,NO INJURY / DRIVE AWAY,FAILING TO REDUCE SPEED TO AVOID CRASH,2,2,NO INDICATION OF INJURY,0,0,9,5,41.9095105805,-87.7636575062
04/25/2026 09:25:00 AM,35,CLEAR,DAYLIGHT,TURNING,NOT DIVIDED,DRY,NO INJURY / DRIVE AWAY,UNABLE TO DETERMINE,2,4,NO INDICATION OF INJURY,0,0,9,7,41.987576968,-87.7784429634
07/30/2025 02:42:00 PM,30,RAIN,DAYLIGHT,TURNING,NOT DIVIDED,WET,INJURY AND / OR TOW DUE TO CRASH,FAILING TO YIELD RIGHT-OF-WAY,2,7,INCAPACITATING INJURY,3,0,14,4,41.8662792281,-87.7351197732
07/02/2021 12:45:00 PM,30,CLEAR,DAYLIGHT,REAR END,ONE-WAY,DRY,NO INJURY / DRIVE AWAY,IMPROPER LANE USAGE,2,7,NO INDICATION OF INJURY,0,0,12,6,41.9001143717,-87.6242275849
04/24/2022 07:04:00 PM,30,CLEAR,DAYLIGHT,SIDESWIPE SAME DIRECTION,NOT REPORTED,DRY,NO INJURY / DRIVE AWAY,DISREGARDING ROAD MARKINGS,2,4,NO INDICATION OF INJURY,0,0,19,1,41.8734058487,-87.72033139
12/17/2021 07:50:00 AM,30,CLEAR,DAYLIGHT,SIDESWIPE OPPOSITE DIRECTION,NOT DIVIDED,DRY,NO INJURY / DRIVE AWAY,IMPROPER OVERTAKING/PASSING,2,12,NO INDICATION OF INJURY,0,0,7,6,41.990936538,-87.6677235268
03/12/2024 07:40:00 PM,30,CLEAR,"DARKNESS, LIGHTED ROAD",REAR END,DIVIDED - W/MEDIAN (NOT RAISED),DRY,INJURY AND / OR TOW DUE TO CRASH,DRIVING SKILLS/KNOWLEDGE/EXPERIENCE,3,3,NONINCAPACITATING INJURY,1,0,19,3,41.9559829837,-87.786528274
02/16/2021 12:00:00 AM,30,SNOW,"DARKNESS, LIGHTED ROAD",PARKED MOTOR VEHICLE,NOT DIVIDED,SNOW OR SLUSH,NO INJURY / DRIVE AWAY,WEATHER,2,2,NO INDICATION OF INJURY,0,0,0,3,41.8209785574,-87.6947456317
03/03/2025 12:13:00 PM,30,CLEAR,DAYLIGHT,PEDESTRIAN,NOT DIVIDED,DRY,INJURY AND / OR TOW DUE TO CRASH,FAILING TO YIELD RIGHT-OF-WAY,2,3,NONINCAPACITATING INJURY,1,0,12,2,41.9960050155,-87.6896794263
07/24/2023 09:30:00 AM,30,CLEAR,DAYLIGHT,ANGLE,NOT DIVIDED,DRY,INJURY AND / OR TOW DUE TO CRASH,FAILING TO YIELD RIGHT-OF-WAY,2,7,NONINCAPACITATING INJURY,1,0,9,2,41.9703964694,-87.7784334505
09/21/2022 08:40:00 AM,30,CLEAR,DAYLIGHT,REAR END,DIVIDED - W/MEDIAN (NOT RAISED),DRY,INJURY AND / OR TOW DUE TO CRASH,FOLLOWING TOO CLOSELY,3,9,NONINCAPACITATING INJURY,1,0,8,4,41.7514346995,-87.5809047663
02/27/2023 12:35:00 AM,30,CLEAR,"DARKNESS, LIGHTED ROAD",REAR END,NOT DIVIDED,DRY,NO INJURY / DRIVE AWAY,FOLLOWING TOO CLOSELY,2,2,NO INDICATION OF INJURY,0,0,0,2,41.9286697899,-87.6879222355
07/14/2023 02:15:00 PM,30,CLEAR,DAYLIGHT,REAR END,DIVIDED - W/MEDIAN (NOT RAISED),DRY,NO INJURY / DRIVE AWAY,UNABLE TO DETERMINE,2,7,NO INDICATION OF INJURY,0,0,14,6,41.7000996893,-87.6137211712
05/07/2023 06:10:00 PM,15,CLEAR,DAYLIGHT,TURNING,T-INTERSECTION,DRY,INJURY AND / OR TOW DUE TO CRASH,FAILING TO REDUCE SPEED TO AVOID CRASH,3,5,"REPORTED, NOT EVIDENT",1,0,18,1,41.9093447763,-87.7016093769
07/07/2025 06:25:00 AM,35,CLEAR,DAYLIGHT,SIDESWIPE SAME DIRECTION,DIVIDED - W/MEDIAN (NOT RAISED),DRY,NO INJURY / DRIVE AWAY,IMPROPER LANE USAGE,2,7,NO INDICATION OF INJURY,0,0,6,2,41.7792042717,-87.742173494
08/23/2021 07:50:00 AM,30,CLEAR,DAYLIGHT,PARKED MOTOR VEHICLE,DIVIDED - W/MEDIAN (NOT RAISED),DRY,NO INJURY / DRIVE AWAY,UNABLE TO DETERMINE,2,8,NO INDICATION OF INJURY,0,0,7,2,41.8541804911,-87.7334077362
08/11/2023 12:00:00 PM,30,UNKNOWN,DAYLIGHT,SIDESWIPE SAME DIRECTION,NOT DIVIDED,UNKNOWN,NO INJURY / DRIVE AWAY,DRIVING SKILLS/KNOWLEDGE/EXPERIENCE,2,8,NO INDICATION OF INJURY,0,0,12,6,41.9939711739,-87.6907601373
07/31/2021 01:00:00 PM,30,CLEAR,DAYLIGHT,REAR END,PARKING LOT,DRY,NO INJURY / DRIVE AWAY,UNABLE TO DETERMINE,2,7,NO INDICATION OF INJURY,0,0,13,7,41.9902164701,-87.7309580196
02/14/2025 08:30:00 PM,30,SNOW,"DARKNESS, LIGHTED ROAD",REAR END,NOT DIVIDED,SNOW OR SLUSH,NO INJURY / DRIVE AWAY,DRIVING SKILLS/KNOWLEDGE/EXPERIENCE,2,2,NO INDICATION OF INJURY,0,0,20,6,41.9286697899,-87.6879222355
05/17/2025 08:29:00 AM,30,CLEAR,DAYLIGHT,PARKED MOTOR VEHICLE,DIVIDED - W/MEDIAN BARRIER,DRY,NO INJURY / DRIVE AWAY,UNABLE TO DETERMINE,3,5,NO INDICATION OF INJURY,0,0,8,7,41.6932926014,-87.6425543541
05/03/2021 11:19:00 AM,15,CLEAR,DAYLIGHT,REAR END,NOT DIVIDED,WET,NO INJURY / DRIVE AWAY,FOLLOWING TOO CLOSELY,3,5,NO INDICATION OF INJURY,0,0,11,2,41.6778243658,-87.6491454708
05/19/2022 09:30:00 AM,30,CLEAR,DAYLIGHT,REAR END,NOT DIVIDED,DRY,NO INJURY / DRIVE AWAY,FOLLOWING TOO CLOSELY,2,5,NO INDICATION OF INJURY,0,0,9,5,41.7893293233,-87.7416456442
01/02/2023 06:59:00 PM,30,CLEAR,DARKNESS,ANGLE,NOT DIVIDED,DRY,INJURY AND / OR TOW DUE TO CRASH,DISREGARDING TRAFFIC SIGNALS,3,1,NONINCAPACITATING INJURY,3,0,18,2,41.866723906,-87.6859185544
09/10/2024 07:45:00 AM,30,CLEAR,DAYLIGHT,FIXED OBJECT,ONE-WAY,DRY,NO INJURY / DRIVE AWAY,UNABLE TO DETERMINE,1,9,NO INDICATION OF INJURY,0,0,7,3,41.9123420741,-87.6289950757
11/18/2025 07:35:00 AM,30,RAIN,DAWN,REAR END,NOT DIVIDED,WET,INJURY AND / OR TOW DUE TO CRASH,FAILING TO REDUCE SPEED TO AVOID CRASH,2,11,NO INDICATION OF INJURY,0,0,7,3,41.8514473209,-87.6463121649
02/01/2021 07:59:00 AM,30,SNOW,DAYLIGHT,FIXED OBJECT,ALLEY,SNOW OR SLUSH,NO INJURY / DRIVE AWAY,WEATHER,1,2,NO INDICATION OF INJURY,0,0,7,2,41.7747601449,-87.8001363639
11/09/2021 05:59:00 PM,10,CLEAR,"DARKNESS, LIGHTED ROAD",TURNING,PARKING LOT,DRY,NO INJURY / DRIVE AWAY,UNABLE TO DETERMINE,2,11,NO INDICATION OF INJURY,0,0,17,3,41.8326822493,-87.6175074586
07/19/2021 07:00:00 AM,25,UNKNOWN,UNKNOWN,PARKED MOTOR VEHICLE,ONE-WAY,DRY,NO INJURY / DRIVE AWAY,UNABLE TO DETERMINE,2,7,NO INDICATION OF INJURY,0,0,7,2,41.9866816776,-87.6931392849
02/05/2022 12:20:00 PM,30,CLEAR,DAYLIGHT,SIDESWIPE SAME DIRECTION,NOT DIVIDED,DRY,NO INJURY / DRIVE AWAY,IMPROPER LANE USAGE,2,2,NO INDICATION OF INJURY,0,0,12,7,41.7512694422,-87.61244436
12/07/2023 11:20:00 AM,25,CLEAR,DAYLIGHT,SIDESWIPE SAME DIRECTION,OTHER,DRY,NO INJURY / DRIVE AWAY,DRIVING SKILLS/KNOWLEDGE/EXPERIENCE,2,12,NO INDICATION OF INJURY,0,0,11,5,41.976201139,-87.9053091251
04/10/2026 07:30:00 PM,10,UNKNOWN,UNKNOWN,REAR TO FRONT,PARKING LOT,UNKNOWN,NO INJURY / DRIVE AWAY,UNABLE TO DETERMINE,2,4,NO INDICATION OF INJURY,0,0,19,6,41.8915178945,-87.6178305226
12/10/2024 04:07:00 PM,30,CLEAR,DUSK,TURNING,FOUR WAY,DRY,INJURY AND / OR TOW DUE TO CRASH,UNABLE TO DETERMINE,2,12,NONINCAPACITATING INJURY,1,0,16,3,41.7677909563,-87.5865163189
01/02/2023 06:00:00 PM,30,CLEAR,"DARKNESS, LIGHTED ROAD",REAR END,NOT DIVIDED,DRY,NO INJURY / DRIVE AWAY,FAILING TO REDUCE SPEED TO AVOID CRASH,2,1,NO INDICATION OF INJURY,0,0,18,2,41.9539731971,-87.7124530387
10/31/2022 08:12:00 PM,30,CLOUDY/OVERCAST,"DARKNESS, LIGHTED ROAD",PARKED MOTOR VEHICLE,NOT DIVIDED,WET,INJURY AND / OR TOW DUE TO CRASH,UNABLE TO DETERMINE,2,10,NO INDICATION OF INJURY,0,0,20,2,41.9863436326,-87.7962001923
07/04/2023 03:00:00 AM,30,CLEAR,UNKNOWN,PARKED MOTOR VEHICLE,PARKING LOT,DRY,NO INJURY / DRIVE AWAY,NOT APPLICABLE,2,7,NO INDICATION OF INJURY,0,0,3,3,41.7752557867,-87.5892383269
05/18/2025 01:35:00 PM,30,CLEAR,DAYLIGHT,FIXED OBJECT,NOT DIVIDED,DRY,NO INJURY / DRIVE AWAY,UNABLE TO DETERMINE,1,5,NO INDICATION OF INJURY,0,0,13,1,41.8782699191,-87.620528612
12/23/2025 08:25:00 PM,30,CLEAR,DARKNESS,ANGLE,NOT DIVIDED,DRY,NO INJURY / DRIVE AWAY,UNABLE TO DETERMINE,2,12,NO INDICATION OF INJURY,0,0,20,3,41.9019521331,-87.6895869432
07/21/2022 08:20:00 AM,30,CLEAR,DUSK,PEDESTRIAN,NOT DIVIDED,UNKNOWN,NO INJURY / DRIVE AWAY,UNABLE TO DETERMINE,2,7,NO INDICATION OF INJURY,0,0,8,5,41.8965294551,-87.6309924394
05/27/2024 07:00:00 AM,30,UNKNOWN,DAYLIGHT,PARKED MOTOR VEHICLE,ONE-WAY,UNKNOWN,NO INJURY / DRIVE AWAY,UNABLE TO DETERMINE,2,5,NO INDICATION OF INJURY,0,0,7,2,41.7652338469,-87.5888845675
01/20/2024 08:05:00 AM,30,OTHER,DAYLIGHT,PARKED MOTOR VEHICLE,DIVIDED - W/MEDIAN BARRIER,SNOW OR SLUSH,INJURY AND / OR TOW DUE TO CRASH,UNABLE TO DETERMINE,3,1,NO INDICATION OF INJURY,0,0,8,7,41.9094935508,-87.747823796
10/15/2022 02:05:00 PM,30,CLEAR,DAYLIGHT,SIDESWIPE OPPOSITE DIRECTION,DIVIDED - W/MEDIAN (NOT RAISED),DRY,NO INJURY / DRIVE AWAY,FAILING TO YIELD RIGHT-OF-WAY,2,10,NO INDICATION OF INJURY,0,0,14,7,41.8877053794,-87.6205881439
08/07/2023 04:50:00 AM,30,CLOUDY/OVERCAST,"DARKNESS, LIGHTED ROAD",FIXED OBJECT,NOT DIVIDED,DRY,INJURY AND / OR TOW DUE TO CRASH,UNABLE TO DETERMINE,1,8,NONINCAPACITATING INJURY,1,0,4,2,41.9055478002,-87.6385641231
03/18/2025 11:50:00 AM,30,CLEAR,DAYLIGHT,ANGLE,PARKING LOT,DRY,NO INJURY / DRIVE AWAY,UNABLE TO DETERMINE,2,3,NO INDICATION OF INJURY,0,0,11,3,41.8681397263,-87.6639042028
05/31/2023 10:55:00 PM,40,CLEAR,"DARKNESS, LIGHTED ROAD",REAR END,DIVIDED - W/MEDIAN BARRIER,DRY,INJURY AND / OR TOW DUE TO CRASH,FOLLOWING TOO CLOSELY,2,5,NO INDICATION OF INJURY,0,0,22,4,41.9546892413,-87.6449746442
05/02/2025 05:45:00 PM,30,CLEAR,DAYLIGHT,ANGLE,NOT DIVIDED,DRY,NO INJURY / DRIVE AWAY,FAILING TO YIELD RIGHT-OF-WAY,2,5,NO INDICATION OF INJURY,0,0,17,6,41.6921609987,-87.6634724687
02/23/2025 02:00:00 AM,30,CLEAR,"DARKNESS, LIGHTED ROAD",ANGLE,FOUR WAY,DRY,INJURY AND / OR TOW DUE TO CRASH,DISREGARDING TRAFFIC SIGNALS,2,2,NO INDICATION OF INJURY,0,0,2,1,41.6995474147,-87.6427519151
12/29/2024 11:37:00 AM,10,RAIN,DAYLIGHT,REAR TO FRONT,PARKING LOT,WET,NO INJURY / DRIVE AWAY,UNABLE TO DETERMINE,2,12,NO INDICATION OF INJURY,0,0,11,1,41.7986720327,-87.7435987784
06/07/2024 01:00:00 PM,30,CLEAR,DAYLIGHT,REAR END,NOT DIVIDED,DRY,NO INJURY / DRIVE AWAY,FAILING TO YIELD RIGHT-OF-WAY,2,6,NO INDICATION OF INJURY,0,0,13,6,41.8658391949,-87.6834222428
09/21/2023 10:50:00 AM,30,CLEAR,DAYLIGHT,PARKED MOTOR VEHICLE,NOT DIVIDED,DRY,NO INJURY / DRIVE AWAY,IMPROPER OVERTAKING/PASSING,2,9,NO INDICATION OF INJURY,0,0,10,5,41.8857958681,-87.7649124383
12/16/2025 05:13:00 PM,30,CLEAR,DAYLIGHT,TURNING,NOT DIVIDED,DRY,INJURY AND / OR TOW DUE TO CRASH,FAILING TO YIELD RIGHT-OF-WAY,2,12,NO INDICATION OF INJURY,0,0,17,3,41.7933274052,-87.7208603559
12/08/2024 07:30:00 PM,30,UNKNOWN,UNKNOWN,REAR END,NOT DIVIDED,OTHER,NO INJURY / DRIVE AWAY,UNABLE TO DETERMINE,2,12,NO INDICATION OF INJURY,0,0,19,1,41.8041103589,-87.7236234138
11/05/2022 06:45:00 PM,35,UNKNOWN,UNKNOWN,SIDESWIPE SAME DIRECTION,NOT DIVIDED,UNKNOWN,NO INJURY / DRIVE AWAY,IMPROPER OVERTAKING/PASSING,2,11,NO INDICATION OF INJURY,0,0,18,7,41.8696430275,-87.6455202921
06/15/2025 10:00:00 PM,30,CLEAR,"DARKNESS, LIGHTED ROAD",TURNING,FOUR WAY,DRY,INJURY AND / OR TOW DUE TO CRASH,IMPROPER LANE USAGE,2,6,"REPORTED, NOT EVIDENT",1,0,22,1,41.8720580505,-87.7450793431
01/26/2024 03:01:00 PM,30,RAIN,DAYLIGHT,TURNING,FOUR WAY,WET,NO INJURY / DRIVE AWAY,WEATHER,2,1,NO INDICATION OF INJURY,0,0,15,6,41.6999857433,-87.6137178223
09/22/2021 06:30:00 PM,30,CLEAR,DARKNESS,FIXED OBJECT,NOT DIVIDED,DRY,NO INJURY / DRIVE AWAY,IMPROPER LANE USAGE,2,9,NO INDICATION OF INJURY,0,0,18,4,41.7449441588,-87.6537371546
10/11/2024 02:40:00 PM,35,CLEAR,DAYLIGHT,PEDALCYCLIST,FOUR WAY,DRY,INJURY AND / OR TOW DUE TO CRASH,UNABLE TO DETERMINE,2,10,NONINCAPACITATING INJURY,1,0,14,6,41.9127846776,-87.6346140195
09/30/2024 05:30:00 PM,30,CLEAR,DAYLIGHT,SIDESWIPE SAME DIRECTION,OTHER,DRY,NO INJURY / DRIVE AWAY,UNABLE TO DETERMINE,2,9,NO INDICATION OF INJURY,0,0,17,2,41.7989038902,-87.703564664
10/29/2021 12:00:00 PM,30,UNKNOWN,DAYLIGHT,PARKED MOTOR VEHICLE,UNKNOWN,UNKNOWN,NO INJURY / DRIVE AWAY,UNABLE TO DETERMINE,2,10,NO INDICATION OF INJURY,0,0,12,6,41.6892997981,-87.6066560549