CRASH_DATE,POSTED_SPEED_LIMIT,WEATHER_CONDITION,LIGHTING_CONDITION,FIRST_CRASH_TYPE,TRAFFICWAY_TYPE,ROADWAY_SURFACE_COND,CRASH_TYPE,PRIM_CONTRIBUTORY_CAUSE,NUM_UNITS,CRASH_MONTH,MOST_SEVERE_INJURY,INJURIES_TOTAL,INJURIES_FATAL,CRASH_HOUR,CRASH_DAY_OF_WEEK,LATITUDE,LONGITUDE
10/25/2021 05:15:00 PM,20,CLEAR,DAYLIGHT,PARKED MOTOR VEHICLE,NOT DIVIDED,DRY,INJURY AND / OR TOW DUE TO CRASH,DISTRACTION - FROM INSIDE VEHICLE,2,10,NO INDICATION OF INJURY,0,0,17,2,41.9865413628,-87.7969805818
01/25/2023 08:10:00 AM,30,SNOW,DAYLIGHT,TURNING,NOT DIVIDED,SNOW OR SLUSH,NO INJURY / DRIVE AWAY,IMPROPER LANE USAGE,2,1,NO INDICATION OF INJURY,0,0,8,4,41.9528996579,-87.6455794371
06/20/2023 08:20:00 AM,30,CLEAR,DAYLIGHT,ANGLE,FOUR WAY,DRY,INJURY AND / OR TOW DUE TO CRASH,UNABLE TO DETERMINE,2,6,NONINCAPACITATING INJURY,1,0,8,3,41.9701523764,-87.7282304079
11/11/2023 01:00:00 PM,30,CLEAR,DAYLIGHT,REAR END,NOT DIVIDED,DRY,NO INJURY / DRIVE AWAY,FAILING TO YIELD RIGHT-OF-WAY,2,11,NO INDICATION OF INJURY,0,0,13,7,41.9495657728,-87.7276406979
04/16/2021 12:10:00 PM,30,CLEAR,DAYLIGHT,TURNING,NOT DIVIDED,DRY,NO INJURY / DRIVE AWAY,UNABLE TO DETERMINE,2,4,NO INDICATION OF INJURY,0,0,12,6,41.8219448331,-87.7436765962
05/15/2022 01:30:00 PM,30,CLEAR,DAYLIGHT,TURNING,NOT DIVIDED,DRY,NO INJURY / DRIVE AWAY,FAILING TO YIELD RIGHT-OF-WAY,2,5,NO INDICATION OF INJURY,0,0,13,1,41.8010528356,-87.6843676488
12/17/2023 01:23:00 AM,30,CLEAR,"DARKNESS, LIGHTED ROAD",REAR END,ONE-WAY,WET,NO INJURY / DRIVE AWAY,FAILING TO REDUCE SPEED TO AVOID CRASH,2,12,NO INDICATION OF INJURY,0,0,1,1,41.8760388969,-87.7010193855
09/21/2022 11:49:00 PM,30,CLEAR,"DARKNESS, LIGHTED ROAD",TURNING,FOUR WAY,DRY,NO INJURY / DRIVE AWAY,DISREGARDING TRAFFIC SIGNALS,2,9,NO INDICATION OF INJURY,0,0,23,4,41.7728470719,-87.6301184387
08/03/2023 07:19:00 PM,30,CLEAR,DAYLIGHT,TURNING,DIVIDED - W/MEDIAN BARRIER,DRY,INJURY AND / OR TOW DUE TO CRASH,FAILING TO YIELD RIGHT-OF-WAY,2,8,NO INDICATION OF INJURY,0,0,19,5,41.7068233366,-87.6429774693
12/26/2024 01:30:00 PM,25,UNKNOWN,UNKNOWN,SIDESWIPE SAME DIRECTION,DIVIDED - W/MEDIAN (NOT RAISED),UNKNOWN,INJURY AND / OR TOW DUE TO CRASH,UNABLE TO DETERMINE,2,12,NONINCAPACITATING INJURY,2,0,13,5,41.9856802483,-87.6550676257
06/04/2025 05:30:00 PM,30,CLEAR,DAYLIGHT,TURNING,DIVIDED - W/MEDIAN (NOT RAISED),DRY,NO INJURY / DRIVE AWAY,FAILING TO YIELD RIGHT-OF-WAY,2,6,NO INDICATION OF INJURY,0,0,17,4,41.9759034513,-87.7283917538
12/14/2023 04:00:00 PM,30,CLEAR,DAYLIGHT,TURNING,NOT DIVIDED,DRY,NO INJURY / DRIVE AWAY,UNABLE TO DETERMINE,2,12,NO INDICATION OF INJURY,0,0,16,5,41.9015515657,-87.6345374449
05/26/2025 07:25:00 PM,30,CLEAR,DAYLIGHT,REAR END,NOT DIVIDED,DRY,NO INJURY / DRIVE AWAY,UNABLE TO DETERMINE,2,5,NO INDICATION OF INJURY,0,0,19,2,41.9820111293,-87.7876050701
03/10/2022 08:00:00 AM,30,CLEAR,DAYLIGHT,TURNING,NOT DIVIDED,DRY,NO INJURY / DRIVE AWAY,IMPROPER TURNING/NO SIGNAL,2,3,NO INDICATION OF INJURY,0,0,8,5,41.6927380044,-87.6085583024
03/22/2023 05:54:00 PM,30,RAIN,DAYLIGHT,SIDESWIPE SAME DIRECTION,NOT DIVIDED,WET,NO INJURY / DRIVE AWAY,UNABLE TO DETERMINE,2,3,NO INDICATION OF INJURY,0,0,17,4,41.876340609,-87.6861336566
04/25/2026 10:12:00 AM,30,CLEAR,DAYLIGHT,TURNING,FOUR WAY,DRY,NO INJURY / DRIVE AWAY,FOLLOWING TOO CLOSELY,2,4,NO INDICATION OF INJURY,0,0,10,7,41.851962509,-87.6991525308
10/18/2023 02:00:00 PM,30,RAIN,DAYLIGHT,PEDESTRIAN,ONE-WAY,WET,INJURY AND / OR TOW DUE TO CRASH,UNABLE TO DETERMINE,2,10,NONINCAPACITATING INJURY,1,0,14,4,41.7847383817,-87.6204441017
02/27/2026 12:00:00 PM,30,UNKNOWN,UNKNOWN,FIXED OBJECT,UNKNOWN,UNKNOWN,NO INJURY / DRIVE AWAY,UNABLE TO DETERMINE,1,2,NO INDICATION OF INJURY,0,0,12,6,41.8878387353,-87.7651836634
10/10/2024 04:15:00 PM,30,UNKNOWN,UNKNOWN,SIDESWIPE SAME DIRECTION,NOT DIVIDED,UNKNOWN,NO INJURY / DRIVE AWAY,UNABLE TO DETERMINE,2,10,NO INDICATION OF INJURY,0,0,16,5,41.9103884216,-87.6300338763
04/08/2022 04:55:00 PM,15,CLEAR,DAYLIGHT,PARKED MOTOR VEHICLE,PARKING LOT,DRY,NO INJURY / DRIVE AWAY,UNABLE TO DETERMINE,2,4,NO INDICATION OF INJURY,0,0,16,6,41.8805567291,-87.6332815083
04/06/2026 11:00:00 AM,15,CLEAR,DAYLIGHT,PEDESTRIAN,OTHER,DRY,INJURY AND / OR TOW DUE TO CRASH,UNABLE TO DETERMINE,2,4,NONINCAPACITATING INJURY,1,0,11,2,41.7690762191,-87.6256235538
01/13/2022 11:37:00 PM,30,CLEAR,"DARKNESS, LIGHTED ROAD",OTHER OBJECT,NOT DIVIDED,ICE,INJURY AND / OR TOW DUE TO CRASH,WEATHER,1,1,NO INDICATION OF INJURY,0,0,23,5,41.9905621916,-87.7109161289
11/22/2023 05:34:00 PM,30,CLEAR,"DARKNESS, LIGHTED ROAD",HEAD ON,NOT DIVIDED,DRY,INJURY AND / OR TOW DUE TO CRASH,NOT APPLICABLE,2,11,NO INDICATION OF INJURY,0,0,17,4,41.6915921379,-87.6211377157
09/30/2023 07:25:00 PM,30,UNKNOWN,UNKNOWN,SIDESWIPE SAME DIRECTION,DIVIDED - W/MEDIAN (NOT RAISED),UNKNOWN,NO INJURY / DRIVE AWAY,UNABLE TO DETERMINE,2,9,NO INDICATION OF INJURY,0,0,19,7,41.9036983077,-87.6482453506
08/25/2024 06:00:00 PM,30,CLEAR,DAYLIGHT,REAR END,ONE-WAY,DRY,NO INJURY / DRIVE AWAY,FOLLOWING TOO CLOSELY,2,8,NO INDICATION OF INJURY,0,0,18,1,41.9796502194,-87.836658111
07/07/2022 10:15:00 PM,30,CLEAR,"DARKNESS, LIGHTED ROAD",SIDESWIPE SAME DIRECTION,ONE-WAY,DRY,NO INJURY / DRIVE AWAY,IMPROPER OVERTAKING/PASSING,2,7,NO INDICATION OF INJURY,0,0,22,5,41.8311270294,-87.6146306504
04/14/2021 03:40:00 AM,30,CLEAR,"DARKNESS, LIGHTED ROAD",OVERTURNED,Y-INTERSECTION,DRY,INJURY AND / OR TOW DUE TO CRASH,UNABLE TO DETERMINE,1,4,,,,3,4,41.9278640372,-87.7062251866
10/04/2023 01:50:00 PM,30,CLEAR,DAYLIGHT,PARKED MOTOR VEHICLE,DIVIDED - W/MEDIAN (NOT RAISED),DRY,NO INJURY / DRIVE AWAY,UNABLE TO DETERMINE,2,10,NO INDICATION OF INJURY,0,0,13,4,41.8922069006,-87.7556461294
12/03/2023 07:10:00 PM,30,CLEAR,"DARKNESS, LIGHTED ROAD",REAR END,DIVIDED - W/MEDIAN (NOT RAISED),UNKNOWN,NO INJURY / DRIVE AWAY,UNABLE TO DETERMINE,2,12,NO INDICATION OF INJURY,0,0,19,1,41.8911443447,-87.6430694022
03/12/2024 12:15:00 PM,35,CLEAR,DAYLIGHT,SIDESWIPE SAME DIRECTION,NOT DIVIDED,DRY,NO INJURY / DRIVE AWAY,FOLLOWING TOO CLOSELY,2,3,NO INDICATION OF INJURY,0,0,12,3,41.7569147456,-87.7223215084
06/27/2021 03:30:00 PM,25,CLEAR,DAYLIGHT,REAR END,DIVIDED - W/MEDIAN (NOT RAISED),DRY,NO INJURY / DRIVE AWAY,UNABLE TO DETERMINE,2,6,NO INDICATION OF INJURY,0,0,15,1,41.6631821012,-87.6415652652
11/17/2025 11:40:00 AM,30,CLEAR,DAYLIGHT,OTHER OBJECT,OTHER,DRY,NO INJURY / DRIVE AWAY,UNABLE TO DETERMINE,1,11,NO INDICATION OF INJURY,0,0,11,2,41.6916724027,-87.6815080845
07/24/2021 03:30:00 PM,30,CLEAR,DAYLIGHT,FIXED OBJECT,DIVIDED - W/MEDIAN (NOT RAISED),DRY,INJURY AND / OR TOW DUE TO CRASH,IMPROPER LANE USAGE,1,7,FATAL,1,1,15,7,41.7908189978,-87.683809225
12/08/2022 04:30:00 PM,30,CLEAR,DAYLIGHT,TURNING,NOT DIVIDED,DRY,NO INJURY / DRIVE AWAY,FAILING TO YIELD RIGHT-OF-WAY,2,12,NO INDICATION OF INJURY,0,0,16,5,41.9902078802,-87.7287956144
10/28/2024 10:00:00 AM,15,CLEAR,DAYLIGHT,PARKED MOTOR VEHICLE,ALLEY,DRY,NO INJURY / DRIVE AWAY,UNABLE TO DETERMINE,2,10,NO INDICATION OF INJURY,0,0,10,2,41.8930483066,-87.6780071005
01/20/2023 06:00:00 PM,30,CLEAR,"DARKNESS, LIGHTED ROAD",PARKED MOTOR VEHICLE,NOT DIVIDED,UNKNOWN,NO INJURY / DRIVE AWAY,UNABLE TO DETERMINE,2,1,NO INDICATION OF INJURY,0,0,18,6,41.7338129842,-87.5973386903
08/16/2023 06:48:00 AM,30,CLEAR,DAYLIGHT,ANGLE,FOUR WAY,DRY,NO INJURY / DRIVE AWAY,DISREGARDING TRAFFIC SIGNALS,2,8,NO INDICATION OF INJURY,0,0,6,4,41.858681849,-87.7348806428
06/04/2022 12:34:00 AM,30,CLEAR,"DARKNESS, LIGHTED ROAD",TURNING,FOUR WAY,DRY,NO INJURY / DRIVE AWAY,UNABLE TO DETERMINE,2,6,NO INDICATION OF INJURY,0,0,0,7,41.9040093008,-87.6315223229
09/20/2022 01:26:00 PM,30,CLEAR,DAYLIGHT,REAR END,DIVIDED - W/MEDIAN (NOT RAISED),DRY,INJURY AND / OR TOW DUE TO CRASH,FAILING TO REDUCE SPEED TO AVOID CRASH,3,9,NO INDICATION OF INJURY,0,0,13,3,41.7597275673,-87.6637975811
04/24/2026 01:05:00 PM,30,CLOUDY/OVERCAST,DAYLIGHT,ANGLE,NOT DIVIDED,DRY,NO INJURY / DRIVE AWAY,UNABLE TO DETERMINE,2,4,NO INDICATION OF INJURY,0,0,13,6,41.6918259307,-87.7009839879
01/22/2026 07:30:00 AM,30,CLEAR,DAYLIGHT,TURNING,ONE-WAY,DRY,NO INJURY / DRIVE AWAY,IMPROPER LANE USAGE,2,1,NO INDICATION OF INJURY,0,0,7,5,41.8846016582,-87.6276860285
04/20/2023 08:00:00 AM,30,UNKNOWN,UNKNOWN,PARKED MOTOR VEHICLE,UNKNOWN,UNKNOWN,NO INJURY / DRIVE AWAY,UNABLE TO DETERMINE,2,4,NO INDICATION OF INJURY,0,0,8,5,41.8980859922,-87.7680826746
11/12/2023 07:30:00 PM,35,CLEAR,"DARKNESS, LIGHTED ROAD",REAR END,DIVIDED - W/MEDIAN (NOT RAISED),DRY,NO INJURY / DRIVE AWAY,FOLLOWING TOO CLOSELY,2,11,NO INDICATION OF INJURY,0,0,19,1,41.7726154357,-87.6300996776
07/21/2024 04:51:00 AM,30,CLEAR,DUSK,FIXED OBJECT,NOT DIVIDED,DRY,INJURY AND / OR TOW DUE TO CRASH,UNABLE TO DETERMINE,1,7,NONINCAPACITATING INJURY,1,0,4,1,41.9428159828,-87.7030824824
05/31/2022 12:00:00 PM,30,CLEAR,DAYLIGHT,ANGLE,FOUR WAY,DRY,NO INJURY / DRIVE AWAY,UNABLE TO DETERMINE,2,5,NO INDICATION OF INJURY,0,0,12,3,41.874594835,-87.7181362872
11/20/2023 11:32:00 PM,30,UNKNOWN,"DARKNESS, LIGHTED ROAD",SIDESWIPE SAME DIRECTION,DIVIDED - W/MEDIAN (NOT RAISED),UNKNOWN,NO INJURY / DRIVE AWAY,UNABLE TO DETERMINE,2,11,NO INDICATION OF INJURY,0,0,23,2,41.7758649673,-87.7228350524
09/03/2024 02:05:00 PM,15,CLEAR,DAYLIGHT,PARKED MOTOR VEHICLE,PARKING LOT,DRY,NO INJURY / DRIVE AWAY,IMPROPER BACKING,2,9,NO INDICATION OF INJURY,0,0,14,3,41.7792474669,-87.6919345344
12/15/2025 07:10:00 AM,40,OTHER,DAYLIGHT,SIDESWIPE SAME DIRECTION,NOT DIVIDED,DRY,NO INJURY / DRIVE AWAY,DRIVING SKILLS/KNOWLEDGE/EXPERIENCE,2,12,NO INDICATION OF INJURY,0,0,7,2,41.8771643664,-87.6175493172
08/06/2022 08:50:00 PM,25,UNKNOWN,DUSK,SIDESWIPE SAME DIRECTION,ONE-WAY,UNKNOWN,NO INJURY / DRIVE AWAY,UNABLE TO DETERMINE,2,8,NO INDICATION OF INJURY,0,0,20,7,41.9209486648,-87.6891257687
11/08/2024 07:30:00 AM,30,CLEAR,DAYLIGHT,TURNING,FOUR WAY,DRY,NO INJURY / DRIVE AWAY,UNABLE TO DETERMINE,2,11,NO INDICATION OF INJURY,0,0,7,6,41.7499467542,-87.7036818715
12/26/2022 03:08:00 AM,30,SNOW,DARKNESS,ANGLE,FOUR WAY,SNOW OR SLUSH,INJURY AND / OR TOW DUE TO CRASH,UNABLE TO DETERMINE,2,12,NONINCAPACITATING INJURY,1,0,3,2,41.8284748965,-87.6753811585
02/17/2021 08:45:00 AM,30,CLEAR,DAYLIGHT,PARKED MOTOR VEHICLE,NOT DIVIDED,WET,NO INJURY / DRIVE AWAY,IMPROPER BACKING,2,2,NO INDICATION OF INJURY,0,0,8,4,41.7787341206,-87.7110435788
10/03/2025 12:45:00 PM,30,CLEAR,DAYLIGHT,SIDESWIPE SAME DIRECTION,DIVIDED - W/MEDIAN (NOT RAISED),DRY,NO INJURY / DRIVE AWAY,IMPROPER OVERTAKING/PASSING,2,10,NO INDICATION OF INJURY,0,0,12,6,41.9398398809,-87.6396956744
08/08/2023 08:40:00 AM,30,CLEAR,DAYLIGHT,REAR END,NOT DIVIDED,DRY,INJURY AND / OR TOW DUE TO CRASH,DISREGARDING TRAFFIC SIGNALS,2,8,NONINCAPACITATING INJURY,1,0,8,3,41.7924479994,-87.7722097252
09/03/2021 06:36:00 PM,30,CLEAR,DAYLIGHT,ANGLE,FOUR WAY,DRY,INJURY AND / OR TOW DUE TO CRASH,DISREGARDING TRAFFIC SIGNALS,2,9,NO INDICATION OF INJURY,0,0,18,6,41.7714258019,-87.7275158809
09/02/2023 01:45:00 PM,25,CLEAR,DAYLIGHT,TURNING,NOT DIVIDED,DRY,NO INJURY / DRIVE AWAY,FOLLOWING TOO CLOSELY,2,9,NO INDICATION OF INJURY,0,0,13,7,41.78415712,-87.5915809372
12/16/2025 04:45:00 PM,30,CLEAR,DUSK,REAR END,ONE-WAY,DRY,NO INJURY / DRIVE AWAY,FAILING TO REDUCE SPEED TO AVOID CRASH,2,12,NO INDICATION OF INJURY,0,0,16,3,41.8881500523,-87.6607446009
11/27/2022 07:09:00 AM,25,RAIN,DAYLIGHT,REAR END,RAMP,WET,INJURY AND / OR TOW DUE TO CRASH,UNABLE TO DETERMINE,2,11,NONINCAPACITATING INJURY,1,0,7,1,41.9600814986,-87.7416166108
12/10/2021 03:30:00 PM,30,RAIN,DAYLIGHT,SIDESWIPE OPPOSITE DIRECTION,NOT DIVIDED,WET,NO INJURY / DRIVE AWAY,NOT APPLICABLE,2,12,NO INDICATION OF INJURY,0,0,15,6,41.7745000425,-87.7617011265
02/25/2026 10:06:00 AM,35,CLEAR,DAYLIGHT,SIDESWIPE SAME DIRECTION,DIVIDED - W/MEDIAN (NOT RAISED),DRY,NO INJURY / DRIVE AWAY,UNABLE TO DETERMINE,2,2,NO INDICATION OF INJURY,0,0,10,4,41.764380672,-87.5761156182
02/01/2025 10:40:00 AM,30,CLEAR,DAYLIGHT,TURNING,FOUR WAY,DRY,INJURY AND / OR TOW DUE TO CRASH,FAILING TO YIELD RIGHT-OF-WAY,2,2,NO INDICATION OF INJURY,0,0,10,7,41.8661463823,-87.720268041
06/28/2025 11:49:00 AM,30,CLEAR,"DARKNESS, LIGHTED ROAD",PEDALCYCLIST,NOT DIVIDED,DRY,INJURY AND / OR TOW DUE TO CRASH,FAILING TO YIELD RIGHT-OF-WAY,2,6,NONINCAPACITATING INJURY,1,0,11,7,41.9219887192,-87.6960999975
05/30/2022 10:10:00 PM,30,CLEAR,"DARKNESS, LIGHTED ROAD",PEDALCYCLIST,DIVIDED - W/MEDIAN (NOT RAISED),DRY,INJURY AND / OR TOW DUE TO CRASH,FAILING TO REDUCE SPEED TO AVOID CRASH,2,5,NONINCAPACITATING INJURY,1,0,22,2,41.9454116041,-87.6495750864
08/08/2021 08:30:00 AM,30,CLEAR,DAYLIGHT,SIDESWIPE SAME DIRECTION,NOT DIVIDED,DRY,INJURY AND / OR TOW DUE TO CRASH,IMPROPER OVERTAKING/PASSING,2,8,NONINCAPACITATING INJURY,1,0,8,1,41.793003052,-87.7338734608
01/25/2025 02:34:00 AM,30,CLEAR,"DARKNESS, LIGHTED ROAD",FIXED OBJECT,NOT DIVIDED,DRY,NO INJURY / DRIVE AWAY,UNDER THE INFLUENCE OF ALCOHOL/DRUGS (USE WHEN ARREST IS EFFECTED),1,1,NO INDICATION OF INJURY,0,0,2,7,41.7722041345,-87.6556652037
02/11/2024 08:24:00 PM,30,CLEAR,DARKNESS,TURNING,NOT DIVIDED,DRY,INJURY AND / OR TOW DUE TO CRASH,FAILING TO YIELD RIGHT-OF-WAY,2,2,NO INDICATION OF INJURY,0,0,20,1,41.9239824573,-87.757230055
07/03/2023 06:30:00 AM,20,CLEAR,DUSK,ANGLE,OTHER,DRY,NO INJURY / DRIVE AWAY,FAILING TO YIELD RIGHT-OF-WAY,2,7,NO INDICATION OF INJURY,0,0,6,2,41.9028104618,-87.6994986422
04/27/2021 11:40:00 PM,30,CLEAR,DAYLIGHT,PARKED MOTOR VEHICLE,PARKING LOT,DRY,NO INJURY / DRIVE AWAY,UNABLE TO DETERMINE,2,4,NO INDICATION OF INJURY,0,0,23,3,41.8236413465,-87.6403616211
06/14/2021 04:10:00 PM,25,CLEAR,DAYLIGHT,ANGLE,DIVIDED - W/MEDIAN (NOT RAISED),DRY,NO INJURY / DRIVE AWAY,UNABLE TO DETERMINE,2,6,NO INDICATION OF INJURY,0,0,16,2,41.7843625015,-87.7104307926
07/01/2021 08:30:00 PM,30,CLEAR,"DARKNESS, LIGHTED ROAD",TURNING,DIVIDED - W/MEDIAN (NOT RAISED),UNKNOWN,INJURY AND / OR TOW DUE TO CRASH,FAILING TO YIELD RIGHT-OF-WAY,2,7,"REPORTED, NOT EVIDENT",1,0,20,5,41.9175184831,-87.7057677765
07/21/2024 06:05:00 PM,30,CLEAR,DAYLIGHT,PEDESTRIAN,NOT DIVIDED,DRY,INJURY AND / OR TOW DUE TO CRASH,UNABLE TO DETERMINE,2,7,"REPORTED, NOT EVIDENT",1,0,18,1,41.9683241481,-87.7305432113
04/01/2024 06:37:00 PM,30,RAIN,DAYLIGHT,HEAD ON,NOT DIVIDED,WET,INJURY AND / OR TOW DUE TO CRASH,IMPROPER LANE USAGE,3,4,INCAPACITATING INJURY,2,0,18,2,41.9417735969,-87.7761963976
10/06/2022 12:40:00 PM,20,CLEAR,DAYLIGHT,REAR END,DIVIDED - W/MEDIAN (NOT RAISED),DRY,NO INJURY / DRIVE AWAY,UNABLE TO DETERMINE,2,10,NO INDICATION OF INJURY,0,0,12,5,41.8425062918,-87.6952970587
08/28/2021 05:30:00 PM,30,CLEAR,UNKNOWN,PARKED MOTOR VEHICLE,ONE-WAY,OTHER,NO INJURY / DRIVE AWAY,UNABLE TO DETERMINE,2,8,NO INDICATION OF INJURY,0,0,17,7,42.0059812194,-87.675116222
07/07/2025 07:46:00 PM,30,CLEAR,DAYLIGHT,FIXED OBJECT,NOT DIVIDED,DRY,INJURY AND / OR TOW DUE TO CRASH,NOT APPLICABLE,1,7,NO INDICATION OF INJURY,0,0,19,2,41.802717529,-87.6939002491
03/09/2022 03:10:00 PM,30,CLEAR,DAYLIGHT,ANGLE,DIVIDED - W/MEDIAN (NOT RAISED),UNKNOWN,NO INJURY / DRIVE AWAY,FAILING TO YIELD RIGHT-OF-WAY,2,3,NO INDICATION OF INJURY,0,0,15,4,41.7063237999,-87.5548367673
04/15/2021 11:58:00 PM,30,UNKNOWN,UNKNOWN,PARKED MOTOR VEHICLE,DIVIDED - W/MEDIAN (NOT RAISED),UNKNOWN,NO INJURY / DRIVE AWAY,UNABLE TO DETERMINE,3,4,NO INDICATION OF INJURY,0,0,23,5,41.7584302555,-87.6055304772
04/03/2024 09:00:00 PM,30,UNKNOWN,"DARKNESS, LIGHTED ROAD",PARKED MOTOR VEHICLE,DIVIDED - W/MEDIAN (NOT RAISED),UNKNOWN,NO INJURY / DRIVE AWAY,UNABLE TO DETERMINE,2,4,,,,21,4,41.7174580876,-87.5508608697
08/19/2022 07:00:00 AM,30,CLEAR,DAYLIGHT,ANGLE,ONE-WAY,DRY,NO INJURY / DRIVE AWAY,IMPROPER BACKING,2,8,NO INDICATION OF INJURY,0,0,7,6,41.9366591242,-87.7813621369
02/12/2023 06:36:00 AM,30,CLEAR,DUSK,PARKED MOTOR VEHICLE,DIVIDED - W/MEDIAN BARRIER,DRY,NO INJURY / DRIVE AWAY,FAILING TO REDUCE SPEED TO AVOID CRASH,2,2,NO INDICATION OF INJURY,0,0,6,1,41.8800580216,-87.7696744823
10/30/2021 09:45:00 AM,30,CLEAR,DAWN,FIXED OBJECT,OTHER,DRY,INJURY AND / OR TOW DUE TO CRASH,DRIVING SKILLS/KNOWLEDGE/EXPERIENCE,1,10,NONINCAPACITATING INJURY,1,0,9,7,41.714705412,-87.6144125443
05/13/2022 06:06:00 PM,30,CLEAR,DAYLIGHT,SIDESWIPE SAME DIRECTION,NOT DIVIDED,DRY,NO INJURY / DRIVE AWAY,UNABLE TO DETERMINE,2,5,NO INDICATION OF INJURY,0,0,18,6,41.9270424809,-87.7025274969
05/29/2025 11:19:00 AM,30,CLEAR,DAYLIGHT,REAR TO SIDE,PARKING LOT,DRY,NO INJURY / DRIVE AWAY,IMPROPER BACKING,2,5,NO INDICATION OF INJURY,0,0,11,5,41.721082954,-87.6797806761
04/18/2025 07:35:00 AM,30,CLEAR,DAYLIGHT,REAR END,RAMP,DRY,NO INJURY / DRIVE AWAY,UNABLE TO DETERMINE,2,4,NO INDICATION OF INJURY,0,0,7,6,41.9258069317,-87.6338196492
06/21/2022 02:00:00 PM,30,CLEAR,DAYLIGHT,REAR END,NOT DIVIDED,DRY,NO INJURY / DRIVE AWAY,UNABLE TO DETERMINE,2,6,NO INDICATION OF INJURY,0,0,14,3,41.8956625925,-87.706619209
09/18/2021 09:04:00 PM,30,CLEAR,"DARKNESS, LIGHTED ROAD",ANGLE,FOUR WAY,DRY,INJURY AND / OR TOW DUE TO CRASH,DISREGARDING TRAFFIC SIGNALS,2,9,NONINCAPACITATING INJURY,4,0,21,7,41.7504073668,-87.6584425811
05/05/2023 06:37:00 PM,30,UNKNOWN,"DARKNESS, LIGHTED ROAD",PARKED MOTOR VEHICLE,NOT DIVIDED,UNKNOWN,NO INJURY / DRIVE AWAY,UNABLE TO DETERMINE,2,5,NO INDICATION OF INJURY,0,0,18,6,42.004567592,-87.6655610708
11/15/2022 12:20:00 PM,30,SNOW,DAYLIGHT,REAR END,DIVIDED - W/MEDIAN (NOT RAISED),DRY,INJURY AND / OR TOW DUE TO CRASH,UNABLE TO DETERMINE,2,11,NO INDICATION OF INJURY,0,0,12,3,41.8596892049,-87.7021144857
12/01/2023 09:38:00 AM,30,RAIN,DAYLIGHT,SIDESWIPE SAME DIRECTION,DIVIDED - W/MEDIAN (NOT RAISED),WET,NO INJURY / DRIVE AWAY,FAILING TO YIELD RIGHT-OF-WAY,2,12,NO INDICATION OF INJURY,0,0,9,6,41.7956880528,-87.8014596705
03/13/2021 04:34:00 PM,25,CLEAR,DAYLIGHT,PARKED MOTOR VEHICLE,NOT DIVIDED,DRY,INJURY AND / OR TOW DUE TO CRASH,UNABLE TO DETERMINE,2,3,NO INDICATION OF INJURY,0,0,16,7,41.9647122098,-87.6929903476
10/01/2022 11:43:00 AM,30,CLEAR,DAYLIGHT,PARKED MOTOR VEHICLE,NOT DIVIDED,DRY,INJURY AND / OR TOW DUE TO CRASH,DRIVING ON WRONG SIDE/WRONG WAY,2,10,INCAPACITATING INJURY,1,0,11,7,41.7013711974,-87.6408423394
02/21/2021 06:10:00 PM,30,SNOW,DARKNESS,REAR END,NOT DIVIDED,SNOW OR SLUSH,INJURY AND / OR TOW DUE TO CRASH,FOLLOWING TOO CLOSELY,2,2,NO INDICATION OF INJURY,0,0,18,1,41.8564993093,-87.6464557674
01/21/2024 12:10:00 PM,30,CLEAR,DAYLIGHT,TURNING,DIVIDED - W/MEDIAN (NOT RAISED),DRY,NO INJURY / DRIVE AWAY,FAILING TO YIELD RIGHT-OF-WAY,2,1,NO INDICATION OF INJURY,0,0,12,1,41.9860762646,-87.8351243288
04/16/2025 05:05:00 PM,30,CLEAR,DAYLIGHT,REAR END,NOT DIVIDED,DRY,NO INJURY / DRIVE AWAY,FOLLOWING TOO CLOSELY,2,4,NO INDICATION OF INJURY,0,0,17,4,41.9092663311,-87.6870455746
10/26/2021 10:00:00 AM,30,CLEAR,DAYLIGHT,PARKED MOTOR VEHICLE,ONE-WAY,DRY,NO INJURY / DRIVE AWAY,UNABLE TO DETERMINE,2,10,NO INDICATION OF INJURY,0,0,10,3,41.91728967,-87.7520209489
12/10/2021 09:00:00 AM,25,CLEAR,DAYLIGHT,ANGLE,FOUR WAY,DRY,INJURY AND / OR TOW DUE TO CRASH,UNABLE TO DETERMINE,2,12,"REPORTED, NOT EVIDENT",1,0,9,6,41.6791930286,-87.6791148668
09/14/2024 06:45:00 PM,30,CLEAR,DAYLIGHT,TURNING,DIVIDED - W/MEDIAN BARRIER,DRY,NO INJURY / DRIVE AWAY,UNABLE TO DETERMINE,2,9,NO INDICATION OF INJURY,0,0,18,7,41.7617341915,-87.5863600874
03/24/2022 08:22:00 PM,30,RAIN,"DARKNESS, LIGHTED ROAD",PEDESTRIAN,ONE-WAY,WET,INJURY AND / OR TOW DUE TO CRASH,UNABLE TO DETERMINE,2,3,NONINCAPACITATING INJURY,1,0,20,5,41.8867844069,-87.6326270591
07/22/2022 07:58:00 AM,30,CLEAR,DAYLIGHT,REAR END,DIVIDED - W/MEDIAN (NOT RAISED),DRY,NO INJURY / DRIVE AWAY,DRIVING SKILLS/KNOWLEDGE/EXPERIENCE,2,7,NO INDICATION OF INJURY,0,0,7,6,41.9742111551,-87.8241741618
10/25/2021 05:30:00 PM,30,UNKNOWN,UNKNOWN,FIXED OBJECT,UNKNOWN,UNKNOWN,NO INJURY / DRIVE AWAY,UNABLE TO DETERMINE,1,10,NO INDICATION OF INJURY,0,0,17,2,41.9372224727,-87.7456989135