CRASH_DATE,POSTED_SPEED_LIMIT,WEATHER_CONDITION,LIGHTING_CONDITION,FIRST_CRASH_TYPE,TRAFFICWAY_TYPE,ROADWAY_SURFACE_COND,CRASH_TYPE,PRIM_CONTRIBUTORY_CAUSE,NUM_UNITS,CRASH_MONTH,MOST_SEVERE_INJURY,INJURIES_TOTAL,INJURIES_FATAL,CRASH_HOUR,CRASH_DAY_OF_WEEK,LATITUDE,LONGITUDE
05/22/2021 01:10:00 PM,30,CLEAR,DAYLIGHT,REAR END,UNKNOWN INTERSECTION TYPE,DRY,NO INJURY / DRIVE AWAY,FOLLOWING TOO CLOSELY,2,5,NO INDICATION OF INJURY,0,0,13,7,41.9454017399,-87.8054796742
01/25/2023 07:15:00 AM,35,SNOW,DAYLIGHT,SIDESWIPE SAME DIRECTION,NOT DIVIDED,SNOW OR SLUSH,INJURY AND / OR TOW DUE TO CRASH,FAILING TO YIELD RIGHT-OF-WAY,2,1,NO INDICATION OF INJURY,0,0,7,4,41.9247765816,-87.6480367736
05/12/2025 07:32:00 PM,30,CLEAR,"DARKNESS, LIGHTED ROAD",TURNING,DIVIDED - W/MEDIAN BARRIER,DRY,NO INJURY / DRIVE AWAY,IMPROPER TURNING/NO SIGNAL,2,5,NO INDICATION OF INJURY,0,0,19,2,41.8918234902,-87.6253177097
06/19/2024 06:00:00 AM,30,CLEAR,"DARKNESS, LIGHTED ROAD",PARKED MOTOR VEHICLE,ONE-WAY,DRY,NO INJURY / DRIVE AWAY,UNABLE TO DETERMINE,2,6,NO INDICATION OF INJURY,0,0,6,4,41.9980537128,-87.7056166475
06/14/2021 03:30:00 PM,30,CLEAR,DAYLIGHT,PARKED MOTOR VEHICLE,NOT DIVIDED,DRY,NO INJURY / DRIVE AWAY,NOT APPLICABLE,2,6,NO INDICATION OF INJURY,0,0,15,2,41.7950808294,-87.6868552628
10/11/2022 04:32:00 PM,30,RAIN,DAYLIGHT,SIDESWIPE SAME DIRECTION,NOT DIVIDED,WET,NO INJURY / DRIVE AWAY,IMPROPER OVERTAKING/PASSING,2,10,NO INDICATION OF INJURY,0,0,16,3,41.7501209128,-87.6731936281
10/17/2021 06:26:00 PM,30,CLEAR,"DARKNESS, LIGHTED ROAD",REAR END,DIVIDED - W/MEDIAN (NOT RAISED),DRY,NO INJURY / DRIVE AWAY,FOLLOWING TOO CLOSELY,2,10,NO INDICATION OF INJURY,0,0,18,1,41.8384805175,-87.6214485117
10/13/2025 01:20:00 PM,30,CLEAR,"DARKNESS, LIGHTED ROAD",TURNING,NOT DIVIDED,DRY,NO INJURY / DRIVE AWAY,IMPROPER TURNING/NO SIGNAL,2,10,NO INDICATION OF INJURY,0,0,13,2,41.8471390028,-87.646632768
11/19/2021 03:09:00 PM,30,CLEAR,DARKNESS,TURNING,NOT DIVIDED,DRY,NO INJURY / DRIVE AWAY,UNABLE TO DETERMINE,2,11,NO INDICATION OF INJURY,0,0,15,6,41.808312172,-87.6829686351
02/19/2023 02:25:00 AM,10,CLEAR,DARKNESS,FIXED OBJECT,PARKING LOT,DRY,NO INJURY / DRIVE AWAY,UNABLE TO DETERMINE,2,2,NO INDICATION OF INJURY,0,0,2,1,41.9077120185,-87.6448489852
07/20/2025 05:19:00 AM,30,CLOUDY/OVERCAST,"DARKNESS, LIGHTED ROAD",HEAD ON,NOT DIVIDED,DRY,INJURY AND / OR TOW DUE TO CRASH,DRIVING ON WRONG SIDE/WRONG WAY,2,7,NONINCAPACITATING INJURY,1,0,5,1,41.8678735046,-87.7351755752
03/19/2024 09:55:00 AM,30,CLEAR,DAYLIGHT,REAR END,NOT DIVIDED,DRY,INJURY AND / OR TOW DUE TO CRASH,FOLLOWING TOO CLOSELY,2,3,NONINCAPACITATING INJURY,1,0,9,3,41.7210149023,-87.6690081789
02/22/2025 01:00:00 AM,25,CLEAR,DUSK,FIXED OBJECT,NOT DIVIDED,DRY,INJURY AND / OR TOW DUE TO CRASH,UNABLE TO DETERMINE,1,2,NONINCAPACITATING INJURY,1,0,1,7,41.718970445,-87.662284082
06/24/2024 02:00:00 AM,30,CLEAR,DAYLIGHT,PARKED MOTOR VEHICLE,ALLEY,DRY,INJURY AND / OR TOW DUE TO CRASH,UNABLE TO DETERMINE,2,6,NO INDICATION OF INJURY,0,0,2,2,42.0010565257,-87.6816137844
08/04/2021 04:50:00 PM,30,CLEAR,DAYLIGHT,PARKED MOTOR VEHICLE,NOT DIVIDED,DRY,NO INJURY / DRIVE AWAY,DRIVING SKILLS/KNOWLEDGE/EXPERIENCE,2,8,NO INDICATION OF INJURY,0,0,16,4,41.7392847807,-87.6047492604
02/19/2023 06:30:00 PM,30,UNKNOWN,UNKNOWN,SIDESWIPE SAME DIRECTION,NOT DIVIDED,UNKNOWN,NO INJURY / DRIVE AWAY,UNABLE TO DETERMINE,2,2,NO INDICATION OF INJURY,0,0,18,1,41.8932447739,-87.6327867038
10/31/2021 03:20:00 PM,30,CLEAR,DAYLIGHT,ANGLE,FOUR WAY,DRY,INJURY AND / OR TOW DUE TO CRASH,FAILING TO YIELD RIGHT-OF-WAY,2,10,NONINCAPACITATING INJURY,2,0,15,1,41.7834766592,-87.7717705371
02/09/2022 04:45:00 PM,30,CLOUDY/OVERCAST,DUSK,TURNING,NOT DIVIDED,DRY,NO INJURY / DRIVE AWAY,FAILING TO YIELD RIGHT-OF-WAY,2,2,NO INDICATION OF INJURY,0,0,16,4,41.8667626136,-87.666234394
04/18/2022 02:00:00 PM,30,CLEAR,DAYLIGHT,ANGLE,FOUR WAY,DRY,NO INJURY / DRIVE AWAY,FAILING TO YIELD RIGHT-OF-WAY,2,4,NO INDICATION OF INJURY,0,0,14,2,41.8364204111,-87.6220244598
03/21/2026 04:23:00 PM,30,UNKNOWN,UNKNOWN,TURNING,NOT DIVIDED,UNKNOWN,NO INJURY / DRIVE AWAY,UNABLE TO DETERMINE,2,3,NO INDICATION OF INJURY,0,0,16,7,41.7783353905,-87.7424364942
11/19/2023 08:21:00 PM,30,UNKNOWN,"DARKNESS, LIGHTED ROAD",PARKED MOTOR VEHICLE,ONE-WAY,UNKNOWN,NO INJURY / DRIVE AWAY,IMPROPER BACKING,2,11,NO INDICATION OF INJURY,0,0,20,1,41.743873821,-87.6051761606
04/23/2022 02:00:00 PM,30,CLEAR,DAYLIGHT,REAR END,NOT DIVIDED,DRY,NO INJURY / DRIVE AWAY,UNABLE TO DETERMINE,2,4,NO INDICATION OF INJURY,0,0,14,7,41.7948782216,-87.6063658143
10/19/2023 09:00:00 AM,15,CLEAR,DAYLIGHT,PARKED MOTOR VEHICLE,PARKING LOT,WET,NO INJURY / DRIVE AWAY,DRIVING SKILLS/KNOWLEDGE/EXPERIENCE,2,10,NO INDICATION OF INJURY,0,0,9,5,41.9399114345,-87.6608327039
01/21/2024 09:52:00 PM,30,SNOW,"DARKNESS, LIGHTED ROAD",ANGLE,FOUR WAY,ICE,NO INJURY / DRIVE AWAY,FAILING TO REDUCE SPEED TO AVOID CRASH,3,1,NO INDICATION OF INJURY,0,0,21,1,41.7942526667,-87.7783551708
02/27/2023 01:00:00 AM,30,CLEAR,"DARKNESS, LIGHTED ROAD",PARKED MOTOR VEHICLE,NOT DIVIDED,DRY,INJURY AND / OR TOW DUE TO CRASH,UNABLE TO DETERMINE,3,2,NO INDICATION OF INJURY,0,0,1,2,41.8304898733,-87.6762068763
12/31/2021 03:20:00 PM,30,CLEAR,DAYLIGHT,REAR TO FRONT,ONE-WAY,DRY,NO INJURY / DRIVE AWAY,IMPROPER BACKING,2,12,NO INDICATION OF INJURY,0,0,15,6,41.8844825398,-87.6494539801
11/20/2024 08:47:00 AM,30,CLEAR,DAYLIGHT,TURNING,NOT DIVIDED,DRY,INJURY AND / OR TOW DUE TO CRASH,FAILING TO YIELD RIGHT-OF-WAY,2,11,NONINCAPACITATING INJURY,1,0,8,4,41.9725513698,-87.7471493925
06/30/2023 12:15:00 PM,30,CLOUDY/OVERCAST,DAYLIGHT,SIDESWIPE SAME DIRECTION,DIVIDED - W/MEDIAN BARRIER,DRY,NO INJURY / DRIVE AWAY,IMPROPER OVERTAKING/PASSING,2,6,NO INDICATION OF INJURY,0,0,12,6,41.8866792354,-87.6280646371
08/27/2021 05:29:00 PM,30,CLEAR,DAYLIGHT,FIXED OBJECT,ONE-WAY,DRY,INJURY AND / OR TOW DUE TO CRASH,FAILING TO REDUCE SPEED TO AVOID CRASH,1,8,INCAPACITATING INJURY,1,0,17,6,41.881921435,-87.7304670089
01/19/2025 02:47:00 PM,30,CLEAR,DAYLIGHT,SIDESWIPE SAME DIRECTION,DIVIDED - W/MEDIAN BARRIER,DRY,NO INJURY / DRIVE AWAY,UNABLE TO DETERMINE,2,1,NO INDICATION OF INJURY,0,0,14,1,41.7501698131,-87.6900617216
01/26/2026 10:33:00 AM,35,CLEAR,DAYLIGHT,TURNING,NOT DIVIDED,DRY,NO INJURY / DRIVE AWAY,IMPROPER BACKING,2,1,NO INDICATION OF INJURY,0,0,10,2,41.8257522422,-87.6176087441
08/15/2025 05:50:00 PM,40,UNKNOWN,UNKNOWN,ANGLE,DIVIDED - W/MEDIAN BARRIER,UNKNOWN,NO INJURY / DRIVE AWAY,FAILING TO YIELD RIGHT-OF-WAY,2,8,NO INDICATION OF INJURY,0,0,17,6,41.9396804515,-87.6379521263
05/02/2025 12:50:00 PM,10,CLEAR,DAYLIGHT,REAR TO REAR,PARKING LOT,UNKNOWN,NO INJURY / DRIVE AWAY,UNABLE TO DETERMINE,2,5,NO INDICATION OF INJURY,0,0,12,6,41.7145740319,-87.6138305262
06/29/2023 07:47:00 PM,30,CLEAR,DAYLIGHT,SIDESWIPE OPPOSITE DIRECTION,NOT DIVIDED,DRY,NO INJURY / DRIVE AWAY,IMPROPER OVERTAKING/PASSING,2,6,NO INDICATION OF INJURY,0,0,19,5,41.6889360973,-87.6211521725
09/30/2021 09:34:00 PM,30,CLEAR,"DARKNESS, LIGHTED ROAD",PEDESTRIAN,FOUR WAY,DRY,INJURY AND / OR TOW DUE TO CRASH,UNABLE TO DETERMINE,2,9,NONINCAPACITATING INJURY,1,0,21,5,41.8807189579,-87.735600609
04/09/2025 12:35:00 PM,30,CLEAR,DAYLIGHT,PARKED MOTOR VEHICLE,NOT DIVIDED,DRY,INJURY AND / OR TOW DUE TO CRASH,UNABLE TO DETERMINE,3,4,"REPORTED, NOT EVIDENT",2,0,12,4,41.9531695633,-87.759253871
02/19/2025 11:53:00 PM,30,CLEAR,"DARKNESS, LIGHTED ROAD",TURNING,FOUR WAY,DRY,NO INJURY / DRIVE AWAY,DRIVING SKILLS/KNOWLEDGE/EXPERIENCE,2,2,NO INDICATION OF INJURY,0,0,23,4,,
02/20/2025 09:23:00 PM,30,CLEAR,"DARKNESS, LIGHTED ROAD",TURNING,FOUR WAY,WET,INJURY AND / OR TOW DUE TO CRASH,UNABLE TO DETERMINE,2,2,NO INDICATION OF INJURY,0,0,21,5,,
02/20/2025 02:21:00 PM,30,CLEAR,DAYLIGHT,SIDESWIPE SAME DIRECTION,NOT DIVIDED,DRY,NO INJURY / DRIVE AWAY,"OPERATING VEHICLE IN ERRATIC, RECKLESS, CARELESS, NEGLIGENT OR AGGRESSIVE MANNER",2,2,NO INDICATION OF INJURY,0,0,14,5,,
03/07/2025 04:44:00 PM,15,RAIN,DAYLIGHT,FIXED OBJECT,PARKING LOT,WET,NO INJURY / DRIVE AWAY,UNABLE TO DETERMINE,1,3,NO INDICATION OF INJURY,0,0,16,6,,
02/22/2025 04:08:00 AM,30,CLEAR,"DARKNESS, LIGHTED ROAD",SIDESWIPE SAME DIRECTION,ONE-WAY,DRY,INJURY AND / OR TOW DUE TO CRASH,IMPROPER TURNING/NO SIGNAL,2,2,NONINCAPACITATING INJURY,1,0,4,7,,
02/26/2025 09:50:00 AM,30,CLEAR,DAYLIGHT,OTHER OBJECT,ONE-WAY,DRY,NO INJURY / DRIVE AWAY,UNABLE TO DETERMINE,1,2,NO INDICATION OF INJURY,0,0,9,4,,
02/23/2025 07:25:00 PM,35,CLEAR,"DARKNESS, LIGHTED ROAD",TURNING,FOUR WAY,DRY,NO INJURY / DRIVE AWAY,UNABLE TO DETERMINE,2,2,NO INDICATION OF INJURY,0,0,19,1,,
12/13/2022 05:00:00 PM,25,CLEAR,"DARKNESS, LIGHTED ROAD",REAR END,FOUR WAY,DRY,NO INJURY / DRIVE AWAY,"OPERATING VEHICLE IN ERRATIC, RECKLESS, CARELESS, NEGLIGENT OR AGGRESSIVE MANNER",2,12,NO INDICATION OF INJURY,0,0,17,3,41.6922209532,-87.6631470683
09/03/2022 09:35:00 PM,35,CLEAR,DARKNESS,TURNING,NOT DIVIDED,DRY,NO INJURY / DRIVE AWAY,"OPERATING VEHICLE IN ERRATIC, RECKLESS, CARELESS, NEGLIGENT OR AGGRESSIVE MANNER",2,9,NO INDICATION OF INJURY,0,0,21,7,41.8675710154,-87.6305864739
04/21/2023 07:30:00 PM,30,CLEAR,DUSK,SIDESWIPE SAME DIRECTION,DIVIDED - W/MEDIAN BARRIER,DRY,NO INJURY / DRIVE AWAY,UNABLE TO DETERMINE,2,4,NO INDICATION OF INJURY,0,0,19,6,41.6924451885,-87.6425270763
03/29/2022 05:00:00 AM,35,CLEAR,"DARKNESS, LIGHTED ROAD",PARKED MOTOR VEHICLE,ONE-WAY,DRY,NO INJURY / DRIVE AWAY,IMPROPER OVERTAKING/PASSING,2,3,NO INDICATION OF INJURY,0,0,5,3,41.7342719726,-87.6352005393
08/13/2023 06:40:00 AM,30,CLEAR,DAYLIGHT,PARKED MOTOR VEHICLE,NOT DIVIDED,DRY,NO INJURY / DRIVE AWAY,UNABLE TO DETERMINE,2,8,NO INDICATION OF INJURY,0,0,6,1,41.8724413776,-87.7195859945
02/15/2022 02:38:00 AM,20,CLEAR,"DARKNESS, LIGHTED ROAD",PARKED MOTOR VEHICLE,NOT DIVIDED,ICE,INJURY AND / OR TOW DUE TO CRASH,UNABLE TO DETERMINE,2,2,NO INDICATION OF INJURY,0,0,2,3,42.0109634607,-87.6879894643
07/15/2024 06:25:00 PM,25,CLEAR,DAYLIGHT,PARKED MOTOR VEHICLE,NOT DIVIDED,DRY,NO INJURY / DRIVE AWAY,UNABLE TO DETERMINE,2,7,NO INDICATION OF INJURY,0,0,18,2,42.0023416966,-87.6719251218
07/10/2024 11:30:00 AM,30,CLEAR,DAYLIGHT,REAR END,DIVIDED - W/MEDIAN (NOT RAISED),DRY,NO INJURY / DRIVE AWAY,UNABLE TO DETERMINE,2,7,NO INDICATION OF INJURY,0,0,11,4,41.9976186888,-87.6899394819
08/12/2023 05:05:00 AM,30,CLEAR,DAYLIGHT,REAR END,NOT DIVIDED,DRY,NO INJURY / DRIVE AWAY,FOLLOWING TOO CLOSELY,2,8,NO INDICATION OF INJURY,0,0,5,7,41.7470091044,-87.6350494869
08/24/2022 06:00:00 AM,35,CLEAR,DAYLIGHT,REAR END,NOT DIVIDED,DRY,NO INJURY / DRIVE AWAY,NOT APPLICABLE,3,8,NO INDICATION OF INJURY,0,0,6,4,41.8443091573,-87.7285743352
09/13/2024 10:30:00 PM,20,CLEAR,"DARKNESS, LIGHTED ROAD",REAR END,NOT DIVIDED,DRY,NO INJURY / DRIVE AWAY,UNABLE TO DETERMINE,2,9,NO INDICATION OF INJURY,0,0,22,6,41.8008140453,-87.7284096829
11/15/2022 06:30:00 PM,30,RAIN,DAYLIGHT,REAR END,NOT DIVIDED,WET,NO INJURY / DRIVE AWAY,FAILING TO REDUCE SPEED TO AVOID CRASH,2,11,NO INDICATION OF INJURY,0,0,18,3,41.7929798187,-87.7523628298
08/27/2024 11:30:00 AM,30,CLEAR,DAYLIGHT,SIDESWIPE SAME DIRECTION,DIVIDED - W/MEDIAN BARRIER,DRY,NO INJURY / DRIVE AWAY,UNABLE TO DETERMINE,2,8,NO INDICATION OF INJURY,0,0,11,3,41.8934927968,-87.6243658542
07/21/2021 09:30:00 PM,15,CLEAR,"DARKNESS, LIGHTED ROAD",REAR TO FRONT,PARKING LOT,DRY,NO INJURY / DRIVE AWAY,UNABLE TO DETERMINE,2,7,NO INDICATION OF INJURY,0,0,21,4,41.706744981,-87.6498304617
04/04/2022 12:00:00 AM,30,RAIN,DARKNESS,PARKED MOTOR VEHICLE,NOT DIVIDED,WET,INJURY AND / OR TOW DUE TO CRASH,UNABLE TO DETERMINE,3,4,INCAPACITATING INJURY,1,0,0,2,41.7466944827,-87.6147018514
02/09/2024 02:26:00 PM,30,CLEAR,DAYLIGHT,REAR END,DIVIDED - W/MEDIAN BARRIER,DRY,NO INJURY / DRIVE AWAY,UNABLE TO DETERMINE,2,2,NO INDICATION OF INJURY,0,0,14,6,41.962507075,-87.7471153025
03/06/2024 11:35:00 AM,30,CLEAR,DAYLIGHT,REAR END,ONE-WAY,DRY,INJURY AND / OR TOW DUE TO CRASH,FOLLOWING TOO CLOSELY,3,3,NO INDICATION OF INJURY,0,0,11,4,41.9036878265,-87.7264533076
05/11/2024 05:20:00 PM,10,CLEAR,DAYLIGHT,SIDESWIPE SAME DIRECTION,NOT DIVIDED,DRY,NO INJURY / DRIVE AWAY,UNABLE TO DETERMINE,2,5,NO INDICATION OF INJURY,0,0,17,7,41.6914459103,-87.7156731039
06/24/2025 10:50:00 PM,40,RAIN,"DARKNESS, LIGHTED ROAD",FIXED OBJECT,DIVIDED - W/MEDIAN BARRIER,WET,INJURY AND / OR TOW DUE TO CRASH,WEATHER,1,6,NO INDICATION OF INJURY,0,0,22,3,41.9007332688,-87.6198570775
02/22/2024 06:00:00 PM,30,CLEAR,DARKNESS,REAR END,NOT DIVIDED,DRY,NO INJURY / DRIVE AWAY,FAILING TO YIELD RIGHT-OF-WAY,2,2,NO INDICATION OF INJURY,0,0,18,5,41.952226161,-87.7075143521
01/29/2024 02:30:00 PM,30,CLEAR,DAYLIGHT,SIDESWIPE SAME DIRECTION,DIVIDED - W/MEDIAN (NOT RAISED),DRY,NO INJURY / DRIVE AWAY,UNABLE TO DETERMINE,2,1,NO INDICATION OF INJURY,0,0,14,2,41.8966645974,-87.6209840504
09/26/2021 10:35:00 AM,30,CLEAR,DAYLIGHT,TURNING,NOT DIVIDED,DRY,INJURY AND / OR TOW DUE TO CRASH,IMPROPER TURNING/NO SIGNAL,2,9,NONINCAPACITATING INJURY,2,0,10,1,41.7861046765,-87.7031985228
03/14/2024 12:40:00 PM,30,CLEAR,DAYLIGHT,TURNING,FOUR WAY,DRY,INJURY AND / OR TOW DUE TO CRASH,FAILING TO YIELD RIGHT-OF-WAY,2,3,NONINCAPACITATING INJURY,2,0,12,5,41.7643134949,-87.7151117531
12/03/2023 12:44:00 PM,30,CLEAR,DAYLIGHT,TURNING,DIVIDED - W/MEDIAN (NOT RAISED),WET,NO INJURY / DRIVE AWAY,"OPERATING VEHICLE IN ERRATIC, RECKLESS, CARELESS, NEGLIGENT OR AGGRESSIVE MANNER",2,12,NO INDICATION OF INJURY,0,0,12,1,42.0113646841,-87.6742816203
09/30/2022 09:15:00 AM,35,CLEAR,DAYLIGHT,PARKED MOTOR VEHICLE,ONE-WAY,DRY,NO INJURY / DRIVE AWAY,IMPROPER OVERTAKING/PASSING,2,9,NO INDICATION OF INJURY,0,0,9,6,41.7437004464,-87.6012336114
12/21/2021 06:50:00 AM,30,CLEAR,DAWN,PEDESTRIAN,NOT DIVIDED,DRY,INJURY AND / OR TOW DUE TO CRASH,UNABLE TO DETERMINE,2,12,NONINCAPACITATING INJURY,1,0,6,3,41.7967770177,-87.6535824095
05/14/2025 12:36:00 PM,30,CLEAR,DAYLIGHT,SIDESWIPE OPPOSITE DIRECTION,NOT DIVIDED,DRY,INJURY AND / OR TOW DUE TO CRASH,NOT APPLICABLE,2,5,"REPORTED, NOT EVIDENT",1,0,12,4,41.8380981211,-87.6338718326
06/15/2021 07:00:00 PM,30,UNKNOWN,UNKNOWN,REAR END,UNKNOWN,UNKNOWN,NO INJURY / DRIVE AWAY,UNABLE TO DETERMINE,2,6,NO INDICATION OF INJURY,0,0,19,3,41.9821764142,-87.8109125002
01/16/2022 05:45:00 PM,30,CLEAR,DUSK,PEDESTRIAN,NOT DIVIDED,DRY,INJURY AND / OR TOW DUE TO CRASH,UNABLE TO DETERMINE,2,1,NONINCAPACITATING INJURY,1,0,17,1,41.8961794099,-87.6675254453
10/09/2021 02:21:00 AM,30,CLEAR,"DARKNESS, LIGHTED ROAD",SIDESWIPE SAME DIRECTION,OTHER,DRY,NO INJURY / DRIVE AWAY,FOLLOWING TOO CLOSELY,2,10,NO INDICATION OF INJURY,0,0,2,7,41.7586398818,-87.5878387502
02/20/2022 07:50:00 PM,30,CLEAR,"DARKNESS, LIGHTED ROAD",REAR END,DIVIDED - W/MEDIAN (NOT RAISED),DRY,INJURY AND / OR TOW DUE TO CRASH,FOLLOWING TOO CLOSELY,2,2,NO INDICATION OF INJURY,0,0,19,1,41.9470195752,-87.6747814816
12/03/2023 02:34:00 PM,30,CLEAR,DAYLIGHT,REAR END,NOT DIVIDED,DRY,INJURY AND / OR TOW DUE TO CRASH,UNABLE TO DETERMINE,3,12,NO INDICATION OF INJURY,0,0,14,1,41.8091257725,-87.6261361634
05/28/2023 01:55:00 PM,30,CLEAR,DAYLIGHT,TURNING,FOUR WAY,DRY,NO INJURY / DRIVE AWAY,IMPROPER BACKING,2,5,NO INDICATION OF INJURY,0,0,13,1,41.7366015585,-87.6049681002
06/09/2025 07:09:00 AM,30,CLEAR,DAYLIGHT,OTHER OBJECT,DIVIDED - W/MEDIAN (NOT RAISED),DRY,NO INJURY / DRIVE AWAY,UNABLE TO DETERMINE,2,6,NO INDICATION OF INJURY,0,0,7,2,41.9332688464,-87.7566361302
12/09/2022 05:50:00 PM,30,RAIN,"DARKNESS, LIGHTED ROAD",SIDESWIPE SAME DIRECTION,CENTER TURN LANE,WET,NO INJURY / DRIVE AWAY,IMPROPER OVERTAKING/PASSING,2,12,NO INDICATION OF INJURY,0,0,17,6,41.7772617725,-87.8007496292
03/11/2026 01:13:00 PM,30,SNOW,DAYLIGHT,PEDESTRIAN,NOT DIVIDED,WET,INJURY AND / OR TOW DUE TO CRASH,FAILING TO YIELD RIGHT-OF-WAY,2,3,"REPORTED, NOT EVIDENT",1,0,13,4,41.9062280486,-87.7262766656
09/15/2022 09:20:00 PM,30,CLEAR,"DARKNESS, LIGHTED ROAD",PARKED MOTOR VEHICLE,NOT DIVIDED,DRY,INJURY AND / OR TOW DUE TO CRASH,FAILING TO REDUCE SPEED TO AVOID CRASH,2,9,NO INDICATION OF INJURY,0,0,21,5,42.0077728489,-87.6803252135
04/26/2023 10:30:00 AM,30,CLEAR,DAYLIGHT,REAR TO SIDE,PARKING LOT,DRY,NO INJURY / DRIVE AWAY,IMPROPER BACKING,2,4,NO INDICATION OF INJURY,0,0,10,4,41.8574527464,-87.6616883311
01/26/2022 07:37:00 AM,30,CLEAR,DAYLIGHT,ANGLE,FOUR WAY,DRY,INJURY AND / OR TOW DUE TO CRASH,UNABLE TO DETERMINE,2,1,"REPORTED, NOT EVIDENT",1,0,7,4,41.695383895,-87.5354289756
06/02/2021 08:25:00 AM,30,CLEAR,DAYLIGHT,REAR END,DIVIDED - W/MEDIAN BARRIER,DRY,NO INJURY / DRIVE AWAY,IMPROPER LANE USAGE,2,6,NO INDICATION OF INJURY,0,0,8,4,41.9262516097,-87.6310449122
11/08/2021 03:00:00 AM,30,CLEAR,"DARKNESS, LIGHTED ROAD",PARKED MOTOR VEHICLE,NOT DIVIDED,DRY,NO INJURY / DRIVE AWAY,FAILING TO REDUCE SPEED TO AVOID CRASH,2,11,NO INDICATION OF INJURY,0,0,3,2,41.9623477388,-87.77592375
10/14/2023 06:19:00 AM,30,RAIN,DAWN,PARKED MOTOR VEHICLE,DIVIDED - W/MEDIAN (NOT RAISED),WET,INJURY AND / OR TOW DUE TO CRASH,FAILING TO REDUCE SPEED TO AVOID CRASH,2,10,NO INDICATION OF INJURY,0,0,6,7,41.677693273,-87.6583935421
07/11/2023 02:35:00 AM,30,UNKNOWN,UNKNOWN,REAR END,UNKNOWN,UNKNOWN,NO INJURY / DRIVE AWAY,UNABLE TO DETERMINE,2,7,NO INDICATION OF INJURY,0,0,2,3,41.9249164157,-87.6974758705
06/06/2021 10:30:00 AM,30,CLEAR,DAYLIGHT,REAR END,FOUR WAY,WET,INJURY AND / OR TOW DUE TO CRASH,UNABLE TO DETERMINE,2,6,"REPORTED, NOT EVIDENT",1,0,10,1,41.9983287664,-87.6577966814
02/27/2023 01:00:00 AM,20,CLEAR,"DARKNESS, LIGHTED ROAD",PARKED MOTOR VEHICLE,ONE-WAY,DRY,NO INJURY / DRIVE AWAY,UNABLE TO DETERMINE,2,2,NO INDICATION OF INJURY,0,0,1,2,41.9143898268,-87.7724291476
10/21/2021 03:30:00 PM,30,CLEAR,DAYLIGHT,ANGLE,NOT DIVIDED,DRY,NO INJURY / DRIVE AWAY,UNABLE TO DETERMINE,2,10,NO INDICATION OF INJURY,0,0,15,5,41.9248184093,-87.6854520065
11/18/2023 09:47:00 AM,30,CLEAR,DAYLIGHT,REAR END,NOT DIVIDED,DRY,INJURY AND / OR TOW DUE TO CRASH,UNABLE TO DETERMINE,4,11,"REPORTED, NOT EVIDENT",2,0,9,7,41.9255833603,-87.7759225615
10/20/2023 05:11:00 PM,30,CLEAR,DAYLIGHT,SIDESWIPE SAME DIRECTION,NOT DIVIDED,DRY,NO INJURY / DRIVE AWAY,IMPROPER BACKING,2,10,NO INDICATION OF INJURY,0,0,17,6,41.9079442875,-87.6738882219
02/20/2024 08:10:00 AM,30,CLEAR,DAYLIGHT,TURNING,FOUR WAY,DRY,INJURY AND / OR TOW DUE TO CRASH,UNABLE TO DETERMINE,2,2,NONINCAPACITATING INJURY,2,0,8,3,41.7356353288,-87.6826503426
02/07/2021 03:53:00 PM,30,CLEAR,DAYLIGHT,SIDESWIPE SAME DIRECTION,DIVIDED - W/MEDIAN (NOT RAISED),DRY,NO INJURY / DRIVE AWAY,"EVASIVE ACTION DUE TO ANIMAL, OBJECT, NONMOTORIST",2,2,NO INDICATION OF INJURY,0,0,15,1,41.9461439755,-87.7368123069
03/14/2021 09:00:00 AM,20,CLEAR,DAYLIGHT,PARKED MOTOR VEHICLE,UNKNOWN INTERSECTION TYPE,DRY,NO INJURY / DRIVE AWAY,NOT APPLICABLE,2,3,NO INDICATION OF INJURY,0,0,9,1,41.8122943895,-87.70550087
05/22/2021 12:03:00 AM,20,CLEAR,"DARKNESS, LIGHTED ROAD",FIXED OBJECT,FOUR WAY,DRY,INJURY AND / OR TOW DUE TO CRASH,FAILING TO REDUCE SPEED TO AVOID CRASH,1,5,NO INDICATION OF INJURY,0,0,0,7,41.7595469084,-87.6541177478
04/30/2026 10:07:00 PM,30,RAIN,"DARKNESS, LIGHTED ROAD",ANGLE,NOT DIVIDED,WET,INJURY AND / OR TOW DUE TO CRASH,UNABLE TO DETERMINE,4,4,"REPORTED, NOT EVIDENT",4,0,22,5,41.7650894399,-87.6590315479
02/18/2025 05:30:00 PM,10,UNKNOWN,UNKNOWN,FIXED OBJECT,ALLEY,UNKNOWN,NO INJURY / DRIVE AWAY,IMPROPER BACKING,1,2,NO INDICATION OF INJURY,0,0,17,3,41.867091558,-87.6435111134
11/16/2025 02:53:00 AM,25,CLEAR,"DARKNESS, LIGHTED ROAD",PARKED MOTOR VEHICLE,ALLEY,DRY,NO INJURY / DRIVE AWAY,UNABLE TO DETERMINE,2,11,NO INDICATION OF INJURY,0,0,2,1,41.8439388115,-87.7283378544