CRASH_DATE,POSTED_SPEED_LIMIT,WEATHER_CONDITION,LIGHTING_CONDITION,FIRST_CRASH_TYPE,TRAFFICWAY_TYPE,ROADWAY_SURFACE_COND,CRASH_TYPE,PRIM_CONTRIBUTORY_CAUSE,NUM_UNITS,CRASH_MONTH,MOST_SEVERE_INJURY,INJURIES_TOTAL,INJURIES_FATAL,CRASH_HOUR,CRASH_DAY_OF_WEEK,LATITUDE,LONGITUDE
09/14/2024 01:50:00 AM,30,CLEAR,"DARKNESS, LIGHTED ROAD",SIDESWIPE OPPOSITE DIRECTION,NOT DIVIDED,DRY,INJURY AND / OR TOW DUE TO CRASH,IMPROPER LANE USAGE,3,9,NO INDICATION OF INJURY,0,0,1,7,41.8821444188,-87.7641752442
09/14/2025 09:22:00 PM,30,CLEAR,"DARKNESS, LIGHTED ROAD",HEAD ON,NOT DIVIDED,DRY,INJURY AND / OR TOW DUE TO CRASH,IMPROPER LANE USAGE,2,9,NONINCAPACITATING INJURY,2,0,21,1,41.7683262238,-87.6962871721
11/09/2022 05:40:00 PM,30,CLEAR,"DARKNESS, LIGHTED ROAD",SIDESWIPE SAME DIRECTION,DIVIDED - W/MEDIAN BARRIER,DRY,NO INJURY / DRIVE AWAY,DISREGARDING OTHER TRAFFIC SIGNS,2,11,NO INDICATION OF INJURY,0,0,17,4,41.8850867581,-87.6670533034
12/14/2023 12:00:00 PM,30,UNKNOWN,UNKNOWN,PARKED MOTOR VEHICLE,NOT DIVIDED,UNKNOWN,NO INJURY / DRIVE AWAY,UNABLE TO DETERMINE,2,12,NO INDICATION OF INJURY,0,0,12,5,41.9461243603,-87.6463649361
10/04/2023 12:30:00 AM,30,CLEAR,DAYLIGHT,REAR END,OTHER,DRY,NO INJURY / DRIVE AWAY,UNABLE TO DETERMINE,2,10,NO INDICATION OF INJURY,0,0,0,4,41.9481304644,-87.643323857
08/11/2025 03:55:00 PM,20,CLEAR,DAYLIGHT,FIXED OBJECT,ALLEY,DRY,NO INJURY / DRIVE AWAY,NOT APPLICABLE,1,8,NO INDICATION OF INJURY,0,0,15,2,41.9285930063,-87.6465839197
02/20/2024 04:19:00 PM,30,CLEAR,DAYLIGHT,TURNING,FOUR WAY,DRY,NO INJURY / DRIVE AWAY,UNABLE TO DETERMINE,2,2,NO INDICATION OF INJURY,0,0,16,3,41.8719389852,-87.75491455
09/01/2024 12:00:00 AM,30,CLEAR,DAYLIGHT,FIXED OBJECT,NOT DIVIDED,DRY,NO INJURY / DRIVE AWAY,ROAD ENGINEERING/SURFACE/MARKING DEFECTS,1,9,NO INDICATION OF INJURY,0,0,0,1,41.6923287745,-87.5977793144
03/13/2025 08:37:00 AM,30,CLEAR,DAYLIGHT,TURNING,DIVIDED - W/MEDIAN (NOT RAISED),DRY,NO INJURY / DRIVE AWAY,FAILING TO YIELD RIGHT-OF-WAY,2,3,NO INDICATION OF INJURY,0,0,8,5,41.9243906806,-87.7254861233
06/21/2022 09:40:00 PM,30,CLEAR,"DARKNESS, LIGHTED ROAD",PARKED MOTOR VEHICLE,NOT DIVIDED,DRY,NO INJURY / DRIVE AWAY,IMPROPER OVERTAKING/PASSING,2,6,NO INDICATION OF INJURY,0,0,21,3,41.8757713366,-87.6473210697
08/09/2021 02:45:00 AM,30,CLEAR,"DARKNESS, LIGHTED ROAD",FIXED OBJECT,ONE-WAY,DRY,INJURY AND / OR TOW DUE TO CRASH,UNABLE TO DETERMINE,1,8,NO INDICATION OF INJURY,0,0,2,2,41.7922295233,-87.780120221
09/22/2022 11:00:00 PM,30,CLEAR,"DARKNESS, LIGHTED ROAD",PARKED MOTOR VEHICLE,DIVIDED - W/MEDIAN (NOT RAISED),DRY,INJURY AND / OR TOW DUE TO CRASH,UNABLE TO DETERMINE,2,9,NO INDICATION OF INJURY,0,0,23,5,41.8206917074,-87.6849023191
03/05/2021 08:35:00 AM,30,CLEAR,DAYLIGHT,OTHER OBJECT,NOT DIVIDED,DRY,INJURY AND / OR TOW DUE TO CRASH,PHYSICAL CONDITION OF DRIVER,1,3,FATAL,1,1,8,6,41.8003441528,-87.6837915289
11/27/2025 06:59:00 PM,30,CLEAR,"DARKNESS, LIGHTED ROAD",PEDESTRIAN,FOUR WAY,DRY,INJURY AND / OR TOW DUE TO CRASH,UNABLE TO DETERMINE,2,11,INCAPACITATING INJURY,1,0,18,5,41.924070913,-87.767270609
03/29/2022 01:00:00 PM,35,UNKNOWN,UNKNOWN,REAR END,UNKNOWN,UNKNOWN,NO INJURY / DRIVE AWAY,UNABLE TO DETERMINE,2,3,NO INDICATION OF INJURY,0,0,13,3,41.7351354646,-87.7120892744
04/26/2021 05:00:00 PM,30,CLEAR,DAYLIGHT,SIDESWIPE SAME DIRECTION,DIVIDED - W/MEDIAN (NOT RAISED),DRY,NO INJURY / DRIVE AWAY,UNABLE TO DETERMINE,2,4,NO INDICATION OF INJURY,0,0,17,2,41.8914687266,-87.765410237
03/25/2026 02:25:00 PM,30,CLEAR,DAYLIGHT,SIDESWIPE SAME DIRECTION,ONE-WAY,UNKNOWN,NO INJURY / DRIVE AWAY,UNABLE TO DETERMINE,2,3,NO INDICATION OF INJURY,0,0,14,4,41.8949033024,-87.6207437262
10/10/2025 09:40:00 AM,30,CLOUDY/OVERCAST,DAYLIGHT,ANGLE,NOT DIVIDED,DRY,INJURY AND / OR TOW DUE TO CRASH,DISREGARDING TRAFFIC SIGNALS,2,10,NONINCAPACITATING INJURY,3,0,9,6,41.9287882438,-87.697672173
10/30/2024 08:08:00 AM,30,CLEAR,DAYLIGHT,SIDESWIPE SAME DIRECTION,CENTER TURN LANE,DRY,NO INJURY / DRIVE AWAY,UNABLE TO DETERMINE,2,10,NO INDICATION OF INJURY,0,0,8,4,41.7793577545,-87.6840669709
06/29/2023 06:20:00 PM,30,CLEAR,DUSK,TURNING,ONE-WAY,DRY,NO INJURY / DRIVE AWAY,UNABLE TO DETERMINE,2,6,NO INDICATION OF INJURY,0,0,18,5,41.8852527307,-87.6340635162
08/29/2025 01:52:00 PM,30,CLEAR,DAYLIGHT,SIDESWIPE SAME DIRECTION,NOT DIVIDED,DRY,NO INJURY / DRIVE AWAY,UNABLE TO DETERMINE,2,8,NO INDICATION OF INJURY,0,0,13,6,41.7217928111,-87.6237002764
01/16/2021 12:15:00 PM,20,CLEAR,DAYLIGHT,SIDESWIPE SAME DIRECTION,T-INTERSECTION,DRY,NO INJURY / DRIVE AWAY,UNABLE TO DETERMINE,2,1,NO INDICATION OF INJURY,0,0,12,7,41.8544820937,-87.7273916697
03/27/2026 02:45:00 PM,30,CLEAR,DAYLIGHT,REAR END,DIVIDED - W/MEDIAN (NOT RAISED),DRY,NO INJURY / DRIVE AWAY,FOLLOWING TOO CLOSELY,2,3,NO INDICATION OF INJURY,0,0,14,6,41.9599447327,-87.727945599
04/20/2026 09:00:00 AM,20,CLEAR,DAYLIGHT,PARKED MOTOR VEHICLE,ONE-WAY,DRY,NO INJURY / DRIVE AWAY,UNABLE TO DETERMINE,2,4,NO INDICATION OF INJURY,0,0,9,2,41.899321197,-87.699408793
03/17/2024 04:59:00 AM,25,CLEAR,"DARKNESS, LIGHTED ROAD",PARKED MOTOR VEHICLE,NOT DIVIDED,DRY,NO INJURY / DRIVE AWAY,UNABLE TO DETERMINE,2,3,NO INDICATION OF INJURY,0,0,4,1,41.7670144152,-87.6522206442
07/21/2021 02:34:00 PM,30,CLEAR,DAYLIGHT,SIDESWIPE SAME DIRECTION,NOT DIVIDED,DRY,NO INJURY / DRIVE AWAY,UNABLE TO DETERMINE,3,7,NO INDICATION OF INJURY,0,0,14,4,41.7797680715,-87.6510142549
10/12/2022 04:50:00 PM,30,CLEAR,DAYLIGHT,ANGLE,NOT DIVIDED,DRY,NO INJURY / DRIVE AWAY,"VISION OBSCURED (SIGNS, TREE LIMBS, BUILDINGS, ETC.)",2,10,NO INDICATION OF INJURY,0,0,16,4,41.9755363942,-87.8072060508
05/19/2023 10:30:00 PM,30,CLEAR,DARKNESS,TURNING,NOT DIVIDED,DRY,NO INJURY / DRIVE AWAY,IMPROPER TURNING/NO SIGNAL,2,5,NO INDICATION OF INJURY,0,0,22,6,41.8973380475,-87.63734543
07/18/2023 03:40:00 PM,30,UNKNOWN,UNKNOWN,SIDESWIPE SAME DIRECTION,DIVIDED - W/MEDIAN BARRIER,UNKNOWN,NO INJURY / DRIVE AWAY,UNABLE TO DETERMINE,2,7,NO INDICATION OF INJURY,0,0,15,3,41.9118569525,-87.6261695233
09/16/2021 01:00:00 PM,30,CLEAR,DAYLIGHT,PARKED MOTOR VEHICLE,NOT DIVIDED,DRY,NO INJURY / DRIVE AWAY,UNABLE TO DETERMINE,2,9,NO INDICATION OF INJURY,0,0,13,5,41.9565773662,-87.6547503677
12/08/2024 11:30:00 AM,30,CLEAR,DAYLIGHT,REAR END,DIVIDED - W/MEDIAN (NOT RAISED),DRY,NO INJURY / DRIVE AWAY,IMPROPER LANE USAGE,2,12,NO INDICATION OF INJURY,0,0,11,1,41.9379173976,-87.806597165
06/21/2025 11:53:00 AM,15,CLEAR,DAYLIGHT,REAR END,NOT DIVIDED,DRY,NO INJURY / DRIVE AWAY,IMPROPER BACKING,2,6,NO INDICATION OF INJURY,0,0,11,7,41.9123457141,-87.6673151574
05/07/2024 06:45:00 AM,30,CLEAR,DAYLIGHT,TURNING,NOT DIVIDED,DRY,INJURY AND / OR TOW DUE TO CRASH,UNABLE TO DETERMINE,3,5,NO INDICATION OF INJURY,0,0,6,3,42.0004963841,-87.7969771894
05/27/2021 10:30:00 AM,30,CLEAR,DAYLIGHT,ANGLE,ONE-WAY,DRY,NO INJURY / DRIVE AWAY,UNABLE TO DETERMINE,2,5,NO INDICATION OF INJURY,0,0,10,5,41.7508848447,-87.6231392595
04/25/2025 10:00:00 PM,30,CLEAR,"DARKNESS, LIGHTED ROAD",PARKED MOTOR VEHICLE,DIVIDED - W/MEDIAN (NOT RAISED),UNKNOWN,NO INJURY / DRIVE AWAY,UNABLE TO DETERMINE,2,4,NO INDICATION OF INJURY,0,0,22,6,41.9683463863,-87.7082508923
06/25/2024 06:45:00 PM,30,UNKNOWN,UNKNOWN,REAR END,ONE-WAY,UNKNOWN,NO INJURY / DRIVE AWAY,UNABLE TO DETERMINE,2,6,NO INDICATION OF INJURY,0,0,18,3,41.9558376987,-87.645627074
01/07/2024 04:00:00 PM,25,CLEAR,DAYLIGHT,PARKED MOTOR VEHICLE,ONE-WAY,DRY,NO INJURY / DRIVE AWAY,DRIVING SKILLS/KNOWLEDGE/EXPERIENCE,2,1,NO INDICATION OF INJURY,0,0,16,1,41.8314252527,-87.6742724294
09/02/2023 10:52:00 PM,30,CLEAR,"DARKNESS, LIGHTED ROAD",PARKED MOTOR VEHICLE,DIVIDED - W/MEDIAN (NOT RAISED),DRY,INJURY AND / OR TOW DUE TO CRASH,UNDER THE INFLUENCE OF ALCOHOL/DRUGS (USE WHEN ARREST IS EFFECTED),3,9,"REPORTED, NOT EVIDENT",1,0,22,7,41.7290778891,-87.6630140827
07/09/2021 07:45:00 PM,30,RAIN,DAYLIGHT,SIDESWIPE SAME DIRECTION,NOT DIVIDED,WET,NO INJURY / DRIVE AWAY,FAILING TO YIELD RIGHT-OF-WAY,2,7,NO INDICATION OF INJURY,0,0,19,6,41.8906294315,-87.6143303051
08/06/2024 11:24:00 PM,30,CLEAR,DARKNESS,PARKED MOTOR VEHICLE,PARKING LOT,DRY,NO INJURY / DRIVE AWAY,UNABLE TO DETERMINE,2,8,NO INDICATION OF INJURY,0,0,23,3,41.7504445465,-87.6635876027
08/23/2024 07:30:00 AM,35,CLEAR,DAYLIGHT,SIDESWIPE SAME DIRECTION,NOT DIVIDED,DRY,NO INJURY / DRIVE AWAY,UNABLE TO DETERMINE,3,8,NO INDICATION OF INJURY,0,0,7,6,41.8428723486,-87.7145977795
10/09/2021 01:45:00 AM,15,CLEAR,"DARKNESS, LIGHTED ROAD",ANGLE,PARKING LOT,DRY,NO INJURY / DRIVE AWAY,FAILING TO YIELD RIGHT-OF-WAY,2,10,NO INDICATION OF INJURY,0,0,1,7,41.7223586602,-87.5754142536
03/08/2023 12:30:00 PM,30,CLEAR,DAYLIGHT,ANGLE,FOUR WAY,DRY,NO INJURY / DRIVE AWAY,DISREGARDING STOP SIGN,2,3,NO INDICATION OF INJURY,0,0,12,4,41.8689367431,-87.6712578294
05/21/2021 08:57:00 PM,30,CLEAR,"DARKNESS, LIGHTED ROAD",PARKED MOTOR VEHICLE,FOUR WAY,DRY,NO INJURY / DRIVE AWAY,DRIVING SKILLS/KNOWLEDGE/EXPERIENCE,2,5,NO INDICATION OF INJURY,0,0,20,6,41.961952099,-87.6499773331
07/20/2021 01:30:00 AM,35,CLEAR,"DARKNESS, LIGHTED ROAD",SIDESWIPE SAME DIRECTION,DIVIDED - W/MEDIAN BARRIER,DRY,NO INJURY / DRIVE AWAY,IMPROPER LANE USAGE,2,7,NO INDICATION OF INJURY,0,0,1,3,41.8783101346,-87.6175759034
03/02/2021 01:00:00 PM,30,CLEAR,DAYLIGHT,REAR END,DIVIDED - W/MEDIAN (NOT RAISED),DRY,NO INJURY / DRIVE AWAY,UNABLE TO DETERMINE,2,3,NO INDICATION OF INJURY,0,0,13,3,41.836789643,-87.7244954651
10/03/2023 07:26:00 AM,30,CLEAR,DAYLIGHT,REAR END,NOT DIVIDED,DRY,NO INJURY / DRIVE AWAY,FOLLOWING TOO CLOSELY,2,10,NO INDICATION OF INJURY,0,0,7,3,41.8673331549,-87.6251119403
10/27/2023 04:30:00 PM,10,CLEAR,DAYLIGHT,PARKED MOTOR VEHICLE,PARKING LOT,DRY,NO INJURY / DRIVE AWAY,UNABLE TO DETERMINE,2,10,NO INDICATION OF INJURY,0,0,16,6,41.8444286658,-87.7032368732
06/01/2025 03:54:00 PM,10,UNKNOWN,DAYLIGHT,PARKED MOTOR VEHICLE,PARKING LOT,UNKNOWN,NO INJURY / DRIVE AWAY,UNABLE TO DETERMINE,2,6,NO INDICATION OF INJURY,0,0,15,1,41.923863928,-87.6328679594
04/10/2023 04:50:00 PM,15,CLEAR,DAYLIGHT,PEDESTRIAN,ALLEY,DRY,INJURY AND / OR TOW DUE TO CRASH,UNABLE TO DETERMINE,2,4,NONINCAPACITATING INJURY,1,0,16,2,41.9270182367,-87.7462599394
08/17/2023 07:30:00 PM,30,CLEAR,DUSK,REAR END,NOT DIVIDED,UNKNOWN,INJURY AND / OR TOW DUE TO CRASH,UNABLE TO DETERMINE,3,8,"REPORTED, NOT EVIDENT",1,0,19,5,41.8837767305,-87.7553370186
05/05/2021 02:30:00 PM,30,CLEAR,DAYLIGHT,REAR END,DIVIDED - W/MEDIAN BARRIER,DRY,NO INJURY / DRIVE AWAY,FOLLOWING TOO CLOSELY,2,5,NO INDICATION OF INJURY,0,0,14,4,41.8614178574,-87.6663882562
06/11/2023 05:40:00 PM,30,CLOUDY/OVERCAST,DAYLIGHT,PEDALCYCLIST,NOT DIVIDED,WET,INJURY AND / OR TOW DUE TO CRASH,IMPROPER LANE USAGE,2,6,NONINCAPACITATING INJURY,1,0,17,1,41.9491234009,-87.6578903634
02/04/2024 11:19:00 AM,35,CLEAR,DAYLIGHT,TURNING,FOUR WAY,DRY,NO INJURY / DRIVE AWAY,UNABLE TO DETERMINE,2,2,NO INDICATION OF INJURY,0,0,11,1,41.7439229064,-87.6146874861
10/24/2021 09:00:00 PM,30,RAIN,DARKNESS,PARKED MOTOR VEHICLE,NOT DIVIDED,WET,NO INJURY / DRIVE AWAY,UNABLE TO DETERMINE,2,10,NO INDICATION OF INJURY,0,0,21,1,41.8130216235,-87.621393783
01/13/2026 09:00:00 AM,10,CLEAR,DAYLIGHT,PARKED MOTOR VEHICLE,PARKING LOT,DRY,NO INJURY / DRIVE AWAY,UNABLE TO DETERMINE,2,1,NO INDICATION OF INJURY,0,0,9,3,41.7145740319,-87.6138305262
05/11/2021 01:28:00 PM,30,CLEAR,DAYLIGHT,REAR END,ONE-WAY,DRY,NO INJURY / DRIVE AWAY,FOLLOWING TOO CLOSELY,2,5,NO INDICATION OF INJURY,0,0,13,3,41.8737367309,-87.7109060035
04/15/2024 05:51:00 PM,20,CLEAR,DAYLIGHT,TURNING,T-INTERSECTION,DRY,NO INJURY / DRIVE AWAY,FAILING TO YIELD RIGHT-OF-WAY,2,4,NO INDICATION OF INJURY,0,0,17,2,41.895356535,-87.7634372205
08/03/2021 08:15:00 AM,25,CLEAR,DAYLIGHT,PARKED MOTOR VEHICLE,NOT DIVIDED,DRY,NO INJURY / DRIVE AWAY,UNABLE TO DETERMINE,2,8,NO INDICATION OF INJURY,0,0,8,3,41.7779628735,-87.6501627104
01/14/2026 07:03:00 PM,30,CLEAR,"DARKNESS, LIGHTED ROAD",SIDESWIPE SAME DIRECTION,T-INTERSECTION,DRY,NO INJURY / DRIVE AWAY,IMPROPER OVERTAKING/PASSING,2,1,NO INDICATION OF INJURY,0,0,19,4,41.8166622338,-87.7432394897
07/05/2021 02:00:00 AM,25,CLEAR,DAWN,PARKED MOTOR VEHICLE,ONE-WAY,DRY,INJURY AND / OR TOW DUE TO CRASH,UNABLE TO DETERMINE,3,7,NO INDICATION OF INJURY,0,0,2,2,41.7542918321,-87.5710105783
01/21/2026 07:50:00 PM,30,CLEAR,DAYLIGHT,REAR END,DIVIDED - W/MEDIAN (NOT RAISED),WET,NO INJURY / DRIVE AWAY,ROAD CONSTRUCTION/MAINTENANCE,2,1,NO INDICATION OF INJURY,0,0,19,4,41.8751258946,-87.6667717745
08/04/2024 01:06:00 AM,30,CLEAR,"DARKNESS, LIGHTED ROAD",ANGLE,ONE-WAY,DRY,INJURY AND / OR TOW DUE TO CRASH,FAILING TO YIELD RIGHT-OF-WAY,2,8,NO INDICATION OF INJURY,0,0,1,1,41.9285721045,-87.7564346109
06/28/2024 01:55:00 PM,30,CLEAR,DAYLIGHT,SIDESWIPE OPPOSITE DIRECTION,NOT DIVIDED,WET,NO INJURY / DRIVE AWAY,DRIVING ON WRONG SIDE/WRONG WAY,2,6,NO INDICATION OF INJURY,0,0,13,6,41.8010472208,-87.6075920659
07/17/2022 03:10:00 AM,30,RAIN,"DARKNESS, LIGHTED ROAD",PARKED MOTOR VEHICLE,DIVIDED - W/MEDIAN (NOT RAISED),WET,NO INJURY / DRIVE AWAY,UNABLE TO DETERMINE,3,7,NO INDICATION OF INJURY,0,0,3,1,41.7584875405,-87.6167871569
06/24/2025 06:50:00 PM,30,CLEAR,DAWN,REAR END,NOT DIVIDED,DRY,INJURY AND / OR TOW DUE TO CRASH,DISTRACTION - FROM INSIDE VEHICLE,2,6,NONINCAPACITATING INJURY,1,0,18,3,41.8479620172,-87.733955263
01/26/2026 05:51:00 PM,30,SNOW,"DARKNESS, LIGHTED ROAD",REAR END,NOT DIVIDED,SNOW OR SLUSH,NO INJURY / DRIVE AWAY,FOLLOWING TOO CLOSELY,2,1,NO INDICATION OF INJURY,0,0,17,2,41.7897908215,-87.7035987697
03/31/2024 11:10:00 AM,30,CLEAR,DAYLIGHT,SIDESWIPE SAME DIRECTION,NOT DIVIDED,DRY,NO INJURY / DRIVE AWAY,IMPROPER OVERTAKING/PASSING,2,3,NO INDICATION OF INJURY,0,0,11,1,41.7726159427,-87.6290427568
05/11/2025 02:00:00 PM,10,CLEAR,DAYLIGHT,PEDALCYCLIST,OTHER,DRY,NO INJURY / DRIVE AWAY,UNABLE TO DETERMINE,2,5,NO INDICATION OF INJURY,0,0,14,1,41.8673683271,-87.6386402433
07/08/2023 01:15:00 PM,30,CLEAR,DAYLIGHT,TURNING,DIVIDED - W/MEDIAN (NOT RAISED),WET,NO INJURY / DRIVE AWAY,IMPROPER TURNING/NO SIGNAL,2,7,NO INDICATION OF INJURY,0,0,13,7,41.787377715,-87.6191886937
02/04/2022 10:10:00 AM,30,CLEAR,DAYLIGHT,PARKED MOTOR VEHICLE,ONE-WAY,SNOW OR SLUSH,NO INJURY / DRIVE AWAY,UNABLE TO DETERMINE,2,2,NO INDICATION OF INJURY,0,0,10,6,41.8934412838,-87.7544719606
09/05/2023 07:55:00 AM,30,CLEAR,DAYLIGHT,SIDESWIPE SAME DIRECTION,DIVIDED - W/MEDIAN (NOT RAISED),DRY,NO INJURY / DRIVE AWAY,UNABLE TO DETERMINE,2,9,NO INDICATION OF INJURY,0,0,7,3,41.9379804541,-87.6877449802
07/13/2023 05:23:00 PM,30,CLEAR,DAYLIGHT,PEDESTRIAN,NOT DIVIDED,DRY,INJURY AND / OR TOW DUE TO CRASH,UNABLE TO DETERMINE,2,7,NONINCAPACITATING INJURY,1,0,17,5,41.8812414568,-87.674282534
07/04/2022 11:50:00 AM,30,CLEAR,DAYLIGHT,SIDESWIPE OPPOSITE DIRECTION,NOT DIVIDED,UNKNOWN,NO INJURY / DRIVE AWAY,UNABLE TO DETERMINE,2,7,NO INDICATION OF INJURY,0,0,11,2,41.7641110506,-87.7151911432
07/13/2023 04:05:00 PM,30,CLEAR,DAYLIGHT,PEDALCYCLIST,T-INTERSECTION,DRY,INJURY AND / OR TOW DUE TO CRASH,UNABLE TO DETERMINE,2,7,NONINCAPACITATING INJURY,1,0,16,5,41.9908401093,-87.6701729533
06/16/2022 11:50:00 AM,30,CLEAR,DAYLIGHT,ANGLE,DIVIDED - W/MEDIAN (NOT RAISED),DRY,INJURY AND / OR TOW DUE TO CRASH,UNABLE TO DETERMINE,2,6,NO INDICATION OF INJURY,0,0,11,5,41.7649149149,-87.6736742837
10/30/2025 12:35:00 PM,30,CLEAR,DAYLIGHT,ANGLE,ALLEY,DRY,NO INJURY / DRIVE AWAY,UNABLE TO DETERMINE,2,10,NO INDICATION OF INJURY,0,0,12,5,41.8364772093,-87.6195918763
02/21/2021 12:00:00 AM,25,CLEAR,"DARKNESS, LIGHTED ROAD",REAR END,NOT DIVIDED,WET,INJURY AND / OR TOW DUE TO CRASH,DRIVING ON WRONG SIDE/WRONG WAY,2,2,"REPORTED, NOT EVIDENT",1,0,0,1,41.8867197641,-87.6224726986
03/12/2025 08:32:00 PM,30,CLEAR,"DARKNESS, LIGHTED ROAD",ANGLE,NOT DIVIDED,DRY,NO INJURY / DRIVE AWAY,UNABLE TO DETERMINE,2,3,NO INDICATION OF INJURY,0,0,20,4,41.8698487981,-87.6306555263
07/18/2024 12:30:00 PM,30,CLEAR,DAYLIGHT,REAR END,DIVIDED - W/MEDIAN BARRIER,UNKNOWN,NO INJURY / DRIVE AWAY,DRIVING SKILLS/KNOWLEDGE/EXPERIENCE,2,7,NO INDICATION OF INJURY,0,0,12,5,41.8492375821,-87.6185348032
02/24/2022 09:30:00 AM,25,SNOW,"DARKNESS, LIGHTED ROAD",REAR END,NOT DIVIDED,SNOW OR SLUSH,NO INJURY / DRIVE AWAY,FOLLOWING TOO CLOSELY,2,2,NO INDICATION OF INJURY,0,0,9,5,41.7796865813,-87.656873882
11/18/2022 07:16:00 PM,30,UNKNOWN,UNKNOWN,SIDESWIPE SAME DIRECTION,NOT DIVIDED,UNKNOWN,NO INJURY / DRIVE AWAY,UNABLE TO DETERMINE,2,11,NO INDICATION OF INJURY,0,0,19,6,41.8828386418,-87.6242414772
02/21/2025 04:00:00 PM,30,CLEAR,DAYLIGHT,PARKED MOTOR VEHICLE,DIVIDED - W/MEDIAN (NOT RAISED),DRY,NO INJURY / DRIVE AWAY,UNABLE TO DETERMINE,2,2,NO INDICATION OF INJURY,0,0,16,6,41.9830803422,-87.6599062232
03/06/2021 04:30:00 PM,30,CLEAR,DAYLIGHT,PARKED MOTOR VEHICLE,PARKING LOT,DRY,NO INJURY / DRIVE AWAY,FAILING TO REDUCE SPEED TO AVOID CRASH,2,3,NO INDICATION OF INJURY,0,0,16,7,41.9239358564,-87.7610038698
04/24/2023 07:46:00 AM,30,CLEAR,DAYLIGHT,TURNING,FOUR WAY,DRY,NO INJURY / DRIVE AWAY,DISREGARDING TRAFFIC SIGNALS,2,4,NO INDICATION OF INJURY,0,0,7,2,41.7939813466,-87.6841417413
11/13/2024 05:56:00 PM,30,RAIN,DUSK,TURNING,NOT DIVIDED,WET,INJURY AND / OR TOW DUE TO CRASH,UNABLE TO DETERMINE,2,11,NO INDICATION OF INJURY,0,0,17,4,41.9019894073,-87.7556204927
05/19/2022 06:50:00 AM,30,CLEAR,DAYLIGHT,OTHER NONCOLLISION,FOUR WAY,DRY,NO INJURY / DRIVE AWAY,EQUIPMENT - VEHICLE CONDITION,2,5,NO INDICATION OF INJURY,0,0,6,5,41.7757698807,-87.5763473518
07/13/2024 04:05:00 AM,15,CLEAR,DUSK,PARKED MOTOR VEHICLE,ONE-WAY,DRY,NO INJURY / DRIVE AWAY,UNABLE TO DETERMINE,5,7,NO INDICATION OF INJURY,0,0,4,7,41.898645035,-87.7138317059
05/23/2023 11:10:00 AM,10,CLEAR,DAYLIGHT,PARKED MOTOR VEHICLE,PARKING LOT,DRY,NO INJURY / DRIVE AWAY,UNABLE TO DETERMINE,2,5,NO INDICATION OF INJURY,0,0,11,3,41.8738018026,-87.7054920878
04/18/2024 12:46:00 PM,30,CLEAR,DAYLIGHT,PARKED MOTOR VEHICLE,ONE-WAY,DRY,NO INJURY / DRIVE AWAY,UNABLE TO DETERMINE,2,4,NO INDICATION OF INJURY,0,0,12,5,41.7365495417,-87.6522895861
09/02/2023 06:33:00 PM,30,CLEAR,DAYLIGHT,REAR TO SIDE,ALLEY,DRY,NO INJURY / DRIVE AWAY,UNABLE TO DETERMINE,2,9,NO INDICATION OF INJURY,0,0,18,7,41.7983468339,-87.6867518742
09/03/2021 12:05:00 PM,30,CLEAR,DAYLIGHT,ANGLE,NOT DIVIDED,DRY,INJURY AND / OR TOW DUE TO CRASH,"VISION OBSCURED (SIGNS, TREE LIMBS, BUILDINGS, ETC.)",2,9,NO INDICATION OF INJURY,0,0,12,6,41.9252234198,-87.671036181
08/31/2024 05:00:00 PM,30,CLEAR,DAYLIGHT,REAR END,NOT DIVIDED,DRY,NO INJURY / DRIVE AWAY,FOLLOWING TOO CLOSELY,2,8,NO INDICATION OF INJURY,0,0,17,7,41.8732605209,-87.7205048651
07/20/2023 01:30:00 PM,25,CLEAR,DAYLIGHT,ANGLE,ONE-WAY,DRY,NO INJURY / DRIVE AWAY,NOT APPLICABLE,2,7,NO INDICATION OF INJURY,0,0,13,5,41.8655002882,-87.6952069293
04/07/2023 05:20:00 PM,30,CLEAR,DAYLIGHT,REAR TO SIDE,PARKING LOT,DRY,NO INJURY / DRIVE AWAY,IMPROPER BACKING,2,4,NO INDICATION OF INJURY,0,0,17,6,41.815329858,-87.6652879904
04/09/2022 10:15:00 AM,30,CLEAR,DAYLIGHT,SIDESWIPE SAME DIRECTION,NOT DIVIDED,UNKNOWN,NO INJURY / DRIVE AWAY,UNABLE TO DETERMINE,2,4,NO INDICATION OF INJURY,0,0,10,7,41.9812056475,-87.8364343267
07/28/2022 01:34:00 AM,30,CLEAR,"DARKNESS, LIGHTED ROAD",ANGLE,FOUR WAY,DRY,INJURY AND / OR TOW DUE TO CRASH,DISREGARDING TRAFFIC SIGNALS,2,7,NONINCAPACITATING INJURY,2,0,1,5,41.8870279552,-87.7505266167
01/13/2025 09:00:00 AM,30,CLEAR,DAYLIGHT,PARKED MOTOR VEHICLE,NOT DIVIDED,SNOW OR SLUSH,NO INJURY / DRIVE AWAY,UNABLE TO DETERMINE,2,1,NO INDICATION OF INJURY,0,0,9,2,41.9019704429,-87.6945380978
09/05/2025 11:00:00 AM,25,CLEAR,DAYLIGHT,ANGLE,NOT DIVIDED,DRY,INJURY AND / OR TOW DUE TO CRASH,FAILING TO YIELD RIGHT-OF-WAY,2,9,NO INDICATION OF INJURY,0,0,11,6,41.7208056213,-87.6642849702