CRASH_DATE,POSTED_SPEED_LIMIT,WEATHER_CONDITION,LIGHTING_CONDITION,FIRST_CRASH_TYPE,TRAFFICWAY_TYPE,ROADWAY_SURFACE_COND,CRASH_TYPE,PRIM_CONTRIBUTORY_CAUSE,NUM_UNITS,CRASH_MONTH,MOST_SEVERE_INJURY,INJURIES_TOTAL,INJURIES_FATAL,CRASH_HOUR,CRASH_DAY_OF_WEEK,LATITUDE,LONGITUDE
04/27/2024 02:35:00 PM,15,CLEAR,DAYLIGHT,REAR TO FRONT,OTHER,WET,NO INJURY / DRIVE AWAY,NOT APPLICABLE,2,4,NO INDICATION OF INJURY,0,0,14,7,41.8183699062,-87.6848419261
05/26/2021 06:00:00 PM,30,CLEAR,DAYLIGHT,TURNING,NOT DIVIDED,DRY,NO INJURY / DRIVE AWAY,IMPROPER TURNING/NO SIGNAL,2,5,NO INDICATION OF INJURY,0,0,18,4,41.8529504172,-87.6299214318
05/31/2024 03:30:00 PM,30,CLEAR,DAYLIGHT,ANGLE,PARKING LOT,DRY,NO INJURY / DRIVE AWAY,UNABLE TO DETERMINE,2,5,NO INDICATION OF INJURY,0,0,15,6,41.6812752395,-87.6626173481
12/11/2021 06:00:00 PM,25,CLEAR,"DARKNESS, LIGHTED ROAD",SIDESWIPE OPPOSITE DIRECTION,NOT DIVIDED,DRY,NO INJURY / DRIVE AWAY,IMPROPER OVERTAKING/PASSING,2,12,NO INDICATION OF INJURY,0,0,18,7,41.9488635709,-87.6588424741
01/28/2022 10:03:00 AM,20,SNOW,DAYLIGHT,PEDESTRIAN,ONE-WAY,SNOW OR SLUSH,INJURY AND / OR TOW DUE TO CRASH,WEATHER,2,1,NONINCAPACITATING INJURY,1,0,10,6,41.778688686,-87.7689337166
12/06/2025 02:41:00 AM,30,CLEAR,DAYLIGHT,PARKED MOTOR VEHICLE,NOT DIVIDED,ICE,INJURY AND / OR TOW DUE TO CRASH,UNABLE TO DETERMINE,4,12,NO INDICATION OF INJURY,0,0,2,7,41.8367487087,-87.7263011212
11/04/2021 10:30:00 AM,30,CLEAR,DAYLIGHT,SIDESWIPE SAME DIRECTION,ONE-WAY,DRY,NO INJURY / DRIVE AWAY,NOT APPLICABLE,2,11,NO INDICATION OF INJURY,0,0,10,5,41.8940853807,-87.62040431
01/12/2024 05:15:00 AM,30,CLEAR,"DARKNESS, LIGHTED ROAD",ANGLE,FOUR WAY,WET,NO INJURY / DRIVE AWAY,UNABLE TO DETERMINE,2,1,NO INDICATION OF INJURY,0,0,5,6,41.9179425133,-87.6681134635
09/05/2021 04:52:00 AM,30,CLEAR,"DARKNESS, LIGHTED ROAD",PARKED MOTOR VEHICLE,ONE-WAY,DRY,NO INJURY / DRIVE AWAY,FAILING TO REDUCE SPEED TO AVOID CRASH,2,9,NO INDICATION OF INJURY,0,0,4,1,41.9368555426,-87.7738778852
05/01/2026 04:30:00 PM,25,CLEAR,DAYLIGHT,REAR TO FRONT,DIVIDED - W/MEDIAN (NOT RAISED),DRY,NO INJURY / DRIVE AWAY,FAILING TO YIELD RIGHT-OF-WAY,2,5,NO INDICATION OF INJURY,0,0,16,6,41.8639729797,-87.6271941359
08/06/2021 03:00:00 PM,25,CLEAR,DAYLIGHT,REAR TO FRONT,T-INTERSECTION,DRY,NO INJURY / DRIVE AWAY,UNABLE TO DETERMINE,2,8,NO INDICATION OF INJURY,0,0,15,6,41.8123747103,-87.7236084038
10/04/2024 11:15:00 AM,30,CLEAR,DAYLIGHT,PARKED MOTOR VEHICLE,ALLEY,DRY,NO INJURY / DRIVE AWAY,DRIVING SKILLS/KNOWLEDGE/EXPERIENCE,2,10,NO INDICATION OF INJURY,0,0,11,6,41.8967401782,-87.6316141129
12/06/2021 05:34:00 PM,30,CLEAR,DARKNESS,REAR END,DIVIDED - W/MEDIAN (NOT RAISED),DRY,NO INJURY / DRIVE AWAY,UNABLE TO DETERMINE,2,12,NO INDICATION OF INJURY,0,0,17,2,41.9693377594,-87.7423864499
10/28/2025 09:30:00 AM,30,CLEAR,UNKNOWN,TURNING,DIVIDED - W/MEDIAN BARRIER,DRY,NO INJURY / DRIVE AWAY,FAILING TO YIELD RIGHT-OF-WAY,2,10,NO INDICATION OF INJURY,0,0,9,3,41.8880613124,-87.6251681022
06/28/2021 01:17:00 AM,30,CLEAR,"DARKNESS, LIGHTED ROAD",REAR END,ONE-WAY,DRY,INJURY AND / OR TOW DUE TO CRASH,DRIVING SKILLS/KNOWLEDGE/EXPERIENCE,2,6,"REPORTED, NOT EVIDENT",1,0,1,2,41.8932075351,-87.6298422078
07/13/2025 12:50:00 PM,25,CLEAR,DAYLIGHT,PARKED MOTOR VEHICLE,NOT DIVIDED,DRY,NO INJURY / DRIVE AWAY,UNABLE TO DETERMINE,3,7,NO INDICATION OF INJURY,0,0,12,1,41.8285108666,-87.6701211469
06/27/2022 01:15:00 PM,30,CLEAR,DAYLIGHT,REAR END,FOUR WAY,DRY,NO INJURY / DRIVE AWAY,UNABLE TO DETERMINE,2,6,NO INDICATION OF INJURY,0,0,13,2,41.9458868914,-87.7571934573
09/05/2023 05:35:00 AM,30,UNKNOWN,UNKNOWN,REAR END,ONE-WAY,UNKNOWN,NO INJURY / DRIVE AWAY,UNABLE TO DETERMINE,2,9,NO INDICATION OF INJURY,0,0,5,3,41.8750344767,-87.668675874
08/14/2023 07:00:00 AM,30,CLEAR,DAYLIGHT,PARKED MOTOR VEHICLE,NOT DIVIDED,DRY,NO INJURY / DRIVE AWAY,UNABLE TO DETERMINE,2,8,NO INDICATION OF INJURY,0,0,7,2,41.8947120558,-87.713704405
05/08/2023 08:22:00 AM,30,CLOUDY/OVERCAST,DAYLIGHT,ANGLE,NOT DIVIDED,DRY,NO INJURY / DRIVE AWAY,UNABLE TO DETERMINE,2,5,NO INDICATION OF INJURY,0,0,8,2,41.9245930218,-87.7268192684
08/30/2023 06:00:00 PM,30,CLEAR,DAYLIGHT,ANGLE,FOUR WAY,DRY,NO INJURY / DRIVE AWAY,UNABLE TO DETERMINE,2,8,NO INDICATION OF INJURY,0,0,18,4,41.9458837047,-87.7079496425
10/19/2022 09:11:00 AM,40,CLEAR,DAYLIGHT,SIDESWIPE SAME DIRECTION,DIVIDED - W/MEDIAN BARRIER,DRY,INJURY AND / OR TOW DUE TO CRASH,FAILING TO REDUCE SPEED TO AVOID CRASH,2,10,NONINCAPACITATING INJURY,1,0,9,4,41.7355557528,-87.6874201681
04/05/2023 07:41:00 AM,35,RAIN,DAWN,SIDESWIPE SAME DIRECTION,NOT DIVIDED,WET,INJURY AND / OR TOW DUE TO CRASH,UNABLE TO DETERMINE,2,4,NO INDICATION OF INJURY,0,0,7,4,41.7796447494,-87.6444216475
04/02/2021 08:30:00 AM,30,CLEAR,DAYLIGHT,REAR END,NOT DIVIDED,DRY,NO INJURY / DRIVE AWAY,FOLLOWING TOO CLOSELY,2,4,NO INDICATION OF INJURY,0,0,8,6,42.0118905623,-87.7875821171
09/05/2024 08:15:00 AM,30,CLEAR,DAYLIGHT,ANGLE,FOUR WAY,DRY,NO INJURY / DRIVE AWAY,FAILING TO YIELD RIGHT-OF-WAY,2,9,NO INDICATION OF INJURY,0,0,8,5,41.9321395417,-87.7074869119
12/08/2022 10:00:00 AM,30,CLOUDY/OVERCAST,DAYLIGHT,PARKED MOTOR VEHICLE,ONE-WAY,DRY,INJURY AND / OR TOW DUE TO CRASH,UNABLE TO DETERMINE,2,12,NO INDICATION OF INJURY,0,0,10,5,41.8108883895,-87.7528705174
12/28/2023 02:30:00 AM,25,CLEAR,DARKNESS,PARKED MOTOR VEHICLE,NOT DIVIDED,UNKNOWN,NO INJURY / DRIVE AWAY,UNABLE TO DETERMINE,2,12,NO INDICATION OF INJURY,0,0,2,5,41.8250547446,-87.6726311652
06/04/2025 08:40:00 AM,30,RAIN,"DARKNESS, LIGHTED ROAD",ANGLE,DIVIDED - W/MEDIAN (NOT RAISED),WET,INJURY AND / OR TOW DUE TO CRASH,DISREGARDING TRAFFIC SIGNALS,2,6,NONINCAPACITATING INJURY,1,0,8,4,41.9390859327,-87.7078261994
03/29/2024 01:15:00 PM,15,CLEAR,DAYLIGHT,REAR TO FRONT,ONE-WAY,DRY,NO INJURY / DRIVE AWAY,UNABLE TO DETERMINE,2,3,NO INDICATION OF INJURY,0,0,13,6,41.7336648604,-87.588208113
08/26/2024 05:04:00 PM,30,CLEAR,DAYLIGHT,PEDESTRIAN,DIVIDED - W/MEDIAN (NOT RAISED),DRY,INJURY AND / OR TOW DUE TO CRASH,DRIVING SKILLS/KNOWLEDGE/EXPERIENCE,2,8,NONINCAPACITATING INJURY,1,0,17,2,41.8750962545,-87.735429919
06/19/2022 12:10:00 PM,35,CLEAR,DAYLIGHT,TURNING,NOT DIVIDED,DRY,INJURY AND / OR TOW DUE TO CRASH,FAILING TO YIELD RIGHT-OF-WAY,2,6,"REPORTED, NOT EVIDENT",2,0,12,1,41.7516115233,-87.5855922843
02/13/2022 08:00:00 PM,30,CLEAR,DARKNESS,REAR END,NOT DIVIDED,DRY,NO INJURY / DRIVE AWAY,NOT APPLICABLE,2,2,NO INDICATION OF INJURY,0,0,20,1,41.7714827844,-87.7226398352
06/25/2022 03:00:00 PM,30,RAIN,UNKNOWN,PARKED MOTOR VEHICLE,ONE-WAY,WET,NO INJURY / DRIVE AWAY,UNABLE TO DETERMINE,2,6,NO INDICATION OF INJURY,0,0,15,7,41.7535800321,-87.5798411773
09/14/2024 09:30:00 PM,25,CLEAR,DAYLIGHT,PARKED MOTOR VEHICLE,OTHER,DRY,INJURY AND / OR TOW DUE TO CRASH,UNABLE TO DETERMINE,2,9,NO INDICATION OF INJURY,0,0,21,7,41.9893323252,-87.6946445696
08/10/2022 09:20:00 PM,30,CLEAR,"DARKNESS, LIGHTED ROAD",SIDESWIPE SAME DIRECTION,NOT DIVIDED,DRY,INJURY AND / OR TOW DUE TO CRASH,FAILING TO YIELD RIGHT-OF-WAY,2,8,NO INDICATION OF INJURY,0,0,21,4,41.8083151875,-87.5966631971
06/25/2021 11:25:00 PM,30,CLEAR,"DARKNESS, LIGHTED ROAD",ANGLE,FOUR WAY,DRY,INJURY AND / OR TOW DUE TO CRASH,UNABLE TO DETERMINE,2,6,NONINCAPACITATING INJURY,1,0,23,6,41.8736241188,-87.7204065573
03/01/2026 05:36:00 PM,30,CLEAR,DUSK,SIDESWIPE SAME DIRECTION,FOUR WAY,DRY,NO INJURY / DRIVE AWAY,NOT APPLICABLE,2,3,NO INDICATION OF INJURY,0,0,17,1,41.8757346084,-87.6294391189
02/02/2023 01:30:00 PM,30,CLEAR,DAYLIGHT,REAR END,FOUR WAY,UNKNOWN,NO INJURY / DRIVE AWAY,UNABLE TO DETERMINE,3,2,NO INDICATION OF INJURY,0,0,13,5,41.7794957144,-87.6548185646
12/11/2025 08:10:00 AM,20,CLEAR,DAYLIGHT,ANGLE,NOT DIVIDED,WET,NO INJURY / DRIVE AWAY,FAILING TO YIELD RIGHT-OF-WAY,2,12,NO INDICATION OF INJURY,0,0,8,5,41.9493420916,-87.7544320783
10/30/2022 07:00:00 PM,25,CLEAR,"DARKNESS, LIGHTED ROAD",PEDALCYCLIST,OTHER,DRY,NO INJURY / DRIVE AWAY,DRIVING SKILLS/KNOWLEDGE/EXPERIENCE,2,10,NO INDICATION OF INJURY,0,0,19,1,41.8346963596,-87.6323255921
03/05/2021 06:30:00 PM,30,CLEAR,DAWN,REAR END,NOT DIVIDED,DRY,NO INJURY / DRIVE AWAY,NOT APPLICABLE,2,3,NO INDICATION OF INJURY,0,0,18,6,41.7809605671,-87.7226790148
12/01/2021 08:09:00 AM,30,CLEAR,DAWN,TURNING,NOT DIVIDED,DRY,NO INJURY / DRIVE AWAY,IMPROPER OVERTAKING/PASSING,2,12,NO INDICATION OF INJURY,0,0,8,4,41.7677789619,-87.7226331496
12/22/2023 09:25:00 PM,30,RAIN,"DARKNESS, LIGHTED ROAD",TURNING,NOT DIVIDED,WET,NO INJURY / DRIVE AWAY,FAILING TO REDUCE SPEED TO AVOID CRASH,2,12,NO INDICATION OF INJURY,0,0,21,6,41.7359722242,-87.6581466544
07/07/2025 03:30:00 PM,30,CLEAR,DAYLIGHT,REAR END,DIVIDED - W/MEDIAN (NOT RAISED),DRY,NO INJURY / DRIVE AWAY,FOLLOWING TOO CLOSELY,2,7,NO INDICATION OF INJURY,0,0,15,2,41.9169928353,-87.7315034302
09/12/2022 06:00:00 PM,30,UNKNOWN,UNKNOWN,REAR END,NOT DIVIDED,UNKNOWN,NO INJURY / DRIVE AWAY,FOLLOWING TOO CLOSELY,2,9,NO INDICATION OF INJURY,0,0,18,2,41.869547603,-87.6554159527
09/01/2023 09:35:00 AM,30,CLEAR,DAYLIGHT,OTHER OBJECT,"FIVE POINT, OR MORE",DRY,INJURY AND / OR TOW DUE TO CRASH,FAILING TO YIELD RIGHT-OF-WAY,2,9,NONINCAPACITATING INJURY,2,0,9,6,41.8912954209,-87.6475278747
08/24/2023 01:59:00 AM,30,CLEAR,"DARKNESS, LIGHTED ROAD",FIXED OBJECT,NOT DIVIDED,DRY,INJURY AND / OR TOW DUE TO CRASH,FAILING TO REDUCE SPEED TO AVOID CRASH,1,8,NO INDICATION OF INJURY,0,0,1,5,41.7550442797,-87.722315514
07/01/2025 08:30:00 AM,30,CLEAR,DAYLIGHT,PARKED MOTOR VEHICLE,PARKING LOT,DRY,NO INJURY / DRIVE AWAY,UNABLE TO DETERMINE,2,7,NO INDICATION OF INJURY,0,0,8,3,41.9722949937,-87.6504917919
05/15/2022 11:23:00 AM,30,CLEAR,DAYLIGHT,REAR END,NOT DIVIDED,DRY,INJURY AND / OR TOW DUE TO CRASH,FOLLOWING TOO CLOSELY,3,5,NO INDICATION OF INJURY,0,0,11,1,41.8290480204,-87.6842735515
04/01/2023 04:43:00 PM,45,UNKNOWN,UNKNOWN,REAR END,DIVIDED - W/MEDIAN BARRIER,DRY,NO INJURY / DRIVE AWAY,UNABLE TO DETERMINE,2,4,NO INDICATION OF INJURY,0,0,16,7,41.9018055383,-87.6241743201
02/27/2022 07:47:00 PM,30,CLEAR,"DARKNESS, LIGHTED ROAD",PARKED MOTOR VEHICLE,NOT DIVIDED,DRY,INJURY AND / OR TOW DUE TO CRASH,UNABLE TO DETERMINE,4,2,NO INDICATION OF INJURY,0,0,19,1,41.7561123695,-87.65089352
11/29/2025 11:20:00 PM,30,SNOW,UNKNOWN,PARKED MOTOR VEHICLE,NOT DIVIDED,SNOW OR SLUSH,NO INJURY / DRIVE AWAY,UNABLE TO DETERMINE,2,11,NO INDICATION OF INJURY,0,0,23,7,41.9941357947,-87.6808892848
05/06/2021 09:56:00 AM,35,CLEAR,DAYLIGHT,REAR END,FOUR WAY,WET,INJURY AND / OR TOW DUE TO CRASH,UNABLE TO DETERMINE,2,5,"REPORTED, NOT EVIDENT",1,0,9,5,41.7588813222,-87.5853651329
01/02/2024 02:00:00 PM,30,CLEAR,DAYLIGHT,ANGLE,NOT DIVIDED,DRY,NO INJURY / DRIVE AWAY,UNABLE TO DETERMINE,2,1,NO INDICATION OF INJURY,0,0,14,3,41.834355225,-87.6423860688
09/14/2024 10:00:00 AM,30,CLEAR,DAYLIGHT,ANGLE,DIVIDED - W/MEDIAN (NOT RAISED),DRY,NO INJURY / DRIVE AWAY,FAILING TO YIELD RIGHT-OF-WAY,2,9,NO INDICATION OF INJURY,0,0,10,7,41.7787763911,-87.7128667686
09/21/2022 06:31:00 AM,30,CLEAR,DAYLIGHT,SIDESWIPE SAME DIRECTION,NOT DIVIDED,DRY,NO INJURY / DRIVE AWAY,IMPROPER OVERTAKING/PASSING,2,9,NO INDICATION OF INJURY,0,0,6,4,41.7638528271,-87.5761044165
01/14/2026 07:58:00 AM,30,SNOW,DAYLIGHT,REAR END,NOT DIVIDED,SNOW OR SLUSH,NO INJURY / DRIVE AWAY,FOLLOWING TOO CLOSELY,2,1,NO INDICATION OF INJURY,0,0,7,4,41.8058308576,-87.7174666731
05/19/2021 04:40:00 PM,15,CLEAR,DAYLIGHT,PARKED MOTOR VEHICLE,PARKING LOT,DRY,NO INJURY / DRIVE AWAY,UNABLE TO DETERMINE,2,5,NO INDICATION OF INJURY,0,0,16,4,41.9394051879,-87.7109005918
07/20/2022 11:59:00 AM,10,OTHER,UNKNOWN,PARKED MOTOR VEHICLE,PARKING LOT,DRY,NO INJURY / DRIVE AWAY,IMPROPER TURNING/NO SIGNAL,2,7,NO INDICATION OF INJURY,0,0,11,4,41.8554146773,-87.6214173367
09/07/2021 11:15:00 AM,30,CLEAR,DAYLIGHT,REAR END,DIVIDED - W/MEDIAN (NOT RAISED),DRY,INJURY AND / OR TOW DUE TO CRASH,FAILING TO REDUCE SPEED TO AVOID CRASH,2,9,NONINCAPACITATING INJURY,1,0,11,3,41.9908743372,-87.671785647
04/15/2021 04:00:00 PM,10,CLEAR,DAYLIGHT,PARKED MOTOR VEHICLE,NOT DIVIDED,DRY,NO INJURY / DRIVE AWAY,IMPROPER TURNING/NO SIGNAL,2,4,NO INDICATION OF INJURY,0,0,16,5,41.9713547394,-87.6595857318
04/10/2023 01:44:00 PM,30,CLEAR,DAYLIGHT,REAR TO FRONT,DIVIDED - W/MEDIAN (NOT RAISED),DRY,NO INJURY / DRIVE AWAY,UNABLE TO DETERMINE,2,4,NO INDICATION OF INJURY,0,0,13,2,41.9696703837,-87.7703629238
06/11/2021 05:25:00 AM,30,CLEAR,DAYLIGHT,TURNING,DIVIDED - W/MEDIAN (NOT RAISED),DRY,INJURY AND / OR TOW DUE TO CRASH,IMPROPER TURNING/NO SIGNAL,2,6,NO INDICATION OF INJURY,0,0,5,6,41.8689506342,-87.7352121046
09/06/2023 12:18:00 PM,20,CLEAR,DAYLIGHT,ANGLE,FOUR WAY,WET,NO INJURY / DRIVE AWAY,UNABLE TO DETERMINE,2,9,NO INDICATION OF INJURY,0,0,12,4,41.7141188681,-87.6431454082
04/18/2023 10:30:00 AM,30,CLEAR,DAYLIGHT,PARKED MOTOR VEHICLE,PARKING LOT,DRY,NO INJURY / DRIVE AWAY,UNABLE TO DETERMINE,2,4,NO INDICATION OF INJURY,0,0,10,3,41.8838041399,-87.686357862
05/14/2023 11:00:00 AM,30,CLOUDY/OVERCAST,DAYLIGHT,ANGLE,NOT DIVIDED,DRY,NO INJURY / DRIVE AWAY,UNABLE TO DETERMINE,2,5,NO INDICATION OF INJURY,0,0,11,1,41.9119509259,-87.6764288932
05/29/2022 10:00:00 PM,10,CLEAR,UNKNOWN,PARKED MOTOR VEHICLE,PARKING LOT,DRY,NO INJURY / DRIVE AWAY,UNABLE TO DETERMINE,2,5,NO INDICATION OF INJURY,0,0,22,1,41.7692131922,-87.5699998252
12/10/2023 01:12:00 AM,30,CLEAR,DARKNESS,ANGLE,UNKNOWN INTERSECTION TYPE,DRY,INJURY AND / OR TOW DUE TO CRASH,DISREGARDING TRAFFIC SIGNALS,2,12,NONINCAPACITATING INJURY,2,0,1,1,41.7379384175,-87.5850781419
06/19/2023 12:50:00 AM,30,CLEAR,"DARKNESS, LIGHTED ROAD",PARKED MOTOR VEHICLE,ALLEY,DRY,INJURY AND / OR TOW DUE TO CRASH,UNABLE TO DETERMINE,2,6,NO INDICATION OF INJURY,0,0,0,2,41.9010604555,-87.751923572
08/18/2022 10:00:00 PM,30,CLEAR,"DARKNESS, LIGHTED ROAD",TURNING,DIVIDED - W/MEDIAN (NOT RAISED),DRY,NO INJURY / DRIVE AWAY,IMPROPER TURNING/NO SIGNAL,2,8,NO INDICATION OF INJURY,0,0,22,5,41.7445509052,-87.5662733566
07/21/2025 10:55:00 AM,30,CLEAR,DAYLIGHT,REAR TO FRONT,NOT DIVIDED,UNKNOWN,NO INJURY / DRIVE AWAY,UNABLE TO DETERMINE,2,7,NO INDICATION OF INJURY,0,0,10,2,41.9753567207,-87.7552227393
11/09/2022 11:15:00 PM,30,CLEAR,"DARKNESS, LIGHTED ROAD",HEAD ON,CENTER TURN LANE,DRY,INJURY AND / OR TOW DUE TO CRASH,UNABLE TO DETERMINE,2,11,NONINCAPACITATING INJURY,2,0,23,4,41.7503969976,-87.6530035125
01/19/2023 04:00:00 AM,30,RAIN,"DARKNESS, LIGHTED ROAD",PARKED MOTOR VEHICLE,NOT DIVIDED,WET,NO INJURY / DRIVE AWAY,UNABLE TO DETERMINE,2,1,NO INDICATION OF INJURY,0,0,4,5,41.9455356823,-87.7873468845
04/29/2026 03:30:00 PM,30,CLEAR,DAYLIGHT,REAR END,DIVIDED - W/MEDIAN (NOT RAISED),DRY,NO INJURY / DRIVE AWAY,FOLLOWING TOO CLOSELY,2,4,NO INDICATION OF INJURY,0,0,15,4,41.9976708203,-87.8062479632
01/14/2022 02:50:00 PM,30,CLEAR,DAYLIGHT,TURNING,NOT DIVIDED,DRY,NO INJURY / DRIVE AWAY,UNABLE TO DETERMINE,2,1,NO INDICATION OF INJURY,0,0,14,6,41.9465285252,-87.7099750799
01/24/2021 05:09:00 PM,35,CLEAR,"DARKNESS, LIGHTED ROAD",REAR END,FOUR WAY,DRY,NO INJURY / DRIVE AWAY,FAILING TO REDUCE SPEED TO AVOID CRASH,2,1,NO INDICATION OF INJURY,0,0,17,1,41.6861879175,-87.6423333122
07/22/2022 11:10:00 PM,30,RAIN,"DARKNESS, LIGHTED ROAD",REAR END,DIVIDED - W/MEDIAN BARRIER,WET,NO INJURY / DRIVE AWAY,FAILING TO REDUCE SPEED TO AVOID CRASH,2,7,NO INDICATION OF INJURY,0,0,23,6,41.9538922543,-87.6912404215
09/14/2025 09:51:00 PM,30,CLEAR,DARKNESS,PARKED MOTOR VEHICLE,ONE-WAY,DRY,INJURY AND / OR TOW DUE TO CRASH,"DISTRACTION - OTHER ELECTRONIC DEVICE (NAVIGATION DEVICE, DVD PLAYER, ETC.)",2,9,NO INDICATION OF INJURY,0,0,21,1,41.9192434284,-87.8007517166
11/10/2021 01:00:00 PM,30,CLEAR,DAYLIGHT,TURNING,FOUR WAY,DRY,NO INJURY / DRIVE AWAY,UNABLE TO DETERMINE,2,11,NO INDICATION OF INJURY,0,0,13,4,41.7152212361,-87.6431052708
02/08/2025 02:03:00 PM,30,CLEAR,DAYLIGHT,ANGLE,DIVIDED - W/MEDIAN BARRIER,DRY,NO INJURY / DRIVE AWAY,DISREGARDING TRAFFIC SIGNALS,2,2,NO INDICATION OF INJURY,0,0,14,7,41.8513695923,-87.7295226282
08/01/2024 04:48:00 PM,30,CLEAR,DAYLIGHT,REAR END,ONE-WAY,DRY,NO INJURY / DRIVE AWAY,FAILING TO REDUCE SPEED TO AVOID CRASH,2,8,NO INDICATION OF INJURY,0,0,16,5,41.8843240602,-87.6423982618
05/04/2026 06:25:00 PM,35,RAIN,DAYLIGHT,PARKED MOTOR VEHICLE,ONE-WAY,WET,NO INJURY / DRIVE AWAY,UNABLE TO DETERMINE,2,5,NO INDICATION OF INJURY,0,0,18,2,41.8934359993,-87.6295533136
06/13/2021 01:00:00 PM,20,CLEAR,UNKNOWN,PARKED MOTOR VEHICLE,ONE-WAY,DRY,NO INJURY / DRIVE AWAY,UNABLE TO DETERMINE,2,6,NO INDICATION OF INJURY,0,0,13,1,41.8966453732,-87.754873652
04/15/2025 09:30:00 AM,20,CLEAR,DAYLIGHT,ANGLE,NOT DIVIDED,DRY,NO INJURY / DRIVE AWAY,FAILING TO YIELD RIGHT-OF-WAY,2,4,NO INDICATION OF INJURY,0,0,9,3,41.9467164974,-87.6813756286
05/03/2023 10:30:00 AM,30,CLEAR,DAYLIGHT,REAR END,NOT DIVIDED,DRY,NO INJURY / DRIVE AWAY,UNABLE TO DETERMINE,2,5,NO INDICATION OF INJURY,0,0,10,4,41.9531406327,-87.778065534
07/12/2022 07:38:00 AM,30,CLEAR,DAYLIGHT,REAR TO FRONT,DIVIDED - W/MEDIAN BARRIER,DRY,INJURY AND / OR TOW DUE TO CRASH,UNABLE TO DETERMINE,2,7,"REPORTED, NOT EVIDENT",1,0,7,3,41.7956880528,-87.8014596705
08/23/2024 11:37:00 PM,30,CLEAR,DARKNESS,REAR END,NOT DIVIDED,DRY,NO INJURY / DRIVE AWAY,FAILING TO REDUCE SPEED TO AVOID CRASH,2,8,NO INDICATION OF INJURY,0,0,23,6,41.8729733773,-87.7252581707
03/27/2023 07:00:00 PM,30,CLEAR,UNKNOWN,PARKED MOTOR VEHICLE,DIVIDED - W/MEDIAN (NOT RAISED),DRY,NO INJURY / DRIVE AWAY,UNABLE TO DETERMINE,2,3,NO INDICATION OF INJURY,0,0,19,2,41.9112696208,-87.6351678448
12/01/2022 03:22:00 AM,30,CLEAR,"DARKNESS, LIGHTED ROAD",FIXED OBJECT,DIVIDED - W/MEDIAN BARRIER,DRY,INJURY AND / OR TOW DUE TO CRASH,UNABLE TO DETERMINE,1,12,NO INDICATION OF INJURY,0,0,3,5,41.7945105981,-87.6396143112
07/02/2022 11:10:00 PM,30,CLEAR,"DARKNESS, LIGHTED ROAD",TURNING,NOT DIVIDED,DRY,NO INJURY / DRIVE AWAY,IMPROPER TURNING/NO SIGNAL,2,7,NO INDICATION OF INJURY,0,0,23,7,41.8914549688,-87.6357276667
08/30/2023 03:30:00 PM,30,CLEAR,DAYLIGHT,REAR END,NOT DIVIDED,DRY,NO INJURY / DRIVE AWAY,DRIVING SKILLS/KNOWLEDGE/EXPERIENCE,2,8,NO INDICATION OF INJURY,0,0,15,4,41.7136060317,-87.6778121551
05/10/2024 07:30:00 AM,25,UNKNOWN,DAYLIGHT,TURNING,UNKNOWN,UNKNOWN,NO INJURY / DRIVE AWAY,NOT APPLICABLE,2,5,NO INDICATION OF INJURY,0,0,7,6,41.84841526,-87.6179197916
04/19/2025 03:40:00 PM,30,CLOUDY/OVERCAST,DAYLIGHT,SIDESWIPE SAME DIRECTION,DIVIDED - W/MEDIAN (NOT RAISED),UNKNOWN,NO INJURY / DRIVE AWAY,UNABLE TO DETERMINE,2,4,NO INDICATION OF INJURY,0,0,15,7,41.8080273447,-87.7198295653
06/18/2024 04:45:00 PM,30,CLEAR,DAYLIGHT,SIDESWIPE SAME DIRECTION,CENTER TURN LANE,DRY,NO INJURY / DRIVE AWAY,UNABLE TO DETERMINE,2,6,NO INDICATION OF INJURY,0,0,16,3,41.9980889165,-87.6767403683
09/17/2024 01:55:00 PM,30,CLEAR,DAYLIGHT,FIXED OBJECT,ALLEY,DRY,NO INJURY / DRIVE AWAY,IMPROPER BACKING,1,9,NO INDICATION OF INJURY,0,0,13,3,41.8051629347,-87.5866476722
07/25/2021 07:23:00 PM,45,CLEAR,DUSK,SIDESWIPE SAME DIRECTION,DIVIDED - W/MEDIAN BARRIER,DRY,NO INJURY / DRIVE AWAY,IMPROPER LANE USAGE,2,7,NO INDICATION OF INJURY,0,0,19,1,41.8578490871,-87.6168408794
01/18/2021 10:30:00 AM,30,UNKNOWN,UNKNOWN,PARKED MOTOR VEHICLE,ONE-WAY,UNKNOWN,NO INJURY / DRIVE AWAY,UNABLE TO DETERMINE,2,1,NO INDICATION OF INJURY,0,0,10,2,41.9482559571,-87.6699633875
12/09/2023 12:17:00 AM,20,CLEAR,"DARKNESS, LIGHTED ROAD",PARKED MOTOR VEHICLE,ALLEY,DRY,INJURY AND / OR TOW DUE TO CRASH,UNDER THE INFLUENCE OF ALCOHOL/DRUGS (USE WHEN ARREST IS EFFECTED),3,12,NO INDICATION OF INJURY,0,0,0,7,41.9638060266,-87.7623084747
05/21/2022 11:20:00 AM,30,CLEAR,DAYLIGHT,REAR END,T-INTERSECTION,WET,NO INJURY / DRIVE AWAY,UNABLE TO DETERMINE,2,5,NO INDICATION OF INJURY,0,0,11,7,41.7347747973,-87.7312020812