CRASH_DATE,POSTED_SPEED_LIMIT,WEATHER_CONDITION,LIGHTING_CONDITION,FIRST_CRASH_TYPE,TRAFFICWAY_TYPE,ROADWAY_SURFACE_COND,CRASH_TYPE,PRIM_CONTRIBUTORY_CAUSE,NUM_UNITS,CRASH_MONTH,MOST_SEVERE_INJURY,INJURIES_TOTAL,INJURIES_FATAL,CRASH_HOUR,CRASH_DAY_OF_WEEK,LATITUDE,LONGITUDE
01/01/2026 05:44:00 AM,30,CLEAR,"DARKNESS, LIGHTED ROAD",PARKED MOTOR VEHICLE,NOT DIVIDED,DRY,INJURY AND / OR TOW DUE TO CRASH,UNABLE TO DETERMINE,2,1,NO INDICATION OF INJURY,0,0,5,5,41.9051284213,-87.7118977899
04/17/2026 07:15:00 PM,30,CLEAR,DAYLIGHT,PARKED MOTOR VEHICLE,NOT DIVIDED,DRY,NO INJURY / DRIVE AWAY,UNABLE TO DETERMINE,2,4,NO INDICATION OF INJURY,0,0,19,6,41.9102189523,-87.6675345375
04/20/2025 01:56:00 PM,30,RAIN,DAYLIGHT,PARKED MOTOR VEHICLE,NOT DIVIDED,WET,NO INJURY / DRIVE AWAY,UNABLE TO DETERMINE,2,4,NO INDICATION OF INJURY,0,0,13,1,41.8655945982,-87.7724702295
07/21/2022 09:00:00 AM,30,CLEAR,DAYLIGHT,ANGLE,FOUR WAY,DRY,INJURY AND / OR TOW DUE TO CRASH,FAILING TO YIELD RIGHT-OF-WAY,2,7,NO INDICATION OF INJURY,0,0,9,5,41.8092424965,-87.6197368017
03/28/2025 06:00:00 PM,30,CLEAR,DAYLIGHT,SIDESWIPE SAME DIRECTION,NOT DIVIDED,UNKNOWN,NO INJURY / DRIVE AWAY,IMPROPER OVERTAKING/PASSING,2,3,NO INDICATION OF INJURY,0,0,18,6,41.9828862532,-87.7878823556
08/17/2024 05:00:00 PM,25,CLEAR,DAYLIGHT,SIDESWIPE OPPOSITE DIRECTION,ALLEY,DRY,NO INJURY / DRIVE AWAY,NOT APPLICABLE,2,8,NO INDICATION OF INJURY,0,0,17,7,41.9410076383,-87.6454282684
03/13/2021 09:26:00 AM,30,CLEAR,DAYLIGHT,ANGLE,NOT DIVIDED,DRY,INJURY AND / OR TOW DUE TO CRASH,"OPERATING VEHICLE IN ERRATIC, RECKLESS, CARELESS, NEGLIGENT OR AGGRESSIVE MANNER",3,3,NONINCAPACITATING INJURY,1,0,9,7,41.8933541226,-87.7115191937
03/26/2022 09:53:00 AM,30,CLEAR,DAYLIGHT,REAR END,NOT DIVIDED,DRY,NO INJURY / DRIVE AWAY,FAILING TO REDUCE SPEED TO AVOID CRASH,3,3,NO INDICATION OF INJURY,0,0,9,7,41.894103382,-87.7456304633
10/06/2022 09:40:00 AM,30,CLEAR,DAYLIGHT,REAR END,NOT DIVIDED,DRY,NO INJURY / DRIVE AWAY,DISTRACTION - FROM INSIDE VEHICLE,3,10,NO INDICATION OF INJURY,0,0,9,5,41.8695462706,-87.6555009887
09/29/2023 05:18:00 PM,30,CLEAR,DAYLIGHT,REAR END,FOUR WAY,DRY,NO INJURY / DRIVE AWAY,UNABLE TO DETERMINE,2,9,NO INDICATION OF INJURY,0,0,17,6,41.8706112789,-87.6206837897
12/01/2024 12:20:00 AM,30,CLEAR,DAYLIGHT,PARKED MOTOR VEHICLE,NOT DIVIDED,DRY,NO INJURY / DRIVE AWAY,IMPROPER OVERTAKING/PASSING,2,12,NO INDICATION OF INJURY,0,0,0,1,41.8873610336,-87.6224899898
08/29/2025 06:55:00 PM,30,CLEAR,DAYLIGHT,SIDESWIPE SAME DIRECTION,NOT DIVIDED,DRY,NO INJURY / DRIVE AWAY,UNABLE TO DETERMINE,2,8,NO INDICATION OF INJURY,0,0,18,6,41.9311212238,-87.7695541837
04/10/2023 02:25:00 PM,30,CLEAR,DAYLIGHT,HEAD ON,ONE-WAY,DRY,NO INJURY / DRIVE AWAY,FAILING TO YIELD RIGHT-OF-WAY,2,4,NO INDICATION OF INJURY,0,0,14,2,41.9063968841,-87.6390536543
05/20/2024 12:10:00 PM,30,CLEAR,DAYLIGHT,TURNING,FOUR WAY,DRY,NO INJURY / DRIVE AWAY,UNABLE TO DETERMINE,2,5,NO INDICATION OF INJURY,0,0,12,2,41.7138760632,-87.5354226086
03/06/2023 06:00:00 PM,30,CLEAR,"DARKNESS, LIGHTED ROAD",PARKED MOTOR VEHICLE,NOT DIVIDED,DRY,NO INJURY / DRIVE AWAY,UNABLE TO DETERMINE,2,3,NO INDICATION OF INJURY,0,0,18,2,41.9075104077,-87.7612798463
07/21/2022 01:10:00 PM,30,UNKNOWN,UNKNOWN,PARKED MOTOR VEHICLE,ONE-WAY,UNKNOWN,NO INJURY / DRIVE AWAY,UNABLE TO DETERMINE,2,7,NO INDICATION OF INJURY,0,0,13,5,41.7376531006,-87.6669067115
06/14/2024 03:15:00 PM,30,CLEAR,DAYLIGHT,REAR TO SIDE,PARKING LOT,UNKNOWN,NO INJURY / DRIVE AWAY,UNABLE TO DETERMINE,2,6,NO INDICATION OF INJURY,0,0,15,6,41.959100433,-87.6823922417
03/12/2023 11:42:00 PM,20,CLEAR,"DARKNESS, LIGHTED ROAD",PARKED MOTOR VEHICLE,NOT DIVIDED,DRY,INJURY AND / OR TOW DUE TO CRASH,UNABLE TO DETERMINE,2,3,NO INDICATION OF INJURY,0,0,23,1,41.7888594803,-87.7780806598
10/26/2024 03:40:00 AM,30,CLEAR,"DARKNESS, LIGHTED ROAD",PEDESTRIAN,ONE-WAY,DRY,INJURY AND / OR TOW DUE TO CRASH,NOT APPLICABLE,2,10,INCAPACITATING INJURY,1,0,3,7,41.7466106831,-87.6629451072
04/09/2021 02:30:00 PM,30,CLEAR,DAYLIGHT,OTHER OBJECT,OTHER,DRY,NO INJURY / DRIVE AWAY,UNABLE TO DETERMINE,1,4,NO INDICATION OF INJURY,0,0,14,6,41.7230751527,-87.5849957451
08/13/2022 09:50:00 AM,30,CLEAR,DAYLIGHT,REAR END,NOT DIVIDED,DRY,NO INJURY / DRIVE AWAY,UNABLE TO DETERMINE,3,8,NO INDICATION OF INJURY,0,0,9,7,41.7776973886,-87.7743877563
06/09/2022 06:00:00 PM,30,CLEAR,DAYLIGHT,TURNING,NOT DIVIDED,DRY,INJURY AND / OR TOW DUE TO CRASH,FAILING TO YIELD RIGHT-OF-WAY,2,6,NO INDICATION OF INJURY,0,0,18,5,42.0117528054,-87.7089425643
02/28/2021 02:30:00 PM,30,CLEAR,DAYLIGHT,PARKED MOTOR VEHICLE,ONE-WAY,WET,NO INJURY / DRIVE AWAY,UNABLE TO DETERMINE,2,2,NO INDICATION OF INJURY,0,0,14,1,41.7843915381,-87.7127142344
11/22/2023 12:50:00 AM,30,CLEAR,"DARKNESS, LIGHTED ROAD",PARKED MOTOR VEHICLE,ONE-WAY,DRY,NO INJURY / DRIVE AWAY,UNABLE TO DETERMINE,2,11,NO INDICATION OF INJURY,0,0,0,4,41.8014501464,-87.6208659737
06/17/2024 03:30:00 PM,10,CLEAR,DAYLIGHT,FIXED OBJECT,PARKING LOT,DRY,NO INJURY / DRIVE AWAY,UNABLE TO DETERMINE,1,6,NO INDICATION OF INJURY,0,0,15,2,41.9902164701,-87.7309580196
02/16/2021 07:30:00 PM,30,SNOW,"DARKNESS, LIGHTED ROAD",PARKED MOTOR VEHICLE,DIVIDED - W/MEDIAN (NOT RAISED),SNOW OR SLUSH,NO INJURY / DRIVE AWAY,FOLLOWING TOO CLOSELY,2,2,NO INDICATION OF INJURY,0,0,19,3,41.753007055,-87.5795344344
11/21/2022 06:00:00 AM,30,UNKNOWN,UNKNOWN,PARKED MOTOR VEHICLE,NOT DIVIDED,UNKNOWN,NO INJURY / DRIVE AWAY,UNABLE TO DETERMINE,2,11,NO INDICATION OF INJURY,0,0,6,2,41.7623170501,-87.7119137546
09/29/2021 08:12:00 AM,30,CLEAR,DAYLIGHT,TURNING,T-INTERSECTION,DRY,NO INJURY / DRIVE AWAY,FOLLOWING TOO CLOSELY,3,9,NO INDICATION OF INJURY,0,0,8,4,41.9067203876,-87.7275278677
11/27/2024 12:15:00 PM,30,CLEAR,DAYLIGHT,SIDESWIPE SAME DIRECTION,NOT DIVIDED,DRY,NO INJURY / DRIVE AWAY,FAILING TO YIELD RIGHT-OF-WAY,2,11,NO INDICATION OF INJURY,0,0,12,4,41.953090368,-87.7655011525
02/12/2024 05:10:00 PM,30,CLEAR,DAYLIGHT,FIXED OBJECT,PARKING LOT,DRY,NO INJURY / DRIVE AWAY,UNABLE TO DETERMINE,1,2,NO INDICATION OF INJURY,0,0,17,2,41.975355803,-87.65189745
05/02/2024 12:28:00 AM,55,CLEAR,UNKNOWN,HEAD ON,ONE-WAY,DRY,INJURY AND / OR TOW DUE TO CRASH,DRIVING ON WRONG SIDE/WRONG WAY,2,5,NO INDICATION OF INJURY,0,0,0,5,41.7969932336,-87.579928496
12/20/2021 05:30:00 PM,30,CLEAR,"DARKNESS, LIGHTED ROAD",SIDESWIPE SAME DIRECTION,RAMP,DRY,NO INJURY / DRIVE AWAY,DRIVING SKILLS/KNOWLEDGE/EXPERIENCE,2,12,NO INDICATION OF INJURY,0,0,17,2,41.8878643189,-87.6142703412
09/03/2021 05:00:00 PM,30,CLEAR,DAYLIGHT,REAR END,NOT DIVIDED,DRY,INJURY AND / OR TOW DUE TO CRASH,FAILING TO REDUCE SPEED TO AVOID CRASH,3,9,NONINCAPACITATING INJURY,1,0,17,6,42.0118931482,-87.7829573107
10/26/2021 10:45:00 AM,30,CLEAR,DAYLIGHT,PARKED MOTOR VEHICLE,DIVIDED - W/MEDIAN (NOT RAISED),DRY,INJURY AND / OR TOW DUE TO CRASH,DISTRACTION - FROM INSIDE VEHICLE,4,10,"REPORTED, NOT EVIDENT",1,0,10,3,41.7217326017,-87.6313102182
11/21/2023 01:58:00 PM,30,CLEAR,DAYLIGHT,SIDESWIPE SAME DIRECTION,DIVIDED - W/MEDIAN (NOT RAISED),DRY,NO INJURY / DRIVE AWAY,IMPROPER LANE USAGE,2,11,NO INDICATION OF INJURY,0,0,13,3,41.7870767249,-87.6836999116
02/23/2024 02:01:00 PM,30,CLEAR,DAYLIGHT,ANGLE,FOUR WAY,WET,INJURY AND / OR TOW DUE TO CRASH,DISREGARDING STOP SIGN,2,2,"REPORTED, NOT EVIDENT",1,0,14,6,41.7804789911,-87.6083293796
06/27/2024 04:00:00 PM,30,UNKNOWN,DAYLIGHT,OTHER NONCOLLISION,NOT DIVIDED,UNKNOWN,NO INJURY / DRIVE AWAY,ROAD ENGINEERING/SURFACE/MARKING DEFECTS,1,6,NO INDICATION OF INJURY,0,0,16,5,41.7683569889,-87.6106365167
12/08/2023 05:10:00 PM,20,CLEAR,"DARKNESS, LIGHTED ROAD",TURNING,T-INTERSECTION,DRY,NO INJURY / DRIVE AWAY,UNABLE TO DETERMINE,2,12,NO INDICATION OF INJURY,0,0,17,6,41.8977814109,-87.6723767388
06/24/2025 11:17:00 AM,25,CLEAR,DAYLIGHT,SIDESWIPE SAME DIRECTION,NOT DIVIDED,DRY,INJURY AND / OR TOW DUE TO CRASH,UNABLE TO DETERMINE,2,6,NO INDICATION OF INJURY,0,0,11,3,41.9421194786,-87.6540280573
04/24/2025 11:13:00 AM,30,CLEAR,DAYLIGHT,FIXED OBJECT,ALLEY,DRY,INJURY AND / OR TOW DUE TO CRASH,UNABLE TO DETERMINE,1,4,"REPORTED, NOT EVIDENT",1,0,11,5,41.7422949079,-87.6521569989
04/14/2026 07:00:00 AM,30,CLEAR,UNKNOWN,PARKED MOTOR VEHICLE,NOT DIVIDED,DRY,NO INJURY / DRIVE AWAY,UNABLE TO DETERMINE,2,4,NO INDICATION OF INJURY,0,0,7,3,41.8737480879,-87.6754364215
10/06/2021 04:00:00 PM,10,CLEAR,DAYLIGHT,PARKED MOTOR VEHICLE,PARKING LOT,DRY,NO INJURY / DRIVE AWAY,IMPROPER BACKING,2,10,NO INDICATION OF INJURY,0,0,16,4,41.7883112584,-87.6047698359
11/26/2021 03:20:00 PM,30,CLEAR,DAYLIGHT,REAR TO SIDE,FOUR WAY,DRY,INJURY AND / OR TOW DUE TO CRASH,FAILING TO REDUCE SPEED TO AVOID CRASH,2,11,NONINCAPACITATING INJURY,1,0,15,6,41.7946257177,-87.6329422736
04/04/2023 02:20:00 PM,30,CLEAR,DAYLIGHT,REAR END,NOT DIVIDED,DRY,NO INJURY / DRIVE AWAY,FOLLOWING TOO CLOSELY,2,4,NO INDICATION OF INJURY,0,0,14,3,41.822563836,-87.7241874791
03/09/2024 05:56:00 PM,30,CLEAR,DAYLIGHT,SIDESWIPE SAME DIRECTION,NOT DIVIDED,DRY,NO INJURY / DRIVE AWAY,DRIVING SKILLS/KNOWLEDGE/EXPERIENCE,2,3,NO INDICATION OF INJURY,0,0,17,7,41.7927751675,-87.7658951752
10/01/2021 06:26:00 PM,30,CLEAR,"DARKNESS, LIGHTED ROAD",SIDESWIPE SAME DIRECTION,DIVIDED - W/MEDIAN (NOT RAISED),DRY,INJURY AND / OR TOW DUE TO CRASH,FOLLOWING TOO CLOSELY,2,10,NO INDICATION OF INJURY,0,0,18,6,41.8123163222,-87.664919151
01/29/2022 07:30:00 PM,30,CLEAR,"DARKNESS, LIGHTED ROAD",REAR END,NOT DIVIDED,DRY,INJURY AND / OR TOW DUE TO CRASH,UNDER THE INFLUENCE OF ALCOHOL/DRUGS (USE WHEN ARREST IS EFFECTED),2,1,NO INDICATION OF INJURY,0,0,19,7,41.9689417432,-87.8069992449
01/19/2026 08:05:00 AM,30,SNOW,DAYLIGHT,FIXED OBJECT,DIVIDED - W/MEDIAN (NOT RAISED),SNOW OR SLUSH,INJURY AND / OR TOW DUE TO CRASH,WEATHER,1,1,"REPORTED, NOT EVIDENT",1,0,8,2,41.8066464018,-87.6839576379
01/07/2021 05:00:00 PM,30,CLEAR,"DARKNESS, LIGHTED ROAD",PARKED MOTOR VEHICLE,PARKING LOT,DRY,NO INJURY / DRIVE AWAY,UNABLE TO DETERMINE,2,1,NO INDICATION OF INJURY,0,0,17,5,41.9237817967,-87.7862536744
05/31/2021 01:50:00 AM,35,CLEAR,"DARKNESS, LIGHTED ROAD",REAR END,DIVIDED - W/MEDIAN BARRIER,DRY,NO INJURY / DRIVE AWAY,FAILING TO REDUCE SPEED TO AVOID CRASH,2,5,NO INDICATION OF INJURY,0,0,1,2,41.8808560477,-87.6176358918
10/26/2025 10:30:00 AM,30,UNKNOWN,UNKNOWN,SIDESWIPE SAME DIRECTION,DIVIDED - W/MEDIAN (NOT RAISED),DRY,NO INJURY / DRIVE AWAY,IMPROPER OVERTAKING/PASSING,2,10,NO INDICATION OF INJURY,0,0,10,1,41.9057348036,-87.6746649188
08/12/2021 05:53:00 PM,30,CLEAR,DAYLIGHT,PARKED MOTOR VEHICLE,ONE-WAY,DRY,NO INJURY / DRIVE AWAY,DRIVING SKILLS/KNOWLEDGE/EXPERIENCE,2,8,NO INDICATION OF INJURY,0,0,17,5,41.7768386251,-87.7687366596
02/22/2023 05:50:00 PM,35,RAIN,"DARKNESS, LIGHTED ROAD",TURNING,FOUR WAY,WET,NO INJURY / DRIVE AWAY,DRIVING ON WRONG SIDE/WRONG WAY,2,2,NO INDICATION OF INJURY,0,0,17,4,41.7248580121,-87.6434522185
06/13/2024 07:46:00 AM,30,CLEAR,DAYLIGHT,REAR END,DIVIDED - W/MEDIAN (NOT RAISED),DRY,INJURY AND / OR TOW DUE TO CRASH,UNABLE TO DETERMINE,3,6,"REPORTED, NOT EVIDENT",1,0,7,5,41.909599056,-87.7657988601
08/06/2024 07:30:00 PM,25,CLEAR,"DARKNESS, LIGHTED ROAD",PEDALCYCLIST,DIVIDED - W/MEDIAN (NOT RAISED),DRY,INJURY AND / OR TOW DUE TO CRASH,FAILING TO YIELD RIGHT-OF-WAY,2,8,NONINCAPACITATING INJURY,1,0,19,3,41.9320665624,-87.7135055442
08/22/2022 07:35:00 AM,30,CLEAR,DAYLIGHT,REAR END,DIVIDED - W/MEDIAN (NOT RAISED),DRY,NO INJURY / DRIVE AWAY,UNABLE TO DETERMINE,2,8,NO INDICATION OF INJURY,0,0,7,2,41.9757844134,-87.6888582337
12/15/2021 12:00:00 PM,35,CLEAR,DAYLIGHT,FIXED OBJECT,NOT DIVIDED,DRY,NO INJURY / DRIVE AWAY,NOT APPLICABLE,1,12,NO INDICATION OF INJURY,0,0,12,4,41.723118162,-87.553998563
11/05/2024 12:20:00 PM,30,CLEAR,DAYLIGHT,ANGLE,FOUR WAY,WET,NO INJURY / DRIVE AWAY,FAILING TO YIELD RIGHT-OF-WAY,3,11,NO INDICATION OF INJURY,0,0,12,3,41.6881146512,-87.5330193122
04/09/2026 02:00:00 PM,30,UNKNOWN,UNKNOWN,SIDESWIPE SAME DIRECTION,UNKNOWN,UNKNOWN,NO INJURY / DRIVE AWAY,UNABLE TO DETERMINE,2,4,NO INDICATION OF INJURY,0,0,14,5,42.0118492368,-87.7734937487
01/21/2022 01:47:00 PM,30,CLEAR,DAYLIGHT,SIDESWIPE OPPOSITE DIRECTION,DIVIDED - W/MEDIAN (NOT RAISED),DRY,INJURY AND / OR TOW DUE TO CRASH,DRIVING SKILLS/KNOWLEDGE/EXPERIENCE,2,1,NO INDICATION OF INJURY,0,0,13,6,41.8384735098,-87.6464352043
12/13/2024 09:50:00 PM,25,CLEAR,"DARKNESS, LIGHTED ROAD",ANGLE,FOUR WAY,DRY,NO INJURY / DRIVE AWAY,FAILING TO YIELD RIGHT-OF-WAY,2,12,NO INDICATION OF INJURY,0,0,21,6,41.8790244122,-87.7254659929
10/25/2022 02:20:00 PM,30,RAIN,DAYLIGHT,TURNING,NOT DIVIDED,WET,NO INJURY / DRIVE AWAY,UNABLE TO DETERMINE,2,10,NO INDICATION OF INJURY,0,0,14,3,41.7587154667,-87.5862809648
03/30/2024 06:00:00 AM,30,RAIN,"DARKNESS, LIGHTED ROAD",PEDESTRIAN,NOT DIVIDED,WET,INJURY AND / OR TOW DUE TO CRASH,FAILING TO REDUCE SPEED TO AVOID CRASH,2,3,NONINCAPACITATING INJURY,1,0,6,7,41.8964946998,-87.6487312745
06/07/2022 06:28:00 PM,30,CLEAR,DAWN,REAR END,NOT DIVIDED,DRY,INJURY AND / OR TOW DUE TO CRASH,FOLLOWING TOO CLOSELY,2,6,INCAPACITATING INJURY,1,0,18,3,41.91908988,-87.6366844449
11/22/2024 06:17:00 PM,15,CLEAR,DARKNESS,PARKED MOTOR VEHICLE,PARKING LOT,DRY,NO INJURY / DRIVE AWAY,UNABLE TO DETERMINE,2,11,NO INDICATION OF INJURY,0,0,18,6,41.766032178,-87.5761499474
01/12/2024 08:55:00 AM,15,SNOW,DAYLIGHT,ANGLE,PARKING LOT,SNOW OR SLUSH,NO INJURY / DRIVE AWAY,WEATHER,2,1,NO INDICATION OF INJURY,0,0,8,6,41.8319159696,-87.7243912286
03/18/2022 05:12:00 PM,35,RAIN,DAYLIGHT,TURNING,FOUR WAY,WET,INJURY AND / OR TOW DUE TO CRASH,IMPROPER BACKING,2,3,NO INDICATION OF INJURY,0,0,17,6,41.8671561888,-87.6408671106
06/17/2021 08:00:00 PM,30,CLEAR,DUSK,SIDESWIPE OPPOSITE DIRECTION,NOT DIVIDED,DRY,INJURY AND / OR TOW DUE TO CRASH,ANIMAL,2,6,NO INDICATION OF INJURY,0,0,20,5,41.8032399609,-87.6342549047
01/04/2026 06:40:00 PM,30,UNKNOWN,UNKNOWN,ANGLE,DIVIDED - W/MEDIAN (NOT RAISED),UNKNOWN,INJURY AND / OR TOW DUE TO CRASH,UNABLE TO DETERMINE,2,1,NO INDICATION OF INJURY,0,0,18,1,41.8823957952,-87.7616941514
08/23/2024 08:30:00 AM,30,CLEAR,DAYLIGHT,ANGLE,NOT DIVIDED,DRY,INJURY AND / OR TOW DUE TO CRASH,FAILING TO YIELD RIGHT-OF-WAY,2,8,NO INDICATION OF INJURY,0,0,8,6,41.8858584262,-87.7308374451
03/06/2026 09:58:00 AM,30,RAIN,DAYLIGHT,REAR END,NOT DIVIDED,DRY,NO INJURY / DRIVE AWAY,UNABLE TO DETERMINE,2,3,NO INDICATION OF INJURY,0,0,9,6,41.9397646845,-87.6564730101
04/15/2021 07:26:00 AM,30,CLEAR,DAYLIGHT,SIDESWIPE SAME DIRECTION,DIVIDED - W/MEDIAN BARRIER,DRY,NO INJURY / DRIVE AWAY,IMPROPER OVERTAKING/PASSING,2,4,NO INDICATION OF INJURY,0,0,7,5,41.8675399555,-87.6260408981
05/02/2024 08:20:00 AM,30,CLEAR,DAYLIGHT,SIDESWIPE SAME DIRECTION,DIVIDED - W/MEDIAN (NOT RAISED),DRY,NO INJURY / DRIVE AWAY,ROAD CONSTRUCTION/MAINTENANCE,2,5,NO INDICATION OF INJURY,0,0,8,5,41.9236769618,-87.7782822106
04/14/2021 08:05:00 AM,20,CLEAR,DAYLIGHT,TURNING,ONE-WAY,DRY,NO INJURY / DRIVE AWAY,FAILING TO YIELD RIGHT-OF-WAY,2,4,NO INDICATION OF INJURY,0,0,8,4,41.9544286448,-87.6922270519
03/08/2022 06:50:00 AM,30,CLEAR,DAYLIGHT,SIDESWIPE SAME DIRECTION,NOT DIVIDED,DRY,NO INJURY / DRIVE AWAY,IMPROPER OVERTAKING/PASSING,2,3,NO INDICATION OF INJURY,0,0,6,3,41.8085982178,-87.6845771711
10/24/2022 11:45:00 AM,25,CLEAR,DAYLIGHT,PARKED MOTOR VEHICLE,NOT DIVIDED,DRY,NO INJURY / DRIVE AWAY,UNABLE TO DETERMINE,2,10,NO INDICATION OF INJURY,0,0,11,2,41.8737803817,-87.7644761269
07/17/2022 06:35:00 PM,30,CLEAR,DAYLIGHT,TURNING,FOUR WAY,DRY,NO INJURY / DRIVE AWAY,FAILING TO REDUCE SPEED TO AVOID CRASH,2,7,NO INDICATION OF INJURY,0,0,18,1,41.9977317798,-87.8069394131
07/08/2021 10:20:00 AM,30,CLEAR,DAYLIGHT,HEAD ON,NOT DIVIDED,DRY,INJURY AND / OR TOW DUE TO CRASH,DRIVING ON WRONG SIDE/WRONG WAY,2,7,NONINCAPACITATING INJURY,1,0,10,5,41.8817143339,-87.7124051016
08/07/2025 11:27:00 PM,30,UNKNOWN,UNKNOWN,PEDALCYCLIST,FOUR WAY,UNKNOWN,INJURY AND / OR TOW DUE TO CRASH,IMPROPER LANE USAGE,2,8,"REPORTED, NOT EVIDENT",1,0,23,5,41.7791234838,-87.6837830986
01/20/2021 11:45:00 AM,30,CLEAR,DAYLIGHT,REAR END,ONE-WAY,DRY,INJURY AND / OR TOW DUE TO CRASH,UNABLE TO DETERMINE,3,1,NO INDICATION OF INJURY,0,0,11,4,41.7946223638,-87.6319288295
07/07/2023 09:20:00 PM,30,UNKNOWN,UNKNOWN,SIDESWIPE SAME DIRECTION,NOT DIVIDED,UNKNOWN,NO INJURY / DRIVE AWAY,UNABLE TO DETERMINE,2,7,NO INDICATION OF INJURY,0,0,21,6,41.8371326714,-87.7049671148
07/08/2025 07:00:00 PM,30,CLOUDY/OVERCAST,DUSK,PARKED MOTOR VEHICLE,DIVIDED - W/MEDIAN (NOT RAISED),WET,NO INJURY / DRIVE AWAY,UNABLE TO DETERMINE,2,7,NO INDICATION OF INJURY,0,0,19,3,41.7848403163,-87.6642041936
02/08/2024 04:02:00 PM,30,CLOUDY/OVERCAST,DAYLIGHT,SIDESWIPE SAME DIRECTION,DIVIDED - W/MEDIAN (NOT RAISED),DRY,NO INJURY / DRIVE AWAY,UNABLE TO DETERMINE,2,2,NO INDICATION OF INJURY,0,0,16,5,41.8990803169,-87.6870745042
06/13/2021 11:37:00 AM,30,CLEAR,DAYLIGHT,PEDALCYCLIST,T-INTERSECTION,DRY,INJURY AND / OR TOW DUE TO CRASH,FAILING TO REDUCE SPEED TO AVOID CRASH,2,6,NONINCAPACITATING INJURY,1,0,11,1,41.8931660327,-87.6279562766
08/09/2021 10:00:00 AM,30,CLEAR,DAYLIGHT,SIDESWIPE SAME DIRECTION,NOT DIVIDED,DRY,NO INJURY / DRIVE AWAY,NOT APPLICABLE,2,8,NO INDICATION OF INJURY,0,0,10,2,41.8255330648,-87.6847430535
10/04/2022 03:30:00 PM,30,CLEAR,DAYLIGHT,SIDESWIPE SAME DIRECTION,NOT DIVIDED,DRY,NO INJURY / DRIVE AWAY,UNABLE TO DETERMINE,2,10,NO INDICATION OF INJURY,0,0,15,3,41.8693555734,-87.6569002438
06/19/2024 12:00:00 PM,30,UNKNOWN,DAYLIGHT,PARKED MOTOR VEHICLE,NOT DIVIDED,UNKNOWN,NO INJURY / DRIVE AWAY,UNABLE TO DETERMINE,2,6,NO INDICATION OF INJURY,0,0,12,4,41.9376147661,-87.7223521665
05/29/2024 06:30:00 PM,30,CLEAR,DAYLIGHT,TURNING,T-INTERSECTION,DRY,NO INJURY / DRIVE AWAY,IMPROPER TURNING/NO SIGNAL,2,5,NO INDICATION OF INJURY,0,0,18,4,41.7129581582,-87.6054144509
11/18/2021 11:10:00 AM,10,CLEAR,DAYLIGHT,PARKED MOTOR VEHICLE,PARKING LOT,DRY,NO INJURY / DRIVE AWAY,UNABLE TO DETERMINE,2,11,NO INDICATION OF INJURY,0,0,11,5,41.9253573581,-87.6613885438
04/21/2026 04:15:00 PM,30,UNKNOWN,DAYLIGHT,REAR END,DIVIDED - W/MEDIAN (NOT RAISED),UNKNOWN,NO INJURY / DRIVE AWAY,FOLLOWING TOO CLOSELY,2,4,NO INDICATION OF INJURY,0,0,16,3,41.7502622404,-87.6635801171
04/05/2023 05:05:00 PM,30,CLEAR,DAYLIGHT,SIDESWIPE SAME DIRECTION,NOT DIVIDED,DRY,NO INJURY / DRIVE AWAY,DRIVING SKILLS/KNOWLEDGE/EXPERIENCE,2,4,NO INDICATION OF INJURY,0,0,17,4,41.8971305783,-87.6243300313
11/09/2025 11:30:00 PM,30,SNOW,"DARKNESS, LIGHTED ROAD",PARKED MOTOR VEHICLE,NOT DIVIDED,SNOW OR SLUSH,INJURY AND / OR TOW DUE TO CRASH,UNABLE TO DETERMINE,2,11,NO INDICATION OF INJURY,0,0,23,1,41.7749910972,-87.7325723763
02/05/2021 04:47:00 AM,30,SNOW,"DARKNESS, LIGHTED ROAD",FIXED OBJECT,OTHER,WET,INJURY AND / OR TOW DUE TO CRASH,UNABLE TO DETERMINE,1,2,"REPORTED, NOT EVIDENT",1,0,4,6,41.8181780969,-87.7436118562
10/29/2021 10:15:00 AM,30,RAIN,DAYLIGHT,PARKED MOTOR VEHICLE,NOT DIVIDED,WET,INJURY AND / OR TOW DUE TO CRASH,UNABLE TO DETERMINE,3,10,NO INDICATION OF INJURY,0,0,10,6,41.9911102285,-87.7994716412
09/16/2023 04:52:00 PM,30,CLEAR,DAYLIGHT,REAR END,FOUR WAY,WET,INJURY AND / OR TOW DUE TO CRASH,FOLLOWING TOO CLOSELY,2,9,NO INDICATION OF INJURY,0,0,16,7,41.7512240943,-87.6148969613
04/29/2026 05:00:00 PM,30,CLEAR,DAYLIGHT,SIDESWIPE SAME DIRECTION,NOT DIVIDED,DRY,NO INJURY / DRIVE AWAY,IMPROPER OVERTAKING/PASSING,2,4,NO INDICATION OF INJURY,0,0,17,4,41.8691715487,-87.6253737928
07/05/2023 02:40:00 AM,30,CLEAR,"DARKNESS, LIGHTED ROAD",PARKED MOTOR VEHICLE,NOT DIVIDED,DRY,INJURY AND / OR TOW DUE TO CRASH,UNABLE TO DETERMINE,3,7,NO INDICATION OF INJURY,0,0,2,4,41.7559025714,-87.650181003