CRASH_DATE,POSTED_SPEED_LIMIT,WEATHER_CONDITION,LIGHTING_CONDITION,FIRST_CRASH_TYPE,TRAFFICWAY_TYPE,ROADWAY_SURFACE_COND,CRASH_TYPE,PRIM_CONTRIBUTORY_CAUSE,NUM_UNITS,CRASH_MONTH,MOST_SEVERE_INJURY,INJURIES_TOTAL,INJURIES_FATAL,CRASH_HOUR,CRASH_DAY_OF_WEEK,LATITUDE,LONGITUDE
12/12/2025 09:55:00 AM,30,CLEAR,DAYLIGHT,SIDESWIPE SAME DIRECTION,ONE-WAY,DRY,NO INJURY / DRIVE AWAY,DRIVING SKILLS/KNOWLEDGE/EXPERIENCE,2,12,NO INDICATION OF INJURY,0,0,9,6,41.7572207366,-87.5862436209
10/15/2025 03:44:00 PM,30,CLEAR,DAYLIGHT,REAR END,DIVIDED - W/MEDIAN (NOT RAISED),DRY,INJURY AND / OR TOW DUE TO CRASH,UNABLE TO DETERMINE,2,10,"REPORTED, NOT EVIDENT",1,0,15,4,41.9403529076,-87.6388491749
06/27/2021 03:35:00 AM,15,CLEAR,"DARKNESS, LIGHTED ROAD",PARKED MOTOR VEHICLE,NOT REPORTED,DRY,INJURY AND / OR TOW DUE TO CRASH,DISTRACTION - FROM INSIDE VEHICLE,2,6,NO INDICATION OF INJURY,0,0,3,1,41.7808118058,-87.6945978769
01/19/2024 12:30:00 PM,30,CLEAR,DAYLIGHT,SIDESWIPE SAME DIRECTION,NOT DIVIDED,WET,NO INJURY / DRIVE AWAY,IMPROPER OVERTAKING/PASSING,2,1,NO INDICATION OF INJURY,0,0,12,6,41.9887703328,-87.6687004234
02/19/2022 03:43:00 PM,30,SNOW,DAYLIGHT,PARKED MOTOR VEHICLE,ALLEY,SNOW OR SLUSH,NO INJURY / DRIVE AWAY,UNABLE TO DETERMINE,2,2,NO INDICATION OF INJURY,0,0,15,7,41.8421974076,-87.6319302727
07/01/2022 10:10:00 AM,20,CLEAR,DAYLIGHT,OTHER OBJECT,FOUR WAY,DRY,NO INJURY / DRIVE AWAY,IMPROPER LANE USAGE,1,7,NO INDICATION OF INJURY,0,0,10,6,41.9616588731,-87.6723416086
05/15/2023 08:32:00 AM,30,CLEAR,DAYLIGHT,PEDESTRIAN,FOUR WAY,DRY,INJURY AND / OR TOW DUE TO CRASH,FAILING TO YIELD RIGHT-OF-WAY,2,5,NONINCAPACITATING INJURY,1,0,8,2,41.7652154201,-87.6372553783
03/28/2025 07:44:00 AM,30,RAIN,DAYLIGHT,REAR END,NOT DIVIDED,WET,NO INJURY / DRIVE AWAY,WEATHER,2,3,NO INDICATION OF INJURY,0,0,7,6,41.9379516623,-87.8022811243
04/17/2025 02:55:00 PM,15,CLOUDY/OVERCAST,DAYLIGHT,ANGLE,ALLEY,DRY,NO INJURY / DRIVE AWAY,FAILING TO YIELD RIGHT-OF-WAY,2,4,NO INDICATION OF INJURY,0,0,14,5,41.9372160344,-87.6420249113
01/14/2021 12:30:00 PM,15,CLEAR,DAYLIGHT,REAR END,DRIVEWAY,DRY,NO INJURY / DRIVE AWAY,UNABLE TO DETERMINE,2,1,NO INDICATION OF INJURY,0,0,12,5,41.8516545452,-87.7053126941
12/09/2025 02:26:00 PM,30,CLEAR,DAYLIGHT,TURNING,TRAFFIC ROUTE,DRY,NO INJURY / DRIVE AWAY,FAILING TO YIELD RIGHT-OF-WAY,2,12,NO INDICATION OF INJURY,0,0,14,3,42.011772472,-87.7089195354
02/23/2026 08:30:00 PM,30,CLEAR,"DARKNESS, LIGHTED ROAD",TURNING,NOT DIVIDED,DRY,NO INJURY / DRIVE AWAY,FAILING TO YIELD RIGHT-OF-WAY,2,2,NO INDICATION OF INJURY,0,0,20,2,41.7215154513,-87.6245665936
09/22/2022 02:15:00 PM,10,CLEAR,DAYLIGHT,OTHER OBJECT,OTHER,UNKNOWN,NO INJURY / DRIVE AWAY,UNABLE TO DETERMINE,1,9,NO INDICATION OF INJURY,0,0,14,5,41.8017950042,-87.6162909479
02/03/2024 04:30:00 PM,20,CLEAR,DUSK,SIDESWIPE SAME DIRECTION,NOT DIVIDED,DRY,NO INJURY / DRIVE AWAY,IMPROPER OVERTAKING/PASSING,2,2,NO INDICATION OF INJURY,0,0,16,7,41.9025545859,-87.7362946057
02/14/2021 09:30:00 AM,30,UNKNOWN,UNKNOWN,REAR END,NOT DIVIDED,UNKNOWN,NO INJURY / DRIVE AWAY,UNABLE TO DETERMINE,2,2,NO INDICATION OF INJURY,0,0,9,1,41.7983099784,-87.7430622326
12/05/2025 11:45:00 PM,30,CLOUDY/OVERCAST,"DARKNESS, LIGHTED ROAD",ANGLE,NOT DIVIDED,DRY,NO INJURY / DRIVE AWAY,UNABLE TO DETERMINE,2,12,NO INDICATION OF INJURY,0,0,23,6,41.948987377,-87.8072841836
05/09/2025 05:40:00 PM,30,CLEAR,DAYLIGHT,REAR END,NOT DIVIDED,DRY,NO INJURY / DRIVE AWAY,UNABLE TO DETERMINE,2,5,NO INDICATION OF INJURY,0,0,17,6,41.9900118918,-87.7478452961
01/06/2023 02:50:00 AM,30,CLEAR,"DARKNESS, LIGHTED ROAD",SIDESWIPE OPPOSITE DIRECTION,NOT DIVIDED,WET,NO INJURY / DRIVE AWAY,UNABLE TO DETERMINE,2,1,NO INDICATION OF INJURY,0,0,2,6,41.7109046193,-87.6115731876
01/14/2021 02:30:00 PM,30,UNKNOWN,UNKNOWN,PARKED MOTOR VEHICLE,OTHER,UNKNOWN,NO INJURY / DRIVE AWAY,UNABLE TO DETERMINE,2,1,NO INDICATION OF INJURY,0,0,14,5,41.865255922,-87.7146620162
04/16/2021 05:39:00 PM,30,CLEAR,DAYLIGHT,PARKED MOTOR VEHICLE,ALLEY,DRY,INJURY AND / OR TOW DUE TO CRASH,UNABLE TO DETERMINE,2,4,NO INDICATION OF INJURY,0,0,17,6,41.8979240921,-87.7247899271
07/06/2023 06:15:00 PM,35,UNKNOWN,UNKNOWN,REAR TO FRONT,NOT DIVIDED,UNKNOWN,NO INJURY / DRIVE AWAY,IMPROPER BACKING,2,7,NO INDICATION OF INJURY,0,0,18,5,41.8529978327,-87.6221944794
06/01/2024 01:38:00 PM,30,CLEAR,DAYLIGHT,FIXED OBJECT,FOUR WAY,DRY,INJURY AND / OR TOW DUE TO CRASH,DRIVING SKILLS/KNOWLEDGE/EXPERIENCE,1,6,NO INDICATION OF INJURY,0,0,13,7,41.8146469139,-87.6228333179
02/23/2026 05:00:00 PM,25,CLEAR,DAWN,TURNING,FOUR WAY,DRY,NO INJURY / DRIVE AWAY,FAILING TO YIELD RIGHT-OF-WAY,2,2,NO INDICATION OF INJURY,0,0,17,2,41.7728093181,-87.6298197873
06/26/2021 10:30:00 AM,30,RAIN,"DARKNESS, LIGHTED ROAD",FIXED OBJECT,DIVIDED - W/MEDIAN (NOT RAISED),WET,NO INJURY / DRIVE AWAY,UNABLE TO DETERMINE,1,6,NO INDICATION OF INJURY,0,0,10,7,41.6603924284,-87.5922242652
02/27/2022 01:30:00 PM,30,CLEAR,DAYLIGHT,REAR END,ONE-WAY,DRY,NO INJURY / DRIVE AWAY,FOLLOWING TOO CLOSELY,2,2,NO INDICATION OF INJURY,0,0,13,1,41.7873283563,-87.6319368591
09/17/2024 06:52:00 PM,30,CLEAR,DAYLIGHT,ANGLE,OTHER,DRY,NO INJURY / DRIVE AWAY,DRIVING ON WRONG SIDE/WRONG WAY,2,9,NO INDICATION OF INJURY,0,0,18,3,41.7805521526,-87.5847433035
11/01/2021 03:50:00 PM,30,CLEAR,DAYLIGHT,PARKED MOTOR VEHICLE,ONE-WAY,DRY,NO INJURY / DRIVE AWAY,UNABLE TO DETERMINE,2,11,NO INDICATION OF INJURY,0,0,15,2,41.7053890625,-87.6028958142
01/29/2024 12:55:00 PM,20,CLEAR,DAYLIGHT,PARKED MOTOR VEHICLE,ONE-WAY,DRY,INJURY AND / OR TOW DUE TO CRASH,UNABLE TO DETERMINE,2,1,NO INDICATION OF INJURY,0,0,12,2,41.9900408324,-87.6685669018
08/26/2025 06:21:00 PM,25,CLEAR,DAYLIGHT,ANGLE,UNKNOWN INTERSECTION TYPE,UNKNOWN,INJURY AND / OR TOW DUE TO CRASH,DISTRACTION - FROM OUTSIDE VEHICLE,2,8,NO INDICATION OF INJURY,0,0,18,3,41.8844077316,-87.65368149
03/11/2024 07:05:00 AM,30,CLEAR,DAYLIGHT,TURNING,NOT DIVIDED,DRY,NO INJURY / DRIVE AWAY,IMPROPER TURNING/NO SIGNAL,2,3,NO INDICATION OF INJURY,0,0,7,2,41.9537005477,-87.761945139
05/06/2024 05:14:00 PM,30,CLEAR,DAYLIGHT,PARKED MOTOR VEHICLE,NOT DIVIDED,DRY,INJURY AND / OR TOW DUE TO CRASH,EQUIPMENT - VEHICLE CONDITION,2,5,NONINCAPACITATING INJURY,1,0,17,2,41.9385144357,-87.7795219262
02/06/2025 02:15:00 AM,30,FREEZING RAIN/DRIZZLE,"DARKNESS, LIGHTED ROAD",PARKED MOTOR VEHICLE,NOT DIVIDED,ICE,INJURY AND / OR TOW DUE TO CRASH,WEATHER,2,2,NO INDICATION OF INJURY,0,0,2,5,41.6602771921,-87.6399773634
12/12/2025 12:45:00 PM,30,CLEAR,DAYLIGHT,REAR END,DIVIDED - W/MEDIAN BARRIER,ICE,NO INJURY / DRIVE AWAY,WEATHER,2,12,NO INDICATION OF INJURY,0,0,12,6,41.7278770654,-87.6821310319
07/20/2023 06:30:00 PM,30,CLEAR,DAYLIGHT,REAR END,NOT DIVIDED,DRY,NO INJURY / DRIVE AWAY,FOLLOWING TOO CLOSELY,2,7,NO INDICATION OF INJURY,0,0,18,5,41.8958510411,-87.6869689347
10/24/2021 10:55:00 AM,30,CLEAR,DAYLIGHT,REAR END,NOT DIVIDED,DRY,NO INJURY / DRIVE AWAY,UNABLE TO DETERMINE,2,10,NO INDICATION OF INJURY,0,0,10,1,41.9179129867,-87.6752506217
07/23/2022 05:05:00 PM,30,CLEAR,DAYLIGHT,TURNING,DIVIDED - W/MEDIAN BARRIER,DRY,NO INJURY / DRIVE AWAY,IMPROPER TURNING/NO SIGNAL,2,7,NO INDICATION OF INJURY,0,0,17,7,41.8676234285,-87.6203323993
08/24/2024 11:50:00 PM,30,CLEAR,"DARKNESS, LIGHTED ROAD",REAR END,DIVIDED - W/MEDIAN (NOT RAISED),DRY,NO INJURY / DRIVE AWAY,CELL PHONE USE OTHER THAN TEXTING,2,8,NO INDICATION OF INJURY,0,0,23,7,41.707125941,-87.6560440183
06/29/2022 05:20:00 AM,30,CLEAR,DAWN,TURNING,NOT REPORTED,DRY,NO INJURY / DRIVE AWAY,IMPROPER OVERTAKING/PASSING,2,6,NO INDICATION OF INJURY,0,0,5,4,41.855953459,-87.6438923204
09/12/2023 07:30:00 AM,20,CLEAR,DAYLIGHT,FIXED OBJECT,DIVIDED - W/MEDIAN BARRIER,DRY,NO INJURY / DRIVE AWAY,UNABLE TO DETERMINE,1,9,NO INDICATION OF INJURY,0,0,7,3,41.9076323176,-87.7508740137
10/07/2023 03:00:00 PM,15,CLEAR,DAYLIGHT,PEDALCYCLIST,ONE-WAY,DRY,NO INJURY / DRIVE AWAY,UNABLE TO DETERMINE,2,10,NO INDICATION OF INJURY,0,0,15,7,41.974823605,-87.7382316327
06/22/2021 08:45:00 AM,5,UNKNOWN,UNKNOWN,REAR TO SIDE,OTHER,UNKNOWN,NO INJURY / DRIVE AWAY,FAILING TO YIELD RIGHT-OF-WAY,2,6,NO INDICATION OF INJURY,0,0,8,3,41.8880794261,-87.6240473698
11/23/2024 07:30:00 PM,30,UNKNOWN,UNKNOWN,REAR END,DIVIDED - W/MEDIAN (NOT RAISED),UNKNOWN,NO INJURY / DRIVE AWAY,UNABLE TO DETERMINE,3,11,NO INDICATION OF INJURY,0,0,19,7,41.7727038608,-87.7419498693
03/31/2025 10:16:00 PM,30,CLEAR,"DARKNESS, LIGHTED ROAD",TURNING,NOT DIVIDED,DRY,NO INJURY / DRIVE AWAY,UNABLE TO DETERMINE,2,3,NO INDICATION OF INJURY,0,0,22,2,41.765547979,-87.628019283
03/30/2021 04:07:00 PM,30,CLEAR,DAYLIGHT,TURNING,FOUR WAY,DRY,INJURY AND / OR TOW DUE TO CRASH,FAILING TO YIELD RIGHT-OF-WAY,2,3,"REPORTED, NOT EVIDENT",1,0,16,3,41.8141813515,-87.7040667556
11/03/2021 08:45:00 AM,30,CLEAR,DAYLIGHT,PEDALCYCLIST,FOUR WAY,DRY,NO INJURY / DRIVE AWAY,FAILING TO YIELD RIGHT-OF-WAY,2,11,NO INDICATION OF INJURY,0,0,8,4,41.9625482768,-87.760061109
09/03/2021 01:30:00 PM,30,CLOUDY/OVERCAST,DAYLIGHT,ANGLE,DIVIDED - W/MEDIAN BARRIER,WET,NO INJURY / DRIVE AWAY,FAILING TO YIELD RIGHT-OF-WAY,2,9,NO INDICATION OF INJURY,0,0,13,6,41.7492888381,-87.7400953795
09/22/2023 11:45:00 PM,30,CLEAR,"DARKNESS, LIGHTED ROAD",TURNING,Y-INTERSECTION,DRY,NO INJURY / DRIVE AWAY,IMPROPER TURNING/NO SIGNAL,2,9,NO INDICATION OF INJURY,0,0,23,6,41.7662218699,-87.5662892068
04/20/2026 11:42:00 PM,10,CLEAR,"DARKNESS, LIGHTED ROAD",ANGLE,PARKING LOT,DRY,NO INJURY / DRIVE AWAY,IMPROPER BACKING,2,4,NO INDICATION OF INJURY,0,0,23,2,41.7025886835,-87.6813506227
01/23/2022 02:25:00 AM,30,SNOW,"DARKNESS, LIGHTED ROAD",FIXED OBJECT,NOT DIVIDED,SNOW OR SLUSH,INJURY AND / OR TOW DUE TO CRASH,UNABLE TO DETERMINE,1,1,NO INDICATION OF INJURY,0,0,2,1,41.8774361092,-87.7059533768
06/25/2022 11:16:00 PM,30,CLEAR,"DARKNESS, LIGHTED ROAD",PARKED MOTOR VEHICLE,ALLEY,DRY,NO INJURY / DRIVE AWAY,UNABLE TO DETERMINE,3,6,NO INDICATION OF INJURY,0,0,23,7,41.9176786455,-87.7462902166
05/10/2023 09:05:00 AM,30,CLEAR,DAYLIGHT,ANGLE,NOT DIVIDED,WET,NO INJURY / DRIVE AWAY,UNABLE TO DETERMINE,2,5,NO INDICATION OF INJURY,0,0,9,4,41.8906835149,-87.6841017138
07/28/2023 09:40:00 AM,30,CLEAR,DAYLIGHT,SIDESWIPE SAME DIRECTION,NOT DIVIDED,DRY,NO INJURY / DRIVE AWAY,UNABLE TO DETERMINE,2,7,NO INDICATION OF INJURY,0,0,9,6,41.9303015913,-87.6429344437
05/16/2024 08:00:00 PM,30,CLEAR,DUSK,PEDALCYCLIST,NOT DIVIDED,DRY,INJURY AND / OR TOW DUE TO CRASH,IMPROPER OVERTAKING/PASSING,2,5,NONINCAPACITATING INJURY,1,0,20,5,41.8042964331,-87.7236292665
06/25/2021 06:59:00 AM,30,RAIN,DAWN,REAR END,NOT DIVIDED,WET,INJURY AND / OR TOW DUE TO CRASH,FOLLOWING TOO CLOSELY,2,6,"REPORTED, NOT EVIDENT",1,0,6,6,41.9685741319,-87.6840993165
05/17/2023 07:00:00 AM,30,CLEAR,DAYLIGHT,PARKED MOTOR VEHICLE,FOUR WAY,DRY,INJURY AND / OR TOW DUE TO CRASH,UNABLE TO DETERMINE,2,5,"REPORTED, NOT EVIDENT",1,0,7,4,41.8733455392,-87.7245095831
05/14/2021 04:43:00 PM,30,CLEAR,DAYLIGHT,SIDESWIPE SAME DIRECTION,NOT DIVIDED,DRY,NO INJURY / DRIVE AWAY,IMPROPER OVERTAKING/PASSING,2,5,NO INDICATION OF INJURY,0,0,16,6,41.8924450146,-87.6242380264
12/11/2024 05:47:00 PM,30,CLEAR,DAYLIGHT,SIDESWIPE SAME DIRECTION,UNKNOWN,DRY,NO INJURY / DRIVE AWAY,UNABLE TO DETERMINE,2,12,NO INDICATION OF INJURY,0,0,17,4,41.8163945337,-87.6313400898
06/04/2024 10:55:00 AM,30,CLEAR,DAYLIGHT,PARKED MOTOR VEHICLE,NOT DIVIDED,DRY,NO INJURY / DRIVE AWAY,UNABLE TO DETERMINE,2,6,NO INDICATION OF INJURY,0,0,10,3,42.0141027798,-87.6790602518
04/05/2023 12:15:00 PM,30,CLEAR,DAYLIGHT,ANGLE,NOT DIVIDED,DRY,NO INJURY / DRIVE AWAY,NOT APPLICABLE,2,4,NO INDICATION OF INJURY,0,0,12,4,41.8043259216,-87.7040126363
12/16/2023 10:29:00 PM,30,RAIN,"DARKNESS, LIGHTED ROAD",REAR END,DIVIDED - W/MEDIAN (NOT RAISED),WET,NO INJURY / DRIVE AWAY,FOLLOWING TOO CLOSELY,2,12,NO INDICATION OF INJURY,0,0,22,7,41.9146275403,-87.746161689
06/06/2024 11:00:00 PM,30,CLEAR,"DARKNESS, LIGHTED ROAD",PARKED MOTOR VEHICLE,ONE-WAY,DRY,NO INJURY / DRIVE AWAY,IMPROPER BACKING,2,6,NO INDICATION OF INJURY,0,0,23,5,41.8660016524,-87.6136255758
06/08/2021 11:50:00 AM,30,CLEAR,DAYLIGHT,SIDESWIPE SAME DIRECTION,DIVIDED - W/MEDIAN BARRIER,DRY,INJURY AND / OR TOW DUE TO CRASH,IMPROPER OVERTAKING/PASSING,2,6,NO INDICATION OF INJURY,0,0,11,3,41.8294512529,-87.6653886964
01/15/2022 05:40:00 AM,30,SNOW,DAYLIGHT,SIDESWIPE SAME DIRECTION,DIVIDED - W/MEDIAN BARRIER,SNOW OR SLUSH,NO INJURY / DRIVE AWAY,IMPROPER LANE USAGE,2,1,NO INDICATION OF INJURY,0,0,5,7,41.7946402391,-87.6321828052
08/17/2022 03:30:00 PM,30,CLEAR,DAYLIGHT,REAR END,DIVIDED - W/MEDIAN (NOT RAISED),DRY,NO INJURY / DRIVE AWAY,UNABLE TO DETERMINE,2,8,NO INDICATION OF INJURY,0,0,15,4,41.929489274,-87.6836878249
02/07/2022 04:18:00 AM,30,FREEZING RAIN/DRIZZLE,"DARKNESS, LIGHTED ROAD",REAR END,DIVIDED - W/MEDIAN (NOT RAISED),SNOW OR SLUSH,INJURY AND / OR TOW DUE TO CRASH,UNABLE TO DETERMINE,2,2,NO INDICATION OF INJURY,0,0,4,2,41.9430697894,-87.6492166092
05/29/2024 07:17:00 AM,30,CLEAR,DAYLIGHT,PARKED MOTOR VEHICLE,DIVIDED - W/MEDIAN (NOT RAISED),DRY,NO INJURY / DRIVE AWAY,UNABLE TO DETERMINE,2,5,NO INDICATION OF INJURY,0,0,7,4,41.9435083651,-87.7075941023
07/16/2025 09:45:00 AM,30,CLEAR,DAYLIGHT,PEDESTRIAN,DRIVEWAY,DRY,INJURY AND / OR TOW DUE TO CRASH,UNABLE TO DETERMINE,2,7,"REPORTED, NOT EVIDENT",1,0,9,4,41.8745990432,-87.6329706381
03/21/2026 10:54:00 PM,30,CLEAR,"DARKNESS, LIGHTED ROAD",ANGLE,NOT DIVIDED,DRY,INJURY AND / OR TOW DUE TO CRASH,FAILING TO YIELD RIGHT-OF-WAY,2,3,NO INDICATION OF INJURY,0,0,22,7,41.8445920582,-87.7075394689
03/21/2025 08:50:00 PM,30,CLEAR,"DARKNESS, LIGHTED ROAD",TURNING,FOUR WAY,UNKNOWN,NO INJURY / DRIVE AWAY,UNABLE TO DETERMINE,2,3,NO INDICATION OF INJURY,0,0,20,6,41.8770745876,-87.7354739683
12/13/2021 01:10:00 PM,30,CLEAR,DAYLIGHT,SIDESWIPE SAME DIRECTION,DIVIDED - W/MEDIAN (NOT RAISED),DRY,NO INJURY / DRIVE AWAY,DRIVING SKILLS/KNOWLEDGE/EXPERIENCE,2,12,NO INDICATION OF INJURY,0,0,13,2,41.7099536791,-87.5323805889
07/21/2022 02:45:00 PM,30,CLEAR,DAYLIGHT,SIDESWIPE SAME DIRECTION,NOT DIVIDED,DRY,NO INJURY / DRIVE AWAY,UNABLE TO DETERMINE,2,7,NO INDICATION OF INJURY,0,0,14,5,41.8982725392,-87.6372009673
04/08/2023 05:15:00 AM,30,CLEAR,"DARKNESS, LIGHTED ROAD",FIXED OBJECT,FOUR WAY,DRY,INJURY AND / OR TOW DUE TO CRASH,UNABLE TO DETERMINE,1,4,NO INDICATION OF INJURY,0,0,5,7,41.8823480796,-87.7647844746
08/09/2023 12:00:00 PM,30,CLEAR,DAYLIGHT,PARKED MOTOR VEHICLE,NOT DIVIDED,DRY,NO INJURY / DRIVE AWAY,UNABLE TO DETERMINE,2,8,NO INDICATION OF INJURY,0,0,12,4,41.7782643723,-87.6376341181
06/24/2021 03:40:00 PM,35,CLEAR,DAYLIGHT,ANGLE,DIVIDED - W/MEDIAN (NOT RAISED),DRY,NO INJURY / DRIVE AWAY,FAILING TO YIELD RIGHT-OF-WAY,2,6,NO INDICATION OF INJURY,0,0,15,5,41.8251286316,-87.6860384798
09/03/2021 05:00:00 PM,20,CLEAR,DAYLIGHT,ANGLE,T-INTERSECTION,DRY,NO INJURY / DRIVE AWAY,UNABLE TO DETERMINE,2,9,NO INDICATION OF INJURY,0,0,17,6,41.9132655752,-87.7558599219
10/11/2021 04:56:00 PM,30,RAIN,DAYLIGHT,PARKED MOTOR VEHICLE,ONE-WAY,WET,NO INJURY / DRIVE AWAY,"OPERATING VEHICLE IN ERRATIC, RECKLESS, CARELESS, NEGLIGENT OR AGGRESSIVE MANNER",2,10,NO INDICATION OF INJURY,0,0,16,2,41.8766741572,-87.7574095065
01/29/2023 03:32:00 AM,30,SNOW,DARKNESS,PARKED MOTOR VEHICLE,ONE-WAY,SNOW OR SLUSH,NO INJURY / DRIVE AWAY,UNABLE TO DETERMINE,3,1,NO INDICATION OF INJURY,0,0,3,1,41.7646770215,-87.6469706613
09/30/2024 08:40:00 PM,30,CLEAR,"DARKNESS, LIGHTED ROAD",SIDESWIPE SAME DIRECTION,FOUR WAY,DRY,NO INJURY / DRIVE AWAY,UNABLE TO DETERMINE,2,9,NO INDICATION OF INJURY,0,0,20,2,41.9291100093,-87.7072389973
06/18/2025 08:10:00 AM,25,RAIN,DAYLIGHT,ANGLE,NOT DIVIDED,WET,NO INJURY / DRIVE AWAY,FAILING TO YIELD RIGHT-OF-WAY,2,6,NO INDICATION OF INJURY,0,0,8,4,42.0075400614,-87.6861485173
12/17/2023 04:20:00 AM,30,RAIN,"DARKNESS, LIGHTED ROAD",PARKED MOTOR VEHICLE,ONE-WAY,WET,NO INJURY / DRIVE AWAY,UNABLE TO DETERMINE,3,12,NO INDICATION OF INJURY,0,0,4,1,41.7735936905,-87.7047828646
01/11/2024 06:00:00 PM,30,CLEAR,DARKNESS,PARKED MOTOR VEHICLE,NOT DIVIDED,DRY,NO INJURY / DRIVE AWAY,UNABLE TO DETERMINE,3,1,NO INDICATION OF INJURY,0,0,18,5,42.0108242996,-87.6827126208
07/17/2021 06:30:00 PM,30,CLEAR,DAYLIGHT,REAR END,NOT DIVIDED,DRY,NO INJURY / DRIVE AWAY,UNABLE TO DETERMINE,2,7,NO INDICATION OF INJURY,0,0,18,7,41.9098068895,-87.7753918797
01/18/2021 04:50:00 PM,30,CLEAR,"DARKNESS, LIGHTED ROAD",SIDESWIPE SAME DIRECTION,NOT DIVIDED,DRY,NO INJURY / DRIVE AWAY,UNABLE TO DETERMINE,2,1,NO INDICATION OF INJURY,0,0,16,2,41.7884798295,-87.6509402243
08/22/2021 02:45:00 PM,30,CLEAR,DAYLIGHT,PARKED MOTOR VEHICLE,ONE-WAY,DRY,NO INJURY / DRIVE AWAY,IMPROPER OVERTAKING/PASSING,2,8,NO INDICATION OF INJURY,0,0,14,1,41.9127643006,-87.6353787182
02/27/2023 09:20:00 PM,30,CLEAR,"DARKNESS, LIGHTED ROAD",SIDESWIPE SAME DIRECTION,NOT DIVIDED,DRY,NO INJURY / DRIVE AWAY,UNABLE TO DETERMINE,2,2,NO INDICATION OF INJURY,0,0,21,2,41.9816912949,-87.7730606933
06/11/2025 12:50:00 PM,30,CLOUDY/OVERCAST,DAYLIGHT,REAR TO FRONT,DIVIDED - W/MEDIAN (NOT RAISED),DRY,NO INJURY / DRIVE AWAY,UNABLE TO DETERMINE,2,6,NO INDICATION OF INJURY,0,0,12,4,41.7806767234,-87.5914711247
04/19/2022 03:00:00 PM,30,UNKNOWN,DAYLIGHT,TURNING,DIVIDED - W/MEDIAN (NOT RAISED),UNKNOWN,NO INJURY / DRIVE AWAY,IMPROPER TURNING/NO SIGNAL,2,4,NO INDICATION OF INJURY,0,0,15,3,41.7643251656,-87.6833800341
07/31/2022 02:00:00 AM,20,CLEAR,"DARKNESS, LIGHTED ROAD",ANGLE,ONE-WAY,DRY,NO INJURY / DRIVE AWAY,UNABLE TO DETERMINE,2,7,NO INDICATION OF INJURY,0,0,2,1,41.9700947116,-87.735265202
04/29/2025 03:16:00 PM,30,CLEAR,DAYLIGHT,TURNING,FOUR WAY,DRY,INJURY AND / OR TOW DUE TO CRASH,FAILING TO YIELD RIGHT-OF-WAY,2,4,"REPORTED, NOT EVIDENT",2,0,15,3,41.9294813055,-87.7463625462
10/26/2025 10:00:00 AM,10,CLEAR,DAYLIGHT,PEDALCYCLIST,ALLEY,DRY,NO INJURY / DRIVE AWAY,UNABLE TO DETERMINE,2,10,NO INDICATION OF INJURY,0,0,10,1,41.7926177641,-87.7963273779
07/20/2021 07:54:00 AM,30,CLEAR,DAYLIGHT,PARKED MOTOR VEHICLE,NOT DIVIDED,DRY,NO INJURY / DRIVE AWAY,UNABLE TO DETERMINE,2,7,NO INDICATION OF INJURY,0,0,7,3,41.9110341881,-87.7702824168
01/09/2024 03:55:00 PM,15,SNOW,DAYLIGHT,REAR TO FRONT,DIVIDED - W/MEDIAN BARRIER,WET,NO INJURY / DRIVE AWAY,IMPROPER BACKING,2,1,NO INDICATION OF INJURY,0,0,15,3,41.7930028559,-87.7521195809
08/03/2024 04:00:00 PM,45,CLEAR,DAYLIGHT,SIDESWIPE SAME DIRECTION,DIVIDED - W/MEDIAN BARRIER,DRY,NO INJURY / DRIVE AWAY,UNABLE TO DETERMINE,2,8,NO INDICATION OF INJURY,0,0,16,7,41.8850524624,-87.6142157393
05/22/2024 08:15:00 AM,30,CLEAR,DAYLIGHT,PARKED MOTOR VEHICLE,NOT DIVIDED,DRY,NO INJURY / DRIVE AWAY,NOT APPLICABLE,2,5,NO INDICATION OF INJURY,0,0,8,4,41.7898025861,-87.7154483672
12/18/2022 12:25:00 AM,30,CLEAR,"DARKNESS, LIGHTED ROAD",TURNING,DIVIDED - W/MEDIAN BARRIER,DRY,NO INJURY / DRIVE AWAY,IMPROPER OVERTAKING/PASSING,2,12,NO INDICATION OF INJURY,0,0,0,1,41.8965617502,-87.6328554826
10/11/2024 08:51:00 AM,30,CLEAR,DAYLIGHT,PARKED MOTOR VEHICLE,ONE-WAY,DRY,NO INJURY / DRIVE AWAY,IMPROPER TURNING/NO SIGNAL,2,10,NO INDICATION OF INJURY,0,0,8,6,41.7674581912,-87.6232025272
11/08/2023 05:03:00 PM,30,RAIN,"DARKNESS, LIGHTED ROAD",REAR END,NOT DIVIDED,WET,INJURY AND / OR TOW DUE TO CRASH,FOLLOWING TOO CLOSELY,2,11,NONINCAPACITATING INJURY,1,0,17,4,41.8515211765,-87.7177666267
05/29/2023 02:12:00 AM,30,CLEAR,"DARKNESS, LIGHTED ROAD",TURNING,FOUR WAY,DRY,INJURY AND / OR TOW DUE TO CRASH,DISREGARDING TRAFFIC SIGNALS,2,5,NO INDICATION OF INJURY,0,0,2,2,41.9472022255,-87.6566877556
09/05/2023 08:52:00 PM,30,CLEAR,"DARKNESS, LIGHTED ROAD",REAR END,NOT DIVIDED,DRY,INJURY AND / OR TOW DUE TO CRASH,FAILING TO REDUCE SPEED TO AVOID CRASH,2,9,"REPORTED, NOT EVIDENT",2,0,20,3,41.8709427239,-87.7108378095