CRASH_DATE,POSTED_SPEED_LIMIT,WEATHER_CONDITION,LIGHTING_CONDITION,FIRST_CRASH_TYPE,TRAFFICWAY_TYPE,ROADWAY_SURFACE_COND,CRASH_TYPE,PRIM_CONTRIBUTORY_CAUSE,NUM_UNITS,CRASH_MONTH,MOST_SEVERE_INJURY,INJURIES_TOTAL,INJURIES_FATAL,CRASH_HOUR,CRASH_DAY_OF_WEEK,LATITUDE,LONGITUDE
10/20/2023 07:40:00 PM,25,CLEAR,DUSK,REAR END,FOUR WAY,DRY,NO INJURY / DRIVE AWAY,UNABLE TO DETERMINE,2,10,NO INDICATION OF INJURY,0,0,19,6,41.7356384439,-87.682405788
06/23/2024 05:10:00 AM,30,CLEAR,DAWN,SIDESWIPE SAME DIRECTION,T-INTERSECTION,DRY,NO INJURY / DRIVE AWAY,IMPROPER OVERTAKING/PASSING,2,6,NO INDICATION OF INJURY,0,0,5,1,41.9316782642,-87.7270974227
06/19/2021 11:22:00 AM,10,CLEAR,DAYLIGHT,FIXED OBJECT,PARKING LOT,DRY,NO INJURY / DRIVE AWAY,UNABLE TO DETERMINE,1,6,NO INDICATION OF INJURY,0,0,11,7,41.8900013352,-87.6214386883
12/04/2023 11:37:00 PM,30,CLEAR,"DARKNESS, LIGHTED ROAD",ANGLE,NOT DIVIDED,DRY,INJURY AND / OR TOW DUE TO CRASH,DISREGARDING TRAFFIC SIGNALS,2,12,NONINCAPACITATING INJURY,4,0,23,2,41.8924658311,-87.6365481813
11/13/2021 10:30:00 PM,30,RAIN,"DARKNESS, LIGHTED ROAD",PARKED MOTOR VEHICLE,ONE-WAY,WET,INJURY AND / OR TOW DUE TO CRASH,UNABLE TO DETERMINE,2,11,NO INDICATION OF INJURY,0,0,22,7,41.6924936611,-87.6874723359
08/11/2021 09:31:00 PM,30,CLEAR,"DARKNESS, LIGHTED ROAD",PARKED MOTOR VEHICLE,ONE-WAY,WET,NO INJURY / DRIVE AWAY,UNABLE TO DETERMINE,2,8,NO INDICATION OF INJURY,0,0,21,4,41.879577964,-87.7317263313
06/26/2025 02:00:00 PM,30,CLEAR,DAYLIGHT,ANGLE,FOUR WAY,DRY,INJURY AND / OR TOW DUE TO CRASH,DISREGARDING TRAFFIC SIGNALS,2,6,"REPORTED, NOT EVIDENT",1,0,14,5,41.7733684085,-87.5766385522
03/27/2023 10:00:00 AM,30,CLEAR,DAYLIGHT,SIDESWIPE SAME DIRECTION,NOT DIVIDED,DRY,NO INJURY / DRIVE AWAY,UNABLE TO DETERMINE,2,3,NO INDICATION OF INJURY,0,0,10,2,41.8376223442,-87.6658871805
04/07/2021 09:00:00 AM,20,CLEAR,DAYLIGHT,PARKED MOTOR VEHICLE,NOT DIVIDED,DRY,INJURY AND / OR TOW DUE TO CRASH,UNABLE TO DETERMINE,2,4,NO INDICATION OF INJURY,0,0,9,4,41.7430678321,-87.6938156149
12/24/2024 04:30:00 PM,30,CLOUDY/OVERCAST,DAYLIGHT,SIDESWIPE SAME DIRECTION,NOT DIVIDED,DRY,NO INJURY / DRIVE AWAY,NOT APPLICABLE,2,12,NO INDICATION OF INJURY,0,0,16,3,41.7929068206,-87.7429323803
08/05/2021 06:15:00 PM,30,CLEAR,DAYLIGHT,PARKED MOTOR VEHICLE,ONE-WAY,DRY,NO INJURY / DRIVE AWAY,UNABLE TO DETERMINE,2,8,NO INDICATION OF INJURY,0,0,18,5,41.7475275353,-87.604189342
11/23/2022 02:50:00 PM,30,CLEAR,DAYLIGHT,REAR TO FRONT,DIVIDED - W/MEDIAN (NOT RAISED),DRY,NO INJURY / DRIVE AWAY,IMPROPER BACKING,2,11,NO INDICATION OF INJURY,0,0,14,4,41.7513397046,-87.5856322657
05/21/2021 07:05:00 PM,25,CLEAR,DARKNESS,REAR END,NOT DIVIDED,DRY,NO INJURY / DRIVE AWAY,FOLLOWING TOO CLOSELY,2,5,NO INDICATION OF INJURY,0,0,19,6,41.8102409906,-87.6126888159
04/30/2023 03:00:00 PM,30,RAIN,DAYLIGHT,TURNING,FOUR WAY,WET,NO INJURY / DRIVE AWAY,FAILING TO YIELD RIGHT-OF-WAY,2,4,NO INDICATION OF INJURY,0,0,15,1,41.8371326714,-87.7049671148
09/15/2021 10:30:00 PM,30,CLEAR,"DARKNESS, LIGHTED ROAD",TURNING,FOUR WAY,DRY,INJURY AND / OR TOW DUE TO CRASH,UNABLE TO DETERMINE,2,9,NONINCAPACITATING INJURY,2,0,22,4,41.75335698,-87.7026425505
10/02/2023 03:40:00 PM,25,CLEAR,DAYLIGHT,REAR TO FRONT,ONE-WAY,DRY,NO INJURY / DRIVE AWAY,UNABLE TO DETERMINE,2,10,NO INDICATION OF INJURY,0,0,15,2,41.9229890828,-87.6396385745
12/13/2024 01:32:00 PM,30,CLEAR,DAYLIGHT,ANGLE,FOUR WAY,UNKNOWN,INJURY AND / OR TOW DUE TO CRASH,UNABLE TO DETERMINE,2,12,NONINCAPACITATING INJURY,1,0,13,6,41.8225767875,-87.7045975728
02/26/2022 08:35:00 AM,30,CLEAR,DAYLIGHT,HEAD ON,NOT DIVIDED,SNOW OR SLUSH,INJURY AND / OR TOW DUE TO CRASH,IMPROPER LANE USAGE,3,2,NO INDICATION OF INJURY,0,0,8,7,41.9215028143,-87.8060282303
10/30/2021 03:19:00 AM,30,RAIN,DAYLIGHT,FIXED OBJECT,NOT DIVIDED,WET,INJURY AND / OR TOW DUE TO CRASH,WEATHER,1,10,NO INDICATION OF INJURY,0,0,3,7,41.735843634,-87.6520652227
06/15/2025 07:30:00 PM,30,CLEAR,DAYLIGHT,SIDESWIPE SAME DIRECTION,NOT DIVIDED,UNKNOWN,NO INJURY / DRIVE AWAY,UNABLE TO DETERMINE,2,6,NO INDICATION OF INJURY,0,0,19,1,41.8931740603,-87.6566780921
09/03/2025 10:45:00 PM,30,CLEAR,"DARKNESS, LIGHTED ROAD",PARKED MOTOR VEHICLE,NOT DIVIDED,DRY,INJURY AND / OR TOW DUE TO CRASH,UNABLE TO DETERMINE,2,9,NO INDICATION OF INJURY,0,0,22,4,41.7621211958,-87.6603474472
12/23/2025 01:15:00 PM,30,UNKNOWN,UNKNOWN,PARKED MOTOR VEHICLE,PARKING LOT,UNKNOWN,NO INJURY / DRIVE AWAY,UNABLE TO DETERMINE,2,12,NO INDICATION OF INJURY,0,0,13,3,41.8810693742,-87.6853075527
12/05/2024 08:58:00 AM,30,CLEAR,DAYLIGHT,TURNING,NOT DIVIDED,DRY,INJURY AND / OR TOW DUE TO CRASH,IMPROPER OVERTAKING/PASSING,2,12,NO INDICATION OF INJURY,0,0,8,5,41.951299006,-87.6497334193
09/21/2022 02:00:00 PM,30,CLEAR,DAYLIGHT,ANGLE,ONE-WAY,DRY,NO INJURY / DRIVE AWAY,UNABLE TO DETERMINE,2,9,NO INDICATION OF INJURY,0,0,14,4,41.8843795559,-87.6282066898
01/28/2025 01:53:00 PM,30,CLEAR,DAYLIGHT,SIDESWIPE SAME DIRECTION,NOT DIVIDED,DRY,INJURY AND / OR TOW DUE TO CRASH,DRIVING SKILLS/KNOWLEDGE/EXPERIENCE,2,1,"REPORTED, NOT EVIDENT",1,0,13,3,41.8946769045,-87.7699322206
02/22/2023 07:00:00 AM,10,CLEAR,DAYLIGHT,PARKED MOTOR VEHICLE,PARKING LOT,DRY,NO INJURY / DRIVE AWAY,UNABLE TO DETERMINE,2,2,NO INDICATION OF INJURY,0,0,7,4,41.8233061153,-87.6614933144
08/01/2025 06:50:00 AM,35,CLEAR,DAYLIGHT,TURNING,DIVIDED - W/MEDIAN (NOT RAISED),DRY,INJURY AND / OR TOW DUE TO CRASH,FAILING TO YIELD RIGHT-OF-WAY,2,8,NO INDICATION OF INJURY,0,0,6,6,41.9023782288,-87.737516848
06/14/2021 12:45:00 PM,30,CLEAR,DAYLIGHT,PARKED MOTOR VEHICLE,NOT DIVIDED,DRY,NO INJURY / DRIVE AWAY,UNABLE TO DETERMINE,2,6,NO INDICATION OF INJURY,0,0,12,2,41.9268587462,-87.7610235422
06/12/2025 10:12:00 AM,30,CLEAR,DAYLIGHT,REAR END,NOT DIVIDED,DRY,NO INJURY / DRIVE AWAY,UNABLE TO DETERMINE,2,6,NO INDICATION OF INJURY,0,0,10,5,41.9186567209,-87.7658432801
03/15/2024 12:52:00 AM,30,CLEAR,"DARKNESS, LIGHTED ROAD",ANGLE,OTHER,DRY,NO INJURY / DRIVE AWAY,UNDER THE INFLUENCE OF ALCOHOL/DRUGS (USE WHEN ARREST IS EFFECTED),2,3,NO INDICATION OF INJURY,0,0,0,6,41.8842303838,-87.6513430537
08/31/2025 10:43:00 PM,30,CLEAR,"DARKNESS, LIGHTED ROAD",SIDESWIPE SAME DIRECTION,NOT DIVIDED,DRY,NO INJURY / DRIVE AWAY,UNABLE TO DETERMINE,2,8,NO INDICATION OF INJURY,0,0,22,1,41.8376223442,-87.6658871805
10/11/2024 07:34:00 AM,30,CLEAR,DAYLIGHT,REAR END,DIVIDED - W/MEDIAN BARRIER,DRY,NO INJURY / DRIVE AWAY,FOLLOWING TOO CLOSELY,2,10,NO INDICATION OF INJURY,0,0,7,6,41.9484922672,-87.8364122163
02/25/2021 01:45:00 PM,30,CLEAR,DAYLIGHT,PARKED MOTOR VEHICLE,DIVIDED - W/MEDIAN (NOT RAISED),DRY,NO INJURY / DRIVE AWAY,UNABLE TO DETERMINE,2,2,NO INDICATION OF INJURY,0,0,13,5,41.8723751223,-87.6395115183
12/06/2022 07:35:00 PM,25,CLEAR,"DARKNESS, LIGHTED ROAD",REAR END,NOT DIVIDED,DRY,NO INJURY / DRIVE AWAY,UNABLE TO DETERMINE,2,12,NO INDICATION OF INJURY,0,0,19,3,41.7507126205,-87.6319353288
04/06/2024 01:00:00 AM,30,CLEAR,DAWN,SIDESWIPE SAME DIRECTION,NOT DIVIDED,DRY,NO INJURY / DRIVE AWAY,FOLLOWING TOO CLOSELY,2,4,NO INDICATION OF INJURY,0,0,1,7,41.8998219477,-87.7114386571
11/22/2024 07:31:00 PM,30,CLEAR,"DARKNESS, LIGHTED ROAD",SIDESWIPE SAME DIRECTION,ONE-WAY,DRY,NO INJURY / DRIVE AWAY,IMPROPER OVERTAKING/PASSING,2,11,NO INDICATION OF INJURY,0,0,19,6,41.8847678879,-87.6293213982
11/30/2024 02:44:00 PM,30,CLEAR,DAYLIGHT,TURNING,FOUR WAY,DRY,INJURY AND / OR TOW DUE TO CRASH,UNABLE TO DETERMINE,2,11,NO INDICATION OF INJURY,0,0,14,7,41.9021252838,-87.7742126566
08/18/2022 01:45:00 PM,30,CLEAR,DAYLIGHT,ANGLE,NOT DIVIDED,DRY,NO INJURY / DRIVE AWAY,DISREGARDING TRAFFIC SIGNALS,2,8,NO INDICATION OF INJURY,0,0,13,5,41.8957632411,-87.696764922
01/05/2024 01:20:00 PM,30,CLEAR,DAYLIGHT,ANGLE,NOT DIVIDED,DRY,NO INJURY / DRIVE AWAY,FAILING TO YIELD RIGHT-OF-WAY,2,1,NO INDICATION OF INJURY,0,0,13,6,41.8901430073,-87.6477542648
01/06/2025 07:07:00 PM,30,SNOW,"DARKNESS, LIGHTED ROAD",FIXED OBJECT,DIVIDED - W/MEDIAN (NOT RAISED),ICE,INJURY AND / OR TOW DUE TO CRASH,UNABLE TO DETERMINE,1,1,NO INDICATION OF INJURY,0,0,19,2,41.9111883247,-87.6396622992
10/26/2024 12:00:00 PM,30,CLEAR,DAYLIGHT,REAR END,DIVIDED - W/MEDIAN (NOT RAISED),DRY,NO INJURY / DRIVE AWAY,FAILING TO REDUCE SPEED TO AVOID CRASH,2,10,NO INDICATION OF INJURY,0,0,12,7,41.7357148046,-87.6619926628
05/06/2021 09:15:00 PM,30,CLEAR,DAYLIGHT,REAR END,NOT DIVIDED,DRY,NO INJURY / DRIVE AWAY,FOLLOWING TOO CLOSELY,2,5,NO INDICATION OF INJURY,0,0,21,5,41.7515129841,-87.5761257653
06/24/2025 03:45:00 PM,30,UNKNOWN,UNKNOWN,PARKED MOTOR VEHICLE,ALLEY,UNKNOWN,NO INJURY / DRIVE AWAY,UNABLE TO DETERMINE,2,6,NO INDICATION OF INJURY,0,0,15,3,41.9443983073,-87.6508328908
08/17/2021 11:12:00 AM,35,CLEAR,DAYLIGHT,PARKED MOTOR VEHICLE,NOT DIVIDED,DRY,NO INJURY / DRIVE AWAY,FAILING TO YIELD RIGHT-OF-WAY,2,8,NO INDICATION OF INJURY,0,0,11,3,41.8200431885,-87.622767733
09/15/2022 08:31:00 AM,10,CLEAR,DAYLIGHT,PARKED MOTOR VEHICLE,PARKING LOT,DRY,NO INJURY / DRIVE AWAY,IMPROPER BACKING,2,9,NO INDICATION OF INJURY,0,0,8,5,41.7559957905,-87.6443282389
11/03/2022 11:13:00 AM,30,CLEAR,DAYLIGHT,SIDESWIPE OPPOSITE DIRECTION,PARKING LOT,DRY,NO INJURY / DRIVE AWAY,UNABLE TO DETERMINE,2,11,NO INDICATION OF INJURY,0,0,11,5,41.6846742513,-87.6635748824
01/10/2023 08:00:00 AM,30,CLEAR,DAYLIGHT,TURNING,FOUR WAY,DRY,NO INJURY / DRIVE AWAY,IMPROPER LANE USAGE,2,1,NO INDICATION OF INJURY,0,0,8,3,41.8515945432,-87.6989346526
01/17/2022 05:20:00 PM,10,CLEAR,"DARKNESS, LIGHTED ROAD",PARKED MOTOR VEHICLE,PARKING LOT,DRY,NO INJURY / DRIVE AWAY,IMPROPER BACKING,2,1,NO INDICATION OF INJURY,0,0,17,2,41.9241316625,-87.7461587088
03/26/2025 06:00:00 PM,10,CLEAR,DUSK,PARKED MOTOR VEHICLE,ONE-WAY,DRY,INJURY AND / OR TOW DUE TO CRASH,DRIVING SKILLS/KNOWLEDGE/EXPERIENCE,2,3,NO INDICATION OF INJURY,0,0,18,4,41.7458426423,-87.5930703008
05/29/2022 07:17:00 PM,30,CLEAR,DAYLIGHT,ANGLE,NOT DIVIDED,DRY,INJURY AND / OR TOW DUE TO CRASH,UNABLE TO DETERMINE,2,5,NONINCAPACITATING INJURY,5,0,19,1,41.7868671095,-87.6496788646
09/29/2022 11:25:00 AM,30,CLEAR,DAYLIGHT,REAR END,UNKNOWN,DRY,NO INJURY / DRIVE AWAY,UNABLE TO DETERMINE,3,9,NO INDICATION OF INJURY,0,0,11,5,41.9901271357,-87.7384212714
11/21/2024 10:19:00 AM,30,SNOW,DAYLIGHT,REAR END,DIVIDED - W/MEDIAN BARRIER,SNOW OR SLUSH,NO INJURY / DRIVE AWAY,FAILING TO REDUCE SPEED TO AVOID CRASH,2,11,NO INDICATION OF INJURY,0,0,10,5,41.7499503731,-87.6828935256
06/29/2025 08:50:00 AM,35,CLEAR,DAYLIGHT,REAR END,FOUR WAY,DRY,NO INJURY / DRIVE AWAY,FOLLOWING TOO CLOSELY,2,6,NO INDICATION OF INJURY,0,0,8,1,41.8782173453,-87.6244558403
11/19/2025 05:45:00 PM,25,CLEAR,"DARKNESS, LIGHTED ROAD",TURNING,NOT DIVIDED,DRY,NO INJURY / DRIVE AWAY,UNABLE TO DETERMINE,2,11,NO INDICATION OF INJURY,0,0,17,4,41.8227493497,-87.6907525823
06/27/2024 09:30:00 AM,30,CLEAR,DAYLIGHT,REAR TO SIDE,PARKING LOT,DRY,NO INJURY / DRIVE AWAY,DRIVING SKILLS/KNOWLEDGE/EXPERIENCE,2,6,NO INDICATION OF INJURY,0,0,9,5,41.914624584,-87.752981314
05/28/2021 12:00:00 PM,30,CLEAR,DAYLIGHT,REAR END,NOT DIVIDED,DRY,NO INJURY / DRIVE AWAY,UNABLE TO DETERMINE,2,5,NO INDICATION OF INJURY,0,0,12,6,41.8163958339,-87.6264128943
05/29/2024 03:11:00 PM,30,CLEAR,DAYLIGHT,PEDESTRIAN,T-INTERSECTION,DRY,INJURY AND / OR TOW DUE TO CRASH,DISTRACTION - FROM OUTSIDE VEHICLE,2,5,NONINCAPACITATING INJURY,1,0,15,4,41.8997607935,-87.6314761334
02/01/2021 04:59:00 PM,20,CLEAR,DARKNESS,TURNING,OTHER,SNOW OR SLUSH,INJURY AND / OR TOW DUE TO CRASH,UNABLE TO DETERMINE,2,2,NO INDICATION OF INJURY,0,0,16,2,41.7356809547,-87.6630013649
08/01/2021 10:35:00 PM,35,CLEAR,"DARKNESS, LIGHTED ROAD",SIDESWIPE SAME DIRECTION,FOUR WAY,DRY,INJURY AND / OR TOW DUE TO CRASH,IMPROPER LANE USAGE,2,8,NONINCAPACITATING INJURY,1,0,22,1,41.7943209172,-87.6523921243
07/28/2025 07:08:00 PM,25,CLEAR,DAYLIGHT,PEDALCYCLIST,NOT DIVIDED,DRY,INJURY AND / OR TOW DUE TO CRASH,RELATED TO BUS STOP,2,7,NONINCAPACITATING INJURY,1,0,19,2,41.8965654034,-87.6283588301
08/09/2024 12:01:00 PM,30,CLEAR,DAYLIGHT,ANGLE,DIVIDED - W/MEDIAN (NOT RAISED),DRY,NO INJURY / DRIVE AWAY,UNABLE TO DETERMINE,2,8,NO INDICATION OF INJURY,0,0,12,6,41.7580961025,-87.6242081331
05/30/2023 05:00:00 PM,30,CLEAR,DAYLIGHT,REAR END,NOT DIVIDED,DRY,NO INJURY / DRIVE AWAY,FOLLOWING TOO CLOSELY,2,5,NO INDICATION OF INJURY,0,0,17,3,41.9420526003,-87.6977576664
09/03/2024 08:31:00 PM,30,CLEAR,DARKNESS,REAR END,NOT DIVIDED,DRY,INJURY AND / OR TOW DUE TO CRASH,FOLLOWING TOO CLOSELY,2,9,"REPORTED, NOT EVIDENT",2,0,20,3,41.9221052473,-87.7020783758
07/13/2025 11:05:00 PM,25,CLEAR,"DARKNESS, LIGHTED ROAD",PARKED MOTOR VEHICLE,PARKING LOT,DRY,NO INJURY / DRIVE AWAY,FOLLOWING TOO CLOSELY,2,7,NO INDICATION OF INJURY,0,0,23,1,41.976201139,-87.9053091251
01/10/2024 01:00:00 PM,30,CLEAR,DAYLIGHT,PARKED MOTOR VEHICLE,DIVIDED - W/MEDIAN (NOT RAISED),DRY,NO INJURY / DRIVE AWAY,IMPROPER BACKING,2,1,NO INDICATION OF INJURY,0,0,13,4,41.8020973996,-87.6938834193
03/28/2023 06:40:00 PM,30,CLEAR,DAYLIGHT,SIDESWIPE SAME DIRECTION,NOT DIVIDED,DRY,NO INJURY / DRIVE AWAY,FAILING TO YIELD RIGHT-OF-WAY,2,3,NO INDICATION OF INJURY,0,0,18,3,41.834924094,-87.6207719644
04/21/2025 05:07:00 PM,30,CLEAR,DAYLIGHT,TURNING,NOT DIVIDED,DRY,INJURY AND / OR TOW DUE TO CRASH,IMPROPER TURNING/NO SIGNAL,2,4,NO INDICATION OF INJURY,0,0,17,2,41.9468977109,-87.7620155025
05/23/2024 07:45:00 PM,30,CLEAR,DUSK,SIDESWIPE SAME DIRECTION,NOT DIVIDED,DRY,NO INJURY / DRIVE AWAY,IMPROPER OVERTAKING/PASSING,2,5,NO INDICATION OF INJURY,0,0,19,5,41.7996940835,-87.6442222383
10/23/2024 08:40:00 AM,30,CLEAR,DAYLIGHT,SIDESWIPE SAME DIRECTION,ONE-WAY,DRY,NO INJURY / DRIVE AWAY,FAILING TO YIELD RIGHT-OF-WAY,2,10,NO INDICATION OF INJURY,0,0,8,4,41.7893386418,-87.7413525626
04/15/2021 12:25:00 PM,35,CLEAR,DAYLIGHT,TURNING,FOUR WAY,DRY,INJURY AND / OR TOW DUE TO CRASH,FAILING TO YIELD RIGHT-OF-WAY,2,4,NO INDICATION OF INJURY,0,0,12,5,41.8092909105,-87.616733046
05/10/2022 12:04:00 PM,30,CLEAR,DAYLIGHT,REAR END,NOT DIVIDED,DRY,NO INJURY / DRIVE AWAY,FAILING TO REDUCE SPEED TO AVOID CRASH,2,5,NO INDICATION OF INJURY,0,0,12,3,41.8978089838,-87.7460131495
04/27/2022 06:45:00 AM,30,CLEAR,DAYLIGHT,PARKED MOTOR VEHICLE,NOT DIVIDED,DRY,INJURY AND / OR TOW DUE TO CRASH,FAILING TO REDUCE SPEED TO AVOID CRASH,3,4,NO INDICATION OF INJURY,0,0,6,4,41.8736708345,-87.6619200641
07/27/2025 01:40:00 PM,15,CLEAR,DAYLIGHT,FIXED OBJECT,ALLEY,DRY,INJURY AND / OR TOW DUE TO CRASH,"VISION OBSCURED (SIGNS, TREE LIMBS, BUILDINGS, ETC.)",1,7,NONINCAPACITATING INJURY,1,0,13,1,41.8833334766,-87.7603740765
03/05/2024 10:00:00 AM,15,CLEAR,DAYLIGHT,ANGLE,NOT DIVIDED,DRY,NO INJURY / DRIVE AWAY,UNABLE TO DETERMINE,2,3,NO INDICATION OF INJURY,0,0,10,3,41.9588967812,-87.7459530699
06/06/2025 06:37:00 PM,30,CLEAR,DAYLIGHT,TURNING,NOT DIVIDED,DRY,INJURY AND / OR TOW DUE TO CRASH,UNABLE TO DETERMINE,2,6,"REPORTED, NOT EVIDENT",1,0,18,6,41.8874691,-87.7015992115
01/22/2025 05:20:00 PM,30,CLEAR,DUSK,TURNING,FOUR WAY,DRY,INJURY AND / OR TOW DUE TO CRASH,FAILING TO YIELD RIGHT-OF-WAY,2,1,"REPORTED, NOT EVIDENT",4,0,17,4,41.9028634001,-87.7166254441
03/27/2022 02:06:00 PM,30,CLEAR,DAYLIGHT,SIDESWIPE OPPOSITE DIRECTION,ONE-WAY,DRY,NO INJURY / DRIVE AWAY,UNABLE TO DETERMINE,2,3,NO INDICATION OF INJURY,0,0,14,1,41.9416233022,-87.6809809436
09/08/2024 08:03:00 PM,15,CLEAR,DARKNESS,PEDALCYCLIST,ONE-WAY,UNKNOWN,INJURY AND / OR TOW DUE TO CRASH,UNABLE TO DETERMINE,2,9,NONINCAPACITATING INJURY,1,0,20,1,41.9435079482,-87.6492702552
11/17/2023 07:30:00 AM,30,CLEAR,DAYLIGHT,REAR END,NOT DIVIDED,DRY,INJURY AND / OR TOW DUE TO CRASH,FAILING TO YIELD RIGHT-OF-WAY,3,11,"REPORTED, NOT EVIDENT",4,0,7,6,41.8859295474,-87.7359344465
11/21/2024 06:55:00 AM,20,CLEAR,DAYLIGHT,PARKED MOTOR VEHICLE,PARKING LOT,WET,NO INJURY / DRIVE AWAY,IMPROPER BACKING,2,11,NO INDICATION OF INJURY,0,0,6,5,41.814020616,-87.6609140134
10/20/2023 07:30:00 PM,30,UNKNOWN,UNKNOWN,REAR TO FRONT,DRIVEWAY,UNKNOWN,NO INJURY / DRIVE AWAY,UNABLE TO DETERMINE,2,10,NO INDICATION OF INJURY,0,0,19,6,41.8874643966,-87.6178602311
08/20/2021 11:20:00 AM,30,CLEAR,DAYLIGHT,PARKED MOTOR VEHICLE,NOT DIVIDED,DRY,NO INJURY / DRIVE AWAY,FOLLOWING TOO CLOSELY,2,8,NO INDICATION OF INJURY,0,0,11,6,41.8521501256,-87.6845743447
06/12/2024 05:30:00 PM,30,CLEAR,DAYLIGHT,TURNING,NOT DIVIDED,DRY,INJURY AND / OR TOW DUE TO CRASH,UNABLE TO DETERMINE,2,6,NO INDICATION OF INJURY,0,0,17,4,41.6906432317,-87.6458297216
11/06/2025 07:43:00 PM,30,CLEAR,DARKNESS,PEDESTRIAN,NOT DIVIDED,DRY,NO INJURY / DRIVE AWAY,NOT APPLICABLE,2,11,NO INDICATION OF INJURY,0,0,19,5,41.9237207519,-87.7936797618
08/31/2021 10:00:00 PM,30,CLEAR,DAYLIGHT,SIDESWIPE SAME DIRECTION,DIVIDED - W/MEDIAN (NOT RAISED),DRY,NO INJURY / DRIVE AWAY,UNABLE TO DETERMINE,2,8,NO INDICATION OF INJURY,0,0,22,3,41.7008833516,-87.5597203015
05/19/2023 05:24:00 PM,20,CLEAR,DAYLIGHT,TURNING,NOT DIVIDED,DRY,INJURY AND / OR TOW DUE TO CRASH,IMPROPER OVERTAKING/PASSING,2,5,NO INDICATION OF INJURY,0,0,17,6,41.9931063188,-87.7458054418
05/15/2025 06:50:00 AM,30,CLEAR,DAYLIGHT,REAR END,NOT DIVIDED,DRY,NO INJURY / DRIVE AWAY,FOLLOWING TOO CLOSELY,2,5,NO INDICATION OF INJURY,0,0,6,5,41.9390991979,-87.717905058
03/19/2026 01:49:00 PM,30,CLEAR,DAYLIGHT,TURNING,NOT DIVIDED,DRY,INJURY AND / OR TOW DUE TO CRASH,DISREGARDING OTHER TRAFFIC SIGNS,2,3,NO INDICATION OF INJURY,0,0,13,5,41.7687356994,-87.6588398379
12/04/2025 07:50:00 PM,30,CLEAR,DAYLIGHT,PEDESTRIAN,NOT DIVIDED,SNOW OR SLUSH,NO INJURY / DRIVE AWAY,UNABLE TO DETERMINE,2,12,NO INDICATION OF INJURY,0,0,19,5,41.917793041,-87.6777697677
01/30/2021 12:15:00 PM,15,CLOUDY/OVERCAST,DAYLIGHT,PARKED MOTOR VEHICLE,PARKING LOT,SNOW OR SLUSH,NO INJURY / DRIVE AWAY,UNABLE TO DETERMINE,2,1,NO INDICATION OF INJURY,0,0,12,7,41.7073228814,-87.6203185677
06/12/2024 06:00:00 PM,15,CLEAR,DAYLIGHT,REAR END,PARKING LOT,DRY,NO INJURY / DRIVE AWAY,IMPROPER BACKING,2,6,NO INDICATION OF INJURY,0,0,18,4,41.8467666109,-87.6171757775
06/09/2023 02:30:00 AM,30,UNKNOWN,UNKNOWN,ANGLE,NOT DIVIDED,UNKNOWN,NO INJURY / DRIVE AWAY,FAILING TO YIELD RIGHT-OF-WAY,2,6,NO INDICATION OF INJURY,0,0,2,6,41.939969909,-87.706282799
01/02/2022 01:00:00 AM,25,UNKNOWN,UNKNOWN,PARKED MOTOR VEHICLE,ONE-WAY,OTHER,NO INJURY / DRIVE AWAY,UNABLE TO DETERMINE,2,1,NO INDICATION OF INJURY,0,0,1,1,41.7518064317,-87.6228701325
04/17/2023 11:28:00 AM,30,SNOW,DAYLIGHT,REAR END,DIVIDED - W/MEDIAN BARRIER,WET,NO INJURY / DRIVE AWAY,UNABLE TO DETERMINE,2,4,NO INDICATION OF INJURY,0,0,11,2,41.7795661561,-87.5748165746
02/17/2021 09:00:00 AM,30,SNOW,DAYLIGHT,PARKED MOTOR VEHICLE,DIVIDED - W/MEDIAN (NOT RAISED),SNOW OR SLUSH,NO INJURY / DRIVE AWAY,NOT APPLICABLE,2,2,NO INDICATION OF INJURY,0,0,9,4,41.6914564403,-87.7009812107
10/06/2024 02:00:00 AM,30,CLEAR,DARKNESS,PARKED MOTOR VEHICLE,NOT DIVIDED,DRY,INJURY AND / OR TOW DUE TO CRASH,UNABLE TO DETERMINE,2,10,INCAPACITATING INJURY,1,0,2,1,41.9282030671,-87.712496153
08/08/2023 04:23:00 PM,30,CLEAR,DAYLIGHT,OTHER OBJECT,NOT DIVIDED,DRY,NO INJURY / DRIVE AWAY,FAILING TO YIELD RIGHT-OF-WAY,2,8,NO INDICATION OF INJURY,0,0,16,3,41.6574138332,-87.6046233576
04/25/2023 01:54:00 PM,30,CLEAR,DAYLIGHT,REAR END,DIVIDED - W/MEDIAN (NOT RAISED),DRY,NO INJURY / DRIVE AWAY,UNABLE TO DETERMINE,2,4,NO INDICATION OF INJURY,0,0,13,3,41.7505120711,-87.6466103206
05/30/2022 02:00:00 PM,30,CLEAR,DAYLIGHT,PARKED MOTOR VEHICLE,PARKING LOT,DRY,NO INJURY / DRIVE AWAY,UNABLE TO DETERMINE,2,5,NO INDICATION OF INJURY,0,0,14,2,41.8512719093,-87.6857658657
03/22/2024 01:25:00 PM,30,CLEAR,DAYLIGHT,SIDESWIPE OPPOSITE DIRECTION,NOT DIVIDED,WET,NO INJURY / DRIVE AWAY,IMPROPER BACKING,2,3,NO INDICATION OF INJURY,0,0,13,6,41.8821729056,-87.6498565051