CRASH_DATE,POSTED_SPEED_LIMIT,WEATHER_CONDITION,LIGHTING_CONDITION,FIRST_CRASH_TYPE,TRAFFICWAY_TYPE,ROADWAY_SURFACE_COND,CRASH_TYPE,PRIM_CONTRIBUTORY_CAUSE,NUM_UNITS,CRASH_MONTH,MOST_SEVERE_INJURY,INJURIES_TOTAL,INJURIES_FATAL,CRASH_HOUR,CRASH_DAY_OF_WEEK,LATITUDE,LONGITUDE
05/18/2024 11:35:00 PM,30,CLEAR,"DARKNESS, LIGHTED ROAD",SIDESWIPE SAME DIRECTION,DIVIDED - W/MEDIAN BARRIER,DRY,NO INJURY / DRIVE AWAY,IMPROPER LANE USAGE,2,5,NO INDICATION OF INJURY,0,0,23,7,41.8973685165,-87.617584077
08/04/2024 09:30:00 PM,45,CLEAR,"DARKNESS, LIGHTED ROAD",SIDESWIPE SAME DIRECTION,DIVIDED - W/MEDIAN BARRIER,DRY,NO INJURY / DRIVE AWAY,IMPROPER OVERTAKING/PASSING,2,8,NO INDICATION OF INJURY,0,0,21,1,41.9007078859,-87.6241896414
10/24/2024 07:10:00 AM,15,CLEAR,DAYLIGHT,PARKED MOTOR VEHICLE,NOT DIVIDED,DRY,NO INJURY / DRIVE AWAY,UNABLE TO DETERMINE,2,10,NO INDICATION OF INJURY,0,0,7,5,41.9713333652,-87.6608590853
05/29/2022 12:10:00 AM,30,CLEAR,DUSK,SIDESWIPE SAME DIRECTION,NOT DIVIDED,DRY,NO INJURY / DRIVE AWAY,NOT APPLICABLE,2,5,NO INDICATION OF INJURY,0,0,0,1,41.8691459141,-87.6273190147
12/29/2021 06:10:00 AM,30,CLOUDY/OVERCAST,"DARKNESS, LIGHTED ROAD",FIXED OBJECT,DIVIDED - W/MEDIAN BARRIER,WET,INJURY AND / OR TOW DUE TO CRASH,WEATHER,1,12,NONINCAPACITATING INJURY,1,0,6,4,41.8880762663,-87.6207757007
04/18/2022 03:21:00 PM,30,CLOUDY/OVERCAST,DAYLIGHT,SIDESWIPE OPPOSITE DIRECTION,UNKNOWN,UNKNOWN,NO INJURY / DRIVE AWAY,FAILING TO YIELD RIGHT-OF-WAY,2,4,NO INDICATION OF INJURY,0,0,15,2,41.9955410914,-87.6687077974
10/13/2022 12:00:00 AM,30,CLEAR,UNKNOWN,PARKED MOTOR VEHICLE,NOT DIVIDED,DRY,NO INJURY / DRIVE AWAY,UNABLE TO DETERMINE,3,10,NO INDICATION OF INJURY,0,0,0,5,41.9955109622,-87.6997144989
11/22/2023 12:42:00 PM,30,CLEAR,DAYLIGHT,PARKED MOTOR VEHICLE,NOT DIVIDED,DRY,INJURY AND / OR TOW DUE TO CRASH,UNABLE TO DETERMINE,2,11,NO INDICATION OF INJURY,0,0,12,4,42.0083139417,-87.6619536982
04/20/2024 11:00:00 AM,30,CLEAR,DAYLIGHT,SIDESWIPE SAME DIRECTION,NOT DIVIDED,DRY,NO INJURY / DRIVE AWAY,FAILING TO YIELD RIGHT-OF-WAY,2,4,NO INDICATION OF INJURY,0,0,11,7,41.9252761196,-87.6670498008
07/26/2023 10:15:00 PM,30,CLEAR,DARKNESS,PARKED MOTOR VEHICLE,ONE-WAY,DRY,INJURY AND / OR TOW DUE TO CRASH,DRIVING ON WRONG SIDE/WRONG WAY,2,7,NO INDICATION OF INJURY,0,0,22,4,41.8593987224,-87.7300066132
08/29/2025 08:44:00 AM,30,CLEAR,DAYLIGHT,PARKED MOTOR VEHICLE,NOT DIVIDED,DRY,NO INJURY / DRIVE AWAY,FAILING TO YIELD RIGHT-OF-WAY,2,8,NO INDICATION OF INJURY,0,0,8,6,41.9090512203,-87.8012294287
10/07/2025 01:30:00 PM,30,CLEAR,DAYLIGHT,PARKED MOTOR VEHICLE,DIVIDED - W/MEDIAN BARRIER,DRY,NO INJURY / DRIVE AWAY,FAILING TO YIELD RIGHT-OF-WAY,2,10,NO INDICATION OF INJURY,0,0,13,3,41.8670190303,-87.6484553032
04/10/2023 09:50:00 PM,35,CLEAR,"DARKNESS, LIGHTED ROAD",TURNING,NOT DIVIDED,DRY,NO INJURY / DRIVE AWAY,IMPROPER OVERTAKING/PASSING,2,4,NO INDICATION OF INJURY,0,0,21,2,41.6534573982,-87.539735881
03/01/2024 11:00:00 PM,30,CLEAR,DARKNESS,PARKED MOTOR VEHICLE,ONE-WAY,UNKNOWN,INJURY AND / OR TOW DUE TO CRASH,UNABLE TO DETERMINE,2,3,NO INDICATION OF INJURY,0,0,23,6,41.6778033778,-87.6345335245
08/11/2021 04:41:00 AM,30,CLEAR,DAYLIGHT,PEDALCYCLIST,FOUR WAY,DRY,INJURY AND / OR TOW DUE TO CRASH,DISREGARDING TRAFFIC SIGNALS,2,8,"REPORTED, NOT EVIDENT",1,0,4,4,41.8901121174,-87.6326246978
02/26/2023 12:00:00 AM,30,CLEAR,"DARKNESS, LIGHTED ROAD",SIDESWIPE SAME DIRECTION,DIVIDED - W/MEDIAN (NOT RAISED),DRY,NO INJURY / DRIVE AWAY,UNABLE TO DETERMINE,2,2,NO INDICATION OF INJURY,0,0,0,1,41.7846441726,-87.8010676006
02/19/2026 03:15:00 PM,30,CLEAR,DAYLIGHT,TURNING,NOT DIVIDED,DRY,NO INJURY / DRIVE AWAY,FAILING TO YIELD RIGHT-OF-WAY,2,2,NO INDICATION OF INJURY,0,0,15,5,41.6922197589,-87.6498209933
04/25/2023 05:04:00 PM,30,CLEAR,DAYLIGHT,SIDESWIPE SAME DIRECTION,FOUR WAY,DRY,NO INJURY / DRIVE AWAY,UNABLE TO DETERMINE,2,4,NO INDICATION OF INJURY,0,0,17,3,41.8762463467,-87.6825266468
02/17/2024 05:05:00 PM,35,CLEAR,DAYLIGHT,TURNING,NOT DIVIDED,DRY,NO INJURY / DRIVE AWAY,FAILING TO YIELD RIGHT-OF-WAY,2,2,NO INDICATION OF INJURY,0,0,17,7,41.7847332001,-87.8010712637
03/28/2026 02:50:00 PM,30,CLEAR,DAYLIGHT,REAR END,DIVIDED - W/MEDIAN (NOT RAISED),DRY,INJURY AND / OR TOW DUE TO CRASH,FOLLOWING TOO CLOSELY,2,3,"REPORTED, NOT EVIDENT",3,0,14,7,41.9025605963,-87.739825766
06/02/2024 09:15:00 AM,15,CLEAR,DAYLIGHT,FIXED OBJECT,ROUNDABOUT,DRY,NO INJURY / DRIVE AWAY,DRIVING SKILLS/KNOWLEDGE/EXPERIENCE,1,6,NO INDICATION OF INJURY,0,0,9,1,41.8900013352,-87.6214386883
05/10/2023 01:44:00 AM,0,CLEAR,DARKNESS,FIXED OBJECT,OTHER,DRY,NO INJURY / DRIVE AWAY,UNABLE TO DETERMINE,1,5,NO INDICATION OF INJURY,0,0,1,4,41.6923853098,-87.6488772615
02/14/2021 04:50:00 PM,30,SNOW,"DARKNESS, LIGHTED ROAD",ANGLE,NOT DIVIDED,SNOW OR SLUSH,NO INJURY / DRIVE AWAY,UNABLE TO DETERMINE,2,2,NO INDICATION OF INJURY,0,0,16,1,41.8521420736,-87.6855182624
09/03/2025 03:45:00 PM,20,RAIN,DAYLIGHT,REAR TO FRONT,ALLEY,WET,NO INJURY / DRIVE AWAY,IMPROPER BACKING,2,9,NO INDICATION OF INJURY,0,0,15,4,41.7722954287,-87.6979473937
03/04/2023 04:15:00 PM,30,RAIN,DAYLIGHT,PARKED MOTOR VEHICLE,NOT DIVIDED,WET,NO INJURY / DRIVE AWAY,NOT APPLICABLE,2,3,NO INDICATION OF INJURY,0,0,16,7,41.8086918032,-87.6673365004
05/03/2021 12:30:00 AM,30,UNKNOWN,UNKNOWN,PARKED MOTOR VEHICLE,NOT DIVIDED,UNKNOWN,NO INJURY / DRIVE AWAY,UNABLE TO DETERMINE,2,5,NO INDICATION OF INJURY,0,0,0,2,41.8529197036,-87.6256475156
09/20/2021 05:40:00 PM,10,CLEAR,DAYLIGHT,PARKED MOTOR VEHICLE,PARKING LOT,DRY,NO INJURY / DRIVE AWAY,UNABLE TO DETERMINE,2,9,NO INDICATION OF INJURY,0,0,17,2,41.7220861466,-87.5949389694
09/09/2023 04:39:00 PM,30,CLEAR,DAYLIGHT,REAR END,NOT DIVIDED,UNKNOWN,NO INJURY / DRIVE AWAY,UNABLE TO DETERMINE,2,9,NO INDICATION OF INJURY,0,0,16,7,41.9308513152,-87.7877556546
02/03/2026 07:30:00 PM,30,CLEAR,DARKNESS,REAR END,DIVIDED - W/MEDIAN BARRIER,WET,NO INJURY / DRIVE AWAY,UNABLE TO DETERMINE,2,2,NO INDICATION OF INJURY,0,0,19,3,41.9396332943,-87.6877688536
07/18/2024 11:00:00 AM,30,CLEAR,DAYLIGHT,ANGLE,DIVIDED - W/MEDIAN (NOT RAISED),DRY,INJURY AND / OR TOW DUE TO CRASH,DISREGARDING TRAFFIC SIGNALS,2,7,NO INDICATION OF INJURY,0,0,11,5,41.8818333004,-87.7062932803
05/14/2025 12:23:00 PM,30,CLEAR,DAYLIGHT,ANGLE,FOUR WAY,DRY,INJURY AND / OR TOW DUE TO CRASH,DISREGARDING OTHER TRAFFIC SIGNS,2,5,NONINCAPACITATING INJURY,2,0,12,4,41.6761008029,-87.6419724287
07/01/2025 02:30:00 PM,30,CLEAR,DAYLIGHT,ANGLE,FOUR WAY,DRY,NO INJURY / DRIVE AWAY,FAILING TO YIELD RIGHT-OF-WAY,2,7,NO INDICATION OF INJURY,0,0,14,3,41.8588020096,-87.7372377971
02/01/2024 03:30:00 PM,30,UNKNOWN,DAYLIGHT,SIDESWIPE SAME DIRECTION,NOT DIVIDED,UNKNOWN,NO INJURY / DRIVE AWAY,IMPROPER OVERTAKING/PASSING,2,2,NO INDICATION OF INJURY,0,0,15,5,41.6913591724,-87.6424987075
05/08/2024 02:37:00 PM,30,CLEAR,DAYLIGHT,TURNING,NOT DIVIDED,DRY,NO INJURY / DRIVE AWAY,FAILING TO YIELD RIGHT-OF-WAY,2,5,NO INDICATION OF INJURY,0,0,14,4,41.8820521537,-87.7343311211
01/06/2025 01:05:00 PM,30,CLOUDY/OVERCAST,DAYLIGHT,TURNING,FOUR WAY,DRY,NO INJURY / DRIVE AWAY,IMPROPER TURNING/NO SIGNAL,2,1,NO INDICATION OF INJURY,0,0,13,2,41.7732514395,-87.605710865
03/08/2024 05:30:00 AM,30,CLEAR,DUSK,OTHER OBJECT,NOT DIVIDED,DRY,INJURY AND / OR TOW DUE TO CRASH,EQUIPMENT - VEHICLE CONDITION,1,3,NO INDICATION OF INJURY,0,0,5,6,41.9974375413,-87.764013575
12/07/2025 04:20:00 PM,30,CLOUDY/OVERCAST,DAYLIGHT,SIDESWIPE SAME DIRECTION,NOT DIVIDED,SNOW OR SLUSH,NO INJURY / DRIVE AWAY,UNABLE TO DETERMINE,2,12,NO INDICATION OF INJURY,0,0,16,1,41.8515258586,-87.7246112167
01/17/2021 05:56:00 PM,30,FREEZING RAIN/DRIZZLE,DARKNESS,SIDESWIPE SAME DIRECTION,NOT DIVIDED,WET,NO INJURY / DRIVE AWAY,IMPROPER TURNING/NO SIGNAL,2,1,NO INDICATION OF INJURY,0,0,17,1,41.9525654494,-87.7961184837
05/29/2022 12:05:00 PM,30,CLEAR,DAYLIGHT,SIDESWIPE SAME DIRECTION,DIVIDED - W/MEDIAN (NOT RAISED),DRY,INJURY AND / OR TOW DUE TO CRASH,UNABLE TO DETERMINE,2,5,NONINCAPACITATING INJURY,1,0,12,1,41.9251326309,-87.6781212114
12/04/2024 04:30:00 PM,30,CLEAR,"DARKNESS, LIGHTED ROAD",TURNING,NOT DIVIDED,UNKNOWN,NO INJURY / DRIVE AWAY,UNABLE TO DETERMINE,2,12,NO INDICATION OF INJURY,0,0,16,4,41.883171112,-87.6245440168
06/20/2021 01:15:00 AM,35,CLEAR,"DARKNESS, LIGHTED ROAD",FIXED OBJECT,DIVIDED - W/MEDIAN BARRIER,DRY,INJURY AND / OR TOW DUE TO CRASH,UNABLE TO DETERMINE,1,6,NO INDICATION OF INJURY,0,0,1,1,41.8870703663,-87.628946701
10/04/2022 12:00:00 PM,30,CLEAR,DAYLIGHT,REAR END,NOT DIVIDED,DRY,NO INJURY / DRIVE AWAY,DRIVING SKILLS/KNOWLEDGE/EXPERIENCE,2,10,NO INDICATION OF INJURY,0,0,12,3,41.7938381768,-87.7753051102
07/03/2021 02:00:00 PM,10,CLEAR,DAYLIGHT,TURNING,PARKING LOT,DRY,NO INJURY / DRIVE AWAY,UNABLE TO DETERMINE,2,7,NO INDICATION OF INJURY,0,0,14,7,41.7357448514,-87.6587177057
07/04/2025 05:00:00 PM,30,CLEAR,DAYLIGHT,PARKED MOTOR VEHICLE,ONE-WAY,DRY,NO INJURY / DRIVE AWAY,FOLLOWING TOO CLOSELY,2,7,NO INDICATION OF INJURY,0,0,17,6,41.7336689999,-87.6134273409
11/01/2024 04:35:00 PM,30,CLEAR,DAYLIGHT,REAR END,FOUR WAY,DRY,NO INJURY / DRIVE AWAY,UNABLE TO DETERMINE,2,11,NO INDICATION OF INJURY,0,0,16,6,41.8303188139,-87.6800181049
03/26/2025 07:30:00 PM,30,CLEAR,"DARKNESS, LIGHTED ROAD",REAR END,FOUR WAY,DRY,INJURY AND / OR TOW DUE TO CRASH,UNABLE TO DETERMINE,3,3,NONINCAPACITATING INJURY,1,0,19,4,41.8955006376,-87.721342688
12/24/2022 12:20:00 AM,30,SNOW,"DARKNESS, LIGHTED ROAD",PARKED MOTOR VEHICLE,DIVIDED - W/MEDIAN (NOT RAISED),SNOW OR SLUSH,INJURY AND / OR TOW DUE TO CRASH,UNABLE TO DETERMINE,3,12,NO INDICATION OF INJURY,0,0,0,7,41.905159615,-87.7116048039
10/29/2021 01:30:00 PM,35,RAIN,DAYLIGHT,REAR END,NOT DIVIDED,WET,NO INJURY / DRIVE AWAY,FOLLOWING TOO CLOSELY,2,10,NO INDICATION OF INJURY,0,0,13,6,41.9405788606,-87.8363535479
06/07/2024 02:01:00 PM,30,CLEAR,DAYLIGHT,TURNING,TRAFFIC ROUTE,DRY,INJURY AND / OR TOW DUE TO CRASH,FAILING TO YIELD RIGHT-OF-WAY,2,6,NO INDICATION OF INJURY,0,0,14,6,41.8816201865,-87.7157005778
12/20/2021 12:50:00 PM,30,CLEAR,DAYLIGHT,PARKED MOTOR VEHICLE,NOT DIVIDED,DRY,NO INJURY / DRIVE AWAY,IMPROPER BACKING,2,12,NO INDICATION OF INJURY,0,0,12,2,41.9578052521,-87.7253733191
06/13/2022 12:50:00 PM,15,CLEAR,DAYLIGHT,SIDESWIPE SAME DIRECTION,RAMP,DRY,NO INJURY / DRIVE AWAY,UNABLE TO DETERMINE,2,6,NO INDICATION OF INJURY,0,0,12,2,41.8596484202,-87.6206605387
08/25/2025 08:00:00 PM,30,CLEAR,DAYLIGHT,SIDESWIPE SAME DIRECTION,NOT DIVIDED,DRY,INJURY AND / OR TOW DUE TO CRASH,UNABLE TO DETERMINE,2,8,"REPORTED, NOT EVIDENT",1,0,20,2,41.7787075822,-87.6056421901
01/04/2021 03:00:00 PM,35,CLEAR,DAYLIGHT,REAR END,DIVIDED - W/MEDIAN BARRIER,DRY,NO INJURY / DRIVE AWAY,UNABLE TO DETERMINE,2,1,NO INDICATION OF INJURY,0,0,15,2,41.976201139,-87.9053091251
03/23/2025 02:15:00 PM,30,CLEAR,DAWN,ANGLE,ONE-WAY,DRY,NO INJURY / DRIVE AWAY,FAILING TO YIELD RIGHT-OF-WAY,2,3,NO INDICATION OF INJURY,0,0,14,1,41.7427057246,-87.5698076722
07/22/2022 05:31:00 PM,30,CLEAR,DAYLIGHT,FIXED OBJECT,OTHER,DRY,INJURY AND / OR TOW DUE TO CRASH,NOT APPLICABLE,1,7,NO INDICATION OF INJURY,0,0,17,6,41.7940639076,-87.6357484448
08/27/2023 01:17:00 AM,35,CLEAR,"DARKNESS, LIGHTED ROAD",ANGLE,FOUR WAY,DRY,NO INJURY / DRIVE AWAY,DISREGARDING OTHER TRAFFIC SIGNS,2,8,NO INDICATION OF INJURY,0,0,1,1,41.8157941433,-87.7435108362
03/18/2025 08:40:00 AM,30,CLEAR,DAYLIGHT,PARKED MOTOR VEHICLE,NOT DIVIDED,DRY,INJURY AND / OR TOW DUE TO CRASH,FAILING TO REDUCE SPEED TO AVOID CRASH,2,3,NO INDICATION OF INJURY,0,0,8,3,41.9251556368,-87.7612536607
06/17/2023 12:38:00 PM,30,CLEAR,DAYLIGHT,TURNING,DIVIDED - W/MEDIAN (NOT RAISED),DRY,NO INJURY / DRIVE AWAY,IMPROPER TURNING/NO SIGNAL,2,6,NO INDICATION OF INJURY,0,0,12,7,41.7241656879,-87.6046678177
10/08/2024 08:00:00 AM,30,CLEAR,DAYLIGHT,SIDESWIPE SAME DIRECTION,ONE-WAY,DRY,NO INJURY / DRIVE AWAY,UNABLE TO DETERMINE,2,10,NO INDICATION OF INJURY,0,0,8,3,41.8745518803,-87.7204536586
04/26/2022 01:13:00 PM,30,CLEAR,DAYLIGHT,SIDESWIPE SAME DIRECTION,NOT DIVIDED,DRY,NO INJURY / DRIVE AWAY,NOT APPLICABLE,2,4,NO INDICATION OF INJURY,0,0,13,3,41.7208281839,-87.6820014698
05/19/2021 12:06:00 PM,30,CLOUDY/OVERCAST,DAYLIGHT,TURNING,NOT DIVIDED,DRY,INJURY AND / OR TOW DUE TO CRASH,FAILING TO YIELD RIGHT-OF-WAY,2,5,NO INDICATION OF INJURY,0,0,12,4,41.8880733316,-87.6205944613
08/13/2022 02:19:00 AM,35,UNKNOWN,UNKNOWN,REAR END,DIVIDED - W/MEDIAN (NOT RAISED),UNKNOWN,INJURY AND / OR TOW DUE TO CRASH,UNABLE TO DETERMINE,2,8,"REPORTED, NOT EVIDENT",1,0,2,7,41.9240010515,-87.7716751139
11/11/2021 11:44:00 AM,30,CLOUDY/OVERCAST,DAYLIGHT,OTHER OBJECT,NOT DIVIDED,WET,INJURY AND / OR TOW DUE TO CRASH,UNABLE TO DETERMINE,1,11,NO INDICATION OF INJURY,0,0,11,5,42.0197647098,-87.6671294577
05/02/2024 05:40:00 PM,30,CLEAR,DAYLIGHT,REAR END,NOT DIVIDED,WET,NO INJURY / DRIVE AWAY,UNABLE TO DETERMINE,2,5,NO INDICATION OF INJURY,0,0,17,5,41.9910188155,-87.7138578482
08/19/2025 04:00:00 PM,30,CLOUDY/OVERCAST,DAYLIGHT,PARKED MOTOR VEHICLE,FOUR WAY,DRY,INJURY AND / OR TOW DUE TO CRASH,IMPROPER TURNING/NO SIGNAL,2,8,NO INDICATION OF INJURY,0,0,16,3,41.8403511088,-87.734320722
03/10/2025 03:00:00 PM,20,CLEAR,DAYLIGHT,PARKED MOTOR VEHICLE,PARKING LOT,DRY,NO INJURY / DRIVE AWAY,UNABLE TO DETERMINE,2,3,NO INDICATION OF INJURY,0,0,15,2,,
03/01/2025 02:45:00 PM,30,CLEAR,DAWN,FIXED OBJECT,NOT DIVIDED,DRY,NO INJURY / DRIVE AWAY,NOT APPLICABLE,1,3,NO INDICATION OF INJURY,0,0,14,7,41.9288241493,-87.6730420199
03/04/2025 05:15:00 PM,30,RAIN,"DARKNESS, LIGHTED ROAD",PARKED MOTOR VEHICLE,ONE-WAY,UNKNOWN,NO INJURY / DRIVE AWAY,"OPERATING VEHICLE IN ERRATIC, RECKLESS, CARELESS, NEGLIGENT OR AGGRESSIVE MANNER",2,3,NO INDICATION OF INJURY,0,0,17,3,,
11/04/2024 12:25:00 AM,30,RAIN,"DARKNESS, LIGHTED ROAD",REAR END,DIVIDED - W/MEDIAN (NOT RAISED),WET,INJURY AND / OR TOW DUE TO CRASH,UNABLE TO DETERMINE,2,11,NO INDICATION OF INJURY,0,0,0,2,41.8390117277,-87.6853683444
09/14/2023 12:54:00 PM,30,CLEAR,DAYLIGHT,TURNING,FOUR WAY,DRY,NO INJURY / DRIVE AWAY,DRIVING SKILLS/KNOWLEDGE/EXPERIENCE,2,9,NO INDICATION OF INJURY,0,0,12,5,41.8301872553,-87.6851779251
06/25/2025 08:39:00 PM,20,RAIN,DUSK,PARKED MOTOR VEHICLE,NOT DIVIDED,DRY,INJURY AND / OR TOW DUE TO CRASH,UNABLE TO DETERMINE,4,6,NO INDICATION OF INJURY,0,0,20,4,41.7518822542,-87.66605213
10/26/2024 10:35:00 PM,30,CLEAR,"DARKNESS, LIGHTED ROAD",PARKED MOTOR VEHICLE,ONE-WAY,DRY,INJURY AND / OR TOW DUE TO CRASH,FAILING TO REDUCE SPEED TO AVOID CRASH,3,10,NO INDICATION OF INJURY,0,0,22,7,41.7469377269,-87.6555880403
04/04/2025 09:41:00 PM,30,CLEAR,"DARKNESS, LIGHTED ROAD",REAR END,DIVIDED - W/MEDIAN (NOT RAISED),DRY,NO INJURY / DRIVE AWAY,FOLLOWING TOO CLOSELY,2,4,NO INDICATION OF INJURY,0,0,21,6,41.913897508,-87.7559714099
02/20/2024 08:40:00 AM,30,CLEAR,DAYLIGHT,ANGLE,NOT DIVIDED,DRY,NO INJURY / DRIVE AWAY,IMPROPER LANE USAGE,2,2,NO INDICATION OF INJURY,0,0,8,3,41.8695852345,-87.6531580461
08/25/2024 11:00:00 AM,30,CLEAR,DAYLIGHT,REAR END,NOT DIVIDED,DRY,NO INJURY / DRIVE AWAY,FAILING TO REDUCE SPEED TO AVOID CRASH,2,8,NO INDICATION OF INJURY,0,0,11,1,41.9867034259,-87.7161669342
01/23/2024 06:15:00 PM,30,CLEAR,"DARKNESS, LIGHTED ROAD",SIDESWIPE SAME DIRECTION,NOT DIVIDED,WET,NO INJURY / DRIVE AWAY,IMPROPER OVERTAKING/PASSING,2,1,NO INDICATION OF INJURY,0,0,18,3,41.9758067413,-87.68743137
10/21/2023 02:00:00 PM,15,CLEAR,DAYLIGHT,REAR TO SIDE,PARKING LOT,DRY,NO INJURY / DRIVE AWAY,FAILING TO YIELD RIGHT-OF-WAY,2,10,NO INDICATION OF INJURY,0,0,14,7,41.9756241124,-87.7298445616
04/23/2021 06:10:00 PM,30,CLEAR,DAYLIGHT,PARKED MOTOR VEHICLE,ONE-WAY,DRY,NO INJURY / DRIVE AWAY,IMPROPER BACKING,2,4,NO INDICATION OF INJURY,0,0,18,6,41.8837168513,-87.6260862245
06/22/2024 11:00:00 PM,30,CLEAR,"DARKNESS, LIGHTED ROAD",ANGLE,NOT DIVIDED,DRY,NO INJURY / DRIVE AWAY,IMPROPER BACKING,2,6,NO INDICATION OF INJURY,0,0,23,7,41.6686770953,-87.6355321901
08/27/2023 03:48:00 AM,30,CLEAR,"DARKNESS, LIGHTED ROAD",PARKED MOTOR VEHICLE,NOT DIVIDED,DRY,INJURY AND / OR TOW DUE TO CRASH,UNABLE TO DETERMINE,3,8,NONINCAPACITATING INJURY,1,0,3,1,41.8989720143,-87.7192071861
04/22/2022 02:37:00 PM,30,RAIN,DAYLIGHT,SIDESWIPE SAME DIRECTION,DIVIDED - W/MEDIAN (NOT RAISED),WET,NO INJURY / DRIVE AWAY,UNABLE TO DETERMINE,2,4,NO INDICATION OF INJURY,0,0,14,6,41.9872058469,-87.7017942229
01/16/2022 09:50:00 AM,30,CLEAR,DAYLIGHT,ANGLE,FOUR WAY,DRY,NO INJURY / DRIVE AWAY,UNABLE TO DETERMINE,2,1,NO INDICATION OF INJURY,0,0,9,1,41.8898339228,-87.6769997238
08/27/2021 01:52:00 PM,40,CLEAR,DAYLIGHT,SIDESWIPE SAME DIRECTION,ONE-WAY,DRY,NO INJURY / DRIVE AWAY,IMPROPER LANE USAGE,2,8,NO INDICATION OF INJURY,0,0,13,6,41.9261607198,-87.6315146648
08/08/2025 01:10:00 PM,30,CLEAR,DAYLIGHT,TURNING,FOUR WAY,DRY,INJURY AND / OR TOW DUE TO CRASH,"VISION OBSCURED (SIGNS, TREE LIMBS, BUILDINGS, ETC.)",2,8,NONINCAPACITATING INJURY,1,0,13,6,41.7586090061,-87.5957213605
11/15/2025 10:00:00 AM,20,CLEAR,DAYLIGHT,PARKED MOTOR VEHICLE,NOT DIVIDED,DRY,NO INJURY / DRIVE AWAY,UNABLE TO DETERMINE,2,11,NO INDICATION OF INJURY,0,0,10,7,41.7426645077,-87.7297579972
04/12/2022 10:03:00 AM,25,CLEAR,DAYLIGHT,ANGLE,FOUR WAY,DRY,INJURY AND / OR TOW DUE TO CRASH,"VISION OBSCURED (SIGNS, TREE LIMBS, BUILDINGS, ETC.)",2,4,NONINCAPACITATING INJURY,2,0,10,3,41.7548381342,-87.6054397495
11/16/2025 05:16:00 PM,20,CLEAR,DARKNESS,PEDALCYCLIST,DIVIDED - W/MEDIAN (NOT RAISED),DRY,INJURY AND / OR TOW DUE TO CRASH,FAILING TO YIELD RIGHT-OF-WAY,2,11,"REPORTED, NOT EVIDENT",1,0,17,1,41.973493259,-87.6645314632
02/19/2021 12:30:00 PM,30,UNKNOWN,DUSK,OTHER OBJECT,ALLEY,UNKNOWN,NO INJURY / DRIVE AWAY,UNABLE TO DETERMINE,1,2,NO INDICATION OF INJURY,0,0,12,6,41.663891421,-87.5542662399
11/20/2023 12:30:00 PM,30,CLEAR,DAYLIGHT,PARKED MOTOR VEHICLE,NOT DIVIDED,UNKNOWN,NO INJURY / DRIVE AWAY,UNABLE TO DETERMINE,2,11,NO INDICATION OF INJURY,0,0,12,2,41.8924584618,-87.6116987911
09/11/2024 01:45:00 PM,30,CLEAR,DAYLIGHT,ANGLE,DIVIDED - W/MEDIAN BARRIER,DRY,NO INJURY / DRIVE AWAY,DISREGARDING TRAFFIC SIGNALS,2,9,NO INDICATION OF INJURY,0,0,13,4,41.8596802234,-87.7007286028
04/17/2024 03:40:00 AM,30,CLEAR,"DARKNESS, LIGHTED ROAD",ANGLE,FOUR WAY,DRY,INJURY AND / OR TOW DUE TO CRASH,DISREGARDING STOP SIGN,2,4,"REPORTED, NOT EVIDENT",1,0,3,4,41.7793075246,-87.6667245056
04/03/2023 09:55:00 PM,30,RAIN,DARKNESS,SIDESWIPE SAME DIRECTION,DIVIDED - W/MEDIAN (NOT RAISED),WET,NO INJURY / DRIVE AWAY,IMPROPER TURNING/NO SIGNAL,2,4,NO INDICATION OF INJURY,0,0,21,2,41.8926253056,-87.6257263004
12/18/2022 10:15:00 AM,15,CLEAR,DAYLIGHT,FIXED OBJECT,PARKING LOT,DRY,NO INJURY / DRIVE AWAY,NOT APPLICABLE,1,12,NO INDICATION OF INJURY,0,0,10,1,41.7047210543,-87.6569444483
11/18/2023 07:45:00 PM,30,CLEAR,"DARKNESS, LIGHTED ROAD",REAR END,DIVIDED - W/MEDIAN (NOT RAISED),DRY,NO INJURY / DRIVE AWAY,FOLLOWING TOO CLOSELY,2,11,NO INDICATION OF INJURY,0,0,19,7,41.9246468005,-87.7004205955
03/12/2022 09:18:00 PM,35,CLEAR,"DARKNESS, LIGHTED ROAD",REAR END,DIVIDED - W/MEDIAN (NOT RAISED),DRY,NO INJURY / DRIVE AWAY,FOLLOWING TOO CLOSELY,2,3,NO INDICATION OF INJURY,0,0,21,7,41.7997535195,-87.7367878167
04/30/2024 03:35:00 PM,30,CLEAR,DAYLIGHT,REAR END,NOT DIVIDED,DRY,NO INJURY / DRIVE AWAY,FOLLOWING TOO CLOSELY,2,4,NO INDICATION OF INJURY,0,0,15,3,41.7935398513,-87.6657265194
04/17/2025 08:00:00 AM,30,CLEAR,DAYLIGHT,SIDESWIPE SAME DIRECTION,NOT DIVIDED,UNKNOWN,NO INJURY / DRIVE AWAY,UNABLE TO DETERMINE,2,4,NO INDICATION OF INJURY,0,0,8,5,41.911272006,-87.6332289873
11/29/2023 08:58:00 PM,30,CLEAR,"DARKNESS, LIGHTED ROAD",SIDESWIPE SAME DIRECTION,NOT DIVIDED,DRY,NO INJURY / DRIVE AWAY,UNABLE TO DETERMINE,2,11,NO INDICATION OF INJURY,0,0,20,4,41.8964044311,-87.6399617702