CRASH_DATE,POSTED_SPEED_LIMIT,WEATHER_CONDITION,LIGHTING_CONDITION,FIRST_CRASH_TYPE,TRAFFICWAY_TYPE,ROADWAY_SURFACE_COND,CRASH_TYPE,PRIM_CONTRIBUTORY_CAUSE,NUM_UNITS,CRASH_MONTH,MOST_SEVERE_INJURY,INJURIES_TOTAL,INJURIES_FATAL,CRASH_HOUR,CRASH_DAY_OF_WEEK,LATITUDE,LONGITUDE
12/09/2023 06:36:00 PM,30,CLEAR,"DARKNESS, LIGHTED ROAD",ANGLE,NOT DIVIDED,DRY,NO INJURY / DRIVE AWAY,FAILING TO YIELD RIGHT-OF-WAY,2,12,NO INDICATION OF INJURY,0,0,18,7,41.7787501321,-87.7240457646
03/16/2026 07:24:00 AM,30,SNOW,DAYLIGHT,TURNING,NOT DIVIDED,SNOW OR SLUSH,NO INJURY / DRIVE AWAY,FAILING TO YIELD RIGHT-OF-WAY,2,3,NO INDICATION OF INJURY,0,0,7,2,41.7647131874,-87.6736784893
07/15/2021 05:53:00 PM,30,CLEAR,DUSK,REAR END,NOT DIVIDED,DRY,NO INJURY / DRIVE AWAY,FOLLOWING TOO CLOSELY,2,7,NO INDICATION OF INJURY,0,0,17,5,41.9690072567,-87.6675996261
06/17/2023 09:40:00 AM,30,CLEAR,DAYLIGHT,REAR END,DIVIDED - W/MEDIAN (NOT RAISED),DRY,NO INJURY / DRIVE AWAY,UNABLE TO DETERMINE,2,6,NO INDICATION OF INJURY,0,0,9,7,41.9633438772,-87.6885961385
02/08/2021 03:30:00 PM,30,SNOW,DAYLIGHT,PARKED MOTOR VEHICLE,NOT DIVIDED,SNOW OR SLUSH,NO INJURY / DRIVE AWAY,WEATHER,2,2,NO INDICATION OF INJURY,0,0,15,2,41.9315861775,-87.6549999853
07/05/2024 05:55:00 AM,30,CLEAR,DAYLIGHT,ANGLE,DIVIDED - W/MEDIAN (NOT RAISED),DRY,INJURY AND / OR TOW DUE TO CRASH,CELL PHONE USE OTHER THAN TEXTING,2,7,"REPORTED, NOT EVIDENT",2,0,5,6,41.7652154201,-87.6372553783
06/25/2025 09:20:00 AM,30,CLEAR,DAYLIGHT,PARKED MOTOR VEHICLE,OTHER,DRY,INJURY AND / OR TOW DUE TO CRASH,UNABLE TO DETERMINE,2,6,NO INDICATION OF INJURY,0,0,9,4,41.7712122083,-87.7030641529
08/28/2021 11:57:00 AM,20,CLEAR,DAYLIGHT,ANGLE,PARKING LOT,DRY,NO INJURY / DRIVE AWAY,IMPROPER BACKING,2,8,NO INDICATION OF INJURY,0,0,11,7,41.93872475,-87.7462414814
03/24/2026 04:06:00 PM,30,CLEAR,DAYLIGHT,FIXED OBJECT,OTHER,DRY,INJURY AND / OR TOW DUE TO CRASH,UNABLE TO DETERMINE,1,3,"REPORTED, NOT EVIDENT",1,0,16,3,41.854114441,-87.6993111527
10/02/2025 02:30:00 PM,30,CLEAR,DAYLIGHT,PARKED MOTOR VEHICLE,NOT DIVIDED,UNKNOWN,NO INJURY / DRIVE AWAY,UNABLE TO DETERMINE,2,10,NO INDICATION OF INJURY,0,0,14,5,41.9124201158,-87.6773652422
05/02/2023 10:50:00 PM,15,CLEAR,"DARKNESS, LIGHTED ROAD",PARKED MOTOR VEHICLE,NOT DIVIDED,DRY,INJURY AND / OR TOW DUE TO CRASH,UNDER THE INFLUENCE OF ALCOHOL/DRUGS (USE WHEN ARREST IS EFFECTED),8,5,NO INDICATION OF INJURY,0,0,22,3,42.0062050427,-87.6635241304
02/17/2023 02:00:00 PM,25,CLEAR,DAYLIGHT,TURNING,OTHER,UNKNOWN,NO INJURY / DRIVE AWAY,UNABLE TO DETERMINE,2,2,NO INDICATION OF INJURY,0,0,14,6,41.7470860989,-87.6440843829
11/23/2024 09:50:00 PM,30,CLEAR,"DARKNESS, LIGHTED ROAD",SIDESWIPE SAME DIRECTION,DIVIDED - W/MEDIAN (NOT RAISED),DRY,NO INJURY / DRIVE AWAY,IMPROPER LANE USAGE,2,11,NO INDICATION OF INJURY,0,0,21,7,41.959386457,-87.8368459205
07/25/2025 02:59:00 PM,30,CLEAR,DAYLIGHT,REAR END,FOUR WAY,DRY,NO INJURY / DRIVE AWAY,UNABLE TO DETERMINE,2,7,NO INDICATION OF INJURY,0,0,14,6,41.9096720015,-87.7462613036
01/14/2026 03:37:00 PM,30,CLEAR,DUSK,TURNING,T-INTERSECTION,ICE,INJURY AND / OR TOW DUE TO CRASH,WEATHER,2,1,NO INDICATION OF INJURY,0,0,15,4,41.7626237722,-87.5762857276
04/02/2024 12:50:00 PM,30,RAIN,DAYLIGHT,TURNING,Y-INTERSECTION,WET,INJURY AND / OR TOW DUE TO CRASH,FAILING TO YIELD RIGHT-OF-WAY,3,4,NONINCAPACITATING INJURY,1,0,12,3,41.7938364093,-87.8015221384
06/22/2025 02:55:00 AM,15,CLEAR,"DARKNESS, LIGHTED ROAD",REAR TO FRONT,OTHER,DRY,NO INJURY / DRIVE AWAY,IMPROPER BACKING,2,6,NO INDICATION OF INJURY,0,0,2,1,41.8376256354,-87.6655936495
02/29/2024 11:40:00 PM,30,CLEAR,"DARKNESS, LIGHTED ROAD",REAR TO FRONT,DIVIDED - W/MEDIAN BARRIER,UNKNOWN,NO INJURY / DRIVE AWAY,IMPROPER BACKING,2,2,NO INDICATION OF INJURY,0,0,23,5,41.8842303838,-87.6513430537
11/15/2024 05:40:00 PM,30,CLEAR,DUSK,REAR TO SIDE,OTHER,DRY,NO INJURY / DRIVE AWAY,IMPROPER BACKING,2,11,NO INDICATION OF INJURY,0,0,17,6,41.8483520422,-87.6856819345
03/30/2021 02:00:00 PM,25,CLEAR,DAYLIGHT,ANGLE,PARKING LOT,DRY,NO INJURY / DRIVE AWAY,NOT APPLICABLE,2,3,NO INDICATION OF INJURY,0,0,14,3,41.8656912617,-87.765304384
03/06/2022 09:45:00 PM,30,CLEAR,DARKNESS,TURNING,DIVIDED - W/MEDIAN (NOT RAISED),DRY,INJURY AND / OR TOW DUE TO CRASH,FAILING TO REDUCE SPEED TO AVOID CRASH,2,3,NO INDICATION OF INJURY,0,0,21,1,41.6849509473,-87.6437703136
06/06/2023 08:40:00 PM,30,CLEAR,"DARKNESS, LIGHTED ROAD",SIDESWIPE SAME DIRECTION,NOT DIVIDED,DRY,NO INJURY / DRIVE AWAY,UNABLE TO DETERMINE,2,6,NO INDICATION OF INJURY,0,0,20,3,41.9286758237,-87.6876283648
01/03/2026 06:33:00 PM,40,CLEAR,DAWN,HEAD ON,DIVIDED - W/MEDIAN (NOT RAISED),DRY,INJURY AND / OR TOW DUE TO CRASH,IMPROPER LANE USAGE,3,1,"REPORTED, NOT EVIDENT",1,0,18,7,41.8371539536,-87.7152052269
05/10/2022 08:00:00 AM,30,CLEAR,DAYLIGHT,REAR END,NOT DIVIDED,DRY,NO INJURY / DRIVE AWAY,FOLLOWING TOO CLOSELY,2,5,NO INDICATION OF INJURY,0,0,8,3,41.8944482783,-87.7262030479
09/22/2024 11:58:00 PM,40,CLEAR,"DARKNESS, LIGHTED ROAD",FIXED OBJECT,DIVIDED - W/MEDIAN BARRIER,DRY,NO INJURY / DRIVE AWAY,NOT APPLICABLE,1,9,NO INDICATION OF INJURY,0,0,23,1,41.9422982183,-87.6398709639
04/02/2021 09:50:00 PM,30,CLEAR,"DARKNESS, LIGHTED ROAD",SIDESWIPE SAME DIRECTION,T-INTERSECTION,DRY,INJURY AND / OR TOW DUE TO CRASH,"EVASIVE ACTION DUE TO ANIMAL, OBJECT, NONMOTORIST",3,4,NO INDICATION OF INJURY,0,0,21,6,41.6593684947,-87.5975461382
09/19/2022 04:22:00 PM,30,CLEAR,DAWN,REAR END,NOT DIVIDED,DRY,NO INJURY / DRIVE AWAY,FAILING TO REDUCE SPEED TO AVOID CRASH,2,9,NO INDICATION OF INJURY,0,0,16,2,41.7823244134,-87.6741293215
01/27/2023 02:01:00 PM,10,SNOW,DAYLIGHT,FIXED OBJECT,PARKING LOT,SNOW OR SLUSH,NO INJURY / DRIVE AWAY,FAILING TO REDUCE SPEED TO AVOID CRASH,1,1,NO INDICATION OF INJURY,0,0,14,6,41.6777603931,-87.6536621376
03/26/2023 04:50:00 PM,30,RAIN,DAYLIGHT,SIDESWIPE SAME DIRECTION,DIVIDED - W/MEDIAN (NOT RAISED),WET,NO INJURY / DRIVE AWAY,IMPROPER TURNING/NO SIGNAL,2,3,NO INDICATION OF INJURY,0,0,16,1,41.7932935692,-87.7233091848
01/11/2021 12:49:00 PM,30,CLEAR,DAYLIGHT,TURNING,NOT DIVIDED,DRY,INJURY AND / OR TOW DUE TO CRASH,IMPROPER LANE USAGE,2,1,NO INDICATION OF INJURY,0,0,12,2,41.8712486141,-87.6688803066
11/28/2025 02:00:00 PM,30,UNKNOWN,UNKNOWN,OTHER OBJECT,ALLEY,UNKNOWN,NO INJURY / DRIVE AWAY,UNABLE TO DETERMINE,1,11,NO INDICATION OF INJURY,0,0,14,6,41.9977860105,-87.69297775
09/24/2024 06:15:00 PM,30,RAIN,DAYLIGHT,ANGLE,FOUR WAY,WET,INJURY AND / OR TOW DUE TO CRASH,DISREGARDING STOP SIGN,2,9,NO INDICATION OF INJURY,0,0,18,3,41.7831523533,-87.6547386934
05/19/2022 09:12:00 AM,30,CLEAR,DAYLIGHT,TURNING,DIVIDED - W/MEDIAN (NOT RAISED),DRY,NO INJURY / DRIVE AWAY,IMPROPER LANE USAGE,2,5,NO INDICATION OF INJURY,0,0,9,5,41.9957871193,-87.8066654809
07/24/2025 08:15:00 AM,30,CLOUDY/OVERCAST,DAYLIGHT,REAR END,DIVIDED - W/MEDIAN BARRIER,DRY,NO INJURY / DRIVE AWAY,FOLLOWING TOO CLOSELY,2,7,NO INDICATION OF INJURY,0,0,8,5,41.7933705543,-87.6841753768
09/24/2021 07:43:00 AM,30,CLEAR,DAYLIGHT,TURNING,NOT DIVIDED,DRY,NO INJURY / DRIVE AWAY,FAILING TO YIELD RIGHT-OF-WAY,2,9,NO INDICATION OF INJURY,0,0,7,6,41.9050399209,-87.6434058975
02/09/2025 11:02:00 AM,30,CLEAR,DAYLIGHT,REAR END,DIVIDED - W/MEDIAN BARRIER,DRY,INJURY AND / OR TOW DUE TO CRASH,UNABLE TO DETERMINE,2,2,"REPORTED, NOT EVIDENT",1,0,11,1,41.8754833207,-87.6320495009
04/03/2021 03:43:00 PM,15,CLEAR,DAYLIGHT,PARKED MOTOR VEHICLE,NOT DIVIDED,DRY,INJURY AND / OR TOW DUE TO CRASH,UNABLE TO DETERMINE,2,4,NONINCAPACITATING INJURY,1,0,15,7,42.0087336697,-87.6779045787
01/13/2023 06:53:00 PM,25,CLOUDY/OVERCAST,"DARKNESS, LIGHTED ROAD",TURNING,ONE-WAY,DRY,NO INJURY / DRIVE AWAY,FAILING TO YIELD RIGHT-OF-WAY,2,1,NO INDICATION OF INJURY,0,0,18,6,41.7945226985,-87.7576167763
02/18/2021 04:10:00 PM,30,OTHER,DAYLIGHT,REAR END,NOT DIVIDED,UNKNOWN,NO INJURY / DRIVE AWAY,UNABLE TO DETERMINE,2,2,NO INDICATION OF INJURY,0,0,16,5,41.7497239717,-87.7025395717
11/03/2024 08:08:00 PM,30,CLOUDY/OVERCAST,"DARKNESS, LIGHTED ROAD",REAR END,DIVIDED - W/MEDIAN BARRIER,WET,NO INJURY / DRIVE AWAY,FOLLOWING TOO CLOSELY,2,11,NO INDICATION OF INJURY,0,0,20,1,41.8674842272,-87.6191503834
04/02/2023 06:45:00 AM,15,CLEAR,DAYLIGHT,SIDESWIPE SAME DIRECTION,ONE-WAY,DRY,INJURY AND / OR TOW DUE TO CRASH,FAILING TO YIELD RIGHT-OF-WAY,3,4,NONINCAPACITATING INJURY,1,0,6,1,41.7776382091,-87.6174147462
12/03/2024 01:41:00 AM,30,CLEAR,"DARKNESS, LIGHTED ROAD",REAR END,NOT DIVIDED,DRY,INJURY AND / OR TOW DUE TO CRASH,UNABLE TO DETERMINE,2,12,NONINCAPACITATING INJURY,3,0,1,3,41.7591222158,-87.605557451
10/28/2025 01:50:00 PM,30,CLEAR,DAYLIGHT,SIDESWIPE SAME DIRECTION,NOT DIVIDED,DRY,NO INJURY / DRIVE AWAY,UNABLE TO DETERMINE,2,10,NO INDICATION OF INJURY,0,0,13,3,41.6838504399,-87.6175358676
12/02/2021 12:20:00 PM,30,CLEAR,DAYLIGHT,REAR END,NOT DIVIDED,DRY,NO INJURY / DRIVE AWAY,UNABLE TO DETERMINE,2,12,NO INDICATION OF INJURY,0,0,12,5,41.9774178209,-87.6923584559
11/13/2025 05:32:00 PM,30,CLEAR,DUSK,PEDALCYCLIST,NOT DIVIDED,DRY,INJURY AND / OR TOW DUE TO CRASH,DRIVING ON WRONG SIDE/WRONG WAY,2,11,NONINCAPACITATING INJURY,1,0,17,5,41.8883332721,-87.6222359916
10/04/2022 01:14:00 AM,30,CLEAR,"DARKNESS, LIGHTED ROAD",PEDESTRIAN,ONE-WAY,DRY,INJURY AND / OR TOW DUE TO CRASH,UNABLE TO DETERMINE,2,10,NONINCAPACITATING INJURY,1,0,1,3,41.8564239617,-87.7209911225
12/02/2021 07:12:00 PM,30,CLEAR,DARKNESS,PEDALCYCLIST,NOT DIVIDED,DRY,INJURY AND / OR TOW DUE TO CRASH,UNABLE TO DETERMINE,2,12,NONINCAPACITATING INJURY,1,0,19,5,41.9533503589,-87.67763778
11/19/2022 09:40:00 PM,20,CLEAR,"DARKNESS, LIGHTED ROAD",PARKED MOTOR VEHICLE,ONE-WAY,DRY,NO INJURY / DRIVE AWAY,UNABLE TO DETERMINE,2,11,NO INDICATION OF INJURY,0,0,21,7,41.8430479202,-87.7222213424
04/09/2026 03:33:00 PM,30,CLEAR,DAYLIGHT,REAR END,T-INTERSECTION,DRY,INJURY AND / OR TOW DUE TO CRASH,FOLLOWING TOO CLOSELY,3,4,NO INDICATION OF INJURY,0,0,15,5,41.898004898,-87.6328870996
03/01/2026 02:10:00 PM,30,CLEAR,DAYLIGHT,TURNING,DIVIDED - W/MEDIAN BARRIER,DRY,INJURY AND / OR TOW DUE TO CRASH,FOLLOWING TOO CLOSELY,2,3,"REPORTED, NOT EVIDENT",1,0,14,1,41.7561362831,-87.5860598762
04/20/2025 10:40:00 PM,30,RAIN,"DARKNESS, LIGHTED ROAD",PARKED MOTOR VEHICLE,NOT DIVIDED,WET,NO INJURY / DRIVE AWAY,UNABLE TO DETERMINE,2,4,NO INDICATION OF INJURY,0,0,22,1,41.9116212194,-87.7754473875
10/30/2022 03:46:00 AM,30,CLEAR,"DARKNESS, LIGHTED ROAD",REAR END,NOT DIVIDED,DRY,INJURY AND / OR TOW DUE TO CRASH,UNABLE TO DETERMINE,2,10,NO INDICATION OF INJURY,0,0,3,1,41.7970202479,-87.7531834953
03/08/2022 06:45:00 AM,30,CLEAR,UNKNOWN,PARKED MOTOR VEHICLE,ONE-WAY,DRY,NO INJURY / DRIVE AWAY,UNABLE TO DETERMINE,2,3,NO INDICATION OF INJURY,0,0,6,3,41.782560741,-87.6990658576
04/25/2026 05:32:00 PM,30,CLEAR,DAYLIGHT,SIDESWIPE SAME DIRECTION,NOT DIVIDED,DRY,NO INJURY / DRIVE AWAY,IMPROPER OVERTAKING/PASSING,2,4,NO INDICATION OF INJURY,0,0,17,7,41.7797802059,-87.7033061893
04/19/2024 03:25:00 PM,30,CLEAR,DAYLIGHT,TURNING,ONE-WAY,DRY,NO INJURY / DRIVE AWAY,UNABLE TO DETERMINE,2,4,NO INDICATION OF INJURY,0,0,15,6,41.8743421598,-87.7348339089
03/20/2022 09:30:00 PM,30,CLEAR,"DARKNESS, LIGHTED ROAD",TURNING,NOT DIVIDED,DRY,NO INJURY / DRIVE AWAY,IMPROPER TURNING/NO SIGNAL,2,3,NO INDICATION OF INJURY,0,0,21,1,41.8623718176,-87.7105768991
03/01/2026 03:20:00 AM,30,CLEAR,DARKNESS,OTHER OBJECT,NOT DIVIDED,DRY,INJURY AND / OR TOW DUE TO CRASH,FOLLOWING TOO CLOSELY,1,3,NO INDICATION OF INJURY,0,0,3,1,41.7435868283,-87.6229453434
10/26/2023 06:42:00 AM,30,RAIN,DAYLIGHT,REAR END,NOT DIVIDED,WET,NO INJURY / DRIVE AWAY,FAILING TO REDUCE SPEED TO AVOID CRASH,2,10,NO INDICATION OF INJURY,0,0,6,5,41.8075267712,-87.7429838299
03/17/2026 03:08:00 PM,30,CLEAR,DAYLIGHT,SIDESWIPE SAME DIRECTION,NOT DIVIDED,DRY,NO INJURY / DRIVE AWAY,FAILING TO YIELD RIGHT-OF-WAY,2,3,NO INDICATION OF INJURY,0,0,15,3,41.8864048359,-87.740285418
05/11/2025 04:40:00 PM,30,CLEAR,DAWN,REAR END,NOT DIVIDED,DRY,NO INJURY / DRIVE AWAY,UNABLE TO DETERMINE,2,5,NO INDICATION OF INJURY,0,0,16,1,41.7785380711,-87.7423558784
06/20/2025 02:30:00 PM,30,CLEAR,DAYLIGHT,REAR END,NOT DIVIDED,DRY,NO INJURY / DRIVE AWAY,UNABLE TO DETERMINE,2,6,NO INDICATION OF INJURY,0,0,14,6,41.9665415599,-87.7266987196
04/11/2021 02:00:00 PM,30,CLOUDY/OVERCAST,DAYLIGHT,PARKED MOTOR VEHICLE,DIVIDED - W/MEDIAN (NOT RAISED),UNKNOWN,NO INJURY / DRIVE AWAY,NOT APPLICABLE,2,4,NO INDICATION OF INJURY,0,0,14,1,41.7210065271,-87.5547979276
07/30/2022 10:30:00 AM,30,CLEAR,DAYLIGHT,SIDESWIPE SAME DIRECTION,NOT DIVIDED,DRY,NO INJURY / DRIVE AWAY,FAILING TO YIELD RIGHT-OF-WAY,2,7,NO INDICATION OF INJURY,0,0,10,7,41.8815781021,-87.6527302997
01/26/2026 12:52:00 AM,30,CLEAR,"DARKNESS, LIGHTED ROAD",SIDESWIPE SAME DIRECTION,NOT DIVIDED,SNOW OR SLUSH,NO INJURY / DRIVE AWAY,UNABLE TO DETERMINE,2,1,NO INDICATION OF INJURY,0,0,0,2,41.9688893052,-87.6774564874
10/07/2025 08:33:00 AM,30,RAIN,DAYLIGHT,PEDALCYCLIST,ONE-WAY,WET,INJURY AND / OR TOW DUE TO CRASH,FAILING TO YIELD RIGHT-OF-WAY,2,10,INCAPACITATING INJURY,1,0,8,3,41.8776515241,-87.6717745928
11/16/2025 02:20:00 AM,30,CLEAR,"DARKNESS, LIGHTED ROAD",FIXED OBJECT,DIVIDED - W/MEDIAN BARRIER,DRY,INJURY AND / OR TOW DUE TO CRASH,FOLLOWING TOO CLOSELY,1,11,NO INDICATION OF INJURY,0,0,2,1,41.9504840014,-87.8364861255
09/15/2025 07:40:00 AM,10,CLEAR,DAYLIGHT,PARKED MOTOR VEHICLE,NOT DIVIDED,DRY,NO INJURY / DRIVE AWAY,UNABLE TO DETERMINE,2,9,NO INDICATION OF INJURY,0,0,7,2,41.7710515775,-87.7399232501
11/30/2023 06:10:00 PM,30,CLEAR,"DARKNESS, LIGHTED ROAD",TURNING,NOT DIVIDED,DRY,NO INJURY / DRIVE AWAY,UNABLE TO DETERMINE,2,11,NO INDICATION OF INJURY,0,0,18,5,41.8767606549,-87.7452916664
10/21/2025 01:25:00 PM,30,CLEAR,DAYLIGHT,SIDESWIPE SAME DIRECTION,FOUR WAY,DRY,INJURY AND / OR TOW DUE TO CRASH,UNABLE TO DETERMINE,2,10,FATAL,2,1,13,3,41.77660477,-87.630256014
03/04/2025 09:37:00 AM,30,RAIN,DAYLIGHT,TURNING,NOT DIVIDED,WET,NO INJURY / DRIVE AWAY,UNABLE TO DETERMINE,2,3,NO INDICATION OF INJURY,0,0,9,3,41.8483781745,-87.6661099671
04/28/2025 06:55:00 PM,30,CLEAR,DAYLIGHT,REAR END,NOT DIVIDED,DRY,NO INJURY / DRIVE AWAY,FOLLOWING TOO CLOSELY,2,4,NO INDICATION OF INJURY,0,0,18,2,41.9197396973,-87.775429427
09/27/2024 03:00:00 PM,30,CLOUDY/OVERCAST,DAYLIGHT,TURNING,FOUR WAY,DRY,INJURY AND / OR TOW DUE TO CRASH,UNABLE TO DETERMINE,2,9,NONINCAPACITATING INJURY,2,0,15,6,41.8383715365,-87.630015779
07/31/2023 07:00:00 PM,30,CLEAR,DAYLIGHT,PARKED MOTOR VEHICLE,NOT DIVIDED,DRY,NO INJURY / DRIVE AWAY,UNABLE TO DETERMINE,2,7,NO INDICATION OF INJURY,0,0,19,2,41.8588027533,-87.7206583596
09/26/2024 08:08:00 AM,30,CLEAR,DAYLIGHT,OTHER OBJECT,PARKING LOT,DRY,NO INJURY / DRIVE AWAY,UNABLE TO DETERMINE,1,9,NO INDICATION OF INJURY,0,0,8,5,41.9468006092,-87.6950298481
12/21/2023 06:43:00 PM,30,CLEAR,"DARKNESS, LIGHTED ROAD",REAR END,NOT DIVIDED,DRY,NO INJURY / DRIVE AWAY,FOLLOWING TOO CLOSELY,2,12,NO INDICATION OF INJURY,0,0,18,5,41.9779753861,-87.6927180621
10/09/2024 08:10:00 AM,30,CLEAR,DAYLIGHT,REAR END,DIVIDED - W/MEDIAN BARRIER,DRY,NO INJURY / DRIVE AWAY,FOLLOWING TOO CLOSELY,2,10,NO INDICATION OF INJURY,0,0,8,4,41.860486721,-87.6225373053
05/20/2023 11:50:00 AM,30,CLEAR,DAYLIGHT,TURNING,OTHER,DRY,INJURY AND / OR TOW DUE TO CRASH,UNABLE TO DETERMINE,2,5,NONINCAPACITATING INJURY,1,0,11,7,42.0047865225,-87.7083500564
12/28/2023 01:00:00 PM,30,CLEAR,DAYLIGHT,REAR END,NOT DIVIDED,DRY,NO INJURY / DRIVE AWAY,FOLLOWING TOO CLOSELY,2,12,NO INDICATION OF INJURY,0,0,13,5,41.8394022166,-87.675557142
09/20/2023 11:35:00 AM,30,CLEAR,DAYLIGHT,REAR END,FOUR WAY,DRY,NO INJURY / DRIVE AWAY,UNABLE TO DETERMINE,2,9,NO INDICATION OF INJURY,0,0,11,4,41.7363126574,-87.6211365181
05/16/2025 08:57:00 PM,30,CLEAR,DARKNESS,PARKED MOTOR VEHICLE,ONE-WAY,DRY,NO INJURY / DRIVE AWAY,UNABLE TO DETERMINE,2,5,NO INDICATION OF INJURY,0,0,20,6,41.9000643628,-87.7534204732
04/13/2024 06:15:00 PM,30,UNKNOWN,UNKNOWN,ANGLE,DIVIDED - W/MEDIAN (NOT RAISED),UNKNOWN,NO INJURY / DRIVE AWAY,FOLLOWING TOO CLOSELY,2,4,NO INDICATION OF INJURY,0,0,18,7,41.9835151412,-87.6699649837
08/20/2024 10:30:00 AM,30,CLEAR,DAYLIGHT,TURNING,NOT DIVIDED,DRY,NO INJURY / DRIVE AWAY,FOLLOWING TOO CLOSELY,2,8,NO INDICATION OF INJURY,0,0,10,3,41.7208489266,-87.6819151126
10/18/2025 11:11:00 AM,30,CLEAR,DAYLIGHT,SIDESWIPE SAME DIRECTION,NOT DIVIDED,DRY,NO INJURY / DRIVE AWAY,IMPROPER OVERTAKING/PASSING,2,10,NO INDICATION OF INJURY,0,0,11,7,41.7371324725,-87.5780906121
08/26/2023 05:09:00 AM,30,CLEAR,"DARKNESS, LIGHTED ROAD",TURNING,DIVIDED - W/MEDIAN (NOT RAISED),DRY,INJURY AND / OR TOW DUE TO CRASH,FAILING TO REDUCE SPEED TO AVOID CRASH,2,8,INCAPACITATING INJURY,3,0,5,7,41.9096544867,-87.7356885588
03/15/2021 11:00:00 AM,30,SNOW,DAYLIGHT,PARKED MOTOR VEHICLE,ONE-WAY,WET,NO INJURY / DRIVE AWAY,UNABLE TO DETERMINE,2,3,NO INDICATION OF INJURY,0,0,11,2,41.8642966669,-87.720218549
12/21/2021 11:30:00 AM,35,CLEAR,DAYLIGHT,SIDESWIPE SAME DIRECTION,NOT DIVIDED,DRY,NO INJURY / DRIVE AWAY,UNABLE TO DETERMINE,2,12,NO INDICATION OF INJURY,0,0,11,3,41.8309152446,-87.625085065
05/14/2022 09:24:00 AM,30,CLEAR,DAYLIGHT,REAR END,DIVIDED - W/MEDIAN (NOT RAISED),DRY,INJURY AND / OR TOW DUE TO CRASH,FOLLOWING TOO CLOSELY,2,5,NO INDICATION OF INJURY,0,0,9,7,41.8876722207,-87.6205739399
07/27/2025 02:30:00 PM,30,CLEAR,DAYLIGHT,PARKED MOTOR VEHICLE,PARKING LOT,UNKNOWN,NO INJURY / DRIVE AWAY,UNABLE TO DETERMINE,2,7,NO INDICATION OF INJURY,0,0,14,1,41.9310210058,-87.6768640181
03/28/2026 12:52:00 PM,30,CLEAR,DAYLIGHT,PARKED MOTOR VEHICLE,NOT DIVIDED,DRY,NO INJURY / DRIVE AWAY,FOLLOWING TOO CLOSELY,2,3,NO INDICATION OF INJURY,0,0,12,7,42.0202489077,-87.668095339
06/27/2024 06:00:00 AM,30,UNKNOWN,UNKNOWN,PARKED MOTOR VEHICLE,UNKNOWN,UNKNOWN,NO INJURY / DRIVE AWAY,UNABLE TO DETERMINE,2,6,NO INDICATION OF INJURY,0,0,6,5,41.9558175504,-87.6503362287
02/11/2023 10:45:00 AM,30,CLEAR,DAYLIGHT,REAR END,DIVIDED - W/MEDIAN (NOT RAISED),DRY,NO INJURY / DRIVE AWAY,FOLLOWING TOO CLOSELY,2,2,NO INDICATION OF INJURY,0,0,10,7,41.9644511676,-87.7477764313
02/22/2025 10:40:00 PM,30,CLEAR,"DARKNESS, LIGHTED ROAD",REAR END,NOT DIVIDED,DRY,NO INJURY / DRIVE AWAY,UNABLE TO DETERMINE,2,2,NO INDICATION OF INJURY,0,0,22,7,41.8652245089,-87.6467135809
07/02/2022 05:50:00 PM,25,UNKNOWN,UNKNOWN,PARKED MOTOR VEHICLE,PARKING LOT,UNKNOWN,NO INJURY / DRIVE AWAY,UNABLE TO DETERMINE,2,7,NO INDICATION OF INJURY,0,0,17,7,41.9258928802,-87.7662048258
07/08/2024 12:02:00 AM,35,CLEAR,DAYLIGHT,PARKED MOTOR VEHICLE,NOT DIVIDED,DRY,NO INJURY / DRIVE AWAY,UNABLE TO DETERMINE,2,7,NO INDICATION OF INJURY,0,0,0,2,41.9645227223,-87.7245554703
09/01/2025 09:52:00 PM,25,CLEAR,"DARKNESS, LIGHTED ROAD",FIXED OBJECT,OTHER,DRY,INJURY AND / OR TOW DUE TO CRASH,UNABLE TO DETERMINE,1,9,NO INDICATION OF INJURY,0,0,21,2,41.7794692837,-87.7218799355
09/24/2024 05:27:00 AM,30,RAIN,DAWN,ANGLE,FOUR WAY,WET,INJURY AND / OR TOW DUE TO CRASH,UNABLE TO DETERMINE,2,9,NO INDICATION OF INJURY,0,0,5,3,41.8230359532,-87.6874200406
10/27/2023 03:50:00 PM,30,CLEAR,DAYLIGHT,REAR END,NOT DIVIDED,DRY,NO INJURY / DRIVE AWAY,UNABLE TO DETERMINE,2,10,NO INDICATION OF INJURY,0,0,15,6,41.9293986476,-87.7081559712
08/15/2025 04:30:00 AM,35,CLEAR,"DARKNESS, LIGHTED ROAD",PARKED MOTOR VEHICLE,ONE-WAY,DRY,NO INJURY / DRIVE AWAY,UNABLE TO DETERMINE,2,8,NO INDICATION OF INJURY,0,0,4,6,41.9346464994,-87.723532913
09/18/2023 07:57:00 AM,30,CLEAR,DAYLIGHT,TURNING,DIVIDED - W/MEDIAN (NOT RAISED),DRY,NO INJURY / DRIVE AWAY,FAILING TO YIELD RIGHT-OF-WAY,2,9,NO INDICATION OF INJURY,0,0,7,2,41.9246242332,-87.7269211414