CRASH_DATE,POSTED_SPEED_LIMIT,WEATHER_CONDITION,LIGHTING_CONDITION,FIRST_CRASH_TYPE,TRAFFICWAY_TYPE,ROADWAY_SURFACE_COND,CRASH_TYPE,PRIM_CONTRIBUTORY_CAUSE,NUM_UNITS,CRASH_MONTH,MOST_SEVERE_INJURY,INJURIES_TOTAL,INJURIES_FATAL,CRASH_HOUR,CRASH_DAY_OF_WEEK,LATITUDE,LONGITUDE
11/08/2023 07:27:00 AM,30,RAIN,DAYLIGHT,PEDESTRIAN,FOUR WAY,WET,NO INJURY / DRIVE AWAY,FAILING TO YIELD RIGHT-OF-WAY,2,11,NO INDICATION OF INJURY,0,0,7,4,41.9537370514,-87.7277666118
02/23/2022 01:00:00 PM,30,CLEAR,DAYLIGHT,REAR END,DIVIDED - W/MEDIAN (NOT RAISED),DRY,NO INJURY / DRIVE AWAY,UNABLE TO DETERMINE,2,2,NO INDICATION OF INJURY,0,0,13,4,41.8879821894,-87.7551969875
08/08/2023 12:00:00 PM,30,CLEAR,DAYLIGHT,PEDESTRIAN,NOT DIVIDED,DRY,INJURY AND / OR TOW DUE TO CRASH,CELL PHONE USE OTHER THAN TEXTING,2,8,NONINCAPACITATING INJURY,1,0,12,3,41.7732125487,-87.5874137517
05/19/2022 03:20:00 PM,30,CLEAR,DAYLIGHT,REAR END,DIVIDED - W/MEDIAN (NOT RAISED),DRY,NO INJURY / DRIVE AWAY,UNABLE TO DETERMINE,2,5,NO INDICATION OF INJURY,0,0,15,5,41.9390862529,-87.7240729962
03/30/2026 11:29:00 AM,30,CLEAR,DAYLIGHT,TURNING,NOT DIVIDED,DRY,INJURY AND / OR TOW DUE TO CRASH,IMPROPER TURNING/NO SIGNAL,2,3,NO INDICATION OF INJURY,0,0,11,2,41.8374687847,-87.6951780717
08/19/2022 03:59:00 PM,25,CLEAR,DAYLIGHT,SIDESWIPE SAME DIRECTION,ONE-WAY,DRY,INJURY AND / OR TOW DUE TO CRASH,FAILING TO YIELD RIGHT-OF-WAY,2,8,NO INDICATION OF INJURY,0,0,15,6,41.9169849263,-87.7291405004
01/26/2024 06:40:00 AM,30,RAIN,DAYLIGHT,SIDESWIPE SAME DIRECTION,DIVIDED - W/MEDIAN BARRIER,WET,NO INJURY / DRIVE AWAY,UNABLE TO DETERMINE,2,1,NO INDICATION OF INJURY,0,0,6,6,41.9521961246,-87.7081160425
01/01/2024 01:30:00 AM,30,UNKNOWN,"DARKNESS, LIGHTED ROAD",REAR END,DIVIDED - W/MEDIAN (NOT RAISED),UNKNOWN,NO INJURY / DRIVE AWAY,FOLLOWING TOO CLOSELY,2,1,NO INDICATION OF INJURY,0,0,1,2,41.7717338405,-87.6930567242
03/09/2026 04:54:00 PM,30,CLEAR,DAYLIGHT,TURNING,NOT DIVIDED,DRY,NO INJURY / DRIVE AWAY,IMPROPER TURNING/NO SIGNAL,2,3,NO INDICATION OF INJURY,0,0,16,2,41.8924584618,-87.6116987911
11/06/2024 05:30:00 PM,30,CLEAR,UNKNOWN,PARKED MOTOR VEHICLE,DIVIDED - W/MEDIAN BARRIER,UNKNOWN,NO INJURY / DRIVE AWAY,UNABLE TO DETERMINE,2,11,NO INDICATION OF INJURY,0,0,17,4,41.903983207,-87.721244898
08/14/2025 12:05:00 PM,30,UNKNOWN,UNKNOWN,PARKED MOTOR VEHICLE,ONE-WAY,UNKNOWN,NO INJURY / DRIVE AWAY,UNABLE TO DETERMINE,2,8,NO INDICATION OF INJURY,0,0,12,5,41.8819664488,-87.6412758255
04/22/2021 08:38:00 AM,30,CLEAR,DAYLIGHT,SIDESWIPE SAME DIRECTION,FOUR WAY,DRY,NO INJURY / DRIVE AWAY,IMPROPER OVERTAKING/PASSING,2,4,NO INDICATION OF INJURY,0,0,8,5,41.7894353063,-87.6051282376
02/07/2023 03:25:00 PM,30,CLEAR,DAYLIGHT,TURNING,NOT DIVIDED,SNOW OR SLUSH,NO INJURY / DRIVE AWAY,FOLLOWING TOO CLOSELY,2,2,NO INDICATION OF INJURY,0,0,15,3,41.8303649686,-87.6678899197
06/11/2025 01:05:00 PM,30,CLEAR,DAYLIGHT,OTHER OBJECT,ONE-WAY,DRY,NO INJURY / DRIVE AWAY,EQUIPMENT - VEHICLE CONDITION,1,6,NO INDICATION OF INJURY,0,0,13,4,41.9495649691,-87.7547896841
02/11/2023 02:40:00 PM,30,CLEAR,DAYLIGHT,REAR END,NOT DIVIDED,DRY,NO INJURY / DRIVE AWAY,FOLLOWING TOO CLOSELY,2,2,NO INDICATION OF INJURY,0,0,14,7,41.9321207191,-87.6977653004
01/06/2025 01:42:00 PM,30,CLEAR,DAYLIGHT,REAR END,NOT DIVIDED,WET,NO INJURY / DRIVE AWAY,UNABLE TO DETERMINE,2,1,NO INDICATION OF INJURY,0,0,13,2,41.7966060745,-87.7430040257
09/06/2024 02:30:00 PM,30,CLEAR,DAYLIGHT,SIDESWIPE SAME DIRECTION,DIVIDED - W/MEDIAN (NOT RAISED),DRY,NO INJURY / DRIVE AWAY,UNABLE TO DETERMINE,2,9,NO INDICATION OF INJURY,0,0,14,6,41.9580320793,-87.6547925969
06/07/2022 07:20:00 AM,35,CLEAR,DAYLIGHT,SIDESWIPE SAME DIRECTION,NOT DIVIDED,DRY,NO INJURY / DRIVE AWAY,UNABLE TO DETERMINE,2,6,NO INDICATION OF INJURY,0,0,7,3,41.9500061816,-87.7963136998
01/14/2026 08:21:00 AM,35,SNOW,DAYLIGHT,REAR END,FOUR WAY,SNOW OR SLUSH,INJURY AND / OR TOW DUE TO CRASH,WEATHER,2,1,NONINCAPACITATING INJURY,1,0,8,4,41.8077692539,-87.7433013084
08/30/2022 02:35:00 PM,25,CLEAR,DAYLIGHT,REAR TO REAR,PARKING LOT,DRY,NO INJURY / DRIVE AWAY,IMPROPER BACKING,2,8,NO INDICATION OF INJURY,0,0,14,3,41.7565454141,-87.6634438529
07/03/2021 10:50:00 AM,30,CLEAR,DAYLIGHT,REAR END,NOT DIVIDED,DRY,NO INJURY / DRIVE AWAY,FOLLOWING TOO CLOSELY,2,7,NO INDICATION OF INJURY,0,0,10,7,41.7072177336,-87.6129453845
03/29/2021 04:40:00 PM,30,CLEAR,DUSK,PARKED MOTOR VEHICLE,NOT DIVIDED,DRY,INJURY AND / OR TOW DUE TO CRASH,"OPERATING VEHICLE IN ERRATIC, RECKLESS, CARELESS, NEGLIGENT OR AGGRESSIVE MANNER",2,3,NO INDICATION OF INJURY,0,0,16,2,41.725910635,-87.632212381
12/23/2024 03:30:00 PM,30,CLEAR,DAYLIGHT,PARKED MOTOR VEHICLE,PARKING LOT,DRY,NO INJURY / DRIVE AWAY,UNABLE TO DETERMINE,2,12,NO INDICATION OF INJURY,0,0,15,2,41.7546601244,-87.7413847586
12/11/2021 12:00:00 AM,35,RAIN,"DARKNESS, LIGHTED ROAD",PARKED MOTOR VEHICLE,ONE-WAY,WET,NO INJURY / DRIVE AWAY,IMPROPER OVERTAKING/PASSING,2,12,NO INDICATION OF INJURY,0,0,0,7,41.7344357702,-87.6242633782
10/07/2025 06:00:00 AM,30,RAIN,DAWN,FIXED OBJECT,NOT DIVIDED,WET,NO INJURY / DRIVE AWAY,UNABLE TO DETERMINE,1,10,NO INDICATION OF INJURY,0,0,6,3,41.8744890567,-87.6273652954
03/05/2026 08:20:00 AM,30,RAIN,DAYLIGHT,REAR END,DIVIDED - W/MEDIAN (NOT RAISED),WET,NO INJURY / DRIVE AWAY,WEATHER,2,3,NO INDICATION OF INJURY,0,0,8,5,41.9538731321,-87.6965943482
11/20/2022 02:00:00 PM,15,CLEAR,DAYLIGHT,PARKED MOTOR VEHICLE,ONE-WAY,DRY,NO INJURY / DRIVE AWAY,UNABLE TO DETERMINE,2,11,NO INDICATION OF INJURY,0,0,14,1,41.7693216545,-87.7248162581
12/23/2022 08:55:00 PM,30,CLEAR,"DARKNESS, LIGHTED ROAD",ANGLE,FOUR WAY,SNOW OR SLUSH,INJURY AND / OR TOW DUE TO CRASH,DISREGARDING TRAFFIC SIGNALS,2,12,NONINCAPACITATING INJURY,3,0,20,6,41.7946423304,-87.6318434161
02/19/2022 07:00:00 PM,35,CLEAR,"DARKNESS, LIGHTED ROAD",ANGLE,DIVIDED - W/MEDIAN (NOT RAISED),UNKNOWN,NO INJURY / DRIVE AWAY,UNABLE TO DETERMINE,2,2,NO INDICATION OF INJURY,0,0,19,7,41.7939813466,-87.6841417413
01/29/2024 11:20:00 AM,30,CLEAR,DAYLIGHT,TURNING,FOUR WAY,DRY,NO INJURY / DRIVE AWAY,UNABLE TO DETERMINE,2,1,NO INDICATION OF INJURY,0,0,11,2,41.9974814463,-87.7091980696
07/29/2022 11:00:00 PM,20,CLEAR,DAYLIGHT,PARKED MOTOR VEHICLE,ONE-WAY,DRY,NO INJURY / DRIVE AWAY,UNABLE TO DETERMINE,3,7,NO INDICATION OF INJURY,0,0,23,6,41.8900932008,-87.7143385781
01/14/2025 08:25:00 AM,30,SNOW,DAYLIGHT,REAR END,NOT DIVIDED,SNOW OR SLUSH,NO INJURY / DRIVE AWAY,WEATHER,2,1,NO INDICATION OF INJURY,0,0,8,3,41.7505495594,-87.6441883678
08/17/2021 11:20:00 AM,30,CLEAR,DAYLIGHT,PARKED MOTOR VEHICLE,PARKING LOT,DRY,NO INJURY / DRIVE AWAY,IMPROPER BACKING,2,8,NO INDICATION OF INJURY,0,0,11,3,41.8174947756,-87.698459345
01/31/2023 11:57:00 AM,30,CLEAR,DAYLIGHT,SIDESWIPE SAME DIRECTION,DIVIDED - W/MEDIAN (NOT RAISED),DRY,NO INJURY / DRIVE AWAY,UNABLE TO DETERMINE,2,1,NO INDICATION OF INJURY,0,0,11,3,41.7918520654,-87.8013777989
08/31/2023 08:00:00 AM,10,CLEAR,DAYLIGHT,FIXED OBJECT,ALLEY,DRY,NO INJURY / DRIVE AWAY,UNABLE TO DETERMINE,1,8,NO INDICATION OF INJURY,0,0,8,5,41.7660072301,-87.6916926614
05/08/2022 12:20:00 PM,30,CLEAR,DAYLIGHT,REAR END,NOT DIVIDED,UNKNOWN,NO INJURY / DRIVE AWAY,UNABLE TO DETERMINE,2,5,NO INDICATION OF INJURY,0,0,12,1,41.8311723043,-87.6214529907
02/10/2021 03:04:00 PM,30,SNOW,DAYLIGHT,TURNING,NOT DIVIDED,SNOW OR SLUSH,NO INJURY / DRIVE AWAY,UNABLE TO DETERMINE,2,2,NO INDICATION OF INJURY,0,0,15,4,41.9122544314,-87.6348911354
06/14/2025 09:11:00 PM,35,CLEAR,"DARKNESS, LIGHTED ROAD",REAR END,DIVIDED - W/MEDIAN (NOT RAISED),DRY,INJURY AND / OR TOW DUE TO CRASH,UNABLE TO DETERMINE,3,6,NONINCAPACITATING INJURY,2,0,21,7,41.8163578773,-87.743526691
01/20/2022 03:20:00 PM,25,CLEAR,DAYLIGHT,PARKED MOTOR VEHICLE,NOT DIVIDED,UNKNOWN,NO INJURY / DRIVE AWAY,UNABLE TO DETERMINE,2,1,NO INDICATION OF INJURY,0,0,15,5,41.9508136202,-87.7309098538
05/02/2025 11:00:00 PM,25,UNKNOWN,UNKNOWN,PARKED MOTOR VEHICLE,ONE-WAY,UNKNOWN,NO INJURY / DRIVE AWAY,UNABLE TO DETERMINE,2,5,NO INDICATION OF INJURY,0,0,23,6,41.95770341,-87.7168542322
03/01/2025 08:23:00 AM,30,CLEAR,DAYLIGHT,TURNING,FOUR WAY,DRY,INJURY AND / OR TOW DUE TO CRASH,DISREGARDING TRAFFIC SIGNALS,2,3,NO INDICATION OF INJURY,0,0,8,7,41.7623619184,-87.5863772347
06/15/2024 09:40:00 AM,30,CLEAR,DAYLIGHT,REAR END,NOT DIVIDED,DRY,INJURY AND / OR TOW DUE TO CRASH,DISTRACTION - FROM INSIDE VEHICLE,3,6,NO INDICATION OF INJURY,0,0,9,7,41.9561296209,-87.7326946804
08/28/2024 03:30:00 PM,30,CLEAR,DAYLIGHT,SIDESWIPE SAME DIRECTION,NOT DIVIDED,UNKNOWN,NO INJURY / DRIVE AWAY,UNABLE TO DETERMINE,2,8,NO INDICATION OF INJURY,0,0,15,4,41.8010830667,-87.6948873247
11/05/2024 06:38:00 PM,30,RAIN,"DARKNESS, LIGHTED ROAD",ANGLE,FOUR WAY,WET,NO INJURY / DRIVE AWAY,DRIVING SKILLS/KNOWLEDGE/EXPERIENCE,2,11,NO INDICATION OF INJURY,0,0,18,3,41.7691231319,-87.6219348072
09/13/2021 01:54:00 AM,35,CLEAR,"DARKNESS, LIGHTED ROAD",PARKED MOTOR VEHICLE,NOT DIVIDED,DRY,INJURY AND / OR TOW DUE TO CRASH,IMPROPER LANE USAGE,5,9,NONINCAPACITATING INJURY,1,0,1,2,41.7552302336,-87.658567055
12/21/2022 05:48:00 PM,30,CLOUDY/OVERCAST,"DARKNESS, LIGHTED ROAD",REAR END,NOT DIVIDED,DRY,NO INJURY / DRIVE AWAY,FOLLOWING TOO CLOSELY,2,12,NO INDICATION OF INJURY,0,0,17,4,41.9320672505,-87.713435167
08/13/2022 12:00:00 PM,30,UNKNOWN,UNKNOWN,PARKED MOTOR VEHICLE,FOUR WAY,UNKNOWN,NO INJURY / DRIVE AWAY,UNABLE TO DETERMINE,2,8,NO INDICATION OF INJURY,0,0,12,7,41.8136702707,-87.6929972391
12/17/2025 08:00:00 AM,25,CLEAR,DAYLIGHT,REAR TO FRONT,ONE-WAY,SNOW OR SLUSH,NO INJURY / DRIVE AWAY,IMPROPER BACKING,2,12,NO INDICATION OF INJURY,0,0,8,4,41.922153531,-87.7575385679
09/16/2022 09:16:00 PM,30,CLEAR,"DARKNESS, LIGHTED ROAD",REAR END,T-INTERSECTION,DRY,NO INJURY / DRIVE AWAY,FOLLOWING TOO CLOSELY,2,9,NO INDICATION OF INJURY,0,0,21,6,41.8815876162,-87.72584256
07/27/2021 05:09:00 PM,25,CLEAR,DAYLIGHT,TURNING,ONE-WAY,DRY,NO INJURY / DRIVE AWAY,FAILING TO YIELD RIGHT-OF-WAY,2,7,NO INDICATION OF INJURY,0,0,17,3,41.9384226345,-87.7712068737
09/02/2024 03:10:00 PM,30,CLEAR,DAYLIGHT,ANGLE,NOT DIVIDED,DRY,INJURY AND / OR TOW DUE TO CRASH,IMPROPER LANE USAGE,2,9,"REPORTED, NOT EVIDENT",1,0,15,2,41.7292588056,-87.5544684354
11/07/2023 10:11:00 AM,30,CLEAR,DAYLIGHT,OTHER OBJECT,DIVIDED - W/MEDIAN (NOT RAISED),DRY,INJURY AND / OR TOW DUE TO CRASH,UNABLE TO DETERMINE,1,11,NO INDICATION OF INJURY,0,0,10,3,41.7389674389,-87.575603994
01/03/2026 01:30:00 PM,30,CLEAR,DAYLIGHT,REAR END,DIVIDED - W/MEDIAN BARRIER,DRY,NO INJURY / DRIVE AWAY,CELL PHONE USE OTHER THAN TEXTING,2,1,NO INDICATION OF INJURY,0,0,13,7,41.7514429054,-87.5855058933
09/07/2022 01:00:00 AM,30,CLEAR,DAYLIGHT,PARKED MOTOR VEHICLE,NOT DIVIDED,DRY,NO INJURY / DRIVE AWAY,UNABLE TO DETERMINE,2,9,NO INDICATION OF INJURY,0,0,1,4,41.958130858,-87.6677929194
04/28/2025 03:30:00 PM,30,CLEAR,DAYLIGHT,REAR END,NOT DIVIDED,DRY,NO INJURY / DRIVE AWAY,FOLLOWING TOO CLOSELY,3,4,NO INDICATION OF INJURY,0,0,15,2,41.9910138951,-87.8067150434
06/28/2021 05:15:00 AM,40,CLEAR,DAYLIGHT,SIDESWIPE SAME DIRECTION,DIVIDED - W/MEDIAN BARRIER,DRY,NO INJURY / DRIVE AWAY,UNABLE TO DETERMINE,2,6,NO INDICATION OF INJURY,0,0,5,2,41.8894828493,-87.6142806147
11/23/2022 10:33:00 AM,30,CLEAR,DAYLIGHT,PEDESTRIAN,NOT DIVIDED,DRY,INJURY AND / OR TOW DUE TO CRASH,NOT APPLICABLE,2,11,NONINCAPACITATING INJURY,1,0,10,4,41.9461123265,-87.7568027102
04/12/2024 08:00:00 AM,30,CLEAR,DAYLIGHT,PARKED MOTOR VEHICLE,ONE-WAY,DRY,NO INJURY / DRIVE AWAY,UNABLE TO DETERMINE,2,4,NO INDICATION OF INJURY,0,0,8,6,41.7729737406,-87.6869904403
04/26/2023 11:15:00 PM,30,CLEAR,"DARKNESS, LIGHTED ROAD",REAR END,NOT DIVIDED,DRY,NO INJURY / DRIVE AWAY,UNABLE TO DETERMINE,2,4,NO INDICATION OF INJURY,0,0,23,4,41.7561096449,-87.6510612064
08/29/2023 05:15:00 PM,30,CLEAR,DAYLIGHT,OTHER OBJECT,NOT DIVIDED,DRY,INJURY AND / OR TOW DUE TO CRASH,FAILING TO YIELD RIGHT-OF-WAY,2,8,INCAPACITATING INJURY,1,0,17,3,41.8912307869,-87.6398459931
09/28/2025 05:47:00 PM,25,CLEAR,DUSK,TURNING,FOUR WAY,DRY,NO INJURY / DRIVE AWAY,TURNING RIGHT ON RED,3,9,NO INDICATION OF INJURY,0,0,17,1,41.7026858266,-87.5597477072
07/08/2024 08:00:00 AM,30,CLEAR,DAYLIGHT,PARKED MOTOR VEHICLE,NOT DIVIDED,DRY,NO INJURY / DRIVE AWAY,UNABLE TO DETERMINE,2,7,,,,8,2,41.8894005245,-87.6532647705
09/11/2022 02:20:00 AM,20,CLEAR,"DARKNESS, LIGHTED ROAD",PARKED MOTOR VEHICLE,NOT DIVIDED,DRY,NO INJURY / DRIVE AWAY,"EVASIVE ACTION DUE TO ANIMAL, OBJECT, NONMOTORIST",2,9,NO INDICATION OF INJURY,0,0,2,1,41.7632946511,-87.657550907
07/08/2021 02:20:00 AM,30,CLEAR,"DARKNESS, LIGHTED ROAD",FIXED OBJECT,DIVIDED - W/MEDIAN BARRIER,DRY,INJURY AND / OR TOW DUE TO CRASH,UNDER THE INFLUENCE OF ALCOHOL/DRUGS (USE WHEN ARREST IS EFFECTED),1,7,NO INDICATION OF INJURY,0,0,2,5,41.8742710285,-87.6689556419
03/12/2021 07:00:00 PM,30,CLEAR,DARKNESS,PARKED MOTOR VEHICLE,NOT DIVIDED,DRY,NO INJURY / DRIVE AWAY,IMPROPER OVERTAKING/PASSING,2,3,NO INDICATION OF INJURY,0,0,19,6,41.7473051022,-87.6997362886
06/15/2025 06:40:00 AM,30,CLEAR,DAYLIGHT,TURNING,CENTER TURN LANE,DRY,NO INJURY / DRIVE AWAY,UNABLE TO DETERMINE,2,6,NO INDICATION OF INJURY,0,0,6,1,41.9322970111,-87.6783610875
11/26/2023 09:30:00 PM,20,SNOW,"DARKNESS, LIGHTED ROAD",PARKED MOTOR VEHICLE,ONE-WAY,WET,NO INJURY / DRIVE AWAY,UNABLE TO DETERMINE,2,11,NO INDICATION OF INJURY,0,0,21,1,41.9997351349,-87.7010728782
02/10/2021 10:04:00 PM,30,CLEAR,"DARKNESS, LIGHTED ROAD",PARKED MOTOR VEHICLE,ONE-WAY,SNOW OR SLUSH,INJURY AND / OR TOW DUE TO CRASH,UNABLE TO DETERMINE,2,2,NO INDICATION OF INJURY,0,0,22,4,41.7570441829,-87.6229773094
12/29/2022 06:50:00 PM,30,CLEAR,"DARKNESS, LIGHTED ROAD",TURNING,T-INTERSECTION,UNKNOWN,INJURY AND / OR TOW DUE TO CRASH,FAILING TO YIELD RIGHT-OF-WAY,2,12,NO INDICATION OF INJURY,0,0,18,5,42.0050296209,-87.6959710313
10/14/2025 01:35:00 AM,30,CLEAR,"DARKNESS, LIGHTED ROAD",FIXED OBJECT,NOT DIVIDED,DRY,INJURY AND / OR TOW DUE TO CRASH,FAILING TO REDUCE SPEED TO AVOID CRASH,2,10,NO INDICATION OF INJURY,0,0,1,3,41.7928806453,-87.7587880013
12/14/2025 12:09:00 PM,30,CLEAR,DAYLIGHT,ANGLE,NOT DIVIDED,DRY,INJURY AND / OR TOW DUE TO CRASH,DISREGARDING TRAFFIC SIGNALS,2,12,"REPORTED, NOT EVIDENT",2,0,12,1,41.7504749298,-87.6538833344
04/15/2025 03:30:00 PM,30,CLOUDY/OVERCAST,DAYLIGHT,PARKED MOTOR VEHICLE,NOT DIVIDED,DRY,INJURY AND / OR TOW DUE TO CRASH,DRIVING SKILLS/KNOWLEDGE/EXPERIENCE,2,4,NO INDICATION OF INJURY,0,0,15,3,41.971895814,-87.7133151086
06/20/2023 02:30:00 PM,30,CLEAR,DAYLIGHT,REAR END,NOT DIVIDED,DRY,NO INJURY / DRIVE AWAY,UNABLE TO DETERMINE,2,6,NO INDICATION OF INJURY,0,0,14,3,41.9107061083,-87.6701982042
03/26/2024 12:18:00 PM,15,RAIN,DAYLIGHT,ANGLE,ALLEY,WET,NO INJURY / DRIVE AWAY,"OPERATING VEHICLE IN ERRATIC, RECKLESS, CARELESS, NEGLIGENT OR AGGRESSIVE MANNER",2,3,NO INDICATION OF INJURY,0,0,12,3,41.6934978184,-87.6318876818
08/03/2021 05:00:00 PM,30,CLEAR,DAYLIGHT,REAR END,NOT DIVIDED,DRY,INJURY AND / OR TOW DUE TO CRASH,DRIVING SKILLS/KNOWLEDGE/EXPERIENCE,3,8,"REPORTED, NOT EVIDENT",1,0,17,3,41.7655725021,-87.6445697763
10/07/2024 01:20:00 PM,35,CLEAR,DAYLIGHT,PEDALCYCLIST,NOT DIVIDED,DRY,INJURY AND / OR TOW DUE TO CRASH,"VISION OBSCURED (SIGNS, TREE LIMBS, BUILDINGS, ETC.)",2,10,NONINCAPACITATING INJURY,1,0,13,2,41.9109445155,-87.6481251893
08/04/2024 03:51:00 PM,30,CLEAR,DAYLIGHT,TURNING,NOT DIVIDED,DRY,NO INJURY / DRIVE AWAY,UNABLE TO DETERMINE,2,8,NO INDICATION OF INJURY,0,0,15,1,41.8577259924,-87.6688011467
03/23/2026 01:51:00 PM,30,CLEAR,DAYLIGHT,TURNING,FOUR WAY,DRY,NO INJURY / DRIVE AWAY,UNABLE TO DETERMINE,2,3,NO INDICATION OF INJURY,0,0,13,2,41.9975776286,-87.6923796946
04/07/2026 05:07:00 PM,25,CLEAR,DAYLIGHT,TURNING,OTHER,DRY,INJURY AND / OR TOW DUE TO CRASH,FAILING TO YIELD RIGHT-OF-WAY,2,4,NONINCAPACITATING INJURY,3,0,17,3,41.6602252367,-87.5935709932
11/16/2022 06:05:00 PM,30,CLEAR,"DARKNESS, LIGHTED ROAD",SIDESWIPE SAME DIRECTION,NOT DIVIDED,DRY,NO INJURY / DRIVE AWAY,IMPROPER OVERTAKING/PASSING,2,11,NO INDICATION OF INJURY,0,0,18,4,41.9806313257,-87.8052779642
10/16/2023 01:00:00 PM,30,CLEAR,DAYLIGHT,PARKED MOTOR VEHICLE,PARKING LOT,DRY,NO INJURY / DRIVE AWAY,UNABLE TO DETERMINE,2,10,NO INDICATION OF INJURY,0,0,13,2,41.9174864006,-87.708990971
11/28/2021 04:30:00 AM,30,CLEAR,"DARKNESS, LIGHTED ROAD",REAR END,ONE-WAY,DRY,NO INJURY / DRIVE AWAY,FOLLOWING TOO CLOSELY,2,11,NO INDICATION OF INJURY,0,0,4,1,41.8932832733,-87.6351192243
08/02/2024 03:00:00 PM,30,CLEAR,DAYLIGHT,SIDESWIPE SAME DIRECTION,NOT DIVIDED,DRY,INJURY AND / OR TOW DUE TO CRASH,IMPROPER OVERTAKING/PASSING,2,8,NO INDICATION OF INJURY,0,0,15,6,42.0029223589,-87.6606495291
04/24/2024 05:41:00 PM,30,CLEAR,DAYLIGHT,TURNING,T-INTERSECTION,DRY,INJURY AND / OR TOW DUE TO CRASH,IMPROPER TURNING/NO SIGNAL,2,4,NO INDICATION OF INJURY,0,0,17,4,41.8918234902,-87.6253177097
04/01/2024 01:55:00 PM,25,CLEAR,DAYLIGHT,TURNING,OTHER,DRY,NO INJURY / DRIVE AWAY,FAILING TO YIELD RIGHT-OF-WAY,2,4,NO INDICATION OF INJURY,0,0,13,2,41.9086112258,-87.6749320525
05/19/2025 10:55:00 PM,30,CLEAR,"DARKNESS, LIGHTED ROAD",PARKED MOTOR VEHICLE,DIVIDED - W/MEDIAN (NOT RAISED),DRY,NO INJURY / DRIVE AWAY,FAILING TO REDUCE SPEED TO AVOID CRASH,2,5,NO INDICATION OF INJURY,0,0,22,2,41.9175275852,-87.687555983
05/09/2023 08:15:00 AM,30,CLEAR,DAYLIGHT,TURNING,NOT DIVIDED,DRY,INJURY AND / OR TOW DUE TO CRASH,FAILING TO YIELD RIGHT-OF-WAY,2,5,NO INDICATION OF INJURY,0,0,8,3,41.902439548,-87.7481486262
07/16/2022 04:25:00 PM,35,CLEAR,DAYLIGHT,REAR END,NOT DIVIDED,DRY,NO INJURY / DRIVE AWAY,UNABLE TO DETERMINE,2,7,NO INDICATION OF INJURY,0,0,16,7,41.6914379577,-87.7034138947
06/29/2021 01:00:00 PM,30,CLEAR,DAYLIGHT,REAR END,NOT DIVIDED,DRY,NO INJURY / DRIVE AWAY,FAILING TO REDUCE SPEED TO AVOID CRASH,2,6,NO INDICATION OF INJURY,0,0,13,3,41.9459683281,-87.6880900033
01/11/2021 02:16:00 PM,30,CLEAR,DAYLIGHT,TURNING,NOT DIVIDED,DRY,NO INJURY / DRIVE AWAY,EQUIPMENT - VEHICLE CONDITION,2,1,NO INDICATION OF INJURY,0,0,14,2,41.9355670707,-87.6978681751
02/27/2021 05:15:00 PM,30,CLEAR,DAYLIGHT,SIDESWIPE OPPOSITE DIRECTION,DIVIDED - W/MEDIAN (NOT RAISED),DRY,NO INJURY / DRIVE AWAY,UNABLE TO DETERMINE,2,2,NO INDICATION OF INJURY,0,0,17,7,41.7563264206,-87.624050725
08/13/2021 08:13:00 PM,30,CLEAR,"DARKNESS, LIGHTED ROAD",HEAD ON,FOUR WAY,DRY,INJURY AND / OR TOW DUE TO CRASH,DRIVING ON WRONG SIDE/WRONG WAY,2,8,NO INDICATION OF INJURY,0,0,20,6,41.86192233,-87.6936980831
12/08/2023 05:50:00 PM,30,CLEAR,DARKNESS,REAR TO SIDE,NOT DIVIDED,DRY,NO INJURY / DRIVE AWAY,IMPROPER BACKING,2,12,NO INDICATION OF INJURY,0,0,17,6,41.9240493647,-87.6470214221
09/10/2024 02:38:00 PM,30,CLEAR,DAYLIGHT,REAR END,DIVIDED - W/MEDIAN (NOT RAISED),DRY,NO INJURY / DRIVE AWAY,DISREGARDING TRAFFIC SIGNALS,2,9,NO INDICATION OF INJURY,0,0,14,3,41.9021133851,-87.7165366747
10/09/2023 02:00:00 PM,30,CLEAR,DAYLIGHT,REAR TO SIDE,PARKING LOT,DRY,NO INJURY / DRIVE AWAY,IMPROPER BACKING,2,10,NO INDICATION OF INJURY,0,0,14,2,41.9448810738,-87.7128050888
05/13/2023 03:00:00 PM,30,CLEAR,DAYLIGHT,REAR END,T-INTERSECTION,DRY,NO INJURY / DRIVE AWAY,FOLLOWING TOO CLOSELY,2,5,NO INDICATION OF INJURY,0,0,15,7,41.8577524362,-87.6402859867
01/17/2026 04:30:00 PM,30,CLEAR,DAYLIGHT,PARKED MOTOR VEHICLE,PARKING LOT,DRY,NO INJURY / DRIVE AWAY,UNABLE TO DETERMINE,2,1,NO INDICATION OF INJURY,0,0,16,7,41.9689262366,-87.6745864921
08/08/2025 11:30:00 PM,30,CLEAR,"DARKNESS, LIGHTED ROAD",TURNING,FOUR WAY,DRY,NO INJURY / DRIVE AWAY,IMPROPER TURNING/NO SIGNAL,2,8,NO INDICATION OF INJURY,0,0,23,6,41.7800082774,-87.6255225119
02/25/2021 11:00:00 PM,25,CLEAR,"DARKNESS, LIGHTED ROAD",SIDESWIPE SAME DIRECTION,ONE-WAY,DRY,NO INJURY / DRIVE AWAY,IMPROPER OVERTAKING/PASSING,2,2,NO INDICATION OF INJURY,0,0,23,5,41.7413116644,-87.6654913476