CRASH_DATE,POSTED_SPEED_LIMIT,WEATHER_CONDITION,LIGHTING_CONDITION,FIRST_CRASH_TYPE,TRAFFICWAY_TYPE,ROADWAY_SURFACE_COND,CRASH_TYPE,PRIM_CONTRIBUTORY_CAUSE,NUM_UNITS,CRASH_MONTH,MOST_SEVERE_INJURY,INJURIES_TOTAL,INJURIES_FATAL,CRASH_HOUR,CRASH_DAY_OF_WEEK,LATITUDE,LONGITUDE
11/11/2024 08:00:00 PM,20,CLEAR,"DARKNESS, LIGHTED ROAD",REAR END,DIVIDED - W/MEDIAN (NOT RAISED),DRY,NO INJURY / DRIVE AWAY,FOLLOWING TOO CLOSELY,2,11,NO INDICATION OF INJURY,0,0,20,2,41.9170572416,-87.7264950869
08/21/2025 07:31:00 AM,20,CLEAR,DAYLIGHT,PEDALCYCLIST,NOT DIVIDED,DRY,NO INJURY / DRIVE AWAY,UNABLE TO DETERMINE,2,8,NO INDICATION OF INJURY,0,0,7,5,41.778567203,-87.7399094751
05/27/2022 04:53:00 PM,25,CLEAR,DAYLIGHT,PEDALCYCLIST,FOUR WAY,DRY,NO INJURY / DRIVE AWAY,NOT APPLICABLE,2,5,NO INDICATION OF INJURY,0,0,16,6,42.0050561187,-87.6950117996
07/28/2025 12:14:00 AM,30,CLEAR,"DARKNESS, LIGHTED ROAD",PARKED MOTOR VEHICLE,NOT DIVIDED,DRY,INJURY AND / OR TOW DUE TO CRASH,PHYSICAL CONDITION OF DRIVER,2,7,NO INDICATION OF INJURY,0,0,0,2,41.7825359088,-87.6544297162
01/11/2021 10:50:00 PM,30,CLEAR,"DARKNESS, LIGHTED ROAD",TURNING,NOT DIVIDED,DRY,NO INJURY / DRIVE AWAY,UNABLE TO DETERMINE,2,1,NO INDICATION OF INJURY,0,0,22,2,41.924850614,-87.7047559583
10/29/2021 07:30:00 AM,20,UNKNOWN,UNKNOWN,PARKED MOTOR VEHICLE,ONE-WAY,UNKNOWN,NO INJURY / DRIVE AWAY,UNABLE TO DETERMINE,2,10,NO INDICATION OF INJURY,0,0,7,6,41.9981560214,-87.7031815383
02/11/2025 12:20:00 PM,30,CLEAR,DAYLIGHT,FIXED OBJECT,NOT DIVIDED,DRY,NO INJURY / DRIVE AWAY,DRIVING SKILLS/KNOWLEDGE/EXPERIENCE,1,2,NO INDICATION OF INJURY,0,0,12,3,41.8466671869,-87.7345423633
06/12/2025 12:45:00 PM,30,CLEAR,DAYLIGHT,PARKED MOTOR VEHICLE,NOT DIVIDED,DRY,NO INJURY / DRIVE AWAY,UNABLE TO DETERMINE,2,6,NO INDICATION OF INJURY,0,0,12,5,41.7641050889,-87.6028940489
10/03/2024 11:25:00 AM,15,CLEAR,DAYLIGHT,REAR TO SIDE,PARKING LOT,DRY,NO INJURY / DRIVE AWAY,UNABLE TO DETERMINE,2,10,NO INDICATION OF INJURY,0,0,11,5,41.909764527,-87.7433762957
08/23/2022 01:35:00 PM,15,CLEAR,DAYLIGHT,PARKED MOTOR VEHICLE,OTHER,DRY,NO INJURY / DRIVE AWAY,UNABLE TO DETERMINE,2,8,NO INDICATION OF INJURY,0,0,13,3,41.8395863479,-87.6850884757
06/05/2023 07:30:00 PM,30,CLEAR,DARKNESS,PARKED MOTOR VEHICLE,ONE-WAY,DRY,NO INJURY / DRIVE AWAY,UNABLE TO DETERMINE,2,6,NO INDICATION OF INJURY,0,0,19,2,41.9203544586,-87.7571186847
05/12/2024 10:30:00 AM,25,CLEAR,DAYLIGHT,FIXED OBJECT,NOT DIVIDED,DRY,NO INJURY / DRIVE AWAY,NOT APPLICABLE,1,5,NO INDICATION OF INJURY,0,0,10,1,41.9931953666,-87.6570558131
03/08/2026 03:56:00 AM,30,CLEAR,DARKNESS,REAR END,NOT DIVIDED,DRY,NO INJURY / DRIVE AWAY,FOLLOWING TOO CLOSELY,2,3,NO INDICATION OF INJURY,0,0,3,1,41.9540279425,-87.7082349668
05/12/2024 02:55:00 PM,30,CLEAR,DAYLIGHT,ANGLE,DIVIDED - W/MEDIAN (NOT RAISED),DRY,INJURY AND / OR TOW DUE TO CRASH,DISREGARDING TRAFFIC SIGNALS,2,5,NO INDICATION OF INJURY,0,0,14,1,41.7063418472,-87.6768445161
07/15/2025 09:30:00 PM,30,CLEAR,DARKNESS,PARKED MOTOR VEHICLE,DIVIDED - W/MEDIAN (NOT RAISED),DRY,NO INJURY / DRIVE AWAY,UNABLE TO DETERMINE,2,7,NO INDICATION OF INJURY,0,0,21,3,41.857309539,-87.6659844274
04/09/2025 08:00:00 AM,30,CLOUDY/OVERCAST,DAYLIGHT,SIDESWIPE SAME DIRECTION,NOT DIVIDED,UNKNOWN,NO INJURY / DRIVE AWAY,UNABLE TO DETERMINE,2,4,NO INDICATION OF INJURY,0,0,8,4,41.9888847241,-87.6688872951
09/13/2025 08:31:00 AM,35,RAIN,DAYLIGHT,REAR END,DIVIDED - W/MEDIAN (NOT RAISED),WET,NO INJURY / DRIVE AWAY,FOLLOWING TOO CLOSELY,2,9,NO INDICATION OF INJURY,0,0,8,7,41.8089437295,-87.6474560169
05/29/2024 12:55:00 PM,30,CLEAR,DAYLIGHT,SIDESWIPE SAME DIRECTION,UNKNOWN,DRY,NO INJURY / DRIVE AWAY,IMPROPER LANE USAGE,2,5,NO INDICATION OF INJURY,0,0,12,4,41.9738885705,-87.7686630688
05/17/2024 08:00:00 PM,30,CLEAR,DARKNESS,PARKED MOTOR VEHICLE,NOT DIVIDED,UNKNOWN,NO INJURY / DRIVE AWAY,UNABLE TO DETERMINE,2,5,NO INDICATION OF INJURY,0,0,20,6,41.911206458,-87.7739676392
07/23/2021 05:00:00 PM,30,CLEAR,DAYLIGHT,SIDESWIPE SAME DIRECTION,NOT DIVIDED,DRY,NO INJURY / DRIVE AWAY,DRIVING SKILLS/KNOWLEDGE/EXPERIENCE,2,7,NO INDICATION OF INJURY,0,0,17,6,41.721330694,-87.6622593403
07/11/2025 01:25:00 PM,30,CLEAR,DAYLIGHT,TURNING,T-INTERSECTION,DRY,INJURY AND / OR TOW DUE TO CRASH,FAILING TO YIELD RIGHT-OF-WAY,2,7,NO INDICATION OF INJURY,0,0,13,6,41.8686149271,-87.7446914627
07/21/2023 03:30:00 PM,30,CLEAR,DAYLIGHT,SIDESWIPE SAME DIRECTION,ONE-WAY,DRY,INJURY AND / OR TOW DUE TO CRASH,FAILING TO YIELD RIGHT-OF-WAY,2,7,"REPORTED, NOT EVIDENT",1,0,15,6,41.7564004067,-87.6248696859
11/22/2023 01:30:00 PM,30,CLEAR,DAYLIGHT,PARKED MOTOR VEHICLE,DIVIDED - W/MEDIAN (NOT RAISED),DRY,NO INJURY / DRIVE AWAY,IMPROPER OVERTAKING/PASSING,2,11,NO INDICATION OF INJURY,0,0,13,4,41.7972792453,-87.7524979685
01/24/2025 09:06:00 PM,30,CLEAR,"DARKNESS, LIGHTED ROAD",REAR END,ONE-WAY,DRY,NO INJURY / DRIVE AWAY,FAILING TO REDUCE SPEED TO AVOID CRASH,2,1,NO INDICATION OF INJURY,0,0,21,6,41.8843014216,-87.6468658768
04/12/2023 11:30:00 AM,30,CLEAR,DAYLIGHT,SIDESWIPE SAME DIRECTION,ONE-WAY,DRY,NO INJURY / DRIVE AWAY,UNABLE TO DETERMINE,5,4,NO INDICATION OF INJURY,0,0,11,4,41.7504671373,-87.6246810429
04/07/2026 08:00:00 PM,30,CLEAR,DAYLIGHT,PARKED MOTOR VEHICLE,TRAFFIC ROUTE,UNKNOWN,NO INJURY / DRIVE AWAY,UNABLE TO DETERMINE,2,4,NO INDICATION OF INJURY,0,0,20,3,41.927486038,-87.7967328464
12/15/2025 12:50:00 AM,30,CLEAR,"DARKNESS, LIGHTED ROAD",REAR END,NOT DIVIDED,DRY,INJURY AND / OR TOW DUE TO CRASH,FOLLOWING TOO CLOSELY,2,12,NO INDICATION OF INJURY,0,0,0,2,41.9467918093,-87.6980943371
09/22/2022 07:00:00 PM,30,CLEAR,DAYLIGHT,PARKED MOTOR VEHICLE,NOT DIVIDED,DRY,NO INJURY / DRIVE AWAY,IMPROPER OVERTAKING/PASSING,2,9,NO INDICATION OF INJURY,0,0,19,5,41.8098283021,-87.7224917979
09/22/2024 02:03:00 PM,30,RAIN,DAYLIGHT,PARKED MOTOR VEHICLE,DIVIDED - W/MEDIAN (NOT RAISED),WET,NO INJURY / DRIVE AWAY,UNABLE TO DETERMINE,2,9,NO INDICATION OF INJURY,0,0,14,1,41.6511796409,-87.5473069548
09/04/2025 05:15:00 PM,30,CLEAR,DAYLIGHT,SIDESWIPE OPPOSITE DIRECTION,PARKING LOT,DRY,NO INJURY / DRIVE AWAY,UNABLE TO DETERMINE,2,9,NO INDICATION OF INJURY,0,0,17,5,41.9093910906,-87.7556742136
02/08/2026 01:30:00 PM,35,CLEAR,DAYLIGHT,TURNING,FOUR WAY,DRY,INJURY AND / OR TOW DUE TO CRASH,FAILING TO YIELD RIGHT-OF-WAY,2,2,NO INDICATION OF INJURY,0,0,13,1,41.9929375042,-87.6602103263
08/12/2021 06:20:00 PM,30,UNKNOWN,UNKNOWN,REAR END,NOT DIVIDED,UNKNOWN,NO INJURY / DRIVE AWAY,UNABLE TO DETERMINE,2,8,NO INDICATION OF INJURY,0,0,18,5,41.9311150703,-87.712128843
12/06/2022 01:00:00 PM,30,CLEAR,DAYLIGHT,TURNING,OTHER,DRY,NO INJURY / DRIVE AWAY,IMPROPER TURNING/NO SIGNAL,2,12,NO INDICATION OF INJURY,0,0,13,3,41.7442309734,-87.7023856851
04/17/2024 02:55:00 PM,30,CLEAR,DAYLIGHT,REAR END,NOT DIVIDED,DRY,INJURY AND / OR TOW DUE TO CRASH,FOLLOWING TOO CLOSELY,2,4,NO INDICATION OF INJURY,0,0,14,4,41.8689506342,-87.7352121046
10/15/2022 04:01:00 PM,35,CLEAR,DAYLIGHT,TURNING,DIVIDED - W/MEDIAN (NOT RAISED),DRY,INJURY AND / OR TOW DUE TO CRASH,UNABLE TO DETERMINE,2,10,"REPORTED, NOT EVIDENT",2,0,16,7,41.8987738254,-87.7465446912
12/29/2025 06:30:00 AM,30,SNOW,"DARKNESS, LIGHTED ROAD",PARKED MOTOR VEHICLE,ONE-WAY,SNOW OR SLUSH,INJURY AND / OR TOW DUE TO CRASH,UNABLE TO DETERMINE,2,12,NO INDICATION OF INJURY,0,0,6,2,41.9629952412,-87.7183086696
02/04/2026 07:24:00 PM,30,SNOW,DAWN,REAR END,OTHER,SNOW OR SLUSH,INJURY AND / OR TOW DUE TO CRASH,UNABLE TO DETERMINE,2,2,NONINCAPACITATING INJURY,1,0,19,4,41.7362094694,-87.6243055191
04/27/2022 05:30:00 PM,30,CLEAR,DAYLIGHT,PARKED MOTOR VEHICLE,NOT DIVIDED,DRY,NO INJURY / DRIVE AWAY,DRIVING SKILLS/KNOWLEDGE/EXPERIENCE,3,4,NO INDICATION OF INJURY,0,0,17,4,41.9504778542,-87.6895093125
01/10/2025 06:28:00 PM,30,SNOW,"DARKNESS, LIGHTED ROAD",PARKED MOTOR VEHICLE,ONE-WAY,SNOW OR SLUSH,NO INJURY / DRIVE AWAY,WEATHER,2,1,NO INDICATION OF INJURY,0,0,18,6,41.7483166524,-87.6450404032
08/31/2023 12:44:00 PM,35,CLEAR,DAYLIGHT,ANGLE,FOUR WAY,DRY,NO INJURY / DRIVE AWAY,IMPROPER TURNING/NO SIGNAL,2,8,NO INDICATION OF INJURY,0,0,12,5,41.749362768,-87.605332981
05/26/2023 11:11:00 AM,30,CLEAR,DAYLIGHT,ANGLE,FOUR WAY,DRY,NO INJURY / DRIVE AWAY,IMPROPER TURNING/NO SIGNAL,2,5,NO INDICATION OF INJURY,0,0,11,6,41.7579798647,-87.7415065432
05/17/2022 03:33:00 PM,30,RAIN,DAYLIGHT,REAR END,FOUR WAY,DRY,NO INJURY / DRIVE AWAY,FOLLOWING TOO CLOSELY,2,5,NO INDICATION OF INJURY,0,0,15,3,41.9942557546,-87.6862319938
06/30/2022 06:45:00 PM,30,CLEAR,DAYLIGHT,TURNING,NOT DIVIDED,DRY,INJURY AND / OR TOW DUE TO CRASH,FAILING TO YIELD RIGHT-OF-WAY,2,6,NONINCAPACITATING INJURY,1,0,18,5,41.959386457,-87.8368459205
02/08/2026 02:01:00 PM,30,UNKNOWN,UNKNOWN,REAR END,DIVIDED - W/MEDIAN (NOT RAISED),UNKNOWN,NO INJURY / DRIVE AWAY,FOLLOWING TOO CLOSELY,2,2,NO INDICATION OF INJURY,0,0,14,1,41.8953178517,-87.7213346914
08/09/2025 11:40:00 PM,30,CLEAR,"DARKNESS, LIGHTED ROAD",PARKED MOTOR VEHICLE,NOT DIVIDED,DRY,NO INJURY / DRIVE AWAY,UNABLE TO DETERMINE,2,8,NO INDICATION OF INJURY,0,0,23,7,41.9108236555,-87.6825052284
01/15/2026 11:30:00 AM,30,SNOW,DAYLIGHT,FIXED OBJECT,PARKING LOT,ICE,NO INJURY / DRIVE AWAY,WEATHER,1,1,NO INDICATION OF INJURY,0,0,11,5,41.7789785689,-87.664354296
04/14/2023 04:23:00 AM,35,CLEAR,DARKNESS,FIXED OBJECT,NOT DIVIDED,DRY,INJURY AND / OR TOW DUE TO CRASH,DISTRACTION - FROM OUTSIDE VEHICLE,1,4,NO INDICATION OF INJURY,0,0,4,6,41.8870921737,-87.7516320168
04/04/2024 02:39:00 PM,20,CLOUDY/OVERCAST,DAYLIGHT,SIDESWIPE SAME DIRECTION,NOT DIVIDED,WET,NO INJURY / DRIVE AWAY,UNABLE TO DETERMINE,2,4,NO INDICATION OF INJURY,0,0,14,5,41.8244054705,-87.711608754
02/01/2024 12:40:00 PM,20,CLEAR,DAYLIGHT,PARKED MOTOR VEHICLE,PARKING LOT,DRY,NO INJURY / DRIVE AWAY,UNABLE TO DETERMINE,2,2,NO INDICATION OF INJURY,0,0,12,5,41.865690107,-87.7653891147
05/31/2023 02:36:00 PM,30,CLEAR,DAYLIGHT,TURNING,FOUR WAY,DRY,NO INJURY / DRIVE AWAY,DRIVING SKILLS/KNOWLEDGE/EXPERIENCE,2,5,NO INDICATION OF INJURY,0,0,14,4,41.8529618416,-87.6320003897
05/19/2022 10:37:00 AM,25,CLEAR,DAYLIGHT,SIDESWIPE SAME DIRECTION,NOT DIVIDED,DRY,NO INJURY / DRIVE AWAY,FAILING TO YIELD RIGHT-OF-WAY,2,5,NO INDICATION OF INJURY,0,0,10,5,41.9978717427,-87.6880163178
04/22/2023 07:22:00 PM,30,CLEAR,DUSK,REAR END,ONE-WAY,DRY,INJURY AND / OR TOW DUE TO CRASH,FOLLOWING TOO CLOSELY,2,4,NO INDICATION OF INJURY,0,0,19,7,41.7329172903,-87.5718259908
03/20/2024 06:36:00 PM,30,CLEAR,DAYLIGHT,TURNING,FOUR WAY,DRY,INJURY AND / OR TOW DUE TO CRASH,IMPROPER OVERTAKING/PASSING,2,3,NO INDICATION OF INJURY,0,0,18,4,41.7615231316,-87.6541700694
08/27/2024 09:15:00 AM,30,CLEAR,DAYLIGHT,SIDESWIPE SAME DIRECTION,NOT DIVIDED,DRY,NO INJURY / DRIVE AWAY,IMPROPER OVERTAKING/PASSING,2,8,NO INDICATION OF INJURY,0,0,9,3,41.6776515426,-87.6600298659
07/30/2023 07:25:00 PM,30,CLEAR,DUSK,FIXED OBJECT,PARKING LOT,DRY,INJURY AND / OR TOW DUE TO CRASH,EQUIPMENT - VEHICLE CONDITION,1,7,NO INDICATION OF INJURY,0,0,19,1,41.8903891104,-87.7062530476
05/21/2025 04:41:00 PM,30,RAIN,DAYLIGHT,SIDESWIPE SAME DIRECTION,NOT DIVIDED,WET,NO INJURY / DRIVE AWAY,IMPROPER OVERTAKING/PASSING,2,5,NO INDICATION OF INJURY,0,0,16,4,41.8300290903,-87.7047615162
10/28/2024 07:21:00 PM,30,CLEAR,DARKNESS,PARKED MOTOR VEHICLE,NOT DIVIDED,DRY,INJURY AND / OR TOW DUE TO CRASH,UNABLE TO DETERMINE,3,10,NONINCAPACITATING INJURY,1,0,19,2,41.9238350688,-87.7682791741
11/04/2022 12:08:00 AM,25,CLEAR,"DARKNESS, LIGHTED ROAD",REAR END,NOT DIVIDED,DRY,INJURY AND / OR TOW DUE TO CRASH,FOLLOWING TOO CLOSELY,3,11,NONINCAPACITATING INJURY,1,0,0,6,41.896633749,-87.6343513372
07/03/2022 05:45:00 PM,30,CLEAR,DAYLIGHT,SIDESWIPE SAME DIRECTION,NOT DIVIDED,DRY,NO INJURY / DRIVE AWAY,UNABLE TO DETERMINE,2,7,NO INDICATION OF INJURY,0,0,17,1,41.8673626926,-87.6392931946
07/30/2021 02:45:00 PM,30,CLOUDY/OVERCAST,DAYLIGHT,REAR END,NOT DIVIDED,DRY,INJURY AND / OR TOW DUE TO CRASH,UNABLE TO DETERMINE,3,7,NO INDICATION OF INJURY,0,0,14,6,41.7069320715,-87.6529526327
05/30/2025 08:30:00 AM,30,CLEAR,DAYLIGHT,TURNING,DIVIDED - W/MEDIAN (NOT RAISED),DRY,NO INJURY / DRIVE AWAY,IMPROPER TURNING/NO SIGNAL,2,5,NO INDICATION OF INJURY,0,0,8,6,41.9856497986,-87.6553358066
05/30/2022 04:30:00 AM,30,CLEAR,"DARKNESS, LIGHTED ROAD",PARKED MOTOR VEHICLE,NOT DIVIDED,DRY,NO INJURY / DRIVE AWAY,UNABLE TO DETERMINE,2,5,NO INDICATION OF INJURY,0,0,4,2,41.9871468029,-87.7721851225
11/24/2025 03:00:00 PM,30,UNKNOWN,UNKNOWN,PARKED MOTOR VEHICLE,NOT DIVIDED,UNKNOWN,NO INJURY / DRIVE AWAY,UNABLE TO DETERMINE,2,11,NO INDICATION OF INJURY,0,0,15,2,41.9909038666,-87.6769304396
03/17/2021 12:38:00 PM,30,CLEAR,DAYLIGHT,SIDESWIPE SAME DIRECTION,NOT DIVIDED,DRY,NO INJURY / DRIVE AWAY,UNABLE TO DETERMINE,2,3,NO INDICATION OF INJURY,0,0,12,4,41.8548547611,-87.6613805684
05/30/2023 07:50:00 AM,30,CLEAR,DAYLIGHT,REAR TO FRONT,NOT DIVIDED,DRY,NO INJURY / DRIVE AWAY,UNABLE TO DETERMINE,2,5,NO INDICATION OF INJURY,0,0,7,3,41.8102963188,-87.6688077782
06/30/2024 08:15:00 PM,30,UNKNOWN,UNKNOWN,SIDESWIPE SAME DIRECTION,DIVIDED - W/MEDIAN (NOT RAISED),UNKNOWN,NO INJURY / DRIVE AWAY,IMPROPER OVERTAKING/PASSING,2,6,NO INDICATION OF INJURY,0,0,20,1,41.9395277997,-87.8400399547
08/27/2025 04:25:00 PM,30,CLEAR,DAYLIGHT,PARKED MOTOR VEHICLE,ONE-WAY,DRY,NO INJURY / DRIVE AWAY,IMPROPER BACKING,2,8,NO INDICATION OF INJURY,0,0,16,4,41.901042374,-87.6274901477
05/01/2021 05:15:00 PM,30,CLEAR,DAYLIGHT,SIDESWIPE SAME DIRECTION,NOT DIVIDED,DRY,NO INJURY / DRIVE AWAY,UNABLE TO DETERMINE,2,5,NO INDICATION OF INJURY,0,0,17,7,41.7962294836,-87.6450609908
04/03/2024 07:20:00 PM,30,RAIN,"DARKNESS, LIGHTED ROAD",REAR END,NOT DIVIDED,WET,NO INJURY / DRIVE AWAY,FOLLOWING TOO CLOSELY,2,4,NO INDICATION OF INJURY,0,0,19,4,41.7775650534,-87.7813231879
01/15/2022 10:00:00 PM,30,UNKNOWN,"DARKNESS, LIGHTED ROAD",PARKED MOTOR VEHICLE,NOT DIVIDED,WET,INJURY AND / OR TOW DUE TO CRASH,IMPROPER LANE USAGE,3,1,NO INDICATION OF INJURY,0,0,22,7,41.9547740547,-87.7763803628
09/05/2025 03:56:00 PM,30,CLEAR,DAYLIGHT,REAR END,NOT DIVIDED,DRY,NO INJURY / DRIVE AWAY,FOLLOWING TOO CLOSELY,2,9,NO INDICATION OF INJURY,0,0,15,6,41.760860926,-87.5760384941
03/26/2022 12:30:00 PM,30,CLOUDY/OVERCAST,DAYLIGHT,PARKED MOTOR VEHICLE,NOT DIVIDED,UNKNOWN,NO INJURY / DRIVE AWAY,IMPROPER OVERTAKING/PASSING,2,3,NO INDICATION OF INJURY,0,0,12,7,41.9627910199,-87.650086114
09/14/2022 03:44:00 PM,10,CLEAR,DAYLIGHT,PARKED MOTOR VEHICLE,PARKING LOT,DRY,NO INJURY / DRIVE AWAY,IMPROPER BACKING,2,9,NO INDICATION OF INJURY,0,0,15,4,41.9905380977,-87.6701623664
05/13/2022 09:27:00 PM,30,CLEAR,"DARKNESS, LIGHTED ROAD",ANGLE,FOUR WAY,DRY,INJURY AND / OR TOW DUE TO CRASH,FAILING TO YIELD RIGHT-OF-WAY,2,5,NO INDICATION OF INJURY,0,0,21,6,41.8003989305,-87.7284148596
10/02/2025 05:44:00 AM,20,CLEAR,"DARKNESS, LIGHTED ROAD",SIDESWIPE OPPOSITE DIRECTION,NOT DIVIDED,DRY,INJURY AND / OR TOW DUE TO CRASH,DRIVING ON WRONG SIDE/WRONG WAY,2,10,NO INDICATION OF INJURY,0,0,5,5,41.891480351,-87.7111689514
11/10/2023 12:20:00 PM,30,CLEAR,DAYLIGHT,TURNING,NOT DIVIDED,DRY,NO INJURY / DRIVE AWAY,UNABLE TO DETERMINE,2,11,NO INDICATION OF INJURY,0,0,12,6,42.0089828887,-87.682054656
10/09/2024 04:38:00 PM,30,CLEAR,DAYLIGHT,PEDALCYCLIST,ONE-WAY,DRY,INJURY AND / OR TOW DUE TO CRASH,UNABLE TO DETERMINE,2,10,NONINCAPACITATING INJURY,1,0,16,4,41.8780633538,-87.6409256179
10/26/2022 01:45:00 PM,30,CLEAR,DAYLIGHT,REAR END,FOUR WAY,DRY,NO INJURY / DRIVE AWAY,UNABLE TO DETERMINE,2,10,NO INDICATION OF INJURY,0,0,13,4,41.7914524784,-87.5865665301
05/22/2025 08:28:00 AM,30,CLOUDY/OVERCAST,DAYLIGHT,PEDALCYCLIST,NOT DIVIDED,WET,NO INJURY / DRIVE AWAY,FAILING TO YIELD RIGHT-OF-WAY,2,5,NO INDICATION OF INJURY,0,0,8,5,41.8890249685,-87.6370471336
01/25/2025 06:28:00 PM,30,CLEAR,"DARKNESS, LIGHTED ROAD",ANGLE,FOUR WAY,DRY,INJURY AND / OR TOW DUE TO CRASH,FAILING TO YIELD RIGHT-OF-WAY,2,1,NO INDICATION OF INJURY,0,0,18,7,41.9307586919,-87.7966284631
06/11/2021 07:00:00 PM,20,CLEAR,UNKNOWN,PARKED MOTOR VEHICLE,NOT DIVIDED,UNKNOWN,NO INJURY / DRIVE AWAY,FOLLOWING TOO CLOSELY,2,6,NO INDICATION OF INJURY,0,0,19,6,41.6717708894,-87.6561815995
08/01/2022 11:00:00 PM,30,CLEAR,"DARKNESS, LIGHTED ROAD",TURNING,ONE-WAY,DRY,NO INJURY / DRIVE AWAY,IMPROPER TURNING/NO SIGNAL,2,8,NO INDICATION OF INJURY,0,0,23,2,42.0090728171,-87.6738322306
04/14/2024 01:19:00 AM,35,CLEAR,"DARKNESS, LIGHTED ROAD",FIXED OBJECT,DIVIDED - W/MEDIAN BARRIER,DRY,NO INJURY / DRIVE AWAY,UNABLE TO DETERMINE,1,4,NO INDICATION OF INJURY,0,0,1,1,41.7353441671,-87.5655497374
01/27/2021 05:20:00 PM,30,CLEAR,"DARKNESS, LIGHTED ROAD",PARKED MOTOR VEHICLE,ONE-WAY,SNOW OR SLUSH,NO INJURY / DRIVE AWAY,FAILING TO YIELD RIGHT-OF-WAY,2,1,NO INDICATION OF INJURY,0,0,17,4,41.799396466,-87.5919306826
06/07/2025 05:45:00 PM,10,CLEAR,DAYLIGHT,REAR END,TRAFFIC ROUTE,DRY,NO INJURY / DRIVE AWAY,DRIVING SKILLS/KNOWLEDGE/EXPERIENCE,2,6,NO INDICATION OF INJURY,0,0,17,7,41.744151639,-87.585945067
06/04/2021 09:05:00 AM,30,CLEAR,DAYLIGHT,REAR END,DIVIDED - W/MEDIAN (NOT RAISED),DRY,INJURY AND / OR TOW DUE TO CRASH,NOT APPLICABLE,2,6,"REPORTED, NOT EVIDENT",1,0,9,6,41.7616565293,-87.7221449491
06/08/2025 03:30:00 PM,20,UNKNOWN,DAYLIGHT,ANGLE,ONE-WAY,WET,NO INJURY / DRIVE AWAY,UNABLE TO DETERMINE,2,6,NO INDICATION OF INJURY,0,0,15,1,41.9236413812,-87.7709913814
01/17/2024 11:00:00 AM,30,CLEAR,DAYLIGHT,TURNING,NOT DIVIDED,DRY,NO INJURY / DRIVE AWAY,FAILING TO YIELD RIGHT-OF-WAY,2,1,NO INDICATION OF INJURY,0,0,11,4,41.850362686,-87.6713240662
08/18/2023 01:11:00 PM,20,CLEAR,DAYLIGHT,PARKED MOTOR VEHICLE,NOT DIVIDED,DRY,NO INJURY / DRIVE AWAY,DRIVING SKILLS/KNOWLEDGE/EXPERIENCE,2,8,NO INDICATION OF INJURY,0,0,13,6,41.7736443557,-87.6358578486
06/16/2021 03:45:00 PM,30,CLEAR,DAYLIGHT,SIDESWIPE OPPOSITE DIRECTION,NOT DIVIDED,DRY,NO INJURY / DRIVE AWAY,UNABLE TO DETERMINE,2,6,NO INDICATION OF INJURY,0,0,15,4,41.8869129158,-87.748495863
10/02/2021 01:15:00 PM,30,CLEAR,DAYLIGHT,TURNING,NOT DIVIDED,DRY,NO INJURY / DRIVE AWAY,FAILING TO YIELD RIGHT-OF-WAY,2,10,NO INDICATION OF INJURY,0,0,13,7,41.93916408,-87.7470229014
06/02/2022 10:30:00 AM,30,CLEAR,DAYLIGHT,PARKED MOTOR VEHICLE,ONE-WAY,DRY,NO INJURY / DRIVE AWAY,UNABLE TO DETERMINE,2,6,NO INDICATION OF INJURY,0,0,10,5,41.9055851364,-87.6935956619
01/01/2023 09:30:00 AM,30,CLEAR,DAYLIGHT,TURNING,NOT DIVIDED,DRY,NO INJURY / DRIVE AWAY,FAILING TO REDUCE SPEED TO AVOID CRASH,2,1,NO INDICATION OF INJURY,0,0,9,1,41.7725811798,-87.64466131
08/09/2021 09:00:00 AM,30,CLEAR,DAYLIGHT,OTHER OBJECT,ALLEY,DRY,NO INJURY / DRIVE AWAY,NOT APPLICABLE,1,8,NO INDICATION OF INJURY,0,0,9,2,41.8002971798,-87.7063484956
04/11/2023 09:45:00 AM,30,CLEAR,DAYLIGHT,REAR END,NOT DIVIDED,DRY,NO INJURY / DRIVE AWAY,UNABLE TO DETERMINE,2,4,NO INDICATION OF INJURY,0,0,9,3,41.7784213364,-87.7029760581
04/07/2026 04:35:00 PM,30,CLEAR,DAYLIGHT,SIDESWIPE SAME DIRECTION,NOT DIVIDED,DRY,NO INJURY / DRIVE AWAY,FAILING TO YIELD RIGHT-OF-WAY,2,4,NO INDICATION OF INJURY,0,0,16,3,41.8501371488,-87.6347993082
05/08/2024 10:10:00 AM,30,CLEAR,DAYLIGHT,REAR END,DIVIDED - W/MEDIAN BARRIER,DRY,NO INJURY / DRIVE AWAY,FOLLOWING TOO CLOSELY,2,5,NO INDICATION OF INJURY,0,0,10,4,41.8673331549,-87.6251119403
01/20/2022 08:14:00 AM,30,CLEAR,DAYLIGHT,REAR END,DIVIDED - W/MEDIAN (NOT RAISED),DRY,INJURY AND / OR TOW DUE TO CRASH,FOLLOWING TOO CLOSELY,5,1,"REPORTED, NOT EVIDENT",1,0,8,5,41.9544939556,-87.6472443312
01/29/2021 08:20:00 AM,30,CLEAR,DAYLIGHT,REAR END,NOT DIVIDED,UNKNOWN,NO INJURY / DRIVE AWAY,FOLLOWING TOO CLOSELY,2,1,NO INDICATION OF INJURY,0,0,8,6,41.8232513265,-87.6662491342
05/29/2023 04:00:00 PM,30,UNKNOWN,UNKNOWN,PARKED MOTOR VEHICLE,NOT DIVIDED,UNKNOWN,NO INJURY / DRIVE AWAY,IMPROPER OVERTAKING/PASSING,2,5,NO INDICATION OF INJURY,0,0,16,2,41.9086622719,-87.6317392868