CRASH_DATE,POSTED_SPEED_LIMIT,WEATHER_CONDITION,LIGHTING_CONDITION,FIRST_CRASH_TYPE,TRAFFICWAY_TYPE,ROADWAY_SURFACE_COND,CRASH_TYPE,PRIM_CONTRIBUTORY_CAUSE,NUM_UNITS,CRASH_MONTH,MOST_SEVERE_INJURY,INJURIES_TOTAL,INJURIES_FATAL,CRASH_HOUR,CRASH_DAY_OF_WEEK,LATITUDE,LONGITUDE
04/22/2021 08:00:00 AM,30,CLEAR,DAYLIGHT,TURNING,FOUR WAY,DRY,INJURY AND / OR TOW DUE TO CRASH,UNABLE TO DETERMINE,2,4,NONINCAPACITATING INJURY,2,0,8,5,41.7775606866,-87.6643137473
01/15/2023 01:00:00 PM,30,CLEAR,DAYLIGHT,PEDALCYCLIST,ONE-WAY,DRY,INJURY AND / OR TOW DUE TO CRASH,FOLLOWING TOO CLOSELY,2,1,"REPORTED, NOT EVIDENT",1,0,13,1,41.8792431075,-87.6366277969
03/13/2021 01:40:00 AM,30,CLEAR,"DARKNESS, LIGHTED ROAD",TURNING,DIVIDED - W/MEDIAN (NOT RAISED),DRY,INJURY AND / OR TOW DUE TO CRASH,UNABLE TO DETERMINE,2,3,NO INDICATION OF INJURY,0,0,1,7,41.7507637592,-87.6289883407
09/18/2023 04:12:00 PM,30,UNKNOWN,UNKNOWN,ANGLE,UNKNOWN,UNKNOWN,NO INJURY / DRIVE AWAY,UNABLE TO DETERMINE,2,9,NO INDICATION OF INJURY,0,0,16,2,41.975039956,-87.8247067971
07/31/2024 02:30:00 AM,30,CLEAR,"DARKNESS, LIGHTED ROAD",PARKED MOTOR VEHICLE,ONE-WAY,DRY,NO INJURY / DRIVE AWAY,IMPROPER LANE USAGE,2,7,NO INDICATION OF INJURY,0,0,2,4,41.8194981284,-87.6870650726
01/06/2023 08:22:00 PM,30,CLEAR,DARKNESS,ANGLE,NOT DIVIDED,DRY,INJURY AND / OR TOW DUE TO CRASH,FAILING TO YIELD RIGHT-OF-WAY,2,1,NO INDICATION OF INJURY,0,0,20,6,41.9099608832,-87.7288749604
02/11/2025 12:00:00 AM,30,CLEAR,UNKNOWN,PARKED MOTOR VEHICLE,NOT DIVIDED,DRY,NO INJURY / DRIVE AWAY,UNABLE TO DETERMINE,2,2,NO INDICATION OF INJURY,0,0,0,3,41.9466732887,-87.8071170182
11/16/2023 12:30:00 PM,10,CLEAR,DAYLIGHT,PARKED MOTOR VEHICLE,PARKING LOT,DRY,NO INJURY / DRIVE AWAY,NOT APPLICABLE,2,11,NO INDICATION OF INJURY,0,0,12,5,41.8521245314,-87.6872821649
01/22/2022 02:30:00 PM,30,CLEAR,DAYLIGHT,TURNING,NOT DIVIDED,DRY,NO INJURY / DRIVE AWAY,IMPROPER OVERTAKING/PASSING,2,1,NO INDICATION OF INJURY,0,0,14,7,41.8960993528,-87.6722985964
03/07/2026 07:10:00 AM,30,CLEAR,DAYLIGHT,PARKED MOTOR VEHICLE,DIVIDED - W/MEDIAN (NOT RAISED),DRY,NO INJURY / DRIVE AWAY,UNABLE TO DETERMINE,2,3,NO INDICATION OF INJURY,0,0,7,7,41.7836986226,-87.6936664404
03/27/2022 06:06:00 PM,30,CLEAR,DAYLIGHT,TURNING,DIVIDED - W/MEDIAN (NOT RAISED),DRY,INJURY AND / OR TOW DUE TO CRASH,UNABLE TO DETERMINE,2,3,NO INDICATION OF INJURY,0,0,18,1,41.6995474147,-87.6427519151
01/03/2026 10:53:00 AM,30,CLEAR,DAYLIGHT,REAR END,NOT DIVIDED,DRY,NO INJURY / DRIVE AWAY,FOLLOWING TOO CLOSELY,2,1,NO INDICATION OF INJURY,0,0,10,7,41.8444781398,-87.715952126
04/01/2023 12:30:00 PM,30,CLEAR,DAYLIGHT,PARKED MOTOR VEHICLE,NOT DIVIDED,DRY,NO INJURY / DRIVE AWAY,IMPROPER OVERTAKING/PASSING,2,4,NO INDICATION OF INJURY,0,0,12,7,41.9661771398,-87.7399300655
02/28/2021 03:32:00 PM,30,CLEAR,DAYLIGHT,TURNING,NOT DIVIDED,DRY,NO INJURY / DRIVE AWAY,FAILING TO YIELD RIGHT-OF-WAY,2,2,NO INDICATION OF INJURY,0,0,15,1,41.8818883397,-87.6473210939
12/05/2023 05:45:00 AM,30,SNOW,UNKNOWN,PARKED MOTOR VEHICLE,NOT DIVIDED,WET,NO INJURY / DRIVE AWAY,NOT APPLICABLE,2,12,NO INDICATION OF INJURY,0,0,5,3,41.7589816127,-87.5765417602
10/04/2021 03:00:00 PM,30,CLEAR,DAYLIGHT,SIDESWIPE SAME DIRECTION,NOT DIVIDED,DRY,NO INJURY / DRIVE AWAY,NOT APPLICABLE,2,10,NO INDICATION OF INJURY,0,0,15,2,41.8022262411,-87.7235681506
06/08/2024 03:20:00 PM,40,CLEAR,DAYLIGHT,TURNING,DIVIDED - W/MEDIAN BARRIER,DRY,NO INJURY / DRIVE AWAY,IMPROPER TURNING/NO SIGNAL,2,6,NO INDICATION OF INJURY,0,0,15,7,41.8578490871,-87.6168408794
02/14/2025 09:15:00 PM,35,SNOW,UNKNOWN,ANGLE,FOUR WAY,SNOW OR SLUSH,NO INJURY / DRIVE AWAY,UNABLE TO DETERMINE,2,2,NO INDICATION OF INJURY,0,0,21,6,41.8793052834,-87.6485949892
04/14/2024 12:00:00 PM,30,CLEAR,DAYLIGHT,REAR END,ONE-WAY,DRY,NO INJURY / DRIVE AWAY,FAILING TO YIELD RIGHT-OF-WAY,2,4,NO INDICATION OF INJURY,0,0,12,1,41.8866175341,-87.6186716726
11/12/2022 12:00:00 PM,30,CLEAR,DAYLIGHT,REAR TO SIDE,DIVIDED - W/MEDIAN (NOT RAISED),DRY,NO INJURY / DRIVE AWAY,UNABLE TO DETERMINE,2,11,NO INDICATION OF INJURY,0,0,12,7,41.6852712229,-87.6209471584
08/14/2023 04:30:00 PM,30,CLEAR,DAYLIGHT,ANGLE,NOT DIVIDED,DRY,NO INJURY / DRIVE AWAY,NOT APPLICABLE,2,8,NO INDICATION OF INJURY,0,0,16,2,41.7716501459,-87.7227296463
09/22/2024 07:45:00 PM,30,RAIN,"DARKNESS, LIGHTED ROAD",SIDESWIPE SAME DIRECTION,DIVIDED - W/MEDIAN BARRIER,WET,INJURY AND / OR TOW DUE TO CRASH,IMPROPER OVERTAKING/PASSING,2,9,NO INDICATION OF INJURY,0,0,19,1,41.8693107362,-87.6175506436
11/16/2021 09:00:00 AM,25,CLEAR,DAYLIGHT,PARKED MOTOR VEHICLE,ONE-WAY,DRY,NO INJURY / DRIVE AWAY,UNABLE TO DETERMINE,2,11,NO INDICATION OF INJURY,0,0,9,3,41.8940351699,-87.7702598891
08/17/2025 04:00:00 AM,30,CLEAR,DUSK,OTHER OBJECT,NOT DIVIDED,DRY,NO INJURY / DRIVE AWAY,IMPROPER LANE USAGE,1,8,NO INDICATION OF INJURY,0,0,4,1,41.7784906474,-87.6154378195
02/11/2022 11:32:00 AM,30,CLOUDY/OVERCAST,DAYLIGHT,SIDESWIPE SAME DIRECTION,DIVIDED - W/MEDIAN BARRIER,DRY,NO INJURY / DRIVE AWAY,"OPERATING VEHICLE IN ERRATIC, RECKLESS, CARELESS, NEGLIGENT OR AGGRESSIVE MANNER",2,2,NO INDICATION OF INJURY,0,0,11,6,41.8084023705,-87.6648213667
12/13/2025 12:15:00 PM,30,CLEAR,DAYLIGHT,TURNING,T-INTERSECTION,DRY,NO INJURY / DRIVE AWAY,FAILING TO YIELD RIGHT-OF-WAY,2,12,NO INDICATION OF INJURY,0,0,12,7,41.828770155,-87.6653727369
10/14/2023 02:00:00 AM,30,UNKNOWN,"DARKNESS, LIGHTED ROAD",PARKED MOTOR VEHICLE,ONE-WAY,UNKNOWN,NO INJURY / DRIVE AWAY,NOT APPLICABLE,2,10,NO INDICATION OF INJURY,0,0,2,7,41.7754685738,-87.6873527186
05/04/2021 08:00:00 AM,25,RAIN,DAYLIGHT,SIDESWIPE SAME DIRECTION,ONE-WAY,WET,NO INJURY / DRIVE AWAY,IMPROPER BACKING,2,5,NO INDICATION OF INJURY,0,0,8,3,41.9359294564,-87.7511008935
07/24/2025 04:52:00 PM,35,CLEAR,DAYLIGHT,TURNING,DIVIDED - W/MEDIAN BARRIER,UNKNOWN,INJURY AND / OR TOW DUE TO CRASH,UNABLE TO DETERMINE,2,7,NONINCAPACITATING INJURY,3,0,16,5,41.7586090061,-87.5957213605
09/17/2024 10:50:00 AM,30,CLEAR,DAYLIGHT,PEDALCYCLIST,DIVIDED - W/MEDIAN (NOT RAISED),DRY,INJURY AND / OR TOW DUE TO CRASH,IMPROPER LANE USAGE,2,9,NONINCAPACITATING INJURY,1,0,10,3,41.8693711759,-87.6527808218
01/25/2022 09:51:00 AM,30,SNOW,DAYLIGHT,SIDESWIPE OPPOSITE DIRECTION,DIVIDED - W/MEDIAN (NOT RAISED),SNOW OR SLUSH,INJURY AND / OR TOW DUE TO CRASH,IMPROPER LANE USAGE,2,1,NONINCAPACITATING INJURY,2,0,9,3,41.7052368517,-87.5597830361
01/15/2025 02:45:00 PM,30,CLEAR,DAYLIGHT,TURNING,Y-INTERSECTION,DRY,NO INJURY / DRIVE AWAY,TURNING RIGHT ON RED,2,1,NO INDICATION OF INJURY,0,0,14,4,41.8524380492,-87.6661522304
12/07/2025 04:21:00 PM,30,SNOW,DAYLIGHT,PARKED MOTOR VEHICLE,ONE-WAY,SNOW OR SLUSH,NO INJURY / DRIVE AWAY,UNABLE TO DETERMINE,2,12,NO INDICATION OF INJURY,0,0,16,1,41.8122683617,-87.6168161579
02/02/2026 12:45:00 PM,10,FREEZING RAIN/DRIZZLE,DAYLIGHT,REAR TO REAR,PARKING LOT,WET,NO INJURY / DRIVE AWAY,UNABLE TO DETERMINE,2,2,NO INDICATION OF INJURY,0,0,12,2,41.9093987878,-87.6530506979
06/14/2023 05:40:00 PM,30,UNKNOWN,UNKNOWN,REAR END,DIVIDED - W/MEDIAN (NOT RAISED),UNKNOWN,NO INJURY / DRIVE AWAY,FOLLOWING TOO CLOSELY,2,6,NO INDICATION OF INJURY,0,0,17,4,41.9246296037,-87.7049761034
12/17/2023 08:58:00 PM,30,CLEAR,"DARKNESS, LIGHTED ROAD",PARKED MOTOR VEHICLE,DIVIDED - W/MEDIAN (NOT RAISED),DRY,NO INJURY / DRIVE AWAY,UNABLE TO DETERMINE,2,12,NO INDICATION OF INJURY,0,0,20,1,41.7790217647,-87.7068898056
11/24/2025 09:30:00 PM,30,RAIN,"DARKNESS, LIGHTED ROAD",SIDESWIPE SAME DIRECTION,DIVIDED - W/MEDIAN (NOT RAISED),DRY,NO INJURY / DRIVE AWAY,IMPROPER LANE USAGE,2,11,NO INDICATION OF INJURY,0,0,21,2,41.9284218297,-87.7080257763
01/24/2026 06:15:00 PM,30,SNOW,DUSK,REAR END,NOT DIVIDED,WET,NO INJURY / DRIVE AWAY,FOLLOWING TOO CLOSELY,3,1,NO INDICATION OF INJURY,0,0,18,7,41.7956880528,-87.8014596705
08/06/2022 10:00:00 AM,30,CLEAR,DAYLIGHT,ANGLE,PARKING LOT,UNKNOWN,NO INJURY / DRIVE AWAY,IMPROPER BACKING,2,8,NO INDICATION OF INJURY,0,0,10,7,41.7358465385,-87.6531909231
05/06/2022 11:55:00 AM,30,RAIN,DAYLIGHT,REAR END,NOT DIVIDED,WET,INJURY AND / OR TOW DUE TO CRASH,FOLLOWING TOO CLOSELY,2,5,NONINCAPACITATING INJURY,1,0,11,6,41.7954092573,-87.8014625498
05/28/2023 01:26:00 AM,30,CLEAR,"DARKNESS, LIGHTED ROAD",TURNING,NOT DIVIDED,DRY,INJURY AND / OR TOW DUE TO CRASH,UNABLE TO DETERMINE,2,5,NO INDICATION OF INJURY,0,0,1,1,41.8371878888,-87.7134364054
03/17/2023 10:00:00 PM,35,CLEAR,"DARKNESS, LIGHTED ROAD",REAR END,DIVIDED - W/MEDIAN (NOT RAISED),DRY,NO INJURY / DRIVE AWAY,UNABLE TO DETERMINE,2,3,NO INDICATION OF INJURY,0,0,22,6,41.9032215627,-87.6684859572
02/22/2024 07:53:00 PM,30,CLEAR,"DARKNESS, LIGHTED ROAD",ANGLE,FOUR WAY,DRY,INJURY AND / OR TOW DUE TO CRASH,FAILING TO YIELD RIGHT-OF-WAY,2,2,NONINCAPACITATING INJURY,3,0,19,5,41.7539053477,-87.6633771957
05/30/2025 10:40:00 PM,30,CLEAR,"DARKNESS, LIGHTED ROAD",PARKED MOTOR VEHICLE,NOT DIVIDED,DRY,NO INJURY / DRIVE AWAY,FAILING TO YIELD RIGHT-OF-WAY,2,5,NO INDICATION OF INJURY,0,0,22,6,42.0175705186,-87.6653848779
10/31/2025 07:54:00 AM,30,CLEAR,DAYLIGHT,SIDESWIPE OPPOSITE DIRECTION,NOT DIVIDED,DRY,INJURY AND / OR TOW DUE TO CRASH,DRIVING ON WRONG SIDE/WRONG WAY,4,10,NONINCAPACITATING INJURY,1,0,7,6,41.9312404016,-87.776576455
12/31/2023 09:10:00 AM,30,SNOW,DAYLIGHT,REAR END,NOT DIVIDED,WET,NO INJURY / DRIVE AWAY,UNABLE TO DETERMINE,2,12,NO INDICATION OF INJURY,0,0,9,1,41.9537295266,-87.7301081308
07/08/2022 09:30:00 AM,10,CLOUDY/OVERCAST,DAYLIGHT,PARKED MOTOR VEHICLE,PARKING LOT,DRY,NO INJURY / DRIVE AWAY,UNABLE TO DETERMINE,2,7,NO INDICATION OF INJURY,0,0,9,6,41.7363738203,-87.6272315646
01/05/2021 11:50:00 AM,25,CLEAR,DAYLIGHT,PARKED MOTOR VEHICLE,PARKING LOT,DRY,NO INJURY / DRIVE AWAY,IMPROPER BACKING,2,1,NO INDICATION OF INJURY,0,0,11,3,41.88558042,-87.6589569108
05/01/2021 08:30:00 AM,30,CLEAR,DAYLIGHT,SIDESWIPE SAME DIRECTION,NOT DIVIDED,DRY,NO INJURY / DRIVE AWAY,FAILING TO YIELD RIGHT-OF-WAY,2,5,NO INDICATION OF INJURY,0,0,8,7,41.7995855339,-87.6645842125
07/14/2025 01:50:00 PM,30,CLEAR,DAYLIGHT,REAR END,NOT DIVIDED,UNKNOWN,INJURY AND / OR TOW DUE TO CRASH,UNABLE TO DETERMINE,2,7,"REPORTED, NOT EVIDENT",1,0,13,2,41.7922362628,-87.781856168
08/30/2021 06:30:00 PM,30,UNKNOWN,UNKNOWN,SIDESWIPE SAME DIRECTION,NOT DIVIDED,UNKNOWN,NO INJURY / DRIVE AWAY,UNABLE TO DETERMINE,2,8,NO INDICATION OF INJURY,0,0,18,2,42.0173495111,-87.6900503562
10/08/2025 07:40:00 AM,30,CLEAR,DAYLIGHT,SIDESWIPE SAME DIRECTION,NOT DIVIDED,DRY,NO INJURY / DRIVE AWAY,NOT APPLICABLE,2,10,NO INDICATION OF INJURY,0,0,7,4,41.8745354276,-87.7155386859
02/17/2025 04:05:00 PM,30,CLEAR,DAYLIGHT,SIDESWIPE SAME DIRECTION,NOT DIVIDED,DRY,NO INJURY / DRIVE AWAY,FAILING TO YIELD RIGHT-OF-WAY,2,2,NO INDICATION OF INJURY,0,0,16,2,41.8528286921,-87.6386798708
12/23/2024 01:33:00 AM,30,CLEAR,"DARKNESS, LIGHTED ROAD",PARKED MOTOR VEHICLE,ONE-WAY,DRY,INJURY AND / OR TOW DUE TO CRASH,UNABLE TO DETERMINE,6,12,NO INDICATION OF INJURY,0,0,1,2,41.9786513672,-87.7646130888
12/22/2023 09:51:00 AM,30,RAIN,DAYLIGHT,REAR END,CENTER TURN LANE,WET,NO INJURY / DRIVE AWAY,WEATHER,2,12,NO INDICATION OF INJURY,0,0,9,6,41.997463981,-87.7876102434
09/14/2025 11:06:00 AM,30,CLEAR,DAYLIGHT,TURNING,NOT DIVIDED,DRY,NO INJURY / DRIVE AWAY,FAILING TO YIELD RIGHT-OF-WAY,2,9,NO INDICATION OF INJURY,0,0,11,1,41.784385694,-87.740065946
12/04/2021 01:46:00 AM,30,CLEAR,"DARKNESS, LIGHTED ROAD",PARKED MOTOR VEHICLE,OTHER,DRY,INJURY AND / OR TOW DUE TO CRASH,NOT APPLICABLE,2,12,,,,1,7,41.9362791097,-87.7928204582
03/17/2024 02:00:00 PM,30,CLEAR,DAYLIGHT,PARKED MOTOR VEHICLE,ONE-WAY,DRY,NO INJURY / DRIVE AWAY,UNABLE TO DETERMINE,2,3,NO INDICATION OF INJURY,0,0,14,1,41.9412700302,-87.7614100022
05/13/2023 09:15:00 AM,30,CLOUDY/OVERCAST,DAYLIGHT,SIDESWIPE SAME DIRECTION,DIVIDED - W/MEDIAN (NOT RAISED),DRY,NO INJURY / DRIVE AWAY,UNABLE TO DETERMINE,2,5,NO INDICATION OF INJURY,0,0,9,7,41.7930372426,-87.7496406265
02/05/2025 11:22:00 PM,25,FREEZING RAIN/DRIZZLE,DARKNESS,PARKED MOTOR VEHICLE,NOT DIVIDED,ICE,NO INJURY / DRIVE AWAY,DRIVING SKILLS/KNOWLEDGE/EXPERIENCE,2,2,NO INDICATION OF INJURY,0,0,23,4,41.948699425,-87.6692178196
03/14/2025 01:00:00 AM,30,CLEAR,DARKNESS,PARKED MOTOR VEHICLE,ONE-WAY,DRY,NO INJURY / DRIVE AWAY,UNABLE TO DETERMINE,2,3,NO INDICATION OF INJURY,0,0,1,6,41.7691372297,-87.670149489
11/25/2023 10:03:00 PM,30,CLEAR,"DARKNESS, LIGHTED ROAD",TURNING,NOT REPORTED,DRY,NO INJURY / DRIVE AWAY,IMPROPER TURNING/NO SIGNAL,2,11,NO INDICATION OF INJURY,0,0,22,7,41.8924106658,-87.63720268
10/26/2022 01:30:00 PM,20,UNKNOWN,UNKNOWN,PARKED MOTOR VEHICLE,ONE-WAY,UNKNOWN,NO INJURY / DRIVE AWAY,UNABLE TO DETERMINE,2,10,NO INDICATION OF INJURY,0,0,13,4,41.8719828199,-87.7052746736
10/07/2022 01:55:00 PM,30,UNKNOWN,DAYLIGHT,SIDESWIPE SAME DIRECTION,DIVIDED - W/MEDIAN (NOT RAISED),UNKNOWN,NO INJURY / DRIVE AWAY,IMPROPER LANE USAGE,2,10,NO INDICATION OF INJURY,0,0,13,6,41.9121521055,-87.6874158169
03/03/2022 01:10:00 PM,30,CLEAR,DAYLIGHT,REAR END,ONE-WAY,DRY,NO INJURY / DRIVE AWAY,IMPROPER BACKING,2,3,NO INDICATION OF INJURY,0,0,13,5,41.8941956807,-87.6228812301
05/20/2021 10:30:00 AM,15,CLEAR,DAYLIGHT,PARKED MOTOR VEHICLE,PARKING LOT,DRY,NO INJURY / DRIVE AWAY,IMPROPER BACKING,2,5,NO INDICATION OF INJURY,0,0,10,5,41.9386322217,-87.7704402343
12/26/2024 04:50:00 AM,40,FOG/SMOKE/HAZE,"DARKNESS, LIGHTED ROAD",FIXED OBJECT,DIVIDED - W/MEDIAN BARRIER,WET,INJURY AND / OR TOW DUE TO CRASH,UNABLE TO DETERMINE,1,12,NO INDICATION OF INJURY,0,0,4,5,41.9019859458,-87.6245366695
06/13/2022 02:40:00 PM,30,CLEAR,DAYLIGHT,SIDESWIPE SAME DIRECTION,NOT DIVIDED,DRY,NO INJURY / DRIVE AWAY,FAILING TO YIELD RIGHT-OF-WAY,2,6,NO INDICATION OF INJURY,0,0,14,2,41.897915306,-87.7260144861
08/14/2021 08:00:00 AM,15,CLEAR,DAYLIGHT,PARKED MOTOR VEHICLE,ONE-WAY,DRY,INJURY AND / OR TOW DUE TO CRASH,DISTRACTION - FROM INSIDE VEHICLE,2,8,NO INDICATION OF INJURY,0,0,8,7,41.7485728839,-87.5712046935
08/11/2025 12:05:00 PM,30,CLEAR,DAYLIGHT,SIDESWIPE SAME DIRECTION,NOT DIVIDED,DRY,NO INJURY / DRIVE AWAY,IMPROPER OVERTAKING/PASSING,2,8,NO INDICATION OF INJURY,0,0,12,2,41.7799979431,-87.7421958359
12/12/2025 03:05:00 PM,30,CLEAR,DAYLIGHT,REAR END,DIVIDED - W/MEDIAN (NOT RAISED),DRY,NO INJURY / DRIVE AWAY,FAILING TO REDUCE SPEED TO AVOID CRASH,2,12,NO INDICATION OF INJURY,0,0,15,6,41.998098784,-87.6752270886
05/05/2025 03:52:00 PM,30,CLEAR,DAYLIGHT,PARKED MOTOR VEHICLE,NOT DIVIDED,DRY,NO INJURY / DRIVE AWAY,UNABLE TO DETERMINE,2,5,NO INDICATION OF INJURY,0,0,15,2,41.8742694121,-87.6691398808
05/29/2024 06:25:00 PM,30,UNKNOWN,UNKNOWN,REAR END,NOT DIVIDED,UNKNOWN,NO INJURY / DRIVE AWAY,UNABLE TO DETERMINE,2,5,NO INDICATION OF INJURY,0,0,18,4,42.0052189208,-87.6855053237
04/03/2022 03:15:00 PM,35,CLEAR,DAYLIGHT,TURNING,NOT DIVIDED,DRY,INJURY AND / OR TOW DUE TO CRASH,DISREGARDING STOP SIGN,2,4,NO INDICATION OF INJURY,0,0,15,1,41.775148018,-87.5984819376
10/29/2024 09:30:00 PM,30,CLEAR,"DARKNESS, LIGHTED ROAD",REAR TO REAR,ONE-WAY,DRY,NO INJURY / DRIVE AWAY,DRIVING ON WRONG SIDE/WRONG WAY,2,10,NO INDICATION OF INJURY,0,0,21,3,41.8907719292,-87.6270412017
01/27/2024 08:03:00 PM,30,RAIN,"DARKNESS, LIGHTED ROAD",TURNING,NOT DIVIDED,WET,NO INJURY / DRIVE AWAY,IMPROPER BACKING,2,1,NO INDICATION OF INJURY,0,0,20,7,41.8992512699,-87.6239811553
04/13/2024 05:20:00 PM,30,CLEAR,DUSK,ANGLE,DIVIDED - W/MEDIAN (NOT RAISED),DRY,NO INJURY / DRIVE AWAY,FAILING TO YIELD RIGHT-OF-WAY,2,4,NO INDICATION OF INJURY,0,0,17,7,41.8830975293,-87.6533832016
03/18/2025 10:45:00 AM,30,CLEAR,DAYLIGHT,SIDESWIPE SAME DIRECTION,NOT DIVIDED,DRY,NO INJURY / DRIVE AWAY,FAILING TO YIELD RIGHT-OF-WAY,2,3,NO INDICATION OF INJURY,0,0,10,3,41.8510210813,-87.6239050482
11/16/2023 04:57:00 PM,30,CLEAR,DUSK,TURNING,NOT DIVIDED,DRY,INJURY AND / OR TOW DUE TO CRASH,UNABLE TO DETERMINE,2,11,NO INDICATION OF INJURY,0,0,16,5,41.8656824946,-87.6236071717
04/16/2021 07:30:00 PM,25,UNKNOWN,UNKNOWN,PARKED MOTOR VEHICLE,ONE-WAY,DRY,NO INJURY / DRIVE AWAY,UNABLE TO DETERMINE,2,4,NO INDICATION OF INJURY,0,0,19,6,41.8552764348,-87.7259228581
02/16/2025 08:22:00 PM,30,SNOW,"DARKNESS, LIGHTED ROAD",PARKED MOTOR VEHICLE,ONE-WAY,SNOW OR SLUSH,NO INJURY / DRIVE AWAY,WEATHER,2,2,NO INDICATION OF INJURY,0,0,20,1,41.7411861993,-87.5795828425
04/04/2021 09:00:00 AM,15,CLEAR,UNKNOWN,FIXED OBJECT,ALLEY,DRY,NO INJURY / DRIVE AWAY,UNABLE TO DETERMINE,1,4,NO INDICATION OF INJURY,0,0,9,1,41.9339880568,-87.7040214866
06/20/2021 10:22:00 PM,30,CLEAR,"DARKNESS, LIGHTED ROAD",PARKED MOTOR VEHICLE,DIVIDED - W/MEDIAN (NOT RAISED),DRY,INJURY AND / OR TOW DUE TO CRASH,UNABLE TO DETERMINE,2,6,NO INDICATION OF INJURY,0,0,22,1,41.8760551832,-87.7743653573
05/25/2025 09:42:00 PM,35,CLEAR,"DARKNESS, LIGHTED ROAD",TURNING,NOT DIVIDED,DRY,NO INJURY / DRIVE AWAY,UNABLE TO DETERMINE,2,5,NO INDICATION OF INJURY,0,0,21,1,41.6840358548,-87.6169218779
02/05/2023 10:35:00 PM,30,CLEAR,"DARKNESS, LIGHTED ROAD",SIDESWIPE SAME DIRECTION,FOUR WAY,DRY,NO INJURY / DRIVE AWAY,FAILING TO YIELD RIGHT-OF-WAY,2,2,NO INDICATION OF INJURY,0,0,22,1,41.8580751577,-87.6557206891
05/31/2023 10:00:00 AM,30,CLEAR,DAYLIGHT,SIDESWIPE OPPOSITE DIRECTION,NOT DIVIDED,DRY,NO INJURY / DRIVE AWAY,FAILING TO YIELD RIGHT-OF-WAY,2,5,NO INDICATION OF INJURY,0,0,10,4,41.7019670397,-87.6476895918
11/05/2021 02:00:00 PM,30,CLEAR,DAYLIGHT,PARKED MOTOR VEHICLE,PARKING LOT,DRY,NO INJURY / DRIVE AWAY,UNABLE TO DETERMINE,2,11,NO INDICATION OF INJURY,0,0,14,6,41.7140383025,-87.5599029453
11/24/2021 07:40:00 PM,30,CLEAR,"DARKNESS, LIGHTED ROAD",SIDESWIPE SAME DIRECTION,DIVIDED - W/MEDIAN BARRIER,DRY,INJURY AND / OR TOW DUE TO CRASH,UNABLE TO DETERMINE,3,11,NO INDICATION OF INJURY,0,0,19,4,41.9640536708,-87.7473559108
01/28/2021 03:00:00 AM,30,SNOW,"DARKNESS, LIGHTED ROAD",FIXED OBJECT,NOT DIVIDED,SNOW OR SLUSH,NO INJURY / DRIVE AWAY,UNABLE TO DETERMINE,1,1,NO INDICATION OF INJURY,0,0,3,5,41.7428138425,-87.6744916038
05/14/2022 12:45:00 PM,30,CLEAR,DAYLIGHT,REAR END,NOT DIVIDED,DRY,NO INJURY / DRIVE AWAY,IMPROPER BACKING,2,5,NO INDICATION OF INJURY,0,0,12,7,41.8954035995,-87.6204826076
11/01/2024 11:40:00 AM,25,CLEAR,DAYLIGHT,REAR END,NOT DIVIDED,DRY,NO INJURY / DRIVE AWAY,FOLLOWING TOO CLOSELY,2,11,NO INDICATION OF INJURY,0,0,11,6,41.8922578257,-87.6917931326
04/07/2023 12:30:00 AM,30,UNKNOWN,"DARKNESS, LIGHTED ROAD",OTHER NONCOLLISION,NOT DIVIDED,UNKNOWN,NO INJURY / DRIVE AWAY,NOT APPLICABLE,1,4,NO INDICATION OF INJURY,0,0,0,6,41.773438566,-87.5668993058
01/03/2024 10:20:00 AM,30,UNKNOWN,UNKNOWN,PARKED MOTOR VEHICLE,ONE-WAY,UNKNOWN,NO INJURY / DRIVE AWAY,UNABLE TO DETERMINE,2,1,NO INDICATION OF INJURY,0,0,10,4,41.8819468944,-87.7092222791
07/27/2024 09:20:00 AM,30,CLEAR,DAYLIGHT,REAR END,FOUR WAY,DRY,NO INJURY / DRIVE AWAY,FOLLOWING TOO CLOSELY,2,7,NO INDICATION OF INJURY,0,0,9,7,41.8307935761,-87.6510916639
09/24/2022 03:45:00 AM,30,CLEAR,"DARKNESS, LIGHTED ROAD",SIDESWIPE SAME DIRECTION,NOT DIVIDED,DRY,NO INJURY / DRIVE AWAY,IMPROPER LANE USAGE,2,9,NO INDICATION OF INJURY,0,0,3,7,41.8090958212,-87.632731197
02/22/2024 02:45:00 PM,15,CLEAR,DAYLIGHT,PARKED MOTOR VEHICLE,PARKING LOT,DRY,NO INJURY / DRIVE AWAY,PHYSICAL CONDITION OF DRIVER,2,2,NO INDICATION OF INJURY,0,0,14,5,41.7210817355,-87.6642733839
06/23/2023 08:04:00 AM,30,CLEAR,DAYLIGHT,FIXED OBJECT,NOT DIVIDED,DRY,NO INJURY / DRIVE AWAY,ROAD ENGINEERING/SURFACE/MARKING DEFECTS,1,6,NO INDICATION OF INJURY,0,0,8,6,41.953738388,-87.7295207944
03/05/2024 06:15:00 PM,30,CLEAR,"DARKNESS, LIGHTED ROAD",ANGLE,DIVIDED - W/MEDIAN (NOT RAISED),DRY,NO INJURY / DRIVE AWAY,UNABLE TO DETERMINE,2,3,NO INDICATION OF INJURY,0,0,18,3,41.7366659815,-87.6013375082
02/05/2021 07:34:00 PM,30,CLEAR,"DARKNESS, LIGHTED ROAD",REAR END,DIVIDED - W/MEDIAN (NOT RAISED),DRY,NO INJURY / DRIVE AWAY,FAILING TO REDUCE SPEED TO AVOID CRASH,2,2,NO INDICATION OF INJURY,0,0,19,6,41.8806927576,-87.7454317592