CRASH_DATE,POSTED_SPEED_LIMIT,WEATHER_CONDITION,LIGHTING_CONDITION,FIRST_CRASH_TYPE,TRAFFICWAY_TYPE,ROADWAY_SURFACE_COND,CRASH_TYPE,PRIM_CONTRIBUTORY_CAUSE,NUM_UNITS,CRASH_MONTH,MOST_SEVERE_INJURY,INJURIES_TOTAL,INJURIES_FATAL,CRASH_HOUR,CRASH_DAY_OF_WEEK,LATITUDE,LONGITUDE
05/02/2024 09:20:00 PM,30,RAIN,"DARKNESS, LIGHTED ROAD",REAR END,DIVIDED - W/MEDIAN BARRIER,WET,NO INJURY / DRIVE AWAY,FOLLOWING TOO CLOSELY,2,5,NO INDICATION OF INJURY,0,0,21,5,41.8573872619,-87.6166227502
01/14/2021 06:17:00 PM,30,RAIN,"DARKNESS, LIGHTED ROAD",ANGLE,NOT REPORTED,WET,NO INJURY / DRIVE AWAY,FAILING TO YIELD RIGHT-OF-WAY,2,1,NO INDICATION OF INJURY,0,0,18,5,41.8073980087,-87.6213080061
06/28/2024 04:30:00 PM,30,CLEAR,DAYLIGHT,REAR END,NOT DIVIDED,DRY,NO INJURY / DRIVE AWAY,IMPROPER OVERTAKING/PASSING,2,6,NO INDICATION OF INJURY,0,0,16,6,41.8529375154,-87.6337606948
10/24/2021 02:20:00 AM,30,CLEAR,"DARKNESS, LIGHTED ROAD",PARKED MOTOR VEHICLE,NOT DIVIDED,DRY,INJURY AND / OR TOW DUE TO CRASH,IMPROPER LANE USAGE,3,10,NO INDICATION OF INJURY,0,0,2,1,41.8262925817,-87.6716509325
02/09/2023 11:59:00 PM,30,CLEAR,"DARKNESS, LIGHTED ROAD",PARKED MOTOR VEHICLE,NOT DIVIDED,DRY,NO INJURY / DRIVE AWAY,UNABLE TO DETERMINE,2,2,NO INDICATION OF INJURY,0,0,23,5,41.9363940204,-87.7808589619
05/21/2024 04:05:00 PM,30,CLEAR,DAYLIGHT,REAR END,DIVIDED - W/MEDIAN (NOT RAISED),DRY,NO INJURY / DRIVE AWAY,FOLLOWING TOO CLOSELY,2,5,NO INDICATION OF INJURY,0,0,16,3,41.9071470947,-87.7361192952
03/12/2025 09:04:00 AM,30,CLEAR,DAYLIGHT,TURNING,NOT DIVIDED,DRY,INJURY AND / OR TOW DUE TO CRASH,IMPROPER TURNING/NO SIGNAL,3,3,NONINCAPACITATING INJURY,1,0,9,4,41.8369928617,-87.7242922636
01/19/2021 04:15:00 PM,30,SNOW,DAYLIGHT,ANGLE,NOT DIVIDED,SNOW OR SLUSH,INJURY AND / OR TOW DUE TO CRASH,FAILING TO YIELD RIGHT-OF-WAY,2,1,NO INDICATION OF INJURY,0,0,16,3,41.8614210036,-87.6660946135
06/12/2025 10:20:00 PM,30,CLEAR,"DARKNESS, LIGHTED ROAD",ANGLE,FOUR WAY,DRY,INJURY AND / OR TOW DUE TO CRASH,DISREGARDING TRAFFIC SIGNALS,2,6,NO INDICATION OF INJURY,0,0,22,5,41.9689141215,-87.6597349219
06/07/2023 08:30:00 PM,35,CLEAR,"DARKNESS, LIGHTED ROAD",SIDESWIPE SAME DIRECTION,NOT DIVIDED,DRY,NO INJURY / DRIVE AWAY,UNABLE TO DETERMINE,2,6,NO INDICATION OF INJURY,0,0,20,4,41.8932492345,-87.648792057
08/17/2024 11:25:00 AM,30,RAIN,DAYLIGHT,REAR END,DIVIDED - W/MEDIAN (NOT RAISED),WET,NO INJURY / DRIVE AWAY,FOLLOWING TOO CLOSELY,2,8,NO INDICATION OF INJURY,0,0,11,7,41.9670754159,-87.7676019256
08/31/2024 02:40:00 AM,35,CLEAR,"DARKNESS, LIGHTED ROAD",REAR END,FOUR WAY,DRY,INJURY AND / OR TOW DUE TO CRASH,UNABLE TO DETERMINE,2,8,"REPORTED, NOT EVIDENT",2,0,2,7,41.722243815,-87.5849691185
08/18/2023 05:35:00 PM,20,CLEAR,DAYLIGHT,SIDESWIPE SAME DIRECTION,ONE-WAY,DRY,NO INJURY / DRIVE AWAY,UNABLE TO DETERMINE,2,8,NO INDICATION OF INJURY,0,0,17,6,41.8956924014,-87.6201428605
03/10/2022 06:00:00 PM,25,SNOW,DARKNESS,PARKED MOTOR VEHICLE,ONE-WAY,WET,NO INJURY / DRIVE AWAY,UNABLE TO DETERMINE,2,3,NO INDICATION OF INJURY,0,0,18,5,41.7497268628,-87.6559975918
08/16/2021 04:45:00 PM,35,CLEAR,DAYLIGHT,TURNING,CENTER TURN LANE,UNKNOWN,INJURY AND / OR TOW DUE TO CRASH,DISREGARDING TRAFFIC SIGNALS,2,8,NO INDICATION OF INJURY,0,0,16,2,41.735894272,-87.6434160457
02/01/2026 06:20:00 PM,30,CLEAR,DAYLIGHT,ANGLE,ALLEY,DRY,NO INJURY / DRIVE AWAY,FAILING TO YIELD RIGHT-OF-WAY,2,2,NO INDICATION OF INJURY,0,0,18,1,41.7390925509,-87.5528328362
10/31/2025 03:30:00 PM,30,CLEAR,DAYLIGHT,REAR END,NOT DIVIDED,DRY,NO INJURY / DRIVE AWAY,FOLLOWING TOO CLOSELY,2,10,NO INDICATION OF INJURY,0,0,15,6,41.7749649984,-87.7228122268
02/16/2021 09:55:00 AM,10,CLEAR,DAYLIGHT,ANGLE,PARKING LOT,SNOW OR SLUSH,NO INJURY / DRIVE AWAY,ROAD ENGINEERING/SURFACE/MARKING DEFECTS,2,2,NO INDICATION OF INJURY,0,0,9,3,41.8171610398,-87.7240572943
10/05/2022 01:30:00 PM,15,CLEAR,DAYLIGHT,REAR TO SIDE,PARKING LOT,DRY,NO INJURY / DRIVE AWAY,UNABLE TO DETERMINE,2,10,NO INDICATION OF INJURY,0,0,13,4,41.9691104171,-87.7083494666
11/28/2023 05:30:00 PM,30,CLEAR,"DARKNESS, LIGHTED ROAD",TURNING,DIVIDED - W/MEDIAN BARRIER,DRY,NO INJURY / DRIVE AWAY,UNABLE TO DETERMINE,2,11,NO INDICATION OF INJURY,0,0,17,3,41.9130525662,-87.6640555726
03/03/2024 12:45:00 PM,30,CLEAR,DAYLIGHT,PEDALCYCLIST,FOUR WAY,DRY,INJURY AND / OR TOW DUE TO CRASH,UNABLE TO DETERMINE,2,3,NONINCAPACITATING INJURY,1,0,12,1,42.0128595515,-87.6681395498
09/07/2021 04:45:00 PM,10,CLEAR,DAYLIGHT,ANGLE,PARKING LOT,DRY,NO INJURY / DRIVE AWAY,FAILING TO YIELD RIGHT-OF-WAY,2,9,NO INDICATION OF INJURY,0,0,16,3,41.7365300732,-87.6255977522
01/31/2022 07:24:00 AM,30,CLEAR,DAYLIGHT,SIDESWIPE SAME DIRECTION,DIVIDED - W/MEDIAN (NOT RAISED),DRY,INJURY AND / OR TOW DUE TO CRASH,UNABLE TO DETERMINE,3,1,"REPORTED, NOT EVIDENT",1,0,7,2,41.7682213169,-87.6834014076
01/12/2026 08:00:00 PM,15,CLEAR,DUSK,REAR TO FRONT,PARKING LOT,DRY,NO INJURY / DRIVE AWAY,UNABLE TO DETERMINE,2,1,NO INDICATION OF INJURY,0,0,20,2,41.909764527,-87.7433762957
08/11/2022 08:54:00 PM,30,CLEAR,DARKNESS,PARKED MOTOR VEHICLE,NOT DIVIDED,DRY,NO INJURY / DRIVE AWAY,FAILING TO REDUCE SPEED TO AVOID CRASH,2,8,NO INDICATION OF INJURY,0,0,20,5,41.8501375489,-87.683412636
12/05/2025 07:18:00 PM,35,CLEAR,DAYLIGHT,REAR END,NOT DIVIDED,DRY,NO INJURY / DRIVE AWAY,FOLLOWING TOO CLOSELY,2,12,NO INDICATION OF INJURY,0,0,19,6,41.8877847742,-87.7260155945
12/05/2024 05:05:00 PM,30,CLEAR,"DARKNESS, LIGHTED ROAD",REAR END,NOT DIVIDED,DRY,NO INJURY / DRIVE AWAY,IMPROPER OVERTAKING/PASSING,2,12,NO INDICATION OF INJURY,0,0,17,5,41.983800086,-87.7684720384
06/26/2025 02:00:00 PM,15,CLEAR,UNKNOWN,OTHER OBJECT,UNKNOWN,UNKNOWN,NO INJURY / DRIVE AWAY,NOT APPLICABLE,1,6,,,,14,5,41.8682853974,-87.7097998579
06/17/2024 09:25:00 AM,30,CLEAR,DAYLIGHT,TURNING,NOT DIVIDED,DRY,NO INJURY / DRIVE AWAY,IMPROPER TURNING/NO SIGNAL,2,6,NO INDICATION OF INJURY,0,0,9,2,41.8217241885,-87.6650546082
10/12/2023 10:50:00 AM,30,RAIN,DAYLIGHT,SIDESWIPE SAME DIRECTION,NOT DIVIDED,WET,NO INJURY / DRIVE AWAY,UNABLE TO DETERMINE,2,10,NO INDICATION OF INJURY,0,0,10,5,41.857474371,-87.6859686047
04/21/2022 04:30:00 PM,10,CLEAR,DAYLIGHT,PARKED MOTOR VEHICLE,PARKING LOT,DRY,NO INJURY / DRIVE AWAY,UNABLE TO DETERMINE,2,4,NO INDICATION OF INJURY,0,0,16,5,41.7211505544,-87.6750153255
04/08/2022 02:10:00 PM,20,RAIN,DAYLIGHT,PEDALCYCLIST,NOT DIVIDED,WET,INJURY AND / OR TOW DUE TO CRASH,UNABLE TO DETERMINE,2,4,NONINCAPACITATING INJURY,1,0,14,6,42.0116359595,-87.6680990878
06/15/2024 01:00:00 PM,30,CLEAR,DAYLIGHT,REAR END,FOUR WAY,DRY,NO INJURY / DRIVE AWAY,FOLLOWING TOO CLOSELY,2,6,NO INDICATION OF INJURY,0,0,13,7,41.7058687513,-87.7160726477
02/16/2022 10:30:00 PM,20,RAIN,"DARKNESS, LIGHTED ROAD",PARKED MOTOR VEHICLE,ONE-WAY,WET,NO INJURY / DRIVE AWAY,UNABLE TO DETERMINE,2,2,NO INDICATION OF INJURY,0,0,22,4,41.9632504905,-87.7096820917
10/15/2024 06:45:00 AM,30,RAIN,"DARKNESS, LIGHTED ROAD",FIXED OBJECT,DIVIDED - W/MEDIAN BARRIER,WET,NO INJURY / DRIVE AWAY,WEATHER,1,10,NO INDICATION OF INJURY,0,0,6,3,41.9543144122,-87.6750533084
12/31/2024 03:10:00 PM,30,RAIN,DAYLIGHT,TURNING,NOT DIVIDED,WET,NO INJURY / DRIVE AWAY,FAILING TO YIELD RIGHT-OF-WAY,2,12,NO INDICATION OF INJURY,0,0,15,3,41.9257004271,-87.6634939824
01/07/2026 01:27:00 PM,30,CLEAR,DAYLIGHT,PEDESTRIAN,NOT DIVIDED,DRY,INJURY AND / OR TOW DUE TO CRASH,UNABLE TO DETERMINE,2,1,NONINCAPACITATING INJURY,1,0,13,4,41.7116385173,-87.6370349953
08/19/2021 03:30:00 PM,30,CLEAR,DAYLIGHT,PARKED MOTOR VEHICLE,NOT DIVIDED,DRY,INJURY AND / OR TOW DUE TO CRASH,UNABLE TO DETERMINE,2,8,NO INDICATION OF INJURY,0,0,15,5,41.7719719275,-87.6495901135
01/14/2022 07:38:00 PM,30,SNOW,DARKNESS,FIXED OBJECT,DIVIDED - W/MEDIAN BARRIER,WET,INJURY AND / OR TOW DUE TO CRASH,WEATHER,1,1,NO INDICATION OF INJURY,0,0,19,6,41.8449188305,-87.6864318371
03/09/2023 06:30:00 PM,35,RAIN,"DARKNESS, LIGHTED ROAD",TURNING,FOUR WAY,WET,INJURY AND / OR TOW DUE TO CRASH,FAILING TO YIELD RIGHT-OF-WAY,3,3,NONINCAPACITATING INJURY,1,0,18,5,41.9486332075,-87.7473048015
01/10/2025 10:35:00 PM,15,CLEAR,"DARKNESS, LIGHTED ROAD",REAR TO SIDE,PARKING LOT,DRY,NO INJURY / DRIVE AWAY,IMPROPER BACKING,2,1,NO INDICATION OF INJURY,0,0,22,6,41.8853900467,-87.6189867116
07/31/2024 02:30:00 PM,30,UNKNOWN,DAYLIGHT,SIDESWIPE SAME DIRECTION,OTHER,UNKNOWN,NO INJURY / DRIVE AWAY,UNABLE TO DETERMINE,2,7,NO INDICATION OF INJURY,0,0,14,4,41.8467218299,-87.6801680263
02/28/2024 06:20:00 PM,35,CLEAR,"DARKNESS, LIGHTED ROAD",PARKED MOTOR VEHICLE,PARKING LOT,DRY,NO INJURY / DRIVE AWAY,UNABLE TO DETERMINE,2,2,NO INDICATION OF INJURY,0,0,18,4,41.7050324843,-87.7011601257
06/22/2022 05:46:00 PM,30,CLEAR,DAYLIGHT,ANGLE,NOT DIVIDED,UNKNOWN,INJURY AND / OR TOW DUE TO CRASH,FAILING TO YIELD RIGHT-OF-WAY,2,6,"REPORTED, NOT EVIDENT",2,0,17,4,41.7601352903,-87.6589878179
11/19/2022 05:30:00 PM,30,CLEAR,DUSK,REAR END,ONE-WAY,DRY,NO INJURY / DRIVE AWAY,IMPROPER OVERTAKING/PASSING,2,11,NO INDICATION OF INJURY,0,0,17,7,41.9602616707,-87.7166393278
12/14/2022 06:10:00 PM,30,RAIN,"DARKNESS, LIGHTED ROAD",PARKED MOTOR VEHICLE,NOT DIVIDED,WET,NO INJURY / DRIVE AWAY,UNABLE TO DETERMINE,2,12,NO INDICATION OF INJURY,0,0,18,4,41.8743267183,-87.6247356719
01/20/2023 11:10:00 AM,30,CLOUDY/OVERCAST,DAYLIGHT,TURNING,DIVIDED - W/MEDIAN (NOT RAISED),UNKNOWN,NO INJURY / DRIVE AWAY,"VISION OBSCURED (SIGNS, TREE LIMBS, BUILDINGS, ETC.)",2,1,NO INDICATION OF INJURY,0,0,11,6,41.8918455097,-87.6488178364
04/07/2025 06:20:00 PM,30,UNKNOWN,UNKNOWN,TURNING,NOT DIVIDED,UNKNOWN,NO INJURY / DRIVE AWAY,UNABLE TO DETERMINE,2,4,NO INDICATION OF INJURY,0,0,18,2,41.7951704412,-87.6842194389
03/15/2026 05:42:00 AM,30,CLEAR,"DARKNESS, LIGHTED ROAD",PARKED MOTOR VEHICLE,NOT DIVIDED,DRY,INJURY AND / OR TOW DUE TO CRASH,IMPROPER OVERTAKING/PASSING,3,3,NONINCAPACITATING INJURY,2,0,5,1,41.8992222563,-87.6916615466
01/15/2021 03:00:00 PM,30,CLEAR,DAYLIGHT,SIDESWIPE SAME DIRECTION,NOT DIVIDED,DRY,NO INJURY / DRIVE AWAY,UNABLE TO DETERMINE,2,1,NO INDICATION OF INJURY,0,0,15,6,41.8895104075,-87.6868014344
07/10/2021 05:00:00 PM,30,RAIN,DAYLIGHT,REAR END,NOT DIVIDED,WET,NO INJURY / DRIVE AWAY,FOLLOWING TOO CLOSELY,2,7,NO INDICATION OF INJURY,0,0,17,7,41.7800691633,-87.619013674
01/22/2022 12:45:00 PM,30,CLEAR,DAYLIGHT,REAR END,NOT DIVIDED,DRY,NO INJURY / DRIVE AWAY,UNABLE TO DETERMINE,2,1,NO INDICATION OF INJURY,0,0,12,7,41.8767606549,-87.7452916664
07/09/2022 01:50:00 AM,5,CLEAR,"DARKNESS, LIGHTED ROAD",PARKED MOTOR VEHICLE,PARKING LOT,DRY,NO INJURY / DRIVE AWAY,UNABLE TO DETERMINE,2,7,NO INDICATION OF INJURY,0,0,1,7,41.9468626092,-87.6544647529
10/17/2025 04:08:00 PM,30,CLEAR,DAYLIGHT,PEDESTRIAN,FOUR WAY,DRY,INJURY AND / OR TOW DUE TO CRASH,FAILING TO YIELD RIGHT-OF-WAY,2,10,NONINCAPACITATING INJURY,1,0,16,6,41.7510011801,-87.624694369
04/01/2024 12:10:00 AM,30,RAIN,DARKNESS,TURNING,NOT DIVIDED,WET,INJURY AND / OR TOW DUE TO CRASH,UNDER THE INFLUENCE OF ALCOHOL/DRUGS (USE WHEN ARREST IS EFFECTED),2,4,NONINCAPACITATING INJURY,1,0,0,2,41.9101895868,-87.7095702133
11/18/2021 11:35:00 PM,30,CLEAR,"DARKNESS, LIGHTED ROAD",SIDESWIPE SAME DIRECTION,NOT DIVIDED,DRY,NO INJURY / DRIVE AWAY,FAILING TO YIELD RIGHT-OF-WAY,2,11,NO INDICATION OF INJURY,0,0,23,5,41.8965911301,-87.6373192669
01/19/2026 03:30:00 PM,35,SNOW,DAYLIGHT,FIXED OBJECT,NOT DIVIDED,ICE,NO INJURY / DRIVE AWAY,WEATHER,1,1,NO INDICATION OF INJURY,0,0,15,2,41.7915802043,-87.5855642152
02/24/2023 05:10:00 PM,30,CLEAR,DUSK,SIDESWIPE SAME DIRECTION,NOT DIVIDED,DRY,NO INJURY / DRIVE AWAY,UNABLE TO DETERMINE,2,2,NO INDICATION OF INJURY,0,0,17,6,41.8951122186,-87.745932427
12/20/2023 08:20:00 PM,30,CLEAR,"DARKNESS, LIGHTED ROAD",REAR END,NOT DIVIDED,DRY,INJURY AND / OR TOW DUE TO CRASH,FOLLOWING TOO CLOSELY,2,12,NONINCAPACITATING INJURY,2,0,20,4,41.8940556038,-87.7554209126
05/19/2024 12:42:00 PM,30,CLEAR,DAYLIGHT,ANGLE,NOT DIVIDED,DRY,INJURY AND / OR TOW DUE TO CRASH,UNABLE TO DETERMINE,2,5,NO INDICATION OF INJURY,0,0,12,1,41.6711919837,-87.6250052641
02/01/2022 05:52:00 PM,25,CLEAR,"DARKNESS, LIGHTED ROAD",ANGLE,NOT DIVIDED,DRY,NO INJURY / DRIVE AWAY,DISREGARDING STOP SIGN,2,2,NO INDICATION OF INJURY,0,0,17,3,41.7866699889,-87.6633097077
01/11/2022 09:23:00 AM,30,CLEAR,DAYLIGHT,PARKED MOTOR VEHICLE,DIVIDED - W/MEDIAN (NOT RAISED),SNOW OR SLUSH,NO INJURY / DRIVE AWAY,DISTRACTION - FROM INSIDE VEHICLE,2,1,NO INDICATION OF INJURY,0,0,9,3,41.6914854716,-87.7130300886
03/27/2022 12:00:00 AM,30,CLEAR,DAYLIGHT,REAR END,DIVIDED - W/MEDIAN (NOT RAISED),DRY,INJURY AND / OR TOW DUE TO CRASH,FAILING TO REDUCE SPEED TO AVOID CRASH,2,3,NONINCAPACITATING INJURY,2,0,0,1,41.9043931455,-87.6676703881
08/27/2021 11:48:00 PM,30,CLEAR,"DARKNESS, LIGHTED ROAD",TURNING,FOUR WAY,DRY,NO INJURY / DRIVE AWAY,IMPROPER TURNING/NO SIGNAL,2,8,NO INDICATION OF INJURY,0,0,23,6,41.9380699938,-87.7955477715
02/22/2021 10:40:00 AM,30,CLEAR,DAYLIGHT,TURNING,PARKING LOT,UNKNOWN,NO INJURY / DRIVE AWAY,UNABLE TO DETERMINE,2,2,NO INDICATION OF INJURY,0,0,10,2,41.8645211937,-87.6393040996
07/27/2024 03:21:00 PM,15,CLEAR,DAYLIGHT,ANGLE,PARKING LOT,DRY,INJURY AND / OR TOW DUE TO CRASH,FAILING TO YIELD RIGHT-OF-WAY,2,7,"REPORTED, NOT EVIDENT",1,0,15,7,41.9314627602,-87.7435604603
10/07/2025 03:40:00 PM,30,UNKNOWN,UNKNOWN,REAR END,UNKNOWN,UNKNOWN,NO INJURY / DRIVE AWAY,UNABLE TO DETERMINE,2,10,NO INDICATION OF INJURY,0,0,15,3,41.9678243683,-87.7726877989
06/10/2023 11:47:00 PM,25,CLEAR,"DARKNESS, LIGHTED ROAD",PARKED MOTOR VEHICLE,NOT DIVIDED,DRY,NO INJURY / DRIVE AWAY,CELL PHONE USE OTHER THAN TEXTING,3,6,NO INDICATION OF INJURY,0,0,23,7,41.7768731211,-87.7288791302
02/13/2023 01:42:00 AM,30,CLEAR,"DARKNESS, LIGHTED ROAD",FIXED OBJECT,NOT DIVIDED,DRY,INJURY AND / OR TOW DUE TO CRASH,DISTRACTION - FROM INSIDE VEHICLE,1,2,NO INDICATION OF INJURY,0,0,1,2,41.8989855101,-87.7023132522
04/30/2024 01:30:00 PM,20,CLEAR,DAYLIGHT,PARKED MOTOR VEHICLE,ONE-WAY,DRY,NO INJURY / DRIVE AWAY,UNABLE TO DETERMINE,2,4,,,,13,3,41.8002508011,-87.7097251568
01/15/2023 01:45:00 PM,30,CLEAR,DAYLIGHT,PARKED MOTOR VEHICLE,ONE-WAY,DRY,NO INJURY / DRIVE AWAY,UNABLE TO DETERMINE,2,1,NO INDICATION OF INJURY,0,0,13,1,41.9059837258,-87.75592336
06/03/2022 03:15:00 PM,25,CLEAR,DAYLIGHT,ANGLE,FOUR WAY,DRY,NO INJURY / DRIVE AWAY,DISREGARDING STOP SIGN,2,6,NO INDICATION OF INJURY,0,0,15,6,41.7182036677,-87.655416099
10/04/2024 10:40:00 PM,30,CLEAR,"DARKNESS, LIGHTED ROAD",FIXED OBJECT,FOUR WAY,DRY,NO INJURY / DRIVE AWAY,UNDER THE INFLUENCE OF ALCOHOL/DRUGS (USE WHEN ARREST IS EFFECTED),1,10,NO INDICATION OF INJURY,0,0,22,6,41.877485644,-87.6641698723
03/13/2026 02:39:00 PM,40,CLEAR,DAYLIGHT,SIDESWIPE SAME DIRECTION,DIVIDED - W/MEDIAN (NOT RAISED),DRY,NO INJURY / DRIVE AWAY,IMPROPER OVERTAKING/PASSING,2,3,NO INDICATION OF INJURY,0,0,14,6,41.8808560477,-87.6176358918
02/22/2021 08:08:00 AM,30,CLEAR,DAYLIGHT,SIDESWIPE SAME DIRECTION,NOT DIVIDED,ICE,NO INJURY / DRIVE AWAY,WEATHER,2,2,NO INDICATION OF INJURY,0,0,8,2,41.867948543,-87.7250974851
10/27/2024 01:20:00 AM,30,CLEAR,"DARKNESS, LIGHTED ROAD",TURNING,NOT DIVIDED,DRY,NO INJURY / DRIVE AWAY,UNABLE TO DETERMINE,2,10,NO INDICATION OF INJURY,0,0,1,1,41.9107741396,-87.6652177693
12/18/2024 08:00:00 AM,25,UNKNOWN,UNKNOWN,PARKED MOTOR VEHICLE,NOT DIVIDED,UNKNOWN,NO INJURY / DRIVE AWAY,DRIVING SKILLS/KNOWLEDGE/EXPERIENCE,2,12,NO INDICATION OF INJURY,0,0,8,4,41.887531767,-87.6323530751
12/22/2023 02:50:00 PM,25,RAIN,DAYLIGHT,REAR END,NOT DIVIDED,WET,NO INJURY / DRIVE AWAY,NOT APPLICABLE,2,12,NO INDICATION OF INJURY,0,0,14,6,41.8772598918,-87.711032087
12/07/2024 12:24:00 PM,30,CLEAR,DAYLIGHT,PARKED MOTOR VEHICLE,NOT DIVIDED,DRY,INJURY AND / OR TOW DUE TO CRASH,UNABLE TO DETERMINE,4,12,NO INDICATION OF INJURY,0,0,12,7,41.7636370853,-87.6638964847
11/10/2025 03:30:00 PM,20,SNOW,DAYLIGHT,PARKED MOTOR VEHICLE,T-INTERSECTION,SNOW OR SLUSH,NO INJURY / DRIVE AWAY,UNABLE TO DETERMINE,2,11,NO INDICATION OF INJURY,0,0,15,2,42.0153568447,-87.6947912148
07/26/2024 03:39:00 AM,30,CLEAR,"DARKNESS, LIGHTED ROAD",ANGLE,FOUR WAY,DRY,INJURY AND / OR TOW DUE TO CRASH,DISREGARDING TRAFFIC SIGNALS,2,7,NONINCAPACITATING INJURY,2,0,3,6,41.712261856,-87.6140624284
02/09/2021 12:30:00 PM,25,CLEAR,"DARKNESS, LIGHTED ROAD",REAR END,NOT DIVIDED,SNOW OR SLUSH,NO INJURY / DRIVE AWAY,UNABLE TO DETERMINE,2,2,NO INDICATION OF INJURY,0,0,12,3,41.876642766,-87.7476696198
02/15/2026 10:00:00 PM,25,CLEAR,"DARKNESS, LIGHTED ROAD",SIDESWIPE SAME DIRECTION,NOT DIVIDED,DRY,NO INJURY / DRIVE AWAY,FOLLOWING TOO CLOSELY,2,2,NO INDICATION OF INJURY,0,0,22,1,41.7719660557,-87.6737717779
11/24/2023 08:49:00 PM,30,CLEAR,"DARKNESS, LIGHTED ROAD",ANGLE,FOUR WAY,DRY,INJURY AND / OR TOW DUE TO CRASH,DISREGARDING STOP SIGN,7,11,NONINCAPACITATING INJURY,1,0,20,6,41.7523148329,-87.6228800229
06/05/2025 07:50:00 AM,30,CLEAR,DAYLIGHT,PARKED MOTOR VEHICLE,PARKING LOT,UNKNOWN,NO INJURY / DRIVE AWAY,UNABLE TO DETERMINE,2,6,NO INDICATION OF INJURY,0,0,7,5,41.8934605036,-87.6412755231
05/26/2021 10:30:00 AM,30,CLEAR,DAYLIGHT,SIDESWIPE SAME DIRECTION,NOT DIVIDED,DRY,NO INJURY / DRIVE AWAY,FAILING TO YIELD RIGHT-OF-WAY,2,5,NO INDICATION OF INJURY,0,0,10,4,41.8092434109,-87.6184815261
05/03/2026 02:23:00 PM,30,CLEAR,DAYLIGHT,PARKED MOTOR VEHICLE,NOT DIVIDED,DRY,NO INJURY / DRIVE AWAY,IMPROPER LANE USAGE,2,5,NO INDICATION OF INJURY,0,0,14,1,41.9976884265,-87.6860079735
07/19/2024 02:09:00 PM,30,CLEAR,DAYLIGHT,SIDESWIPE SAME DIRECTION,ONE-WAY,DRY,NO INJURY / DRIVE AWAY,IMPROPER OVERTAKING/PASSING,2,7,NO INDICATION OF INJURY,0,0,14,6,41.9060565059,-87.6814223059
01/18/2025 09:40:00 AM,30,CLEAR,DAYLIGHT,FIXED OBJECT,DIVIDED - W/MEDIAN (NOT RAISED),DRY,NO INJURY / DRIVE AWAY,DRIVING SKILLS/KNOWLEDGE/EXPERIENCE,1,1,NO INDICATION OF INJURY,0,0,9,7,41.8358552694,-87.6706858883
01/16/2021 08:49:00 PM,30,CLEAR,"DARKNESS, LIGHTED ROAD",REAR END,NOT DIVIDED,WET,INJURY AND / OR TOW DUE TO CRASH,FOLLOWING TOO CLOSELY,2,1,NONINCAPACITATING INJURY,1,0,20,7,41.7074101184,-87.6145922373
01/25/2024 01:39:00 PM,5,CLEAR,DAYLIGHT,REAR TO FRONT,UNKNOWN,DRY,NO INJURY / DRIVE AWAY,IMPROPER BACKING,2,1,NO INDICATION OF INJURY,0,0,13,5,41.753596965,-87.7000814197
10/19/2024 09:30:00 PM,20,CLEAR,"DARKNESS, LIGHTED ROAD",ANGLE,FOUR WAY,DRY,INJURY AND / OR TOW DUE TO CRASH,UNABLE TO DETERMINE,2,10,NONINCAPACITATING INJURY,1,0,21,7,41.8818257208,-87.6511026557
04/02/2024 09:20:00 AM,30,RAIN,DAYLIGHT,REAR END,DIVIDED - W/MEDIAN (NOT RAISED),WET,NO INJURY / DRIVE AWAY,UNABLE TO DETERMINE,2,4,NO INDICATION OF INJURY,0,0,9,3,41.8523706864,-87.6700806899
01/23/2025 02:20:00 PM,30,CLEAR,DAYLIGHT,PARKED MOTOR VEHICLE,NOT DIVIDED,DRY,NO INJURY / DRIVE AWAY,UNABLE TO DETERMINE,2,1,NO INDICATION OF INJURY,0,0,14,5,41.917103631,-87.687248767
08/25/2021 10:30:00 AM,15,UNKNOWN,DARKNESS,PARKED MOTOR VEHICLE,NOT DIVIDED,UNKNOWN,NO INJURY / DRIVE AWAY,UNABLE TO DETERMINE,2,8,NO INDICATION OF INJURY,0,0,10,4,41.7291942776,-87.6214078059
02/03/2023 03:45:00 PM,20,CLEAR,DAYLIGHT,PARKED MOTOR VEHICLE,ONE-WAY,DRY,NO INJURY / DRIVE AWAY,IMPROPER BACKING,2,2,NO INDICATION OF INJURY,0,0,15,6,41.9295387081,-87.7821387813
04/08/2026 01:28:00 PM,30,CLEAR,DAYLIGHT,REAR END,NOT DIVIDED,DRY,INJURY AND / OR TOW DUE TO CRASH,UNABLE TO DETERMINE,4,4,"REPORTED, NOT EVIDENT",1,0,13,4,41.9387103654,-87.7473774685
12/23/2025 05:10:00 PM,25,CLEAR,DUSK,SIDESWIPE SAME DIRECTION,NOT DIVIDED,DRY,NO INJURY / DRIVE AWAY,IMPROPER OVERTAKING/PASSING,2,12,NO INDICATION OF INJURY,0,0,17,3,41.7914160088,-87.5887246559
08/22/2025 09:20:00 AM,30,CLEAR,DAYLIGHT,TURNING,T-INTERSECTION,DRY,INJURY AND / OR TOW DUE TO CRASH,DRIVING SKILLS/KNOWLEDGE/EXPERIENCE,2,8,NO INDICATION OF INJURY,0,0,9,6,41.7202235717,-87.5607087159