CRASH_DATE,POSTED_SPEED_LIMIT,WEATHER_CONDITION,LIGHTING_CONDITION,FIRST_CRASH_TYPE,TRAFFICWAY_TYPE,ROADWAY_SURFACE_COND,CRASH_TYPE,PRIM_CONTRIBUTORY_CAUSE,NUM_UNITS,CRASH_MONTH,MOST_SEVERE_INJURY,INJURIES_TOTAL,INJURIES_FATAL,CRASH_HOUR,CRASH_DAY_OF_WEEK,LATITUDE,LONGITUDE
01/30/2022 02:10:00 PM,30,CLEAR,DAYLIGHT,PARKED MOTOR VEHICLE,ONE-WAY,DRY,NO INJURY / DRIVE AWAY,NOT APPLICABLE,2,1,NO INDICATION OF INJURY,0,0,14,1,41.7749393355,-87.7759187776
08/23/2023 12:00:00 PM,10,CLEAR,DAYLIGHT,REAR TO SIDE,PARKING LOT,UNKNOWN,NO INJURY / DRIVE AWAY,IMPROPER BACKING,2,8,NO INDICATION OF INJURY,0,0,12,4,41.9770788444,-87.8413908037
05/09/2025 09:15:00 AM,30,UNKNOWN,DAYLIGHT,TURNING,NOT DIVIDED,DRY,NO INJURY / DRIVE AWAY,IMPROPER TURNING/NO SIGNAL,2,5,NO INDICATION OF INJURY,0,0,9,6,41.8527791585,-87.6272344009
10/19/2023 05:41:00 PM,30,CLEAR,DAYLIGHT,TURNING,NOT DIVIDED,DRY,INJURY AND / OR TOW DUE TO CRASH,IMPROPER TURNING/NO SIGNAL,2,10,NO INDICATION OF INJURY,0,0,17,5,41.94664195,-87.6881087799
09/18/2025 04:50:00 PM,30,CLEAR,DAYLIGHT,PARKED MOTOR VEHICLE,NOT DIVIDED,DRY,NO INJURY / DRIVE AWAY,UNABLE TO DETERMINE,2,9,NO INDICATION OF INJURY,0,0,16,5,41.8614375927,-87.6604594207
12/01/2025 07:15:00 AM,25,CLEAR,DAYLIGHT,ANGLE,NOT DIVIDED,DRY,INJURY AND / OR TOW DUE TO CRASH,FAILING TO YIELD RIGHT-OF-WAY,2,12,NO INDICATION OF INJURY,0,0,7,2,41.9398009841,-87.6541610861
05/05/2025 08:52:00 PM,30,CLEAR,"DARKNESS, LIGHTED ROAD",ANGLE,NOT DIVIDED,DRY,NO INJURY / DRIVE AWAY,UNABLE TO DETERMINE,2,5,NO INDICATION OF INJURY,0,0,20,2,41.9753452593,-87.7564638708
10/03/2022 03:07:00 PM,30,CLEAR,DAYLIGHT,SIDESWIPE SAME DIRECTION,ONE-WAY,UNKNOWN,NO INJURY / DRIVE AWAY,IMPROPER OVERTAKING/PASSING,2,10,NO INDICATION OF INJURY,0,0,15,2,41.7563200058,-87.6264755773
10/27/2024 08:00:00 AM,30,CLEAR,DAYLIGHT,PARKED MOTOR VEHICLE,ONE-WAY,DRY,NO INJURY / DRIVE AWAY,UNABLE TO DETERMINE,2,10,NO INDICATION OF INJURY,0,0,8,1,41.6962511916,-87.5259426746
03/11/2022 02:55:00 PM,30,CLEAR,DAYLIGHT,REAR END,NOT DIVIDED,DRY,INJURY AND / OR TOW DUE TO CRASH,FAILING TO REDUCE SPEED TO AVOID CRASH,2,3,NONINCAPACITATING INJURY,2,0,14,6,41.7570665007,-87.5664801163
05/28/2024 10:55:00 AM,25,CLEAR,DAYLIGHT,ANGLE,FOUR WAY,DRY,NO INJURY / DRIVE AWAY,FAILING TO YIELD RIGHT-OF-WAY,2,5,NO INDICATION OF INJURY,0,0,10,3,41.991987823,-87.6772572559
01/15/2022 02:00:00 AM,35,CLEAR,"DARKNESS, LIGHTED ROAD",REAR END,Y-INTERSECTION,SNOW OR SLUSH,NO INJURY / DRIVE AWAY,UNABLE TO DETERMINE,2,1,NO INDICATION OF INJURY,0,0,2,7,41.9038809978,-87.6396716481
04/14/2025 01:00:00 AM,30,UNKNOWN,UNKNOWN,REAR END,UNKNOWN,UNKNOWN,NO INJURY / DRIVE AWAY,UNABLE TO DETERMINE,2,4,NO INDICATION OF INJURY,0,0,1,2,41.8370868238,-87.6655828525
10/11/2023 07:00:00 AM,30,CLEAR,DAYLIGHT,REAR END,NOT DIVIDED,DRY,NO INJURY / DRIVE AWAY,"OPERATING VEHICLE IN ERRATIC, RECKLESS, CARELESS, NEGLIGENT OR AGGRESSIVE MANNER",2,10,NO INDICATION OF INJURY,0,0,7,4,41.7869780625,-87.6413495507
03/06/2024 02:40:00 AM,30,CLEAR,"DARKNESS, LIGHTED ROAD",PARKED MOTOR VEHICLE,DIVIDED - W/MEDIAN BARRIER,DRY,NO INJURY / DRIVE AWAY,IMPROPER BACKING,2,3,NO INDICATION OF INJURY,0,0,2,4,41.8589388129,-87.6273738446
10/03/2022 08:08:00 PM,30,CLEAR,DARKNESS,PARKED MOTOR VEHICLE,ONE-WAY,DRY,INJURY AND / OR TOW DUE TO CRASH,UNABLE TO DETERMINE,2,10,NO INDICATION OF INJURY,0,0,20,2,41.8796069825,-87.7292739088
09/19/2021 10:10:00 AM,35,CLEAR,DAYLIGHT,ANGLE,NOT DIVIDED,DRY,INJURY AND / OR TOW DUE TO CRASH,UNABLE TO DETERMINE,2,9,"REPORTED, NOT EVIDENT",1,0,10,1,41.954745513,-87.6453293959
12/18/2022 10:15:00 AM,30,CLEAR,DAYLIGHT,ANGLE,NOT DIVIDED,DRY,NO INJURY / DRIVE AWAY,FAILING TO YIELD RIGHT-OF-WAY,2,12,NO INDICATION OF INJURY,0,0,10,1,41.7424208244,-87.6630911433
06/18/2025 10:42:00 AM,45,CLEAR,DAYLIGHT,REAR END,DIVIDED - W/MEDIAN (NOT RAISED),DRY,INJURY AND / OR TOW DUE TO CRASH,FOLLOWING TOO CLOSELY,2,6,NONINCAPACITATING INJURY,1,0,10,4,41.7914202821,-87.5801477687
06/28/2023 03:54:00 PM,30,CLEAR,DAYLIGHT,REAR END,NOT DIVIDED,DRY,NO INJURY / DRIVE AWAY,UNABLE TO DETERMINE,3,6,NO INDICATION OF INJURY,0,0,15,4,41.977204961,-87.7284262027
05/25/2024 05:15:00 PM,10,CLEAR,DAYLIGHT,FIXED OBJECT,ALLEY,UNKNOWN,NO INJURY / DRIVE AWAY,UNABLE TO DETERMINE,1,5,NO INDICATION OF INJURY,0,0,17,7,41.9472698678,-87.6641676973
01/13/2024 09:30:00 PM,30,UNKNOWN,"DARKNESS, LIGHTED ROAD",PARKED MOTOR VEHICLE,ONE-WAY,UNKNOWN,INJURY AND / OR TOW DUE TO CRASH,UNABLE TO DETERMINE,2,1,NO INDICATION OF INJURY,0,0,21,7,41.8825747291,-87.7589634146
01/22/2025 09:05:00 AM,30,SNOW,DAYLIGHT,TURNING,FOUR WAY,DRY,NO INJURY / DRIVE AWAY,IMPROPER TURNING/NO SIGNAL,2,1,NO INDICATION OF INJURY,0,0,9,4,41.9821711731,-87.7876916991
12/18/2022 02:08:00 PM,30,CLEAR,DAYLIGHT,REAR END,UNKNOWN,SNOW OR SLUSH,NO INJURY / DRIVE AWAY,UNABLE TO DETERMINE,2,12,NO INDICATION OF INJURY,0,0,14,1,41.9528024444,-87.7869041896
05/25/2022 09:50:00 AM,35,RAIN,DAYLIGHT,FIXED OBJECT,DIVIDED - W/MEDIAN BARRIER,WET,NO INJURY / DRIVE AWAY,WEATHER,1,5,NO INDICATION OF INJURY,0,0,9,4,41.9024816462,-87.6242210436
03/05/2025 03:25:00 PM,30,RAIN,DAYLIGHT,REAR END,NOT DIVIDED,DRY,INJURY AND / OR TOW DUE TO CRASH,DRIVING SKILLS/KNOWLEDGE/EXPERIENCE,4,3,"REPORTED, NOT EVIDENT",7,0,15,4,41.8565295188,-87.6300492806
12/18/2025 09:00:00 PM,30,CLEAR,DARKNESS,TURNING,FOUR WAY,DRY,NO INJURY / DRIVE AWAY,IMPROPER TURNING/NO SIGNAL,2,12,NO INDICATION OF INJURY,0,0,21,5,41.765563782,-87.624825828
06/19/2024 07:10:00 PM,30,CLEAR,DAYLIGHT,PEDESTRIAN,T-INTERSECTION,DRY,INJURY AND / OR TOW DUE TO CRASH,DISREGARDING OTHER TRAFFIC SIGNS,2,6,NONINCAPACITATING INJURY,1,0,19,4,41.7894353063,-87.6051282376
01/11/2024 08:25:00 AM,30,CLEAR,DAYLIGHT,REAR END,DIVIDED - W/MEDIAN (NOT RAISED),WET,INJURY AND / OR TOW DUE TO CRASH,FAILING TO REDUCE SPEED TO AVOID CRASH,2,1,NO INDICATION OF INJURY,0,0,8,5,41.7356961147,-87.6619908209
03/12/2025 12:30:00 PM,30,CLEAR,DAYLIGHT,PARKED MOTOR VEHICLE,NOT DIVIDED,DRY,NO INJURY / DRIVE AWAY,FAILING TO YIELD RIGHT-OF-WAY,2,3,NO INDICATION OF INJURY,0,0,12,4,41.65381803,-87.6054081697
09/05/2025 07:50:00 AM,35,CLEAR,DAYLIGHT,SIDESWIPE SAME DIRECTION,DIVIDED - W/MEDIAN (NOT RAISED),DRY,NO INJURY / DRIVE AWAY,IMPROPER LANE USAGE,2,9,NO INDICATION OF INJURY,0,0,7,6,41.6984396508,-87.7204864951
01/04/2023 01:15:00 PM,30,RAIN,DAYLIGHT,TURNING,T-INTERSECTION,WET,NO INJURY / DRIVE AWAY,IMPROPER OVERTAKING/PASSING,2,1,NO INDICATION OF INJURY,0,0,13,4,42.0194175945,-87.6889387815
10/04/2021 04:23:00 PM,30,CLEAR,DAYLIGHT,ANGLE,ALLEY,DRY,NO INJURY / DRIVE AWAY,NOT APPLICABLE,2,10,NO INDICATION OF INJURY,0,0,16,2,41.7925363621,-87.7136700203
02/01/2025 08:15:00 AM,10,CLEAR,DAYLIGHT,PARKED MOTOR VEHICLE,PARKING LOT,DRY,NO INJURY / DRIVE AWAY,UNABLE TO DETERMINE,2,2,NO INDICATION OF INJURY,0,0,8,7,41.9678299995,-87.7673307409
03/25/2025 09:00:00 AM,30,CLEAR,DAYLIGHT,ANGLE,FOUR WAY,DRY,NO INJURY / DRIVE AWAY,ROAD ENGINEERING/SURFACE/MARKING DEFECTS,2,3,NO INDICATION OF INJURY,0,0,9,3,41.9870021858,-87.7449315152
05/09/2021 05:20:00 PM,30,CLEAR,DAYLIGHT,TURNING,NOT DIVIDED,DRY,NO INJURY / DRIVE AWAY,DRIVING SKILLS/KNOWLEDGE/EXPERIENCE,2,5,NO INDICATION OF INJURY,0,0,17,1,41.8092424965,-87.6197368017
03/26/2022 03:20:00 AM,35,SNOW,"DARKNESS, LIGHTED ROAD",SIDESWIPE SAME DIRECTION,PARKING LOT,WET,INJURY AND / OR TOW DUE TO CRASH,UNABLE TO DETERMINE,2,3,NO INDICATION OF INJURY,0,0,3,7,41.7141188681,-87.6431454082
06/20/2022 01:35:00 PM,30,CLEAR,DAYLIGHT,SIDESWIPE OPPOSITE DIRECTION,NOT DIVIDED,DRY,NO INJURY / DRIVE AWAY,DRIVING ON WRONG SIDE/WRONG WAY,2,6,NO INDICATION OF INJURY,0,0,13,2,41.8802113325,-87.7737293134
10/28/2023 09:30:00 PM,30,CLEAR,"DARKNESS, LIGHTED ROAD",REAR END,FOUR WAY,DRY,NO INJURY / DRIVE AWAY,DISTRACTION - FROM OUTSIDE VEHICLE,2,10,NO INDICATION OF INJURY,0,0,21,7,41.8948238967,-87.7749906089
09/17/2022 01:25:00 PM,30,CLEAR,DAYLIGHT,TURNING,NOT DIVIDED,DRY,INJURY AND / OR TOW DUE TO CRASH,UNABLE TO DETERMINE,2,9,"REPORTED, NOT EVIDENT",1,0,13,7,41.7713258652,-87.7227213773
07/15/2025 09:45:00 PM,30,CLEAR,"DARKNESS, LIGHTED ROAD",ANGLE,NOT DIVIDED,DRY,INJURY AND / OR TOW DUE TO CRASH,FAILING TO YIELD RIGHT-OF-WAY,2,7,NONINCAPACITATING INJURY,1,0,21,3,41.807714472,-87.7273989096
12/08/2023 02:00:00 PM,30,CLEAR,DAYLIGHT,ANGLE,DIVIDED - W/MEDIAN BARRIER,DRY,INJURY AND / OR TOW DUE TO CRASH,DISREGARDING TRAFFIC SIGNALS,3,12,"REPORTED, NOT EVIDENT",1,0,14,6,41.7258881,-87.5855587858
05/05/2024 01:15:00 PM,10,CLEAR,DAYLIGHT,FIXED OBJECT,PARKING LOT,DRY,NO INJURY / DRIVE AWAY,"VISION OBSCURED (SIGNS, TREE LIMBS, BUILDINGS, ETC.)",1,5,NO INDICATION OF INJURY,0,0,13,1,41.7121893493,-87.6202208275
02/21/2024 01:20:00 AM,30,CLEAR,DAYLIGHT,TURNING,OTHER,DRY,NO INJURY / DRIVE AWAY,IMPROPER TURNING/NO SIGNAL,2,2,NO INDICATION OF INJURY,0,0,1,4,41.8914781171,-87.6339922103
06/25/2023 07:10:00 PM,30,RAIN,DAYLIGHT,SIDESWIPE SAME DIRECTION,NOT DIVIDED,WET,NO INJURY / DRIVE AWAY,IMPROPER LANE USAGE,2,6,NO INDICATION OF INJURY,0,0,19,1,41.7504053302,-87.6524631408
06/29/2021 03:25:00 PM,30,CLEAR,DAYLIGHT,REAR END,T-INTERSECTION,DRY,NO INJURY / DRIVE AWAY,UNABLE TO DETERMINE,2,6,NO INDICATION OF INJURY,0,0,15,3,41.722415845,-87.5877145907
05/07/2022 01:26:00 AM,30,CLEAR,"DARKNESS, LIGHTED ROAD",TURNING,NOT DIVIDED,DRY,NO INJURY / DRIVE AWAY,IMPROPER TURNING/NO SIGNAL,2,5,NO INDICATION OF INJURY,0,0,1,7,41.8765732596,-87.6463968588
05/22/2024 02:15:00 PM,30,CLEAR,DAYLIGHT,FIXED OBJECT,NOT DIVIDED,DRY,NO INJURY / DRIVE AWAY,ROAD CONSTRUCTION/MAINTENANCE,2,5,NO INDICATION OF INJURY,0,0,14,4,41.8842329311,-87.6765720411
11/26/2024 12:08:00 PM,25,UNKNOWN,UNKNOWN,PARKED MOTOR VEHICLE,ONE-WAY,UNKNOWN,NO INJURY / DRIVE AWAY,UNABLE TO DETERMINE,2,11,NO INDICATION OF INJURY,0,0,12,3,41.8804658775,-87.7719462537
02/04/2021 01:45:00 PM,30,SNOW,DAYLIGHT,TURNING,DIVIDED - W/MEDIAN BARRIER,SNOW OR SLUSH,INJURY AND / OR TOW DUE TO CRASH,WEATHER,6,2,NO INDICATION OF INJURY,0,0,13,5,41.7215018142,-87.6320234214
07/20/2022 02:00:00 PM,30,CLEAR,DAYLIGHT,SIDESWIPE SAME DIRECTION,NOT DIVIDED,DRY,NO INJURY / DRIVE AWAY,FAILING TO YIELD RIGHT-OF-WAY,2,7,NO INDICATION OF INJURY,0,0,14,4,41.9095674904,-87.7559282838
11/06/2024 02:57:00 PM,30,CLEAR,DAYLIGHT,PARKED MOTOR VEHICLE,ONE-WAY,DRY,NO INJURY / DRIVE AWAY,UNABLE TO DETERMINE,2,11,NO INDICATION OF INJURY,0,0,14,4,41.76933433,-87.640360243
05/29/2024 06:55:00 AM,30,CLEAR,DAYLIGHT,TURNING,NOT DIVIDED,DRY,NO INJURY / DRIVE AWAY,IMPROPER TURNING/NO SIGNAL,2,5,NO INDICATION OF INJURY,0,0,6,4,41.9830517333,-87.7185176662
04/19/2026 10:00:00 PM,25,CLEAR,"DARKNESS, LIGHTED ROAD",FIXED OBJECT,ONE-WAY,DRY,NO INJURY / DRIVE AWAY,UNABLE TO DETERMINE,2,4,NO INDICATION OF INJURY,0,0,22,1,41.766609134,-87.6664387193
05/21/2025 03:13:00 PM,30,CLOUDY/OVERCAST,DAYLIGHT,TURNING,FOUR WAY,WET,INJURY AND / OR TOW DUE TO CRASH,FAILING TO YIELD RIGHT-OF-WAY,2,5,"REPORTED, NOT EVIDENT",2,0,15,4,41.867377773,-87.6242830157
07/03/2022 11:20:00 AM,30,CLEAR,DAYLIGHT,TURNING,NOT DIVIDED,DRY,INJURY AND / OR TOW DUE TO CRASH,FAILING TO YIELD RIGHT-OF-WAY,4,7,NO INDICATION OF INJURY,0,0,11,1,41.9760663914,-87.7134075728
04/21/2026 11:10:00 AM,30,CLEAR,DAYLIGHT,REAR END,NOT DIVIDED,DRY,NO INJURY / DRIVE AWAY,FOLLOWING TOO CLOSELY,2,4,NO INDICATION OF INJURY,0,0,11,3,41.9927711295,-87.6604997526
04/19/2021 01:25:00 PM,30,CLEAR,DAYLIGHT,TURNING,FOUR WAY,DRY,NO INJURY / DRIVE AWAY,UNABLE TO DETERMINE,2,4,NO INDICATION OF INJURY,0,0,13,2,41.8899620151,-87.7062647911
03/04/2026 01:03:00 PM,30,CLEAR,DAYLIGHT,ANGLE,ONE-WAY,DRY,NO INJURY / DRIVE AWAY,DRIVING SKILLS/KNOWLEDGE/EXPERIENCE,2,3,NO INDICATION OF INJURY,0,0,13,4,41.8917478043,-87.616984987
07/15/2025 04:33:00 PM,30,CLEAR,DAYLIGHT,PEDALCYCLIST,DIVIDED - W/MEDIAN (NOT RAISED),DRY,INJURY AND / OR TOW DUE TO CRASH,FAILING TO YIELD RIGHT-OF-WAY,2,7,NONINCAPACITATING INJURY,1,0,16,3,41.8922797337,-87.6340120037
02/14/2023 08:00:00 AM,30,CLEAR,DAYLIGHT,SIDESWIPE SAME DIRECTION,FOUR WAY,DRY,NO INJURY / DRIVE AWAY,IMPROPER OVERTAKING/PASSING,2,2,NO INDICATION OF INJURY,0,0,8,3,41.7933010062,-87.6744212116
01/10/2023 11:42:00 PM,30,CLEAR,"DARKNESS, LIGHTED ROAD",PARKED MOTOR VEHICLE,NOT DIVIDED,DRY,INJURY AND / OR TOW DUE TO CRASH,DRIVING SKILLS/KNOWLEDGE/EXPERIENCE,2,1,NO INDICATION OF INJURY,0,0,23,3,41.9684039646,-87.7011642574
09/14/2023 08:07:00 AM,30,CLEAR,DAYLIGHT,SIDESWIPE OPPOSITE DIRECTION,NOT DIVIDED,UNKNOWN,NO INJURY / DRIVE AWAY,FAILING TO YIELD RIGHT-OF-WAY,2,9,NO INDICATION OF INJURY,0,0,8,5,41.9271356637,-87.7947410095
07/01/2024 09:58:00 PM,30,CLEAR,"DARKNESS, LIGHTED ROAD",SIDESWIPE SAME DIRECTION,NOT DIVIDED,DRY,NO INJURY / DRIVE AWAY,IMPROPER OVERTAKING/PASSING,2,7,NO INDICATION OF INJURY,0,0,21,2,41.7563980719,-87.6321999048
04/15/2026 04:15:00 PM,30,CLEAR,DAYLIGHT,REAR END,NOT DIVIDED,DRY,NO INJURY / DRIVE AWAY,FOLLOWING TOO CLOSELY,2,4,NO INDICATION OF INJURY,0,0,16,4,41.7435045576,-87.6366627981
12/11/2021 07:00:00 PM,30,RAIN,"DARKNESS, LIGHTED ROAD",ANGLE,FOUR WAY,WET,NO INJURY / DRIVE AWAY,UNABLE TO DETERMINE,2,12,NO INDICATION OF INJURY,0,0,19,7,41.8028708167,-87.6844163419
08/10/2024 03:30:00 PM,30,CLEAR,DAYLIGHT,TURNING,FOUR WAY,DRY,INJURY AND / OR TOW DUE TO CRASH,UNABLE TO DETERMINE,2,8,"REPORTED, NOT EVIDENT",1,0,15,7,41.7497239717,-87.7025395717
06/04/2025 07:45:00 AM,35,CLEAR,DAYLIGHT,REAR END,NOT DIVIDED,DRY,NO INJURY / DRIVE AWAY,UNABLE TO DETERMINE,2,6,NO INDICATION OF INJURY,0,0,7,4,41.9172439738,-87.7290637155
03/26/2021 06:07:00 PM,30,CLEAR,"DARKNESS, LIGHTED ROAD",SIDESWIPE SAME DIRECTION,DIVIDED - W/MEDIAN (NOT RAISED),DRY,NO INJURY / DRIVE AWAY,IMPROPER OVERTAKING/PASSING,2,3,NO INDICATION OF INJURY,0,0,18,6,41.9540348533,-87.707249125
04/09/2025 07:40:00 AM,35,CLEAR,DAYLIGHT,ANGLE,NOT DIVIDED,DRY,NO INJURY / DRIVE AWAY,UNABLE TO DETERMINE,2,4,NO INDICATION OF INJURY,0,0,7,4,41.9689299318,-87.7279018441
08/22/2022 04:42:00 PM,35,CLEAR,DAYLIGHT,PARKED MOTOR VEHICLE,NOT DIVIDED,DRY,INJURY AND / OR TOW DUE TO CRASH,FAILING TO REDUCE SPEED TO AVOID CRASH,4,8,NONINCAPACITATING INJURY,1,0,16,2,41.7188999227,-87.6287425903
01/31/2025 09:10:00 PM,20,SLEET/HAIL,"DARKNESS, LIGHTED ROAD",PARKED MOTOR VEHICLE,OTHER,ICE,INJURY AND / OR TOW DUE TO CRASH,WEATHER,2,1,"REPORTED, NOT EVIDENT",2,0,21,6,41.9205260539,-87.6981144914
08/01/2023 12:55:00 AM,30,CLOUDY/OVERCAST,"DARKNESS, LIGHTED ROAD",PARKED MOTOR VEHICLE,ONE-WAY,DRY,NO INJURY / DRIVE AWAY,UNABLE TO DETERMINE,2,8,NO INDICATION OF INJURY,0,0,0,3,41.8290654377,-87.6435681228
06/08/2025 07:12:00 PM,30,CLEAR,DAYLIGHT,SIDESWIPE SAME DIRECTION,NOT DIVIDED,DRY,NO INJURY / DRIVE AWAY,UNABLE TO DETERMINE,2,6,NO INDICATION OF INJURY,0,0,19,1,41.9607131506,-87.7389415482
06/30/2025 06:30:00 AM,25,CLEAR,DAYLIGHT,PARKED MOTOR VEHICLE,ONE-WAY,DRY,INJURY AND / OR TOW DUE TO CRASH,DRIVING ON WRONG SIDE/WRONG WAY,3,6,NO INDICATION OF INJURY,0,0,6,2,41.944610955,-87.6568239392
04/23/2021 08:03:00 PM,20,CLEAR,"DARKNESS, LIGHTED ROAD",SIDESWIPE SAME DIRECTION,ONE-WAY,DRY,NO INJURY / DRIVE AWAY,FAILING TO YIELD RIGHT-OF-WAY,3,4,NO INDICATION OF INJURY,0,0,20,6,41.8077226125,-87.6562878951
11/11/2022 10:00:00 AM,25,CLEAR,DAYLIGHT,PARKED MOTOR VEHICLE,ONE-WAY,DRY,NO INJURY / DRIVE AWAY,UNABLE TO DETERMINE,2,11,NO INDICATION OF INJURY,0,0,10,6,41.7718144075,-87.5693065171
08/10/2022 02:00:00 PM,30,CLEAR,DAYLIGHT,PARKED MOTOR VEHICLE,DIVIDED - W/MEDIAN BARRIER,DRY,NO INJURY / DRIVE AWAY,IMPROPER BACKING,2,8,NO INDICATION OF INJURY,0,0,14,4,41.8695406149,-87.6558387621
12/27/2025 11:10:00 PM,30,UNKNOWN,"DARKNESS, LIGHTED ROAD",SIDESWIPE SAME DIRECTION,DIVIDED - W/MEDIAN BARRIER,UNKNOWN,NO INJURY / DRIVE AWAY,UNABLE TO DETERMINE,2,12,NO INDICATION OF INJURY,0,0,23,7,41.9007891078,-87.619916585
01/30/2023 06:00:00 PM,10,CLEAR,"DARKNESS, LIGHTED ROAD",TURNING,PARKING LOT,DRY,NO INJURY / DRIVE AWAY,FOLLOWING TOO CLOSELY,2,1,NO INDICATION OF INJURY,0,0,18,2,41.8812841025,-87.6856204178
01/18/2024 05:00:00 PM,25,CLEAR,DARKNESS,TURNING,NOT DIVIDED,WET,NO INJURY / DRIVE AWAY,FAILING TO YIELD RIGHT-OF-WAY,2,1,NO INDICATION OF INJURY,0,0,17,5,41.8674784611,-87.7640460023
08/14/2021 01:40:00 AM,30,CLEAR,"DARKNESS, LIGHTED ROAD",TURNING,FOUR WAY,DRY,NO INJURY / DRIVE AWAY,DISREGARDING STOP SIGN,2,8,NO INDICATION OF INJURY,0,0,1,7,41.885564255,-87.6601276898
08/15/2025 02:00:00 PM,30,CLEAR,DAYLIGHT,SIDESWIPE SAME DIRECTION,NOT DIVIDED,DRY,NO INJURY / DRIVE AWAY,DISREGARDING ROAD MARKINGS,2,8,NO INDICATION OF INJURY,0,0,14,6,41.8948529614,-87.6229018004
07/12/2022 09:00:00 PM,40,CLEAR,"DARKNESS, LIGHTED ROAD",ANGLE,CENTER TURN LANE,DRY,INJURY AND / OR TOW DUE TO CRASH,FAILING TO YIELD RIGHT-OF-WAY,2,7,NO INDICATION OF INJURY,0,0,21,3,41.8151010211,-87.7240052334
01/11/2026 09:57:00 PM,30,CLEAR,"DARKNESS, LIGHTED ROAD",REAR END,FOUR WAY,DRY,NO INJURY / DRIVE AWAY,FOLLOWING TOO CLOSELY,2,1,NO INDICATION OF INJURY,0,0,21,1,41.7356809547,-87.6630013649
03/19/2026 06:38:00 PM,30,CLEAR,DUSK,SIDESWIPE SAME DIRECTION,DIVIDED - W/MEDIAN BARRIER,DRY,INJURY AND / OR TOW DUE TO CRASH,FAILING TO YIELD RIGHT-OF-WAY,2,3,NONINCAPACITATING INJURY,4,0,18,5,41.7349886736,-87.7202298154
10/10/2024 06:00:00 AM,30,CLEAR,"DARKNESS, LIGHTED ROAD",FIXED OBJECT,NOT DIVIDED,DRY,INJURY AND / OR TOW DUE TO CRASH,IMPROPER OVERTAKING/PASSING,1,10,NONINCAPACITATING INJURY,1,0,6,5,41.784575915,-87.6547753762
04/27/2025 11:00:00 PM,30,CLEAR,"DARKNESS, LIGHTED ROAD",ANGLE,FOUR WAY,DRY,INJURY AND / OR TOW DUE TO CRASH,UNABLE TO DETERMINE,2,4,NONINCAPACITATING INJURY,1,0,23,1,41.9183413796,-87.643816996
11/25/2025 05:40:00 PM,25,CLEAR,"DARKNESS, LIGHTED ROAD",TURNING,DIVIDED - W/MEDIAN (NOT RAISED),DRY,NO INJURY / DRIVE AWAY,DRIVING ON WRONG SIDE/WRONG WAY,2,11,NO INDICATION OF INJURY,0,0,17,3,41.8275838968,-87.6824544425
03/01/2021 09:05:00 AM,30,CLEAR,DAYLIGHT,SIDESWIPE SAME DIRECTION,ONE-WAY,DRY,INJURY AND / OR TOW DUE TO CRASH,UNABLE TO DETERMINE,2,3,NO INDICATION OF INJURY,0,0,9,2,41.7501830591,-87.6893492743
12/07/2023 11:15:00 AM,30,CLEAR,DAYLIGHT,REAR END,DIVIDED - W/MEDIAN (NOT RAISED),DRY,NO INJURY / DRIVE AWAY,FOLLOWING TOO CLOSELY,2,12,NO INDICATION OF INJURY,0,0,11,5,41.8524987566,-87.6463446658
05/16/2024 11:35:00 AM,30,CLEAR,DAYLIGHT,SIDESWIPE SAME DIRECTION,NOT DIVIDED,DRY,NO INJURY / DRIVE AWAY,UNABLE TO DETERMINE,2,5,NO INDICATION OF INJURY,0,0,11,5,41.7718537002,-87.6981578935
02/22/2023 03:00:00 PM,20,RAIN,DAYLIGHT,PARKED MOTOR VEHICLE,ONE-WAY,WET,NO INJURY / DRIVE AWAY,UNABLE TO DETERMINE,2,2,NO INDICATION OF INJURY,0,0,15,4,42.0082953192,-87.6680240279
08/24/2025 09:37:00 PM,30,CLEAR,"DARKNESS, LIGHTED ROAD",REAR END,NOT DIVIDED,DRY,NO INJURY / DRIVE AWAY,UNABLE TO DETERMINE,2,8,NO INDICATION OF INJURY,0,0,21,1,41.9339421035,-87.6975234186
09/26/2022 02:15:00 PM,15,CLEAR,DAYLIGHT,FIXED OBJECT,PARKING LOT,DRY,INJURY AND / OR TOW DUE TO CRASH,PHYSICAL CONDITION OF DRIVER,1,9,NO INDICATION OF INJURY,0,0,14,2,41.7455135883,-87.7410838505
01/09/2023 01:58:00 PM,30,CLEAR,DAYLIGHT,SIDESWIPE SAME DIRECTION,FOUR WAY,DRY,NO INJURY / DRIVE AWAY,IMPROPER LANE USAGE,2,1,NO INDICATION OF INJURY,0,0,13,2,41.9539674447,-87.7128466127
06/16/2024 01:30:00 PM,30,CLEAR,DAYLIGHT,TURNING,OTHER,DRY,NO INJURY / DRIVE AWAY,FAILING TO REDUCE SPEED TO AVOID CRASH,2,6,NO INDICATION OF INJURY,0,0,13,1,41.7557574962,-87.6537261358
06/15/2024 04:25:00 PM,30,CLEAR,DUSK,ANGLE,NOT DIVIDED,DRY,INJURY AND / OR TOW DUE TO CRASH,DISREGARDING TRAFFIC SIGNALS,2,6,NONINCAPACITATING INJURY,3,0,16,7,41.9321479835,-87.7026715157