CRASH_DATE,POSTED_SPEED_LIMIT,WEATHER_CONDITION,LIGHTING_CONDITION,FIRST_CRASH_TYPE,TRAFFICWAY_TYPE,ROADWAY_SURFACE_COND,CRASH_TYPE,PRIM_CONTRIBUTORY_CAUSE,NUM_UNITS,CRASH_MONTH,MOST_SEVERE_INJURY,INJURIES_TOTAL,INJURIES_FATAL,CRASH_HOUR,CRASH_DAY_OF_WEEK,LATITUDE,LONGITUDE
09/09/2021 07:50:00 AM,30,CLEAR,DAYLIGHT,TURNING,NOT DIVIDED,DRY,NO INJURY / DRIVE AWAY,UNABLE TO DETERMINE,2,9,NO INDICATION OF INJURY,0,0,7,5,41.8200615599,-87.6265082241
04/11/2025 09:30:00 AM,30,CLEAR,DAYLIGHT,PARKED MOTOR VEHICLE,NOT DIVIDED,DRY,INJURY AND / OR TOW DUE TO CRASH,UNABLE TO DETERMINE,3,4,NO INDICATION OF INJURY,0,0,9,6,41.8889656171,-87.7552353616
03/09/2022 09:30:00 AM,30,CLEAR,DAYLIGHT,PARKED MOTOR VEHICLE,NOT DIVIDED,DRY,NO INJURY / DRIVE AWAY,UNABLE TO DETERMINE,2,3,NO INDICATION OF INJURY,0,0,9,4,41.99856698,-87.6800125385
04/04/2023 06:40:00 PM,15,UNKNOWN,UNKNOWN,OTHER OBJECT,DRIVEWAY,UNKNOWN,NO INJURY / DRIVE AWAY,UNABLE TO DETERMINE,1,4,NO INDICATION OF INJURY,0,0,18,3,41.946477189,-87.7112385263
11/07/2022 07:30:00 AM,30,CLEAR,DAYLIGHT,TURNING,NOT DIVIDED,DRY,NO INJURY / DRIVE AWAY,IMPROPER TURNING/NO SIGNAL,2,11,NO INDICATION OF INJURY,0,0,7,2,41.743541848,-87.6257732415
06/12/2024 06:25:00 PM,30,CLEAR,DAYLIGHT,SIDESWIPE SAME DIRECTION,NOT DIVIDED,DRY,NO INJURY / DRIVE AWAY,UNABLE TO DETERMINE,2,6,NO INDICATION OF INJURY,0,0,18,4,41.8860254125,-87.6362977032
02/22/2023 03:00:00 PM,30,RAIN,DAYLIGHT,PARKED MOTOR VEHICLE,ONE-WAY,WET,NO INJURY / DRIVE AWAY,UNABLE TO DETERMINE,2,2,NO INDICATION OF INJURY,0,0,15,4,41.7806448773,-87.7190969369
01/08/2026 04:24:00 PM,30,CLEAR,DAYLIGHT,SIDESWIPE SAME DIRECTION,FOUR WAY,DRY,NO INJURY / DRIVE AWAY,IMPROPER LANE USAGE,2,1,NO INDICATION OF INJURY,0,0,16,5,41.9186362607,-87.668429989
05/17/2024 02:00:00 PM,30,CLEAR,DAYLIGHT,SIDESWIPE SAME DIRECTION,DIVIDED - W/MEDIAN (NOT RAISED),DRY,NO INJURY / DRIVE AWAY,UNABLE TO DETERMINE,2,5,NO INDICATION OF INJURY,0,0,14,6,41.9538528069,-87.7197341549
09/30/2025 07:40:00 AM,30,CLEAR,DAYLIGHT,SIDESWIPE SAME DIRECTION,NOT DIVIDED,DRY,NO INJURY / DRIVE AWAY,IMPROPER LANE USAGE,2,9,NO INDICATION OF INJURY,0,0,7,3,41.7782729961,-87.7447738004
02/03/2024 09:10:00 AM,30,CLEAR,DAYLIGHT,PEDALCYCLIST,OTHER,DRY,INJURY AND / OR TOW DUE TO CRASH,UNABLE TO DETERMINE,2,2,"REPORTED, NOT EVIDENT",1,0,9,7,41.9236732565,-87.7996266459
12/21/2024 04:06:00 PM,30,CLEAR,DAYLIGHT,PARKED MOTOR VEHICLE,ONE-WAY,DRY,NO INJURY / DRIVE AWAY,UNABLE TO DETERMINE,2,12,NO INDICATION OF INJURY,0,0,16,7,41.9355579736,-87.7250029326
08/03/2021 06:45:00 PM,30,CLEAR,DAYLIGHT,REAR END,NOT DIVIDED,DRY,NO INJURY / DRIVE AWAY,FAILING TO REDUCE SPEED TO AVOID CRASH,2,8,NO INDICATION OF INJURY,0,0,18,3,41.9652560234,-87.659692692
02/04/2022 04:00:00 PM,30,CLEAR,DAYLIGHT,PARKED MOTOR VEHICLE,NOT DIVIDED,WET,NO INJURY / DRIVE AWAY,UNABLE TO DETERMINE,2,2,NO INDICATION OF INJURY,0,0,16,6,41.8617755229,-87.7105594898
08/05/2022 04:30:00 PM,25,CLEAR,DAYLIGHT,ANGLE,FOUR WAY,DRY,NO INJURY / DRIVE AWAY,FAILING TO YIELD RIGHT-OF-WAY,2,8,NO INDICATION OF INJURY,0,0,16,6,41.7277983585,-87.5792880917
06/24/2021 04:00:00 PM,30,CLEAR,DAYLIGHT,REAR END,NOT DIVIDED,DRY,NO INJURY / DRIVE AWAY,UNABLE TO DETERMINE,2,6,NO INDICATION OF INJURY,0,0,16,5,41.8370948924,-87.6575437208
12/14/2021 10:30:00 PM,35,RAIN,"DARKNESS, LIGHTED ROAD",FIXED OBJECT,DIVIDED - W/MEDIAN BARRIER,WET,NO INJURY / DRIVE AWAY,WEATHER,1,12,NO INDICATION OF INJURY,0,0,22,3,41.884435417,-87.6135795419
12/20/2024 01:45:00 AM,30,RAIN,"DARKNESS, LIGHTED ROAD",TURNING,NOT DIVIDED,WET,NO INJURY / DRIVE AWAY,IMPROPER LANE USAGE,2,12,NO INDICATION OF INJURY,0,0,1,6,41.8932097344,-87.6354686728
02/02/2023 09:15:00 PM,30,CLEAR,"DARKNESS, LIGHTED ROAD",REAR END,NOT DIVIDED,DRY,INJURY AND / OR TOW DUE TO CRASH,FAILING TO REDUCE SPEED TO AVOID CRASH,4,2,NONINCAPACITATING INJURY,1,0,21,5,41.9544021665,-87.6688888488
11/22/2025 02:30:00 PM,30,CLEAR,DAYLIGHT,SIDESWIPE SAME DIRECTION,NOT DIVIDED,DRY,NO INJURY / DRIVE AWAY,IMPROPER LANE USAGE,2,11,NO INDICATION OF INJURY,0,0,14,7,41.9873912609,-87.7679536202
05/30/2024 02:37:00 PM,30,CLEAR,DAYLIGHT,ANGLE,T-INTERSECTION,DRY,INJURY AND / OR TOW DUE TO CRASH,FAILING TO YIELD RIGHT-OF-WAY,2,5,NO INDICATION OF INJURY,0,0,14,5,41.8146727323,-87.6212101245
09/28/2021 12:29:00 AM,30,CLEAR,"DARKNESS, LIGHTED ROAD",FIXED OBJECT,NOT DIVIDED,DRY,INJURY AND / OR TOW DUE TO CRASH,FAILING TO REDUCE SPEED TO AVOID CRASH,1,9,NO INDICATION OF INJURY,0,0,0,3,41.7551726926,-87.7143743133
02/16/2023 08:09:00 AM,35,CLEAR,DAYLIGHT,REAR END,DIVIDED - W/MEDIAN (NOT RAISED),WET,NO INJURY / DRIVE AWAY,UNABLE TO DETERMINE,2,2,NO INDICATION OF INJURY,0,0,8,5,41.8819885724,-87.7255608436
01/30/2024 04:55:00 AM,30,CLEAR,"DARKNESS, LIGHTED ROAD",TURNING,FOUR WAY,WET,INJURY AND / OR TOW DUE TO CRASH,FAILING TO YIELD RIGHT-OF-WAY,2,1,NONINCAPACITATING INJURY,1,0,4,3,41.966955903,-87.8464077975
07/30/2024 02:00:00 AM,30,CLEAR,DARKNESS,PARKED MOTOR VEHICLE,DIVIDED - W/MEDIAN (NOT RAISED),DRY,INJURY AND / OR TOW DUE TO CRASH,UNABLE TO DETERMINE,2,7,NO INDICATION OF INJURY,0,0,2,3,41.7932957224,-87.5867883368
03/19/2025 03:30:00 PM,30,RAIN,DAYLIGHT,ANGLE,NOT DIVIDED,WET,INJURY AND / OR TOW DUE TO CRASH,UNABLE TO DETERMINE,3,3,NONINCAPACITATING INJURY,1,0,15,4,41.8751743582,-87.6735667201
05/27/2024 05:00:00 PM,30,CLEAR,DAYLIGHT,TURNING,NOT DIVIDED,DRY,INJURY AND / OR TOW DUE TO CRASH,IMPROPER TURNING/NO SIGNAL,2,5,NONINCAPACITATING INJURY,1,0,17,2,42.004192344,-87.7812090987
05/30/2025 04:24:00 PM,35,CLEAR,DAYLIGHT,REAR END,FOUR WAY,DRY,NO INJURY / DRIVE AWAY,FOLLOWING TOO CLOSELY,2,5,NO INDICATION OF INJURY,0,0,16,6,41.7496443575,-87.7239722269
09/07/2025 11:30:00 PM,30,CLEAR,"DARKNESS, LIGHTED ROAD",TURNING,FOUR WAY,DRY,NO INJURY / DRIVE AWAY,FAILING TO YIELD RIGHT-OF-WAY,2,9,NO INDICATION OF INJURY,0,0,23,1,41.9221551367,-87.7731624045
09/21/2025 05:25:00 PM,10,CLEAR,DAYLIGHT,PARKED MOTOR VEHICLE,PARKING LOT,DRY,NO INJURY / DRIVE AWAY,IMPROPER BACKING,2,9,NO INDICATION OF INJURY,0,0,17,1,41.7367384639,-87.5905483431
04/07/2021 03:42:00 PM,35,CLEAR,DAYLIGHT,REAR END,DIVIDED - W/MEDIAN BARRIER,DRY,NO INJURY / DRIVE AWAY,PHYSICAL CONDITION OF DRIVER,2,4,NO INDICATION OF INJURY,0,0,15,4,41.7491418472,-87.7321990955
07/22/2022 04:00:00 PM,30,CLEAR,DAYLIGHT,PARKED MOTOR VEHICLE,NOT DIVIDED,DRY,NO INJURY / DRIVE AWAY,UNABLE TO DETERMINE,2,7,NO INDICATION OF INJURY,0,0,16,6,41.7737781297,-87.7337577099
09/04/2021 11:00:00 PM,30,CLEAR,DARKNESS,PARKED MOTOR VEHICLE,DIVIDED - W/MEDIAN (NOT RAISED),DRY,NO INJURY / DRIVE AWAY,NOT APPLICABLE,2,9,NO INDICATION OF INJURY,0,0,23,7,41.699519335,-87.7009594094
04/24/2023 04:35:00 PM,30,CLEAR,DAYLIGHT,TURNING,NOT DIVIDED,UNKNOWN,NO INJURY / DRIVE AWAY,UNABLE TO DETERMINE,2,4,NO INDICATION OF INJURY,0,0,16,2,41.8318307302,-87.675527192
09/20/2022 01:00:00 PM,15,CLEAR,DAYLIGHT,PARKED MOTOR VEHICLE,PARKING LOT,DRY,NO INJURY / DRIVE AWAY,UNABLE TO DETERMINE,2,9,NO INDICATION OF INJURY,0,0,13,3,41.7422646307,-87.604836752
12/31/2024 12:39:00 PM,30,UNKNOWN,DAYLIGHT,PARKED MOTOR VEHICLE,NOT DIVIDED,UNKNOWN,NO INJURY / DRIVE AWAY,IMPROPER LANE USAGE,2,12,NO INDICATION OF INJURY,0,0,12,3,41.7950933355,-87.58829451
10/04/2025 11:10:00 AM,30,CLEAR,DAYLIGHT,PARKED MOTOR VEHICLE,ONE-WAY,DRY,NO INJURY / DRIVE AWAY,UNABLE TO DETERMINE,2,10,NO INDICATION OF INJURY,0,0,11,7,41.9032361751,-87.632205824
12/27/2022 04:48:00 AM,30,SNOW,DUSK,REAR END,ONE-WAY,SNOW OR SLUSH,INJURY AND / OR TOW DUE TO CRASH,NOT APPLICABLE,2,12,NO INDICATION OF INJURY,0,0,4,3,41.7639478597,-87.566624104
07/02/2023 03:13:00 AM,30,RAIN,"DARKNESS, LIGHTED ROAD",FIXED OBJECT,FOUR WAY,WET,INJURY AND / OR TOW DUE TO CRASH,UNABLE TO DETERMINE,1,7,NONINCAPACITATING INJURY,2,0,3,1,41.8228959133,-87.6847259813
05/22/2023 04:45:00 PM,20,CLEAR,DAYLIGHT,FIXED OBJECT,OTHER,DRY,INJURY AND / OR TOW DUE TO CRASH,DRIVING SKILLS/KNOWLEDGE/EXPERIENCE,1,5,NO INDICATION OF INJURY,0,0,16,2,41.919363669,-87.7693228654
06/25/2022 01:10:00 PM,30,RAIN,DAYLIGHT,FIXED OBJECT,NOT DIVIDED,WET,INJURY AND / OR TOW DUE TO CRASH,WEATHER,1,6,NO INDICATION OF INJURY,0,0,13,7,41.8590584843,-87.7174166318
07/10/2025 05:10:00 PM,30,CLEAR,DUSK,PARKED MOTOR VEHICLE,NOT DIVIDED,UNKNOWN,NO INJURY / DRIVE AWAY,UNABLE TO DETERMINE,2,7,NO INDICATION OF INJURY,0,0,17,5,41.8810084856,-87.6909647638
05/16/2025 04:25:00 PM,30,CLEAR,DAYLIGHT,SIDESWIPE SAME DIRECTION,NOT DIVIDED,UNKNOWN,NO INJURY / DRIVE AWAY,UNABLE TO DETERMINE,2,5,NO INDICATION OF INJURY,0,0,16,6,41.9792169069,-87.8068381631
10/03/2024 10:41:00 AM,30,CLEAR,DAYLIGHT,TURNING,T-INTERSECTION,DRY,NO INJURY / DRIVE AWAY,UNABLE TO DETERMINE,2,10,NO INDICATION OF INJURY,0,0,10,5,41.8232207071,-87.6751544847
06/24/2024 09:31:00 AM,25,CLEAR,DAYLIGHT,PARKED MOTOR VEHICLE,ONE-WAY,DRY,NO INJURY / DRIVE AWAY,UNABLE TO DETERMINE,2,6,NO INDICATION OF INJURY,0,0,9,2,41.9422874413,-87.7197927995
12/09/2022 01:45:00 PM,30,RAIN,DAYLIGHT,REAR END,NOT DIVIDED,WET,INJURY AND / OR TOW DUE TO CRASH,UNABLE TO DETERMINE,2,12,NO INDICATION OF INJURY,0,0,13,6,41.8159536769,-87.684781866
12/27/2023 03:32:00 AM,30,CLEAR,"DARKNESS, LIGHTED ROAD",TURNING,DIVIDED - W/MEDIAN BARRIER,DRY,INJURY AND / OR TOW DUE TO CRASH,IMPROPER TURNING/NO SIGNAL,2,12,NO INDICATION OF INJURY,0,0,3,4,41.8870693044,-87.6303678686
01/27/2026 02:30:00 PM,20,CLEAR,DAYLIGHT,ANGLE,T-INTERSECTION,DRY,NO INJURY / DRIVE AWAY,FAILING TO YIELD RIGHT-OF-WAY,2,1,NO INDICATION OF INJURY,0,0,14,3,41.976201139,-87.9053091251
11/27/2024 03:54:00 PM,25,CLEAR,DAYLIGHT,TURNING,PARKING LOT,DRY,NO INJURY / DRIVE AWAY,UNABLE TO DETERMINE,2,11,NO INDICATION OF INJURY,0,0,15,4,41.8101128553,-87.6457192036
01/04/2026 02:29:00 PM,30,CLEAR,DAYLIGHT,ANGLE,FOUR WAY,DRY,INJURY AND / OR TOW DUE TO CRASH,DISREGARDING STOP SIGN,2,1,NONINCAPACITATING INJURY,2,0,14,1,41.8985439406,-87.7485379508
07/07/2023 08:10:00 PM,30,CLEAR,DUSK,PARKED MOTOR VEHICLE,PARKING LOT,DRY,NO INJURY / DRIVE AWAY,UNABLE TO DETERMINE,2,7,NO INDICATION OF INJURY,0,0,20,6,41.7116603517,-87.6430994141
09/03/2021 03:01:00 PM,30,RAIN,DAYLIGHT,ANGLE,NOT DIVIDED,WET,INJURY AND / OR TOW DUE TO CRASH,UNABLE TO DETERMINE,3,9,NONINCAPACITATING INJURY,2,0,15,6,41.6824967963,-87.622948543
03/22/2024 05:00:00 PM,30,UNKNOWN,UNKNOWN,REAR END,FOUR WAY,UNKNOWN,NO INJURY / DRIVE AWAY,UNABLE TO DETERMINE,2,3,NO INDICATION OF INJURY,0,0,17,6,41.90308734,-87.6301078135
08/29/2022 12:00:00 PM,15,UNKNOWN,DAYLIGHT,PARKED MOTOR VEHICLE,PARKING LOT,UNKNOWN,NO INJURY / DRIVE AWAY,UNABLE TO DETERMINE,2,8,NO INDICATION OF INJURY,0,0,12,2,41.9974440869,-87.7000368511
04/19/2024 09:45:00 AM,30,CLEAR,DAYLIGHT,SIDESWIPE SAME DIRECTION,NOT DIVIDED,DRY,NO INJURY / DRIVE AWAY,IMPROPER OVERTAKING/PASSING,2,4,NO INDICATION OF INJURY,0,0,9,6,41.8939867626,-87.7749584148
02/17/2021 03:00:00 PM,20,UNKNOWN,UNKNOWN,PARKED MOTOR VEHICLE,ONE-WAY,UNKNOWN,NO INJURY / DRIVE AWAY,UNABLE TO DETERMINE,2,2,NO INDICATION OF INJURY,0,0,15,4,41.778445441,-87.6017712943
03/22/2023 04:30:00 PM,30,RAIN,DUSK,REAR END,NOT DIVIDED,WET,NO INJURY / DRIVE AWAY,UNABLE TO DETERMINE,3,3,NO INDICATION OF INJURY,0,0,16,4,41.7026858266,-87.5597477072
06/02/2024 11:55:00 AM,30,CLEAR,DAYLIGHT,ANGLE,FOUR WAY,DRY,INJURY AND / OR TOW DUE TO CRASH,FAILING TO YIELD RIGHT-OF-WAY,2,6,NONINCAPACITATING INJURY,1,0,11,1,41.7008302428,-87.5354290828
07/13/2023 11:15:00 AM,30,CLEAR,DAYLIGHT,OTHER OBJECT,DIVIDED - W/MEDIAN (NOT RAISED),DRY,INJURY AND / OR TOW DUE TO CRASH,UNABLE TO DETERMINE,1,7,NO INDICATION OF INJURY,0,0,11,5,41.7076421509,-87.6010128106
10/08/2023 12:50:00 AM,20,CLEAR,"DARKNESS, LIGHTED ROAD",PARKED MOTOR VEHICLE,ONE-WAY,DRY,NO INJURY / DRIVE AWAY,UNABLE TO DETERMINE,2,10,NO INDICATION OF INJURY,0,0,0,1,41.7316517458,-87.6351311
06/28/2024 02:20:00 PM,30,RAIN,DAYLIGHT,SIDESWIPE SAME DIRECTION,FOUR WAY,WET,NO INJURY / DRIVE AWAY,UNABLE TO DETERMINE,2,6,NO INDICATION OF INJURY,0,0,14,6,41.8695619731,-87.645515409
02/18/2025 06:56:00 AM,30,CLEAR,DAYLIGHT,ANGLE,PARKING LOT,DRY,INJURY AND / OR TOW DUE TO CRASH,FAILING TO YIELD RIGHT-OF-WAY,2,2,NO INDICATION OF INJURY,0,0,6,3,41.9869326715,-87.655141216
09/06/2025 04:45:00 PM,30,CLEAR,DAYLIGHT,PARKED MOTOR VEHICLE,ONE-WAY,DRY,NO INJURY / DRIVE AWAY,UNABLE TO DETERMINE,2,9,NO INDICATION OF INJURY,0,0,16,7,41.9212175338,-87.7485388279
06/20/2025 04:14:00 PM,25,CLEAR,DAYLIGHT,SIDESWIPE SAME DIRECTION,ONE-WAY,DRY,NO INJURY / DRIVE AWAY,FAILING TO YIELD RIGHT-OF-WAY,2,6,NO INDICATION OF INJURY,0,0,16,6,41.9660792128,-87.7256717862
02/25/2026 05:00:00 PM,30,CLEAR,DAWN,REAR END,NOT DIVIDED,DRY,NO INJURY / DRIVE AWAY,UNABLE TO DETERMINE,2,2,NO INDICATION OF INJURY,0,0,17,4,41.9790616525,-87.797947974
03/19/2022 11:47:00 AM,30,RAIN,DAYLIGHT,ANGLE,FOUR WAY,WET,INJURY AND / OR TOW DUE TO CRASH,DISREGARDING TRAFFIC SIGNALS,2,3,NO INDICATION OF INJURY,0,0,11,7,41.9828829463,-87.787588155
07/05/2025 04:00:00 PM,30,CLEAR,DAYLIGHT,PARKED MOTOR VEHICLE,ONE-WAY,DRY,NO INJURY / DRIVE AWAY,UNABLE TO DETERMINE,2,7,NO INDICATION OF INJURY,0,0,16,7,41.9190493649,-87.7124198405
10/21/2021 12:30:00 PM,30,UNKNOWN,"DARKNESS, LIGHTED ROAD",FIXED OBJECT,DIVIDED - W/MEDIAN BARRIER,UNKNOWN,NO INJURY / DRIVE AWAY,ROAD CONSTRUCTION/MAINTENANCE,1,10,NO INDICATION OF INJURY,0,0,12,5,41.8953056936,-87.7023419045
12/29/2025 03:52:00 PM,30,CLEAR,DAYLIGHT,REAR END,ONE-WAY,WET,NO INJURY / DRIVE AWAY,"OPERATING VEHICLE IN ERRATIC, RECKLESS, CARELESS, NEGLIGENT OR AGGRESSIVE MANNER",2,12,NO INDICATION OF INJURY,0,0,15,2,41.9046992288,-87.6908253094
07/27/2025 02:46:00 AM,35,CLEAR,"DARKNESS, LIGHTED ROAD",TURNING,FOUR WAY,DRY,NO INJURY / DRIVE AWAY,UNABLE TO DETERMINE,2,7,NO INDICATION OF INJURY,0,0,2,1,41.9007588511,-87.6239842545
07/06/2025 11:49:00 PM,30,CLEAR,"DARKNESS, LIGHTED ROAD",REAR END,NOT DIVIDED,DRY,NO INJURY / DRIVE AWAY,FAILING TO REDUCE SPEED TO AVOID CRASH,2,7,NO INDICATION OF INJURY,0,0,23,1,41.9971682842,-87.7185513924
11/04/2023 03:28:00 AM,35,CLEAR,"DARKNESS, LIGHTED ROAD",PARKED MOTOR VEHICLE,ONE-WAY,DRY,INJURY AND / OR TOW DUE TO CRASH,UNABLE TO DETERMINE,2,11,NONINCAPACITATING INJURY,1,0,3,7,41.8932807779,-87.6352884223
08/26/2025 04:10:00 PM,35,CLEAR,DAYLIGHT,REAR END,FOUR WAY,DRY,INJURY AND / OR TOW DUE TO CRASH,FAILING TO REDUCE SPEED TO AVOID CRASH,2,8,"REPORTED, NOT EVIDENT",2,0,16,3,41.922338591,-87.7023789825
02/27/2025 02:45:00 PM,30,UNKNOWN,UNKNOWN,PARKED MOTOR VEHICLE,T-INTERSECTION,UNKNOWN,NO INJURY / DRIVE AWAY,UNABLE TO DETERMINE,2,2,NO INDICATION OF INJURY,0,0,14,5,41.7827926314,-87.5866650019
10/17/2022 06:00:00 PM,30,CLEAR,DUSK,TURNING,NOT DIVIDED,DRY,INJURY AND / OR TOW DUE TO CRASH,UNABLE TO DETERMINE,2,10,NO INDICATION OF INJURY,0,0,18,2,41.9772429038,-87.6923321909
10/27/2021 01:00:00 PM,30,CLEAR,DAYLIGHT,REAR END,DIVIDED - W/MEDIAN (NOT RAISED),DRY,NO INJURY / DRIVE AWAY,DISTRACTION - FROM OUTSIDE VEHICLE,2,10,NO INDICATION OF INJURY,0,0,13,4,41.9586250189,-87.7276138399
11/20/2022 09:40:00 AM,20,CLEAR,DAYLIGHT,REAR END,ONE-WAY,DRY,NO INJURY / DRIVE AWAY,FOLLOWING TOO CLOSELY,2,11,NO INDICATION OF INJURY,0,0,9,1,41.8121372468,-87.6895772116
03/20/2021 02:24:00 PM,30,CLEAR,DAYLIGHT,TURNING,DIVIDED - W/MEDIAN (NOT RAISED),DRY,INJURY AND / OR TOW DUE TO CRASH,FAILING TO REDUCE SPEED TO AVOID CRASH,2,3,NO INDICATION OF INJURY,0,0,14,7,41.8727659412,-87.7350608172
05/20/2023 07:20:00 PM,30,CLEAR,DAYLIGHT,REAR TO SIDE,NOT DIVIDED,DRY,NO INJURY / DRIVE AWAY,UNABLE TO DETERMINE,2,5,NO INDICATION OF INJURY,0,0,19,7,41.8667370506,-87.6850069146
10/23/2025 04:00:00 PM,25,CLEAR,DAYLIGHT,PEDALCYCLIST,NOT DIVIDED,DRY,NO INJURY / DRIVE AWAY,UNABLE TO DETERMINE,2,10,NO INDICATION OF INJURY,0,0,16,5,41.8976088605,-87.6577523792
07/23/2023 08:30:00 PM,30,CLEAR,UNKNOWN,PARKED MOTOR VEHICLE,NOT DIVIDED,UNKNOWN,INJURY AND / OR TOW DUE TO CRASH,UNABLE TO DETERMINE,2,7,NO INDICATION OF INJURY,0,0,20,1,41.684888681,-87.6484565587
02/21/2022 09:49:00 AM,30,CLEAR,DAYLIGHT,REAR END,NOT DIVIDED,DRY,INJURY AND / OR TOW DUE TO CRASH,EQUIPMENT - VEHICLE CONDITION,2,2,NO INDICATION OF INJURY,0,0,9,2,41.8017368895,-87.6428422699
09/01/2021 03:13:00 PM,30,CLEAR,DAYLIGHT,PARKED MOTOR VEHICLE,ONE-WAY,DRY,NO INJURY / DRIVE AWAY,UNABLE TO DETERMINE,2,9,NO INDICATION OF INJURY,0,0,15,4,41.8526185994,-87.7209519845
12/22/2023 05:30:00 AM,30,CLEAR,"DARKNESS, LIGHTED ROAD",REAR END,NOT DIVIDED,DRY,NO INJURY / DRIVE AWAY,FOLLOWING TOO CLOSELY,2,12,NO INDICATION OF INJURY,0,0,5,6,41.7937623542,-87.6841210953
04/13/2023 12:45:00 PM,30,CLEAR,DAYLIGHT,TURNING,FOUR WAY,DRY,NO INJURY / DRIVE AWAY,UNABLE TO DETERMINE,2,4,NO INDICATION OF INJURY,0,0,12,5,41.9903121327,-87.777914753
09/26/2024 02:45:00 PM,30,CLEAR,DAYLIGHT,TURNING,FOUR WAY,DRY,NO INJURY / DRIVE AWAY,IMPROPER OVERTAKING/PASSING,2,9,NO INDICATION OF INJURY,0,0,14,5,41.9252924884,-87.6658320362
06/25/2024 03:59:00 PM,30,CLEAR,DAYLIGHT,TURNING,T-INTERSECTION,DRY,NO INJURY / DRIVE AWAY,FAILING TO YIELD RIGHT-OF-WAY,2,6,NO INDICATION OF INJURY,0,0,15,3,41.7711279638,-87.7361234879
12/20/2024 10:30:00 AM,30,SNOW,DAYLIGHT,REAR END,FOUR WAY,WET,NO INJURY / DRIVE AWAY,FOLLOWING TOO CLOSELY,2,12,NO INDICATION OF INJURY,0,0,10,6,41.874170484,-87.6752443446
10/20/2025 07:50:00 AM,25,CLEAR,DAYLIGHT,SIDESWIPE SAME DIRECTION,ONE-WAY,DRY,NO INJURY / DRIVE AWAY,UNABLE TO DETERMINE,2,10,NO INDICATION OF INJURY,0,0,7,2,41.8072775678,-87.731990857
09/13/2023 09:25:00 AM,30,CLEAR,DAYLIGHT,TURNING,ONE-WAY,DRY,NO INJURY / DRIVE AWAY,IMPROPER OVERTAKING/PASSING,2,9,NO INDICATION OF INJURY,0,0,9,4,41.9030311284,-87.6308846501
01/15/2022 11:13:00 PM,30,SNOW,"DARKNESS, LIGHTED ROAD",FIXED OBJECT,ONE-WAY,SNOW OR SLUSH,INJURY AND / OR TOW DUE TO CRASH,UNABLE TO DETERMINE,1,1,"REPORTED, NOT EVIDENT",2,0,23,7,41.7939695828,-87.6377406708
07/17/2025 08:30:00 AM,30,UNKNOWN,UNKNOWN,TURNING,FOUR WAY,UNKNOWN,NO INJURY / DRIVE AWAY,IMPROPER TURNING/NO SIGNAL,2,7,NO INDICATION OF INJURY,0,0,8,5,41.9113023122,-87.6333004833
03/24/2025 07:25:00 AM,30,CLEAR,DAYLIGHT,PEDALCYCLIST,FOUR WAY,DRY,NO INJURY / DRIVE AWAY,FAILING TO YIELD RIGHT-OF-WAY,2,3,NO INDICATION OF INJURY,0,0,7,2,41.8781381812,-87.6370649952
01/13/2025 01:45:00 AM,30,CLEAR,"DARKNESS, LIGHTED ROAD",PARKED MOTOR VEHICLE,NOT DIVIDED,DRY,INJURY AND / OR TOW DUE TO CRASH,UNABLE TO DETERMINE,2,1,NO INDICATION OF INJURY,0,0,1,2,41.9308339152,-87.7891337875
03/16/2022 01:00:00 PM,35,CLEAR,DAYLIGHT,SIDESWIPE SAME DIRECTION,DIVIDED - W/MEDIAN (NOT RAISED),DRY,NO INJURY / DRIVE AWAY,IMPROPER OVERTAKING/PASSING,2,3,NO INDICATION OF INJURY,0,0,13,4,41.7342226305,-87.6437125899
07/12/2024 11:15:00 AM,25,UNKNOWN,DAYLIGHT,SIDESWIPE SAME DIRECTION,NOT DIVIDED,UNKNOWN,NO INJURY / DRIVE AWAY,UNABLE TO DETERMINE,2,7,NO INDICATION OF INJURY,0,0,11,6,41.9165045662,-87.7522285806
01/18/2024 12:40:00 PM,30,CLEAR,DAYLIGHT,SIDESWIPE SAME DIRECTION,NOT DIVIDED,DRY,NO INJURY / DRIVE AWAY,NOT APPLICABLE,2,1,NO INDICATION OF INJURY,0,0,12,5,41.8079028321,-87.7297524795
07/02/2022 11:40:00 AM,30,CLEAR,DAYLIGHT,PARKED MOTOR VEHICLE,NOT DIVIDED,DRY,NO INJURY / DRIVE AWAY,UNABLE TO DETERMINE,2,7,NO INDICATION OF INJURY,0,0,11,7,41.7442292064,-87.6051878173
02/11/2024 07:35:00 PM,20,CLEAR,"DARKNESS, LIGHTED ROAD",SIDESWIPE SAME DIRECTION,DIVIDED - W/MEDIAN (NOT RAISED),DRY,NO INJURY / DRIVE AWAY,NOT APPLICABLE,2,2,NO INDICATION OF INJURY,0,0,19,1,41.876926589,-87.745039137
09/12/2024 03:36:00 PM,30,CLEAR,DAYLIGHT,REAR END,NOT DIVIDED,DRY,INJURY AND / OR TOW DUE TO CRASH,IMPROPER LANE USAGE,2,9,NONINCAPACITATING INJURY,1,0,15,5,41.8477775228,-87.7345059687