CRASH_DATE,POSTED_SPEED_LIMIT,WEATHER_CONDITION,LIGHTING_CONDITION,FIRST_CRASH_TYPE,TRAFFICWAY_TYPE,ROADWAY_SURFACE_COND,CRASH_TYPE,PRIM_CONTRIBUTORY_CAUSE,NUM_UNITS,CRASH_MONTH,MOST_SEVERE_INJURY,INJURIES_TOTAL,INJURIES_FATAL,CRASH_HOUR,CRASH_DAY_OF_WEEK,LATITUDE,LONGITUDE
03/26/2022 08:19:00 PM,30,CLEAR,DARKNESS,PARKED MOTOR VEHICLE,NOT DIVIDED,DRY,INJURY AND / OR TOW DUE TO CRASH,TEXTING,2,3,NO INDICATION OF INJURY,0,0,20,7,41.7729909878,-87.608071675
09/15/2024 07:20:00 PM,30,CLEAR,"DARKNESS, LIGHTED ROAD",PARKED MOTOR VEHICLE,DIVIDED - W/MEDIAN (NOT RAISED),DRY,INJURY AND / OR TOW DUE TO CRASH,UNABLE TO DETERMINE,3,9,NO INDICATION OF INJURY,0,0,19,1,41.8864173248,-87.6973403081
11/01/2025 02:08:00 AM,30,CLEAR,"DARKNESS, LIGHTED ROAD",REAR END,NOT DIVIDED,DRY,NO INJURY / DRIVE AWAY,UNABLE TO DETERMINE,2,11,NO INDICATION OF INJURY,0,0,2,7,41.9206541647,-87.7755077106
11/05/2025 06:38:00 PM,40,CLEAR,DARKNESS,TURNING,TRAFFIC ROUTE,DRY,NO INJURY / DRIVE AWAY,IMPROPER LANE USAGE,2,11,NO INDICATION OF INJURY,0,0,18,4,41.8783101346,-87.6175759034
01/26/2022 09:30:00 AM,30,UNKNOWN,UNKNOWN,PARKED MOTOR VEHICLE,ONE-WAY,SNOW OR SLUSH,NO INJURY / DRIVE AWAY,UNABLE TO DETERMINE,2,1,NO INDICATION OF INJURY,0,0,9,4,41.7497675883,-87.5612035803
08/27/2024 07:00:00 AM,30,CLEAR,DAYLIGHT,TURNING,NOT DIVIDED,DRY,NO INJURY / DRIVE AWAY,IMPROPER OVERTAKING/PASSING,2,8,NO INDICATION OF INJURY,0,0,7,3,41.9097875731,-87.7417776551
11/05/2022 02:30:00 PM,30,CLOUDY/OVERCAST,DAYLIGHT,SIDESWIPE SAME DIRECTION,DIVIDED - W/MEDIAN BARRIER,DRY,NO INJURY / DRIVE AWAY,IMPROPER OVERTAKING/PASSING,3,11,NO INDICATION OF INJURY,0,0,14,7,41.8147107046,-87.6652706655
11/26/2022 11:50:00 PM,30,CLEAR,"DARKNESS, LIGHTED ROAD",REAR END,NOT DIVIDED,DRY,NO INJURY / DRIVE AWAY,FAILING TO REDUCE SPEED TO AVOID CRASH,2,11,NO INDICATION OF INJURY,0,0,23,7,41.6990180292,-87.6812391676
07/03/2021 06:00:00 PM,30,UNKNOWN,UNKNOWN,OTHER OBJECT,DIVIDED - W/MEDIAN (NOT RAISED),UNKNOWN,NO INJURY / DRIVE AWAY,UNABLE TO DETERMINE,1,7,NO INDICATION OF INJURY,0,0,18,7,41.9569861664,-87.7082575131
10/11/2023 01:45:00 AM,30,CLEAR,"DARKNESS, LIGHTED ROAD",FIXED OBJECT,ONE-WAY,DRY,NO INJURY / DRIVE AWAY,UNABLE TO DETERMINE,1,10,NO INDICATION OF INJURY,0,0,1,4,41.7241140001,-87.6128444163
11/28/2024 12:40:00 AM,30,CLEAR,"DARKNESS, LIGHTED ROAD",PARKED MOTOR VEHICLE,ONE-WAY,DRY,NO INJURY / DRIVE AWAY,UNABLE TO DETERMINE,2,11,NO INDICATION OF INJURY,0,0,0,5,41.874594835,-87.7181362872
09/24/2021 01:55:00 PM,30,CLEAR,DAYLIGHT,REAR END,NOT DIVIDED,DRY,NO INJURY / DRIVE AWAY,UNABLE TO DETERMINE,2,9,NO INDICATION OF INJURY,0,0,13,6,41.9793331539,-87.669848169
11/04/2024 11:27:00 AM,30,RAIN,DAYLIGHT,REAR END,UNKNOWN,WET,INJURY AND / OR TOW DUE TO CRASH,UNABLE TO DETERMINE,3,11,"REPORTED, NOT EVIDENT",1,0,11,2,41.8577680435,-87.7345598611
04/16/2023 06:45:00 PM,30,CLEAR,DUSK,TURNING,DIVIDED - W/MEDIAN (NOT RAISED),DRY,NO INJURY / DRIVE AWAY,IMPROPER TURNING/NO SIGNAL,2,4,NO INDICATION OF INJURY,0,0,18,1,41.9000818583,-87.6240196679
05/13/2022 04:00:00 PM,30,CLEAR,DAYLIGHT,REAR TO REAR,PARKING LOT,DRY,NO INJURY / DRIVE AWAY,DRIVING SKILLS/KNOWLEDGE/EXPERIENCE,2,5,NO INDICATION OF INJURY,0,0,16,6,41.8653749784,-87.6664964645
01/15/2022 03:50:00 PM,35,CLEAR,DAYLIGHT,ANGLE,DIVIDED - W/MEDIAN (NOT RAISED),DRY,NO INJURY / DRIVE AWAY,FAILING TO YIELD RIGHT-OF-WAY,2,1,NO INDICATION OF INJURY,0,0,15,7,41.7559957905,-87.6443282389
04/21/2025 08:55:00 AM,30,CLEAR,DAYLIGHT,SIDESWIPE SAME DIRECTION,NOT DIVIDED,DRY,NO INJURY / DRIVE AWAY,UNABLE TO DETERMINE,2,4,NO INDICATION OF INJURY,0,0,8,2,41.7213650608,-87.6433580423
12/05/2025 01:50:00 PM,30,SNOW,DAYLIGHT,ANGLE,NOT DIVIDED,SNOW OR SLUSH,NO INJURY / DRIVE AWAY,UNABLE TO DETERMINE,2,12,NO INDICATION OF INJURY,0,0,13,6,41.8523191693,-87.6735159796
04/04/2023 03:20:00 PM,30,CLEAR,DAYLIGHT,TURNING,NOT DIVIDED,DRY,NO INJURY / DRIVE AWAY,FAILING TO YIELD RIGHT-OF-WAY,2,4,NO INDICATION OF INJURY,0,0,15,3,41.9503539862,-87.7768263989
08/12/2021 05:00:00 PM,25,CLOUDY/OVERCAST,DAYLIGHT,REAR TO FRONT,ONE-WAY,DRY,NO INJURY / DRIVE AWAY,UNABLE TO DETERMINE,2,8,NO INDICATION OF INJURY,0,0,17,5,41.9796832752,-87.6716631414
03/27/2026 06:30:00 PM,30,CLEAR,DAYLIGHT,REAR END,DIVIDED - W/MEDIAN (NOT RAISED),DRY,NO INJURY / DRIVE AWAY,FOLLOWING TOO CLOSELY,2,3,NO INDICATION OF INJURY,0,0,18,6,41.8831516186,-87.6532955427
07/17/2024 01:30:00 PM,30,CLEAR,DAYLIGHT,TURNING,NOT DIVIDED,DRY,INJURY AND / OR TOW DUE TO CRASH,DISREGARDING STOP SIGN,2,7,"REPORTED, NOT EVIDENT",1,0,13,4,41.8991624564,-87.7202423912
08/28/2021 12:30:00 PM,30,CLEAR,DAYLIGHT,REAR END,FOUR WAY,DRY,NO INJURY / DRIVE AWAY,UNABLE TO DETERMINE,2,8,NO INDICATION OF INJURY,0,0,12,7,41.8575640708,-87.6390789106
07/27/2025 01:00:00 PM,15,CLEAR,DAYLIGHT,PARKED MOTOR VEHICLE,ONE-WAY,DRY,NO INJURY / DRIVE AWAY,IMPROPER LANE USAGE,2,7,NO INDICATION OF INJURY,0,0,13,1,41.9558034187,-87.6474739588
11/16/2023 06:30:00 PM,30,CLEAR,"DARKNESS, LIGHTED ROAD",REAR TO FRONT,DIVIDED - W/MEDIAN (NOT RAISED),UNKNOWN,NO INJURY / DRIVE AWAY,IMPROPER BACKING,2,11,NO INDICATION OF INJURY,0,0,18,5,41.9270513618,-87.6683594759
04/13/2022 05:02:00 PM,30,RAIN,DAYLIGHT,TURNING,NOT DIVIDED,WET,INJURY AND / OR TOW DUE TO CRASH,IMPROPER TURNING/NO SIGNAL,2,4,NO INDICATION OF INJURY,0,0,17,4,41.9961203836,-87.7865367897
08/30/2021 12:46:00 AM,35,CLEAR,"DARKNESS, LIGHTED ROAD",TURNING,FOUR WAY,DRY,INJURY AND / OR TOW DUE TO CRASH,FAILING TO YIELD RIGHT-OF-WAY,2,8,"REPORTED, NOT EVIDENT",1,0,0,2,41.9245930218,-87.7268192684
12/07/2023 04:30:00 AM,25,CLEAR,"DARKNESS, LIGHTED ROAD",FIXED OBJECT,NOT DIVIDED,DRY,INJURY AND / OR TOW DUE TO CRASH,UNABLE TO DETERMINE,1,12,NO INDICATION OF INJURY,0,0,4,5,41.9914270307,-87.6698987146
12/23/2021 02:15:00 PM,30,CLEAR,DAYLIGHT,ANGLE,DIVIDED - W/MEDIAN (NOT RAISED),DRY,INJURY AND / OR TOW DUE TO CRASH,UNABLE TO DETERMINE,2,12,NO INDICATION OF INJURY,0,0,14,5,41.9974626952,-87.7877342441
11/08/2025 06:20:00 PM,30,RAIN,DARKNESS,PARKED MOTOR VEHICLE,NOT DIVIDED,WET,NO INJURY / DRIVE AWAY,IMPROPER OVERTAKING/PASSING,2,11,NO INDICATION OF INJURY,0,0,18,7,41.7436178093,-87.6828418728
04/06/2024 02:20:00 PM,30,CLEAR,DAYLIGHT,REAR END,DIVIDED - W/MEDIAN BARRIER,DRY,INJURY AND / OR TOW DUE TO CRASH,FOLLOWING TOO CLOSELY,3,4,NO INDICATION OF INJURY,0,0,14,7,41.805395273,-87.6647368549
03/08/2026 09:30:00 PM,30,CLEAR,"DARKNESS, LIGHTED ROAD",REAR END,NOT DIVIDED,DRY,INJURY AND / OR TOW DUE TO CRASH,UNABLE TO DETERMINE,2,3,"REPORTED, NOT EVIDENT",1,0,21,1,41.9393413877,-87.7161284025
09/30/2025 02:45:00 AM,25,CLEAR,"DARKNESS, LIGHTED ROAD",SIDESWIPE SAME DIRECTION,DIVIDED - W/MEDIAN (NOT RAISED),DRY,NO INJURY / DRIVE AWAY,UNABLE TO DETERMINE,2,9,NO INDICATION OF INJURY,0,0,2,3,42.0194167664,-87.6902931984
05/13/2025 03:00:00 PM,30,CLEAR,DAYLIGHT,SIDESWIPE SAME DIRECTION,NOT DIVIDED,DRY,NO INJURY / DRIVE AWAY,DRIVING SKILLS/KNOWLEDGE/EXPERIENCE,2,5,NO INDICATION OF INJURY,0,0,15,3,41.9065814355,-87.685476583
10/27/2022 07:00:00 PM,30,CLEAR,"DARKNESS, LIGHTED ROAD",SIDESWIPE SAME DIRECTION,DIVIDED - W/MEDIAN (NOT RAISED),DRY,NO INJURY / DRIVE AWAY,IMPROPER LANE USAGE,2,10,NO INDICATION OF INJURY,0,0,19,5,41.960614513,-87.7474071554
09/15/2024 02:40:00 PM,30,CLEAR,DAYLIGHT,SIDESWIPE SAME DIRECTION,NOT DIVIDED,DRY,NO INJURY / DRIVE AWAY,IMPROPER OVERTAKING/PASSING,2,9,NO INDICATION OF INJURY,0,0,14,1,41.9679420321,-87.767627836
06/12/2022 03:15:00 PM,30,CLEAR,DAYLIGHT,PEDESTRIAN,DIVIDED - W/MEDIAN BARRIER,DRY,INJURY AND / OR TOW DUE TO CRASH,DISTRACTION - FROM OUTSIDE VEHICLE,2,6,FATAL,2,1,15,1,41.9540119654,-87.6811192833
02/03/2023 04:15:00 PM,10,CLEAR,DAYLIGHT,TURNING,ALLEY,DRY,NO INJURY / DRIVE AWAY,UNABLE TO DETERMINE,2,2,NO INDICATION OF INJURY,0,0,16,6,41.9772496179,-87.6988205354
03/25/2021 09:34:00 PM,35,RAIN,DARKNESS,HEAD ON,NOT DIVIDED,WET,INJURY AND / OR TOW DUE TO CRASH,FAILING TO REDUCE SPEED TO AVOID CRASH,2,3,NO INDICATION OF INJURY,0,0,21,5,41.751574301,-87.5885416554
09/10/2024 11:00:00 AM,30,CLEAR,DAYLIGHT,ANGLE,NOT DIVIDED,DRY,NO INJURY / DRIVE AWAY,FAILING TO YIELD RIGHT-OF-WAY,2,9,NO INDICATION OF INJURY,0,0,11,3,41.9990089103,-87.7092136786
12/08/2024 07:00:00 PM,30,CLEAR,"DARKNESS, LIGHTED ROAD",ANGLE,DIVIDED - W/MEDIAN (NOT RAISED),DRY,NO INJURY / DRIVE AWAY,DISREGARDING STOP SIGN,2,12,NO INDICATION OF INJURY,0,0,19,1,41.8771644263,-87.7281992903
06/23/2024 04:00:00 PM,30,CLEAR,DAYLIGHT,PARKED MOTOR VEHICLE,ALLEY,DRY,NO INJURY / DRIVE AWAY,NOT APPLICABLE,2,6,NO INDICATION OF INJURY,0,0,16,1,41.8774614253,-87.7030480737
11/07/2022 12:15:00 PM,25,CLEAR,DAYLIGHT,REAR END,DIVIDED - W/MEDIAN (NOT RAISED),DRY,NO INJURY / DRIVE AWAY,UNABLE TO DETERMINE,2,11,NO INDICATION OF INJURY,0,0,12,2,41.8762358025,-87.735469674
09/10/2021 08:25:00 AM,30,CLEAR,DAYLIGHT,TURNING,NOT DIVIDED,DRY,NO INJURY / DRIVE AWAY,UNABLE TO DETERMINE,2,9,NO INDICATION OF INJURY,0,0,8,6,41.9095622437,-87.6483885323
08/30/2024 05:15:00 PM,30,CLEAR,DAYLIGHT,REAR END,DIVIDED - W/MEDIAN (NOT RAISED),DRY,NO INJURY / DRIVE AWAY,FAILING TO REDUCE SPEED TO AVOID CRASH,2,8,NO INDICATION OF INJURY,0,0,17,6,41.7670081686,-87.7223200613
10/03/2021 04:40:00 PM,30,CLEAR,DAYLIGHT,PARKED MOTOR VEHICLE,NOT DIVIDED,DRY,INJURY AND / OR TOW DUE TO CRASH,DISTRACTION - FROM INSIDE VEHICLE,2,10,NONINCAPACITATING INJURY,1,0,16,1,41.9496163798,-87.80701056
09/01/2021 05:00:00 PM,15,CLEAR,DAYLIGHT,FIXED OBJECT,PARKING LOT,DRY,NO INJURY / DRIVE AWAY,PHYSICAL CONDITION OF DRIVER,1,9,NO INDICATION OF INJURY,0,0,17,4,41.6951135212,-87.6426113246
06/10/2025 08:55:00 PM,15,CLEAR,"DARKNESS, LIGHTED ROAD",ANGLE,PARKING LOT,UNKNOWN,NO INJURY / DRIVE AWAY,FOLLOWING TOO CLOSELY,2,6,NO INDICATION OF INJURY,0,0,20,3,41.7520168747,-87.5531229618
09/29/2021 12:15:00 PM,20,CLEAR,DAYLIGHT,ANGLE,NOT DIVIDED,DRY,NO INJURY / DRIVE AWAY,UNABLE TO DETERMINE,2,9,NO INDICATION OF INJURY,0,0,12,4,41.8751547798,-87.6737558815
10/24/2025 04:40:00 PM,30,CLEAR,DAYLIGHT,ANGLE,ONE-WAY,DRY,NO INJURY / DRIVE AWAY,UNABLE TO DETERMINE,2,10,NO INDICATION OF INJURY,0,0,16,6,41.7705853465,-87.6433523385
12/10/2022 05:07:00 AM,30,CLEAR,"DARKNESS, LIGHTED ROAD",ANGLE,FOUR WAY,WET,INJURY AND / OR TOW DUE TO CRASH,DISREGARDING TRAFFIC SIGNALS,2,12,NONINCAPACITATING INJURY,1,0,5,7,41.7363784456,-87.6277980833
02/19/2026 02:15:00 PM,20,CLEAR,DAYLIGHT,SIDESWIPE OPPOSITE DIRECTION,OTHER,DRY,NO INJURY / DRIVE AWAY,UNABLE TO DETERMINE,2,2,NO INDICATION OF INJURY,0,0,14,5,41.8810912756,-87.7053927701
11/01/2024 09:00:00 AM,30,CLEAR,DAYLIGHT,TURNING,FOUR WAY,DRY,INJURY AND / OR TOW DUE TO CRASH,FOLLOWING TOO CLOSELY,2,11,"REPORTED, NOT EVIDENT",1,0,9,6,41.8526563584,-87.6404114732
05/03/2021 05:30:00 AM,30,CLEAR,DUSK,PARKED MOTOR VEHICLE,ONE-WAY,DRY,NO INJURY / DRIVE AWAY,UNABLE TO DETERMINE,2,5,NO INDICATION OF INJURY,0,0,5,2,41.7387863896,-87.7391089777
01/09/2026 08:10:00 AM,30,CLEAR,DAYLIGHT,SIDESWIPE OPPOSITE DIRECTION,CENTER TURN LANE,WET,INJURY AND / OR TOW DUE TO CRASH,UNABLE TO DETERMINE,3,1,NO INDICATION OF INJURY,0,0,8,6,41.9315109594,-87.75630007
01/07/2022 02:57:00 PM,30,SNOW,DAYLIGHT,SIDESWIPE SAME DIRECTION,T-INTERSECTION,SNOW OR SLUSH,NO INJURY / DRIVE AWAY,IMPROPER TURNING/NO SIGNAL,2,1,NO INDICATION OF INJURY,0,0,14,6,41.8380880023,-87.6513610067
06/02/2024 09:15:00 PM,30,CLEAR,DAYLIGHT,PEDALCYCLIST,NOT DIVIDED,DRY,INJURY AND / OR TOW DUE TO CRASH,FAILING TO YIELD RIGHT-OF-WAY,2,6,NONINCAPACITATING INJURY,1,0,21,1,41.7786364688,-87.7229063557
05/05/2025 06:00:00 PM,30,CLEAR,DAYLIGHT,SIDESWIPE SAME DIRECTION,T-INTERSECTION,DRY,NO INJURY / DRIVE AWAY,IMPROPER TURNING/NO SIGNAL,2,5,NO INDICATION OF INJURY,0,0,18,2,41.936459021,-87.7269624596
08/24/2025 01:05:00 PM,30,UNKNOWN,DAYLIGHT,SIDESWIPE SAME DIRECTION,DIVIDED - W/MEDIAN (NOT RAISED),UNKNOWN,NO INJURY / DRIVE AWAY,IMPROPER LANE USAGE,2,8,NO INDICATION OF INJURY,0,0,13,1,41.8782205898,-87.620762233
01/12/2024 07:00:00 PM,30,SNOW,UNKNOWN,PARKED MOTOR VEHICLE,ONE-WAY,SNOW OR SLUSH,NO INJURY / DRIVE AWAY,UNABLE TO DETERMINE,2,1,NO INDICATION OF INJURY,0,0,19,6,42.0035372914,-87.6950624568
08/01/2024 01:15:00 PM,10,CLEAR,DAYLIGHT,PARKED MOTOR VEHICLE,PARKING LOT,UNKNOWN,NO INJURY / DRIVE AWAY,UNABLE TO DETERMINE,2,8,NO INDICATION OF INJURY,0,0,13,5,41.6921631637,-87.6719464988
11/09/2022 09:50:00 AM,30,CLEAR,DAYLIGHT,PARKED MOTOR VEHICLE,PARKING LOT,DRY,NO INJURY / DRIVE AWAY,UNABLE TO DETERMINE,2,11,NO INDICATION OF INJURY,0,0,9,4,41.8863516045,-87.6326139455
04/17/2022 01:01:00 AM,25,CLEAR,"DARKNESS, LIGHTED ROAD",PARKED MOTOR VEHICLE,FOUR WAY,DRY,INJURY AND / OR TOW DUE TO CRASH,IMPROPER BACKING,5,4,NO INDICATION OF INJURY,0,0,1,1,41.8028746368,-87.681658036
04/08/2021 08:41:00 AM,20,OTHER,DAYLIGHT,ANGLE,ALLEY,WET,INJURY AND / OR TOW DUE TO CRASH,UNABLE TO DETERMINE,2,4,"REPORTED, NOT EVIDENT",1,0,8,5,41.7745132215,-87.6240286986
12/28/2023 03:12:00 PM,35,RAIN,DAYLIGHT,TURNING,FOUR WAY,WET,INJURY AND / OR TOW DUE TO CRASH,DISREGARDING TRAFFIC SIGNALS,3,12,"REPORTED, NOT EVIDENT",2,0,15,5,41.754810936,-87.5899669986
02/23/2025 09:28:00 AM,30,CLOUDY/OVERCAST,DAYLIGHT,SIDESWIPE SAME DIRECTION,NOT DIVIDED,DRY,NO INJURY / DRIVE AWAY,RELATED TO BUS STOP,2,2,NO INDICATION OF INJURY,0,0,9,1,41.8779147522,-87.6473882814
04/30/2026 05:12:00 PM,25,CLEAR,DAYLIGHT,REAR END,NOT DIVIDED,DRY,NO INJURY / DRIVE AWAY,UNABLE TO DETERMINE,2,4,NO INDICATION OF INJURY,0,0,17,5,41.8486689042,-87.731935221
06/11/2021 10:30:00 PM,25,CLEAR,DARKNESS,TURNING,NOT DIVIDED,UNKNOWN,NO INJURY / DRIVE AWAY,PHYSICAL CONDITION OF DRIVER,2,6,NO INDICATION OF INJURY,0,0,22,6,41.8850220935,-87.7158845408
07/03/2023 10:06:00 AM,35,CLEAR,DAYLIGHT,TURNING,DIVIDED - W/MEDIAN (NOT RAISED),DRY,NO INJURY / DRIVE AWAY,IMPROPER TURNING/NO SIGNAL,2,7,NO INDICATION OF INJURY,0,0,10,2,41.7219967933,-87.5852823956
03/02/2023 08:42:00 AM,30,CLOUDY/OVERCAST,DAYLIGHT,TURNING,Y-INTERSECTION,DRY,NO INJURY / DRIVE AWAY,FOLLOWING TOO CLOSELY,2,3,NO INDICATION OF INJURY,0,0,8,5,41.8229799741,-87.6900427912
04/30/2024 06:31:00 PM,30,CLEAR,DUSK,TURNING,ALLEY,DRY,NO INJURY / DRIVE AWAY,FAILING TO REDUCE SPEED TO AVOID CRASH,2,4,NO INDICATION OF INJURY,0,0,18,3,41.7437496894,-87.551898131
02/22/2022 12:58:00 PM,30,UNKNOWN,DAYLIGHT,SIDESWIPE SAME DIRECTION,NOT DIVIDED,UNKNOWN,NO INJURY / DRIVE AWAY,UNABLE TO DETERMINE,2,2,NO INDICATION OF INJURY,0,0,12,3,41.984874268,-87.787555484
09/10/2022 03:31:00 PM,30,CLEAR,DAYLIGHT,REAR END,NOT DIVIDED,DRY,NO INJURY / DRIVE AWAY,HAD BEEN DRINKING (USE WHEN ARREST IS NOT MADE),2,9,NO INDICATION OF INJURY,0,0,15,7,41.9096103676,-87.7558522787
12/15/2023 04:28:00 PM,35,CLEAR,DUSK,REAR END,DIVIDED - W/MEDIAN BARRIER,DRY,NO INJURY / DRIVE AWAY,FOLLOWING TOO CLOSELY,2,12,NO INDICATION OF INJURY,0,0,16,6,41.8527691728,-87.6386784988
07/11/2023 06:50:00 PM,15,CLEAR,DAYLIGHT,PARKED MOTOR VEHICLE,ONE-WAY,DRY,INJURY AND / OR TOW DUE TO CRASH,UNABLE TO DETERMINE,3,7,NO INDICATION OF INJURY,0,0,18,3,41.7752503278,-87.6943653367
09/29/2022 09:30:00 AM,10,CLEAR,DAYLIGHT,TURNING,PARKING LOT,DRY,NO INJURY / DRIVE AWAY,UNABLE TO DETERMINE,2,9,NO INDICATION OF INJURY,0,0,9,5,41.8407908186,-87.6461984268
04/12/2023 10:46:00 AM,30,CLEAR,DAYLIGHT,REAR END,NOT DIVIDED,DRY,NO INJURY / DRIVE AWAY,NOT APPLICABLE,2,4,NO INDICATION OF INJURY,0,0,10,4,41.9326745237,-87.6457302948
04/09/2021 11:50:00 AM,15,CLOUDY/OVERCAST,DAYLIGHT,SIDESWIPE SAME DIRECTION,PARKING LOT,DRY,NO INJURY / DRIVE AWAY,UNABLE TO DETERMINE,2,4,NO INDICATION OF INJURY,0,0,11,6,41.9448810738,-87.7128050888
02/23/2026 05:35:00 AM,30,SNOW,"DARKNESS, LIGHTED ROAD",TURNING,NOT DIVIDED,SNOW OR SLUSH,INJURY AND / OR TOW DUE TO CRASH,WEATHER,2,2,"REPORTED, NOT EVIDENT",1,0,5,2,41.7372050694,-87.5755744652
06/14/2025 10:40:00 AM,30,CLEAR,DAYLIGHT,FIXED OBJECT,NOT DIVIDED,DRY,NO INJURY / DRIVE AWAY,FAILING TO REDUCE SPEED TO AVOID CRASH,1,6,NO INDICATION OF INJURY,0,0,10,7,41.9607587142,-87.7349184748
04/27/2022 04:00:00 PM,30,CLOUDY/OVERCAST,DAYLIGHT,REAR END,DIVIDED - W/MEDIAN BARRIER,DRY,NO INJURY / DRIVE AWAY,FOLLOWING TOO CLOSELY,3,4,NO INDICATION OF INJURY,0,0,16,4,41.8025428775,-87.6646598117
01/30/2026 12:55:00 PM,30,CLEAR,DAYLIGHT,SIDESWIPE SAME DIRECTION,NOT DIVIDED,UNKNOWN,INJURY AND / OR TOW DUE TO CRASH,DRIVING SKILLS/KNOWLEDGE/EXPERIENCE,2,1,"REPORTED, NOT EVIDENT",1,0,12,6,41.7801049556,-87.6838106564
06/08/2023 07:07:00 PM,15,CLEAR,DAYLIGHT,PEDESTRIAN,PARKING LOT,DRY,INJURY AND / OR TOW DUE TO CRASH,UNABLE TO DETERMINE,3,6,"REPORTED, NOT EVIDENT",2,0,19,5,41.7657907704,-87.6639668865
02/22/2022 07:45:00 AM,35,CLEAR,DAYLIGHT,ANGLE,NOT DIVIDED,DRY,NO INJURY / DRIVE AWAY,UNABLE TO DETERMINE,2,2,NO INDICATION OF INJURY,0,0,7,3,41.9753258518,-87.7580778383
07/26/2021 12:00:00 PM,30,CLEAR,DAYLIGHT,REAR END,NOT DIVIDED,DRY,INJURY AND / OR TOW DUE TO CRASH,CELL PHONE USE OTHER THAN TEXTING,2,7,NONINCAPACITATING INJURY,1,0,12,2,41.778405479,-87.7350249949
03/16/2026 07:45:00 AM,35,SLEET/HAIL,DAYLIGHT,REAR END,NOT DIVIDED,DRY,NO INJURY / DRIVE AWAY,WEATHER,2,3,NO INDICATION OF INJURY,0,0,7,2,41.9450066389,-87.814563157
03/09/2021 10:30:00 PM,30,CLEAR,"DARKNESS, LIGHTED ROAD",REAR END,NOT DIVIDED,UNKNOWN,NO INJURY / DRIVE AWAY,FOLLOWING TOO CLOSELY,2,3,NO INDICATION OF INJURY,0,0,22,3,41.7660277795,-87.5764431228
08/03/2024 07:30:00 PM,30,CLEAR,DAYLIGHT,PEDALCYCLIST,DIVIDED - W/MEDIAN (NOT RAISED),DRY,INJURY AND / OR TOW DUE TO CRASH,UNABLE TO DETERMINE,2,8,NONINCAPACITATING INJURY,1,0,19,7,41.9259379218,-87.649664585
06/18/2024 07:03:00 AM,30,CLEAR,DAYLIGHT,REAR END,NOT DIVIDED,DRY,INJURY AND / OR TOW DUE TO CRASH,FOLLOWING TOO CLOSELY,2,6,NONINCAPACITATING INJURY,1,0,7,3,41.7777151193,-87.7862153214
08/28/2022 09:00:00 PM,30,CLEAR,"DARKNESS, LIGHTED ROAD",REAR END,DIVIDED - W/MEDIAN (NOT RAISED),DRY,NO INJURY / DRIVE AWAY,FOLLOWING TOO CLOSELY,2,8,NO INDICATION OF INJURY,0,0,21,1,41.8496537739,-87.6189186792
03/28/2024 09:17:00 AM,30,CLEAR,DAYLIGHT,SIDESWIPE SAME DIRECTION,NOT DIVIDED,DRY,NO INJURY / DRIVE AWAY,IMPROPER OVERTAKING/PASSING,2,3,NO INDICATION OF INJURY,0,0,9,5,41.8244517774,-87.7043027971
08/19/2022 07:20:00 PM,30,CLEAR,DUSK,REAR END,FOUR WAY,DRY,NO INJURY / DRIVE AWAY,UNABLE TO DETERMINE,2,8,NO INDICATION OF INJURY,0,0,19,6,41.8916779532,-87.6355032897
03/28/2021 02:24:00 AM,30,CLEAR,DAYLIGHT,PEDALCYCLIST,NOT DIVIDED,DRY,INJURY AND / OR TOW DUE TO CRASH,FAILING TO YIELD RIGHT-OF-WAY,2,3,NO INDICATION OF INJURY,0,0,2,1,41.8844126972,-87.6243023993
08/31/2021 07:10:00 PM,30,CLEAR,DUSK,ANGLE,NOT DIVIDED,DRY,INJURY AND / OR TOW DUE TO CRASH,IMPROPER TURNING/NO SIGNAL,2,8,NO INDICATION OF INJURY,0,0,19,3,41.8443590582,-87.7085524664
08/11/2023 05:15:00 PM,30,CLEAR,DAYLIGHT,SIDESWIPE SAME DIRECTION,DIVIDED - W/MEDIAN (NOT RAISED),DRY,INJURY AND / OR TOW DUE TO CRASH,"OPERATING VEHICLE IN ERRATIC, RECKLESS, CARELESS, NEGLIGENT OR AGGRESSIVE MANNER",2,8,"REPORTED, NOT EVIDENT",1,0,17,6,41.7396614159,-87.6438709516
12/30/2025 10:00:00 AM,30,CLEAR,DAYLIGHT,TURNING,NOT DIVIDED,DRY,NO INJURY / DRIVE AWAY,UNABLE TO DETERMINE,2,12,NO INDICATION OF INJURY,0,0,10,3,41.7076016238,-87.6036366102
09/15/2023 07:18:00 AM,30,CLEAR,DAYLIGHT,SIDESWIPE SAME DIRECTION,NOT DIVIDED,DRY,NO INJURY / DRIVE AWAY,IMPROPER OVERTAKING/PASSING,2,9,NO INDICATION OF INJURY,0,0,7,6,41.8659710812,-87.7472603181
10/01/2021 09:35:00 AM,30,CLEAR,DAYLIGHT,REAR END,DIVIDED - W/MEDIAN BARRIER,DRY,NO INJURY / DRIVE AWAY,FOLLOWING TOO CLOSELY,2,10,NO INDICATION OF INJURY,0,0,9,6,41.9091368979,-87.7947532274