CRASH_DATE,POSTED_SPEED_LIMIT,WEATHER_CONDITION,LIGHTING_CONDITION,FIRST_CRASH_TYPE,TRAFFICWAY_TYPE,ROADWAY_SURFACE_COND,CRASH_TYPE,PRIM_CONTRIBUTORY_CAUSE,NUM_UNITS,CRASH_MONTH,MOST_SEVERE_INJURY,INJURIES_TOTAL,INJURIES_FATAL,CRASH_HOUR,CRASH_DAY_OF_WEEK,LATITUDE,LONGITUDE
12/03/2022 08:17:00 PM,20,CLEAR,"DARKNESS, LIGHTED ROAD",PARKED MOTOR VEHICLE,ONE-WAY,DRY,INJURY AND / OR TOW DUE TO CRASH,UNABLE TO DETERMINE,5,12,NO INDICATION OF INJURY,0,0,20,7,41.8650469455,-87.7137482522
10/02/2021 12:22:00 PM,30,CLEAR,DAYLIGHT,ANGLE,FOUR WAY,DRY,INJURY AND / OR TOW DUE TO CRASH,DISREGARDING STOP SIGN,2,10,NONINCAPACITATING INJURY,1,0,12,7,41.7667120149,-87.6588624718
08/05/2021 06:15:00 AM,25,CLEAR,DAYLIGHT,REAR END,ONE-WAY,DRY,NO INJURY / DRIVE AWAY,DRIVING SKILLS/KNOWLEDGE/EXPERIENCE,2,8,NO INDICATION OF INJURY,0,0,6,5,41.714111405,-87.6443798855
07/25/2024 02:00:00 PM,30,CLEAR,DAYLIGHT,SIDESWIPE SAME DIRECTION,DIVIDED - W/MEDIAN (NOT RAISED),UNKNOWN,NO INJURY / DRIVE AWAY,UNABLE TO DETERMINE,2,7,NO INDICATION OF INJURY,0,0,14,5,42.0019077823,-87.678806426
02/03/2026 09:35:00 PM,30,CLEAR,"DARKNESS, LIGHTED ROAD",REAR END,DIVIDED - W/MEDIAN (NOT RAISED),DRY,NO INJURY / DRIVE AWAY,FOLLOWING TOO CLOSELY,2,2,NO INDICATION OF INJURY,0,0,21,3,41.9387584734,-87.743920312
02/22/2023 07:18:00 PM,30,RAIN,DARKNESS,PEDESTRIAN,FOUR WAY,WET,INJURY AND / OR TOW DUE TO CRASH,FAILING TO YIELD RIGHT-OF-WAY,2,2,INCAPACITATING INJURY,1,0,19,4,41.9366954598,-87.76223395
11/19/2023 08:00:00 PM,20,UNKNOWN,UNKNOWN,PARKED MOTOR VEHICLE,ONE-WAY,UNKNOWN,NO INJURY / DRIVE AWAY,UNABLE TO DETERMINE,2,11,NO INDICATION OF INJURY,0,0,20,1,41.9337195707,-87.7290611004
05/28/2022 07:44:00 PM,30,CLEAR,DAWN,ANGLE,FOUR WAY,DRY,INJURY AND / OR TOW DUE TO CRASH,FAILING TO YIELD RIGHT-OF-WAY,2,5,NO INDICATION OF INJURY,0,0,19,7,41.9187398509,-87.7561407368
06/03/2022 06:30:00 PM,30,CLEAR,DAYLIGHT,TURNING,NOT DIVIDED,DRY,NO INJURY / DRIVE AWAY,FAILING TO YIELD RIGHT-OF-WAY,2,6,NO INDICATION OF INJURY,0,0,18,6,41.8515214423,-87.7249047867
01/13/2026 06:40:00 PM,30,CLEAR,"DARKNESS, LIGHTED ROAD",TURNING,DIVIDED - W/MEDIAN (NOT RAISED),DRY,NO INJURY / DRIVE AWAY,FAILING TO YIELD RIGHT-OF-WAY,2,1,NO INDICATION OF INJURY,0,0,18,3,41.9553232538,-87.7497072313
05/13/2023 02:49:00 AM,30,RAIN,"DARKNESS, LIGHTED ROAD",PARKED MOTOR VEHICLE,NOT DIVIDED,WET,NO INJURY / DRIVE AWAY,UNABLE TO DETERMINE,2,5,NO INDICATION OF INJURY,0,0,2,7,41.9239936052,-87.7563615553
09/20/2024 01:30:00 PM,30,CLEAR,DAYLIGHT,SIDESWIPE SAME DIRECTION,DIVIDED - W/MEDIAN BARRIER,DRY,NO INJURY / DRIVE AWAY,IMPROPER TURNING/NO SIGNAL,2,9,NO INDICATION OF INJURY,0,0,13,6,41.7623619184,-87.5863772347
01/05/2023 06:20:00 PM,30,CLEAR,"DARKNESS, LIGHTED ROAD",PARKED MOTOR VEHICLE,NOT DIVIDED,DRY,NO INJURY / DRIVE AWAY,IMPROPER LANE USAGE,2,1,NO INDICATION OF INJURY,0,0,18,5,41.8932678435,-87.6313159289
11/20/2025 06:10:00 PM,30,CLEAR,"DARKNESS, LIGHTED ROAD",REAR END,NOT DIVIDED,DRY,NO INJURY / DRIVE AWAY,CELL PHONE USE OTHER THAN TEXTING,2,11,NO INDICATION OF INJURY,0,0,18,5,41.6927325313,-87.7010140539
03/31/2022 05:30:00 PM,30,CLOUDY/OVERCAST,DAYLIGHT,PARKED MOTOR VEHICLE,PARKING LOT,DRY,NO INJURY / DRIVE AWAY,UNABLE TO DETERMINE,2,3,NO INDICATION OF INJURY,0,0,17,5,41.657997249,-87.6032587241
12/21/2021 03:00:00 PM,30,CLEAR,DAYLIGHT,ANGLE,NOT DIVIDED,DRY,INJURY AND / OR TOW DUE TO CRASH,UNABLE TO DETERMINE,2,12,NO INDICATION OF INJURY,0,0,15,3,41.8613896474,-87.6689006775
12/27/2021 11:25:00 PM,30,CLEAR,"DARKNESS, LIGHTED ROAD",REAR END,DIVIDED - W/MEDIAN (NOT RAISED),DRY,NO INJURY / DRIVE AWAY,FAILING TO REDUCE SPEED TO AVOID CRASH,3,12,NO INDICATION OF INJURY,0,0,23,2,41.8855014242,-87.7746835058
08/25/2021 02:10:00 PM,30,CLEAR,DAYLIGHT,REAR END,ONE-WAY,UNKNOWN,NO INJURY / DRIVE AWAY,UNABLE TO DETERMINE,2,8,NO INDICATION OF INJURY,0,0,14,4,41.8752842012,-87.6667549017
05/20/2024 04:58:00 PM,30,CLEAR,DAYLIGHT,FIXED OBJECT,NOT DIVIDED,DRY,NO INJURY / DRIVE AWAY,UNABLE TO DETERMINE,2,5,NO INDICATION OF INJURY,0,0,16,2,42.0122593344,-87.6961725235
04/10/2021 02:46:00 PM,30,RAIN,DAYLIGHT,SIDESWIPE SAME DIRECTION,DIVIDED - W/MEDIAN (NOT RAISED),WET,NO INJURY / DRIVE AWAY,IMPROPER LANE USAGE,2,4,NO INDICATION OF INJURY,0,0,14,7,41.9098297115,-87.7386109591
06/08/2024 08:38:00 PM,20,CLEAR,DARKNESS,PARKED MOTOR VEHICLE,NOT DIVIDED,UNKNOWN,NO INJURY / DRIVE AWAY,UNABLE TO DETERMINE,2,6,NO INDICATION OF INJURY,0,0,20,7,41.979092553,-87.6650030377
08/14/2025 07:50:00 AM,30,CLEAR,DAYLIGHT,REAR END,NOT DIVIDED,DRY,NO INJURY / DRIVE AWAY,IMPROPER BACKING,2,8,NO INDICATION OF INJURY,0,0,7,5,41.8832371751,-87.632555577
10/27/2025 01:30:00 AM,45,CLEAR,"DARKNESS, LIGHTED ROAD",FIXED OBJECT,DIVIDED - W/MEDIAN BARRIER,DRY,INJURY AND / OR TOW DUE TO CRASH,IMPROPER LANE USAGE,1,10,NO INDICATION OF INJURY,0,0,1,2,41.9545752764,-87.6444147279
02/20/2022 04:49:00 PM,30,CLEAR,DUSK,PARKED MOTOR VEHICLE,NOT DIVIDED,DRY,NO INJURY / DRIVE AWAY,UNABLE TO DETERMINE,2,2,NO INDICATION OF INJURY,0,0,16,1,41.8968758482,-87.7020945329
03/19/2025 09:27:00 PM,30,CLEAR,"DARKNESS, LIGHTED ROAD",PEDESTRIAN,FOUR WAY,WET,INJURY AND / OR TOW DUE TO CRASH,FAILING TO YIELD RIGHT-OF-WAY,2,3,"REPORTED, NOT EVIDENT",1,0,21,4,41.8843510441,-87.6367537441
03/02/2023 04:00:00 PM,30,CLEAR,DAYLIGHT,SIDESWIPE OPPOSITE DIRECTION,NOT DIVIDED,DRY,NO INJURY / DRIVE AWAY,IMPROPER OVERTAKING/PASSING,2,3,NO INDICATION OF INJURY,0,0,16,5,41.7837187939,-87.618859799
06/17/2022 04:37:00 PM,30,CLEAR,DAYLIGHT,REAR TO FRONT,NOT DIVIDED,DRY,NO INJURY / DRIVE AWAY,IMPROPER BACKING,2,6,NO INDICATION OF INJURY,0,0,16,6,41.8709159135,-87.7056759172
07/06/2022 02:00:00 PM,30,CLEAR,DAYLIGHT,REAR TO REAR,PARKING LOT,DRY,NO INJURY / DRIVE AWAY,UNABLE TO DETERMINE,2,7,NO INDICATION OF INJURY,0,0,14,4,41.7839658423,-87.6836233778
03/03/2026 04:55:00 PM,20,CLEAR,DAYLIGHT,PARKED MOTOR VEHICLE,PARKING LOT,DRY,NO INJURY / DRIVE AWAY,UNABLE TO DETERMINE,2,3,NO INDICATION OF INJURY,0,0,16,3,41.7361505366,-87.6258423404
08/26/2023 01:00:00 AM,30,CLEAR,"DARKNESS, LIGHTED ROAD",REAR END,NOT DIVIDED,DRY,NO INJURY / DRIVE AWAY,FOLLOWING TOO CLOSELY,2,8,NO INDICATION OF INJURY,0,0,1,7,41.991870574,-87.6555886975
06/22/2022 06:57:00 PM,30,CLEAR,DAYLIGHT,TURNING,DIVIDED - W/MEDIAN (NOT RAISED),DRY,INJURY AND / OR TOW DUE TO CRASH,FAILING TO YIELD RIGHT-OF-WAY,2,6,NO INDICATION OF INJURY,0,0,18,4,41.9767523138,-87.7284136216
02/01/2024 03:40:00 PM,30,CLEAR,DAYLIGHT,ANGLE,NOT DIVIDED,DRY,NO INJURY / DRIVE AWAY,UNABLE TO DETERMINE,2,2,NO INDICATION OF INJURY,0,0,15,5,41.7512240943,-87.6148969613
11/04/2021 08:22:00 AM,35,CLEAR,DAYLIGHT,ANGLE,NOT DIVIDED,DRY,NO INJURY / DRIVE AWAY,DISREGARDING OTHER TRAFFIC SIGNS,2,11,NO INDICATION OF INJURY,0,0,8,5,41.7226729025,-87.5512219798
12/19/2025 05:05:00 PM,30,CLEAR,"DARKNESS, LIGHTED ROAD",ANGLE,ONE-WAY,DRY,INJURY AND / OR TOW DUE TO CRASH,UNABLE TO DETERMINE,2,12,NONINCAPACITATING INJURY,1,0,17,6,41.8781469238,-87.63387681
03/18/2025 08:27:00 AM,30,CLOUDY/OVERCAST,DAYLIGHT,PEDESTRIAN,DIVIDED - W/MEDIAN (NOT RAISED),DRY,INJURY AND / OR TOW DUE TO CRASH,IMPROPER OVERTAKING/PASSING,2,3,NONINCAPACITATING INJURY,1,0,8,3,41.8874684619,-87.7061657758
09/11/2024 03:19:00 PM,30,CLEAR,DAYLIGHT,TURNING,DIVIDED - W/MEDIAN (NOT RAISED),UNKNOWN,NO INJURY / DRIVE AWAY,UNABLE TO DETERMINE,2,9,NO INDICATION OF INJURY,0,0,15,4,41.8852970048,-87.6668021837
09/25/2021 07:00:00 PM,30,CLEAR,DUSK,PARKED MOTOR VEHICLE,NOT DIVIDED,DRY,NO INJURY / DRIVE AWAY,UNABLE TO DETERMINE,2,9,NO INDICATION OF INJURY,0,0,19,7,41.8857155409,-87.6509189078
02/09/2025 01:43:00 PM,30,CLEAR,DAYLIGHT,REAR END,DIVIDED - W/MEDIAN (NOT RAISED),DRY,NO INJURY / DRIVE AWAY,FOLLOWING TOO CLOSELY,2,2,NO INDICATION OF INJURY,0,0,13,1,41.7429296717,-87.6823122084
03/08/2022 03:30:00 PM,25,CLEAR,DAYLIGHT,PARKED MOTOR VEHICLE,ONE-WAY,DRY,NO INJURY / DRIVE AWAY,DRIVING ON WRONG SIDE/WRONG WAY,2,3,NO INDICATION OF INJURY,0,0,15,3,41.7901145605,-87.786465258
10/27/2022 03:37:00 PM,30,CLEAR,"DARKNESS, LIGHTED ROAD",SIDESWIPE OPPOSITE DIRECTION,FOUR WAY,DRY,NO INJURY / DRIVE AWAY,FAILING TO YIELD RIGHT-OF-WAY,2,10,NO INDICATION OF INJURY,0,0,15,5,41.8133178211,-87.6037854151
11/21/2025 06:35:00 PM,25,CLEAR,DUSK,PARKED MOTOR VEHICLE,ONE-WAY,DRY,NO INJURY / DRIVE AWAY,UNABLE TO DETERMINE,2,11,NO INDICATION OF INJURY,0,0,18,6,41.7816544794,-87.696972254
07/15/2024 10:10:00 AM,30,CLEAR,DAYLIGHT,ANGLE,PARKING LOT,DRY,NO INJURY / DRIVE AWAY,UNABLE TO DETERMINE,2,7,NO INDICATION OF INJURY,0,0,10,2,41.8676666888,-87.7058547319
10/28/2021 02:29:00 AM,30,CLEAR,"DARKNESS, LIGHTED ROAD",ANGLE,NOT DIVIDED,DRY,INJURY AND / OR TOW DUE TO CRASH,DISREGARDING STOP SIGN,2,10,INCAPACITATING INJURY,1,0,2,5,41.9954120841,-87.8069650269
05/25/2022 03:15:00 PM,30,CLEAR,DAYLIGHT,SIDESWIPE SAME DIRECTION,NOT DIVIDED,DRY,NO INJURY / DRIVE AWAY,IMPROPER OVERTAKING/PASSING,2,5,NO INDICATION OF INJURY,0,0,15,4,41.7929108835,-87.742077343
12/23/2021 11:06:00 PM,30,CLEAR,"DARKNESS, LIGHTED ROAD",REAR END,DIVIDED - W/MEDIAN (NOT RAISED),DRY,NO INJURY / DRIVE AWAY,DISREGARDING STOP SIGN,2,12,NO INDICATION OF INJURY,0,0,23,5,41.7565813989,-87.6214230726
03/23/2026 11:15:00 PM,30,CLEAR,"DARKNESS, LIGHTED ROAD",TURNING,CENTER TURN LANE,DRY,NO INJURY / DRIVE AWAY,IMPROPER BACKING,2,3,NO INDICATION OF INJURY,0,0,23,2,41.8866389464,-87.6441264263
03/14/2024 11:45:00 AM,30,CLEAR,DAYLIGHT,SIDESWIPE SAME DIRECTION,NOT DIVIDED,DRY,NO INJURY / DRIVE AWAY,FAILING TO REDUCE SPEED TO AVOID CRASH,2,3,NO INDICATION OF INJURY,0,0,11,5,41.890121376,-87.6318601675
10/01/2022 03:21:00 AM,30,CLEAR,"DARKNESS, LIGHTED ROAD",FIXED OBJECT,DIVIDED - W/MEDIAN BARRIER,DRY,INJURY AND / OR TOW DUE TO CRASH,FAILING TO REDUCE SPEED TO AVOID CRASH,1,10,NONINCAPACITATING INJURY,1,0,3,7,41.8608411462,-87.6468777882
05/22/2024 04:00:00 PM,30,CLEAR,DAYLIGHT,OTHER OBJECT,DIVIDED - W/MEDIAN (NOT RAISED),UNKNOWN,INJURY AND / OR TOW DUE TO CRASH,NOT APPLICABLE,1,5,NO INDICATION OF INJURY,0,0,16,4,41.9191003377,-87.6970993681
06/18/2025 07:34:00 PM,30,RAIN,DAYLIGHT,SIDESWIPE OPPOSITE DIRECTION,DIVIDED - W/MEDIAN (NOT RAISED),WET,INJURY AND / OR TOW DUE TO CRASH,FAILING TO YIELD RIGHT-OF-WAY,2,6,NO INDICATION OF INJURY,0,0,19,4,41.8906018299,-87.6391079808
10/21/2022 07:58:00 PM,30,CLEAR,"DARKNESS, LIGHTED ROAD",SIDESWIPE SAME DIRECTION,DIVIDED - W/MEDIAN (NOT RAISED),UNKNOWN,NO INJURY / DRIVE AWAY,UNABLE TO DETERMINE,2,10,NO INDICATION OF INJURY,0,0,19,6,41.895404662,-87.7459654314
01/25/2024 07:35:00 PM,30,RAIN,"DARKNESS, LIGHTED ROAD",TURNING,FOUR WAY,WET,NO INJURY / DRIVE AWAY,DRIVING SKILLS/KNOWLEDGE/EXPERIENCE,2,1,NO INDICATION OF INJURY,0,0,19,5,41.9460948117,-87.7082852927
11/13/2024 01:30:00 PM,30,CLEAR,DAYLIGHT,TURNING,NOT DIVIDED,DRY,NO INJURY / DRIVE AWAY,IMPROPER OVERTAKING/PASSING,2,11,NO INDICATION OF INJURY,0,0,13,4,41.7222985329,-87.5800109671
01/22/2024 05:30:00 PM,30,CLEAR,"DARKNESS, LIGHTED ROAD",SIDESWIPE SAME DIRECTION,NOT DIVIDED,WET,NO INJURY / DRIVE AWAY,UNABLE TO DETERMINE,2,1,NO INDICATION OF INJURY,0,0,17,2,41.7072220651,-87.6139116047
06/10/2024 05:00:00 PM,30,CLEAR,DAYLIGHT,SIDESWIPE SAME DIRECTION,NOT DIVIDED,DRY,INJURY AND / OR TOW DUE TO CRASH,FAILING TO YIELD RIGHT-OF-WAY,2,6,"REPORTED, NOT EVIDENT",1,0,17,2,41.8865944691,-87.7453504399
02/18/2022 02:00:00 PM,20,CLEAR,DAYLIGHT,PARKED MOTOR VEHICLE,ONE-WAY,DRY,NO INJURY / DRIVE AWAY,UNABLE TO DETERMINE,2,2,NO INDICATION OF INJURY,0,0,14,6,41.9628383418,-87.7138473736
11/30/2023 05:00:00 PM,30,CLEAR,DARKNESS,REAR END,NOT DIVIDED,DRY,INJURY AND / OR TOW DUE TO CRASH,UNABLE TO DETERMINE,2,11,"REPORTED, NOT EVIDENT",2,0,17,5,41.8656223659,-87.7703840852
02/17/2021 09:15:00 AM,15,SNOW,DAYLIGHT,SIDESWIPE SAME DIRECTION,ALLEY,SNOW OR SLUSH,NO INJURY / DRIVE AWAY,IMPROPER BACKING,2,2,NO INDICATION OF INJURY,0,0,9,4,41.9458725898,-87.7373670672
10/02/2023 05:37:00 PM,30,CLEAR,DAYLIGHT,REAR END,NOT DIVIDED,DRY,INJURY AND / OR TOW DUE TO CRASH,UNABLE TO DETERMINE,2,10,"REPORTED, NOT EVIDENT",1,0,17,2,41.9180272808,-87.6691112719
04/13/2023 06:00:00 PM,5,CLEAR,DAYLIGHT,REAR END,ONE-WAY,WET,NO INJURY / DRIVE AWAY,UNABLE TO DETERMINE,2,4,NO INDICATION OF INJURY,0,0,18,5,41.8523534834,-87.6907014293
05/01/2023 06:45:00 PM,40,UNKNOWN,UNKNOWN,TURNING,UNKNOWN,UNKNOWN,NO INJURY / DRIVE AWAY,UNABLE TO DETERMINE,2,5,NO INDICATION OF INJURY,0,0,18,2,41.773438566,-87.5668993058
06/01/2022 08:45:00 AM,30,CLOUDY/OVERCAST,DAYLIGHT,REAR END,NOT DIVIDED,DRY,NO INJURY / DRIVE AWAY,IMPROPER OVERTAKING/PASSING,2,6,NO INDICATION OF INJURY,0,0,8,4,41.8090872986,-87.6282029183
03/13/2024 03:30:00 PM,30,CLEAR,DAYLIGHT,REAR END,NOT DIVIDED,DRY,NO INJURY / DRIVE AWAY,UNABLE TO DETERMINE,2,3,NO INDICATION OF INJURY,0,0,15,4,41.7720695421,-87.6649326389
11/05/2024 08:40:00 AM,30,RAIN,DAYLIGHT,TURNING,DIVIDED - W/MEDIAN (NOT RAISED),WET,NO INJURY / DRIVE AWAY,FAILING TO YIELD RIGHT-OF-WAY,2,11,NO INDICATION OF INJURY,0,0,8,3,41.8752007194,-87.686400494
02/04/2022 08:25:00 PM,30,CLEAR,"DARKNESS, LIGHTED ROAD",TURNING,NOT DIVIDED,WET,INJURY AND / OR TOW DUE TO CRASH,FAILING TO YIELD RIGHT-OF-WAY,3,2,NONINCAPACITATING INJURY,1,0,20,6,41.7499520014,-87.7024484781
08/25/2023 06:10:00 AM,30,CLEAR,DAYLIGHT,SIDESWIPE SAME DIRECTION,NOT DIVIDED,DRY,NO INJURY / DRIVE AWAY,NOT APPLICABLE,2,8,NO INDICATION OF INJURY,0,0,6,6,41.8103461274,-87.6651655862
12/06/2024 10:52:00 PM,30,CLEAR,DARKNESS,ANGLE,NOT DIVIDED,DRY,NO INJURY / DRIVE AWAY,NOT APPLICABLE,2,12,NO INDICATION OF INJURY,0,0,22,6,41.9746192658,-87.8083890952
10/02/2021 05:00:00 PM,35,RAIN,DAYLIGHT,TURNING,FOUR WAY,WET,INJURY AND / OR TOW DUE TO CRASH,UNABLE TO DETERMINE,3,10,NO INDICATION OF INJURY,0,0,17,7,41.722257273,-87.5852755651
04/25/2022 04:50:00 PM,30,CLEAR,DAYLIGHT,SIDESWIPE SAME DIRECTION,PARKING LOT,DRY,NO INJURY / DRIVE AWAY,UNABLE TO DETERMINE,2,4,NO INDICATION OF INJURY,0,0,16,2,41.8521006532,-87.6890511106
01/08/2026 03:11:00 PM,30,RAIN,DAYLIGHT,PEDALCYCLIST,FOUR WAY,WET,INJURY AND / OR TOW DUE TO CRASH,FAILING TO YIELD RIGHT-OF-WAY,2,1,NONINCAPACITATING INJURY,1,0,15,5,41.8939894826,-87.6313328842
10/27/2022 01:30:00 PM,30,CLEAR,DAYLIGHT,REAR END,NOT DIVIDED,DRY,INJURY AND / OR TOW DUE TO CRASH,UNABLE TO DETERMINE,2,10,NONINCAPACITATING INJURY,1,0,13,5,41.9567961257,-87.7767562949
10/24/2021 10:30:00 AM,30,CLEAR,DAYLIGHT,REAR END,NOT DIVIDED,DRY,NO INJURY / DRIVE AWAY,FOLLOWING TOO CLOSELY,2,10,NO INDICATION OF INJURY,0,0,10,1,41.9029673438,-87.6871723423
01/11/2023 03:30:00 PM,30,CLEAR,DAYLIGHT,PARKED MOTOR VEHICLE,OTHER,DRY,NO INJURY / DRIVE AWAY,IMPROPER BACKING,2,1,NO INDICATION OF INJURY,0,0,15,4,41.8968140392,-87.6262778234
09/06/2023 04:00:00 PM,30,CLEAR,DAYLIGHT,REAR END,UNKNOWN,DRY,NO INJURY / DRIVE AWAY,UNABLE TO DETERMINE,2,9,NO INDICATION OF INJURY,0,0,16,4,41.743541848,-87.6257732415
12/29/2021 01:36:00 PM,20,CLEAR,DAYLIGHT,ANGLE,PARKING LOT,DRY,NO INJURY / DRIVE AWAY,UNABLE TO DETERMINE,2,12,NO INDICATION OF INJURY,0,0,13,4,41.9683459868,-87.7285180202
06/28/2021 02:40:00 AM,35,RAIN,"DARKNESS, LIGHTED ROAD",REAR END,DIVIDED - W/MEDIAN (NOT RAISED),WET,INJURY AND / OR TOW DUE TO CRASH,FOLLOWING TOO CLOSELY,3,6,NO INDICATION OF INJURY,0,0,2,2,41.8731853841,-87.7451468063
04/19/2023 06:25:00 PM,30,CLEAR,DAYLIGHT,SIDESWIPE SAME DIRECTION,NOT DIVIDED,DRY,NO INJURY / DRIVE AWAY,DRIVING ON WRONG SIDE/WRONG WAY,2,4,NO INDICATION OF INJURY,0,0,18,4,41.9106668356,-87.8000089339
08/30/2024 01:30:00 AM,30,UNKNOWN,UNKNOWN,PARKED MOTOR VEHICLE,OTHER,UNKNOWN,INJURY AND / OR TOW DUE TO CRASH,UNABLE TO DETERMINE,2,8,NO INDICATION OF INJURY,0,0,1,6,41.9608192704,-87.6693812826
11/17/2022 05:30:00 AM,30,BLOWING SNOW,DAYLIGHT,REAR END,NOT DIVIDED,WET,NO INJURY / DRIVE AWAY,UNABLE TO DETERMINE,2,11,NO INDICATION OF INJURY,0,0,5,5,41.9381604918,-87.803010656
06/29/2022 07:07:00 PM,15,CLEAR,DAYLIGHT,PEDALCYCLIST,ALLEY,DRY,INJURY AND / OR TOW DUE TO CRASH,FAILING TO YIELD RIGHT-OF-WAY,2,6,"REPORTED, NOT EVIDENT",1,0,19,4,41.9190023931,-87.732881779
04/15/2025 05:10:00 PM,35,CLEAR,DAYLIGHT,TURNING,DIVIDED - W/MEDIAN (NOT RAISED),DRY,NO INJURY / DRIVE AWAY,IMPROPER TURNING/NO SIGNAL,2,4,NO INDICATION OF INJURY,0,0,17,3,41.8085033149,-87.6837288416
02/20/2026 08:30:00 AM,30,CLEAR,DAYLIGHT,TURNING,DIVIDED - W/MEDIAN BARRIER,DRY,NO INJURY / DRIVE AWAY,IMPROPER LANE USAGE,2,2,NO INDICATION OF INJURY,0,0,8,6,41.8675920356,-87.6227372879
11/19/2024 05:07:00 PM,30,CLEAR,"DARKNESS, LIGHTED ROAD",TURNING,NOT DIVIDED,DRY,NO INJURY / DRIVE AWAY,DISREGARDING TRAFFIC SIGNALS,2,11,NO INDICATION OF INJURY,0,0,17,3,41.8805428541,-87.7502982261
12/21/2021 05:00:00 PM,30,CLEAR,DARKNESS,TURNING,NOT DIVIDED,DRY,NO INJURY / DRIVE AWAY,DISREGARDING STOP SIGN,2,12,NO INDICATION OF INJURY,0,0,17,3,41.7438170614,-87.6211074825
06/03/2021 04:30:00 PM,30,CLEAR,DAYLIGHT,SIDESWIPE SAME DIRECTION,ONE-WAY,DRY,NO INJURY / DRIVE AWAY,UNABLE TO DETERMINE,3,6,NO INDICATION OF INJURY,0,0,16,5,41.7435618073,-87.6244758005
04/03/2021 02:30:00 PM,30,CLEAR,DAYLIGHT,PARKED MOTOR VEHICLE,NOT DIVIDED,DRY,INJURY AND / OR TOW DUE TO CRASH,UNABLE TO DETERMINE,2,4,INCAPACITATING INJURY,1,0,14,7,41.9365147062,-87.7174594687
09/14/2025 01:05:00 PM,25,CLEAR,DAYLIGHT,PEDALCYCLIST,NOT DIVIDED,DRY,INJURY AND / OR TOW DUE TO CRASH,UNABLE TO DETERMINE,3,9,"REPORTED, NOT EVIDENT",1,0,13,1,41.9170016032,-87.7308318356
07/11/2021 03:00:00 AM,30,RAIN,"DARKNESS, LIGHTED ROAD",PARKED MOTOR VEHICLE,ONE-WAY,WET,NO INJURY / DRIVE AWAY,UNABLE TO DETERMINE,2,7,NO INDICATION OF INJURY,0,0,3,1,41.7531634264,-87.6685118881
01/20/2026 11:30:00 AM,30,CLEAR,DAYLIGHT,TURNING,FOUR WAY,DRY,INJURY AND / OR TOW DUE TO CRASH,FAILING TO YIELD RIGHT-OF-WAY,2,1,"REPORTED, NOT EVIDENT",1,0,11,3,41.7416862299,-87.7023220878
11/01/2024 04:00:00 PM,20,CLEAR,DAYLIGHT,PARKED MOTOR VEHICLE,ONE-WAY,DRY,NO INJURY / DRIVE AWAY,UNABLE TO DETERMINE,2,11,NO INDICATION OF INJURY,0,0,16,6,41.7478843359,-87.6513875217
08/03/2021 09:50:00 AM,30,CLEAR,DAYLIGHT,REAR END,DIVIDED - W/MEDIAN (NOT RAISED),DRY,NO INJURY / DRIVE AWAY,FOLLOWING TOO CLOSELY,2,8,NO INDICATION OF INJURY,0,0,9,3,41.660487613,-87.5873995015
05/28/2021 06:18:00 PM,30,RAIN,"DARKNESS, LIGHTED ROAD",REAR END,CENTER TURN LANE,WET,NO INJURY / DRIVE AWAY,FOLLOWING TOO CLOSELY,2,5,NO INDICATION OF INJURY,0,0,18,6,41.755939435,-87.6443269829
08/25/2021 03:15:00 PM,10,CLEAR,DAYLIGHT,PARKED MOTOR VEHICLE,PARKING LOT,DRY,NO INJURY / DRIVE AWAY,FOLLOWING TOO CLOSELY,2,8,NO INDICATION OF INJURY,0,0,15,4,41.6999101434,-87.6812675674
09/03/2024 09:10:00 AM,10,CLEAR,DAYLIGHT,REAR TO FRONT,PARKING LOT,DRY,NO INJURY / DRIVE AWAY,IMPROPER BACKING,2,9,NO INDICATION OF INJURY,0,0,9,3,41.7224394759,-87.5861858365
11/05/2025 08:00:00 PM,45,UNKNOWN,UNKNOWN,REAR END,UNKNOWN,UNKNOWN,NO INJURY / DRIVE AWAY,FAILING TO REDUCE SPEED TO AVOID CRASH,2,11,NO INDICATION OF INJURY,0,0,20,4,41.8510197772,-87.6138821225
09/01/2025 04:30:00 AM,30,UNKNOWN,UNKNOWN,PARKED MOTOR VEHICLE,FOUR WAY,UNKNOWN,INJURY AND / OR TOW DUE TO CRASH,UNABLE TO DETERMINE,2,9,"REPORTED, NOT EVIDENT",1,0,4,2,41.7928095051,-87.622562967
06/20/2025 03:00:00 PM,30,CLEAR,DAYLIGHT,HEAD ON,NOT DIVIDED,DRY,INJURY AND / OR TOW DUE TO CRASH,NOT APPLICABLE,3,6,NONINCAPACITATING INJURY,2,0,15,6,41.8770455936,-87.7378851869
02/23/2025 05:08:00 PM,30,CLEAR,DAYLIGHT,ANGLE,FOUR WAY,UNKNOWN,INJURY AND / OR TOW DUE TO CRASH,FAILING TO YIELD RIGHT-OF-WAY,2,2,"REPORTED, NOT EVIDENT",1,0,17,1,41.7775606866,-87.6643137473
03/24/2023 10:25:00 AM,30,CLEAR,DAYLIGHT,ANGLE,DIVIDED - W/MEDIAN (NOT RAISED),DRY,INJURY AND / OR TOW DUE TO CRASH,UNABLE TO DETERMINE,2,3,NO INDICATION OF INJURY,0,0,10,6,41.7667080266,-87.6591556637