CRASH_DATE,POSTED_SPEED_LIMIT,WEATHER_CONDITION,LIGHTING_CONDITION,FIRST_CRASH_TYPE,TRAFFICWAY_TYPE,ROADWAY_SURFACE_COND,CRASH_TYPE,PRIM_CONTRIBUTORY_CAUSE,NUM_UNITS,CRASH_MONTH,MOST_SEVERE_INJURY,INJURIES_TOTAL,INJURIES_FATAL,CRASH_HOUR,CRASH_DAY_OF_WEEK,LATITUDE,LONGITUDE
03/31/2026 02:20:00 PM,30,RAIN,DAYLIGHT,REAR END,NOT DIVIDED,WET,NO INJURY / DRIVE AWAY,FOLLOWING TOO CLOSELY,2,3,NO INDICATION OF INJURY,0,0,14,3,41.6986839086,-87.6083535595
06/25/2021 12:30:00 PM,30,CLEAR,DAYLIGHT,SIDESWIPE SAME DIRECTION,DIVIDED - W/MEDIAN (NOT RAISED),DRY,INJURY AND / OR TOW DUE TO CRASH,FAILING TO YIELD RIGHT-OF-WAY,2,6,NONINCAPACITATING INJURY,1,0,12,6,41.8950601209,-87.6537901784
01/12/2021 06:00:00 PM,30,CLEAR,DARKNESS,ANGLE,FOUR WAY,DRY,NO INJURY / DRIVE AWAY,DISREGARDING TRAFFIC SIGNALS,2,1,NO INDICATION OF INJURY,0,0,18,3,41.7758046672,-87.6834068574
01/22/2024 08:40:00 AM,35,UNKNOWN,UNKNOWN,PARKED MOTOR VEHICLE,NOT DIVIDED,UNKNOWN,NO INJURY / DRIVE AWAY,UNABLE TO DETERMINE,2,1,NO INDICATION OF INJURY,0,0,8,2,41.7836927034,-87.6331062454
02/28/2022 11:00:00 AM,30,CLEAR,DAYLIGHT,PARKED MOTOR VEHICLE,PARKING LOT,DRY,NO INJURY / DRIVE AWAY,DRIVING SKILLS/KNOWLEDGE/EXPERIENCE,2,2,NO INDICATION OF INJURY,0,0,11,2,41.766328969,-87.5787326032
08/20/2021 05:40:00 PM,35,CLEAR,DAYLIGHT,PARKED MOTOR VEHICLE,NOT DIVIDED,DRY,NO INJURY / DRIVE AWAY,IMPROPER BACKING,2,8,NO INDICATION OF INJURY,0,0,17,6,41.7683658358,-87.6883009077
05/18/2024 03:55:00 PM,30,CLEAR,DAYLIGHT,ANGLE,T-INTERSECTION,DRY,INJURY AND / OR TOW DUE TO CRASH,IMPROPER TURNING/NO SIGNAL,4,5,NONINCAPACITATING INJURY,3,0,15,7,41.7253739882,-87.6431706762
11/22/2024 05:35:00 AM,30,CLOUDY/OVERCAST,"DARKNESS, LIGHTED ROAD",FIXED OBJECT,DIVIDED - W/MEDIAN BARRIER,DRY,INJURY AND / OR TOW DUE TO CRASH,FAILING TO YIELD RIGHT-OF-WAY,2,11,"REPORTED, NOT EVIDENT",1,0,5,6,41.8894037757,-87.6244262679
07/23/2021 10:00:00 AM,30,CLEAR,DAYLIGHT,SIDESWIPE SAME DIRECTION,NOT DIVIDED,DRY,NO INJURY / DRIVE AWAY,UNABLE TO DETERMINE,2,7,NO INDICATION OF INJURY,0,0,10,6,41.8517377319,-87.6997235107
12/20/2022 05:05:00 PM,25,UNKNOWN,UNKNOWN,ANIMAL,OTHER,UNKNOWN,NO INJURY / DRIVE AWAY,ANIMAL,1,12,NO INDICATION OF INJURY,0,0,17,3,41.7869316518,-87.6451124499
09/08/2021 03:40:00 PM,30,CLEAR,DAYLIGHT,TURNING,DIVIDED - W/MEDIAN (NOT RAISED),DRY,NO INJURY / DRIVE AWAY,UNABLE TO DETERMINE,2,9,NO INDICATION OF INJURY,0,0,15,4,41.751227836,-87.6003967152
05/12/2022 12:45:00 AM,30,CLEAR,"DARKNESS, LIGHTED ROAD",TURNING,ONE-WAY,DRY,NO INJURY / DRIVE AWAY,UNABLE TO DETERMINE,2,5,NO INDICATION OF INJURY,0,0,0,5,41.6776031411,-87.6626183739
09/27/2025 04:57:00 PM,30,CLEAR,DAYLIGHT,ANGLE,DIVIDED - W/MEDIAN (NOT RAISED),DRY,INJURY AND / OR TOW DUE TO CRASH,FAILING TO YIELD RIGHT-OF-WAY,2,9,"REPORTED, NOT EVIDENT",1,0,16,7,41.7377929275,-87.6430270723
01/29/2024 05:46:00 PM,30,CLEAR,"DARKNESS, LIGHTED ROAD",TURNING,FOUR WAY,UNKNOWN,INJURY AND / OR TOW DUE TO CRASH,IMPROPER TURNING/NO SIGNAL,2,1,NO INDICATION OF INJURY,0,0,17,2,41.8877583368,-87.6205374165
09/22/2021 07:54:00 PM,30,CLEAR,"DARKNESS, LIGHTED ROAD",TURNING,DIVIDED - W/MEDIAN (NOT RAISED),DRY,INJURY AND / OR TOW DUE TO CRASH,FAILING TO YIELD RIGHT-OF-WAY,2,9,NO INDICATION OF INJURY,0,0,19,4,41.8681444335,-87.6408974568
07/01/2025 01:34:00 PM,35,CLEAR,DAYLIGHT,SIDESWIPE SAME DIRECTION,ONE-WAY,DRY,NO INJURY / DRIVE AWAY,UNABLE TO DETERMINE,2,7,NO INDICATION OF INJURY,0,0,13,3,41.8835191793,-87.7357156164
10/21/2021 12:10:00 PM,30,RAIN,DAYLIGHT,REAR TO FRONT,NOT DIVIDED,DRY,NO INJURY / DRIVE AWAY,IMPROPER BACKING,2,10,NO INDICATION OF INJURY,0,0,12,5,41.8930893505,-87.6279721581
02/05/2023 12:37:00 PM,30,CLEAR,DAYLIGHT,REAR END,DIVIDED - W/MEDIAN (NOT RAISED),DRY,NO INJURY / DRIVE AWAY,UNABLE TO DETERMINE,2,2,NO INDICATION OF INJURY,0,0,12,1,41.9404345511,-87.8069798854
05/31/2025 11:27:00 PM,45,CLEAR,"DARKNESS, LIGHTED ROAD",SIDESWIPE SAME DIRECTION,OTHER,DRY,NO INJURY / DRIVE AWAY,UNABLE TO DETERMINE,2,5,NO INDICATION OF INJURY,0,0,23,7,41.9839519461,-87.6532151083
01/16/2023 10:30:00 PM,30,CLOUDY/OVERCAST,"DARKNESS, LIGHTED ROAD",SIDESWIPE SAME DIRECTION,NOT DIVIDED,WET,NO INJURY / DRIVE AWAY,UNABLE TO DETERMINE,2,1,NO INDICATION OF INJURY,0,0,22,2,41.9465790562,-87.720186259
03/27/2023 01:45:00 PM,10,CLEAR,DAYLIGHT,ANGLE,ONE-WAY,DRY,NO INJURY / DRIVE AWAY,FAILING TO YIELD RIGHT-OF-WAY,2,3,NO INDICATION OF INJURY,0,0,13,2,41.8440042734,-87.7109717829
04/03/2024 05:42:00 PM,35,RAIN,DAYLIGHT,SIDESWIPE SAME DIRECTION,NOT DIVIDED,WET,INJURY AND / OR TOW DUE TO CRASH,FAILING TO YIELD RIGHT-OF-WAY,2,4,NO INDICATION OF INJURY,0,0,17,4,41.8352990947,-87.6694064489
03/20/2024 06:18:00 PM,30,UNKNOWN,UNKNOWN,SIDESWIPE SAME DIRECTION,ONE-WAY,UNKNOWN,NO INJURY / DRIVE AWAY,UNABLE TO DETERMINE,2,3,NO INDICATION OF INJURY,0,0,18,4,41.9965190622,-87.6569396292
03/07/2025 08:37:00 PM,30,CLOUDY/OVERCAST,"DARKNESS, LIGHTED ROAD",TURNING,DIVIDED - W/MEDIAN (NOT RAISED),WET,INJURY AND / OR TOW DUE TO CRASH,DISREGARDING TRAFFIC SIGNALS,2,3,NO INDICATION OF INJURY,0,0,20,6,41.7067235779,-87.6561945409
07/20/2023 07:45:00 PM,15,CLEAR,DAYLIGHT,TURNING,T-INTERSECTION,DRY,NO INJURY / DRIVE AWAY,IMPROPER TURNING/NO SIGNAL,2,7,NO INDICATION OF INJURY,0,0,19,5,41.9316543557,-87.7661131247
07/28/2026 08:15:00 AM,30,CLEAR,DAYLIGHT,SIDESWIPE SAME DIRECTION,NOT DIVIDED,UNKNOWN,NO INJURY / DRIVE AWAY,UNABLE TO DETERMINE,2,7,NO INDICATION OF INJURY,0,0,8,3,41.9753341358,-87.6987568745
02/19/2026 08:12:00 PM,30,RAIN,"DARKNESS, LIGHTED ROAD",TURNING,FOUR WAY,WET,INJURY AND / OR TOW DUE TO CRASH,FAILING TO YIELD RIGHT-OF-WAY,2,2,NO INDICATION OF INJURY,0,0,20,5,41.7348993211,-87.7212933983
05/31/2021 12:31:00 PM,30,CLEAR,DAYLIGHT,REAR END,OTHER,WET,INJURY AND / OR TOW DUE TO CRASH,IMPROPER LANE USAGE,2,5,NO INDICATION OF INJURY,0,0,12,2,41.8579420588,-87.6494717777
10/21/2023 03:02:00 PM,30,CLOUDY/OVERCAST,DAYLIGHT,REAR END,NOT DIVIDED,DRY,INJURY AND / OR TOW DUE TO CRASH,DISTRACTION - FROM INSIDE VEHICLE,2,10,NO INDICATION OF INJURY,0,0,15,7,41.8775773999,-87.7649118281
05/24/2024 01:53:00 PM,30,RAIN,DAYLIGHT,TURNING,FOUR WAY,WET,NO INJURY / DRIVE AWAY,IMPROPER TURNING/NO SIGNAL,2,5,NO INDICATION OF INJURY,0,0,13,6,41.6777551328,-87.6615073829
05/25/2021 09:20:00 PM,30,CLEAR,"DARKNESS, LIGHTED ROAD",REAR END,DIVIDED - W/MEDIAN (NOT RAISED),DRY,NO INJURY / DRIVE AWAY,FOLLOWING TOO CLOSELY,2,5,NO INDICATION OF INJURY,0,0,21,3,41.9287113217,-87.6878827514
08/16/2025 11:53:00 AM,30,CLEAR,DAYLIGHT,PARKED MOTOR VEHICLE,ONE-WAY,DRY,NO INJURY / DRIVE AWAY,UNABLE TO DETERMINE,2,8,NO INDICATION OF INJURY,0,0,11,7,41.7821895437,-87.5999697329
11/04/2023 03:30:00 PM,30,CLEAR,DAYLIGHT,REAR END,NOT DIVIDED,DRY,NO INJURY / DRIVE AWAY,FAILING TO REDUCE SPEED TO AVOID CRASH,2,11,NO INDICATION OF INJURY,0,0,15,7,41.9534860139,-87.7325456549
05/28/2021 05:45:00 PM,35,RAIN,DAYLIGHT,ANGLE,T-INTERSECTION,WET,NO INJURY / DRIVE AWAY,IMPROPER OVERTAKING/PASSING,2,5,NO INDICATION OF INJURY,0,0,17,6,41.7621185216,-87.6005464904
07/25/2025 09:30:00 PM,30,FREEZING RAIN/DRIZZLE,DARKNESS,ANGLE,DIVIDED - W/MEDIAN (NOT RAISED),WET,NO INJURY / DRIVE AWAY,UNABLE TO DETERMINE,2,7,NO INDICATION OF INJURY,0,0,21,6,41.7561615096,-87.6539579981
12/08/2025 11:00:00 PM,30,CLEAR,"DARKNESS, LIGHTED ROAD",FIXED OBJECT,ONE-WAY,DRY,NO INJURY / DRIVE AWAY,IMPROPER LANE USAGE,1,12,NO INDICATION OF INJURY,0,0,23,2,41.8793562897,-87.6339016653
06/25/2025 11:30:00 AM,30,UNKNOWN,UNKNOWN,SIDESWIPE SAME DIRECTION,NOT DIVIDED,UNKNOWN,NO INJURY / DRIVE AWAY,UNABLE TO DETERMINE,2,6,NO INDICATION OF INJURY,0,0,11,4,41.9662963264,-87.6889820445
12/11/2024 09:18:00 AM,30,CLEAR,DAYLIGHT,SIDESWIPE SAME DIRECTION,ONE-WAY,DRY,INJURY AND / OR TOW DUE TO CRASH,DRIVING SKILLS/KNOWLEDGE/EXPERIENCE,4,12,NO INDICATION OF INJURY,0,0,9,4,41.86240303,-87.7052783514
08/22/2021 11:57:00 PM,30,CLEAR,"DARKNESS, LIGHTED ROAD",REAR END,UNKNOWN INTERSECTION TYPE,DRY,NO INJURY / DRIVE AWAY,FAILING TO REDUCE SPEED TO AVOID CRASH,2,8,NO INDICATION OF INJURY,0,0,23,1,41.9523639277,-87.6451789503
05/12/2024 01:22:00 PM,30,CLEAR,DAYLIGHT,TURNING,DIVIDED - W/MEDIAN (NOT RAISED),DRY,INJURY AND / OR TOW DUE TO CRASH,FAILING TO YIELD RIGHT-OF-WAY,2,5,NO INDICATION OF INJURY,0,0,13,1,42.0119985779,-87.7077027457
01/23/2026 05:45:00 PM,30,CLEAR,"DARKNESS, LIGHTED ROAD",TURNING,FOUR WAY,DRY,NO INJURY / DRIVE AWAY,FAILING TO YIELD RIGHT-OF-WAY,2,1,NO INDICATION OF INJURY,0,0,17,6,41.953272751,-87.7671501513
06/04/2024 05:00:00 PM,30,RAIN,DAYLIGHT,PARKED MOTOR VEHICLE,DIVIDED - W/MEDIAN (NOT RAISED),WET,NO INJURY / DRIVE AWAY,DRIVING SKILLS/KNOWLEDGE/EXPERIENCE,3,6,NO INDICATION OF INJURY,0,0,17,3,41.9167809048,-87.7493215562
06/07/2024 04:00:00 PM,30,CLEAR,DAYLIGHT,REAR END,NOT DIVIDED,DRY,NO INJURY / DRIVE AWAY,UNABLE TO DETERMINE,2,6,NO INDICATION OF INJURY,0,0,16,6,41.9608443686,-87.7476946367
05/07/2021 05:00:00 PM,10,CLEAR,DAYLIGHT,PARKED MOTOR VEHICLE,PARKING LOT,DRY,NO INJURY / DRIVE AWAY,UNABLE TO DETERMINE,2,5,NO INDICATION OF INJURY,0,0,17,6,41.9929375042,-87.6602103263
12/20/2024 01:20:00 PM,15,CLEAR,DAYLIGHT,SIDESWIPE SAME DIRECTION,PARKING LOT,DRY,NO INJURY / DRIVE AWAY,IMPROPER BACKING,2,12,NO INDICATION OF INJURY,0,0,13,6,42.0056995846,-87.6899374926
05/05/2025 09:48:00 PM,30,CLEAR,DAYLIGHT,TURNING,NOT DIVIDED,DRY,NO INJURY / DRIVE AWAY,UNABLE TO DETERMINE,2,5,NO INDICATION OF INJURY,0,0,21,2,41.8007460254,-87.7232306142
01/26/2023 09:15:00 AM,30,CLEAR,DAYLIGHT,SIDESWIPE SAME DIRECTION,ONE-WAY,WET,NO INJURY / DRIVE AWAY,IMPROPER LANE USAGE,2,1,NO INDICATION OF INJURY,0,0,9,5,41.8819664488,-87.6412758255
08/23/2023 08:30:00 AM,30,UNKNOWN,UNKNOWN,REAR END,DIVIDED - W/MEDIAN BARRIER,UNKNOWN,NO INJURY / DRIVE AWAY,UNABLE TO DETERMINE,2,8,NO INDICATION OF INJURY,0,0,8,4,41.9694086179,-87.6483172637
05/14/2024 07:22:00 PM,30,CLEAR,DAYLIGHT,ANGLE,NOT DIVIDED,DRY,NO INJURY / DRIVE AWAY,IMPROPER BACKING,2,5,NO INDICATION OF INJURY,0,0,19,3,41.8536580651,-87.6990025695
07/29/2021 03:45:00 PM,30,CLEAR,DAYLIGHT,SIDESWIPE SAME DIRECTION,NOT DIVIDED,DRY,NO INJURY / DRIVE AWAY,"OPERATING VEHICLE IN ERRATIC, RECKLESS, CARELESS, NEGLIGENT OR AGGRESSIVE MANNER",3,7,NO INDICATION OF INJURY,0,0,15,5,41.8966598813,-87.6217552353
11/18/2025 06:30:00 AM,30,CLEAR,DAWN,ANGLE,T-INTERSECTION,DRY,NO INJURY / DRIVE AWAY,FAILING TO YIELD RIGHT-OF-WAY,2,11,NO INDICATION OF INJURY,0,0,6,3,41.7504445465,-87.6635876027
07/14/2022 04:15:00 AM,30,CLEAR,"DARKNESS, LIGHTED ROAD",REAR END,DIVIDED - W/MEDIAN (NOT RAISED),DRY,NO INJURY / DRIVE AWAY,UNABLE TO DETERMINE,2,7,NO INDICATION OF INJURY,0,0,4,5,41.8300335509,-87.6946444285
09/22/2024 04:00:00 AM,30,UNKNOWN,UNKNOWN,SIDESWIPE SAME DIRECTION,DIVIDED - W/MEDIAN BARRIER,UNKNOWN,NO INJURY / DRIVE AWAY,UNABLE TO DETERMINE,2,9,NO INDICATION OF INJURY,0,0,4,1,41.7719563987,-87.6128581228
07/24/2023 09:00:00 AM,30,CLEAR,DAYLIGHT,SIDESWIPE SAME DIRECTION,ONE-WAY,DRY,NO INJURY / DRIVE AWAY,NOT APPLICABLE,2,7,NO INDICATION OF INJURY,0,0,9,2,41.8843618775,-87.6331645376
08/07/2024 09:24:00 PM,30,CLEAR,"DARKNESS, LIGHTED ROAD",PARKED MOTOR VEHICLE,DIVIDED - W/MEDIAN (NOT RAISED),DRY,NO INJURY / DRIVE AWAY,UNABLE TO DETERMINE,2,8,NO INDICATION OF INJURY,0,0,21,4,41.8779478086,-87.755123821
05/01/2023 06:20:00 PM,30,RAIN,DAYLIGHT,PARKED MOTOR VEHICLE,NOT DIVIDED,WET,INJURY AND / OR TOW DUE TO CRASH,EQUIPMENT - VEHICLE CONDITION,4,5,"REPORTED, NOT EVIDENT",1,0,18,2,41.7781213215,-87.7638569138
09/10/2022 11:50:00 AM,30,CLEAR,DAYLIGHT,ANGLE,NOT DIVIDED,DRY,NO INJURY / DRIVE AWAY,DRIVING SKILLS/KNOWLEDGE/EXPERIENCE,2,9,NO INDICATION OF INJURY,0,0,11,7,41.8086626019,-87.6702544402
10/06/2023 10:00:00 PM,20,CLEAR,"DARKNESS, LIGHTED ROAD",PARKED MOTOR VEHICLE,NOT DIVIDED,DRY,NO INJURY / DRIVE AWAY,UNABLE TO DETERMINE,3,10,NO INDICATION OF INJURY,0,0,22,6,41.785178195,-87.7203613531
11/09/2023 01:45:00 PM,30,CLEAR,DAYLIGHT,TURNING,ONE-WAY,DRY,INJURY AND / OR TOW DUE TO CRASH,IMPROPER LANE USAGE,2,11,NO INDICATION OF INJURY,0,0,13,5,41.8790715345,-87.6494758242
12/27/2024 06:45:00 PM,15,UNKNOWN,UNKNOWN,PARKED MOTOR VEHICLE,PARKING LOT,UNKNOWN,NO INJURY / DRIVE AWAY,UNABLE TO DETERMINE,2,12,NO INDICATION OF INJURY,0,0,18,6,41.880361726,-87.764465451
03/08/2021 03:13:00 PM,30,CLEAR,DAYLIGHT,SIDESWIPE SAME DIRECTION,DIVIDED - W/MEDIAN (NOT RAISED),DRY,NO INJURY / DRIVE AWAY,UNABLE TO DETERMINE,2,3,NO INDICATION OF INJURY,0,0,15,2,41.9604887808,-87.7575075433
10/02/2025 10:50:00 AM,30,CLEAR,DAYLIGHT,TURNING,NOT DIVIDED,DRY,INJURY AND / OR TOW DUE TO CRASH,FAILING TO YIELD RIGHT-OF-WAY,2,10,NO INDICATION OF INJURY,0,0,10,5,41.8524723492,-87.638378071
08/19/2021 09:50:00 AM,30,CLEAR,DAYLIGHT,ANGLE,NOT DIVIDED,DRY,INJURY AND / OR TOW DUE TO CRASH,UNABLE TO DETERMINE,3,8,NO INDICATION OF INJURY,0,0,9,5,41.8305966576,-87.6667989363
01/22/2021 09:00:00 AM,40,CLEAR,DAYLIGHT,TURNING,T-INTERSECTION,DRY,NO INJURY / DRIVE AWAY,DISREGARDING TRAFFIC SIGNALS,2,1,NO INDICATION OF INJURY,0,0,9,6,41.873190589,-87.6174581402
04/26/2025 10:00:00 AM,25,CLEAR,DAYLIGHT,PEDESTRIAN,NOT DIVIDED,DRY,INJURY AND / OR TOW DUE TO CRASH,FAILING TO YIELD RIGHT-OF-WAY,2,4,NONINCAPACITATING INJURY,1,0,10,7,41.9620953766,-87.6462690106
05/06/2023 05:00:00 PM,30,CLEAR,DAYLIGHT,TURNING,NOT DIVIDED,DRY,NO INJURY / DRIVE AWAY,FAILING TO YIELD RIGHT-OF-WAY,2,5,NO INDICATION OF INJURY,0,0,17,7,41.743873821,-87.6051761606
03/25/2023 02:07:00 AM,35,CLEAR,"DARKNESS, LIGHTED ROAD",REAR END,OTHER,WET,NO INJURY / DRIVE AWAY,UNABLE TO DETERMINE,2,3,NO INDICATION OF INJURY,0,0,2,7,41.8893285936,-87.630547851
04/02/2023 04:20:00 PM,30,CLEAR,DAYLIGHT,PEDESTRIAN,ONE-WAY,DRY,INJURY AND / OR TOW DUE TO CRASH,DRIVING SKILLS/KNOWLEDGE/EXPERIENCE,2,4,NONINCAPACITATING INJURY,1,0,16,1,41.9182266815,-87.6890378141
04/28/2022 03:20:00 PM,35,CLEAR,DAYLIGHT,PEDALCYCLIST,NOT DIVIDED,DRY,INJURY AND / OR TOW DUE TO CRASH,UNABLE TO DETERMINE,2,4,NONINCAPACITATING INJURY,1,0,15,5,41.876289423,-87.7256658326
06/27/2024 09:36:00 PM,30,CLEAR,"DARKNESS, LIGHTED ROAD",REAR END,DIVIDED - W/MEDIAN (NOT RAISED),UNKNOWN,NO INJURY / DRIVE AWAY,UNABLE TO DETERMINE,3,6,NO INDICATION OF INJURY,0,0,21,5,41.9188655513,-87.7670108739
03/27/2021 12:25:00 PM,25,CLEAR,DAYLIGHT,PARKED MOTOR VEHICLE,NOT DIVIDED,DRY,NO INJURY / DRIVE AWAY,UNABLE TO DETERMINE,2,3,NO INDICATION OF INJURY,0,0,12,7,41.9322955136,-87.66824822
06/15/2025 10:22:00 PM,30,CLEAR,"DARKNESS, LIGHTED ROAD",PARKED MOTOR VEHICLE,NOT DIVIDED,UNKNOWN,NO INJURY / DRIVE AWAY,UNABLE TO DETERMINE,2,6,NO INDICATION OF INJURY,0,0,22,1,41.7972366283,-87.5820333064
01/30/2025 07:19:00 PM,30,UNKNOWN,UNKNOWN,TURNING,OTHER,UNKNOWN,NO INJURY / DRIVE AWAY,UNABLE TO DETERMINE,2,1,NO INDICATION OF INJURY,0,0,19,5,41.8908243316,-87.646805103
07/11/2025 10:40:00 PM,30,CLEAR,DARKNESS,REAR END,FOUR WAY,DRY,NO INJURY / DRIVE AWAY,UNABLE TO DETERMINE,2,7,NO INDICATION OF INJURY,0,0,22,6,41.8365738387,-87.6755847416
07/13/2022 09:30:00 AM,30,CLEAR,DAYLIGHT,FIXED OBJECT,DIVIDED - W/MEDIAN BARRIER,DRY,INJURY AND / OR TOW DUE TO CRASH,UNABLE TO DETERMINE,1,7,NO INDICATION OF INJURY,0,0,9,4,41.8191624664,-87.6361552513
02/05/2021 01:30:00 PM,35,UNKNOWN,UNKNOWN,REAR END,UNKNOWN INTERSECTION TYPE,UNKNOWN,NO INJURY / DRIVE AWAY,UNABLE TO DETERMINE,3,2,NO INDICATION OF INJURY,0,0,13,6,41.7062015362,-87.691599482
04/22/2024 04:41:00 PM,30,CLEAR,DAYLIGHT,ANGLE,FOUR WAY,DRY,INJURY AND / OR TOW DUE TO CRASH,"OPERATING VEHICLE IN ERRATIC, RECKLESS, CARELESS, NEGLIGENT OR AGGRESSIVE MANNER",3,4,NO INDICATION OF INJURY,0,0,16,2,41.7361651101,-87.625587569
12/17/2023 01:50:00 AM,30,CLEAR,DARKNESS,SIDESWIPE SAME DIRECTION,UNKNOWN,DRY,NO INJURY / DRIVE AWAY,UNABLE TO DETERMINE,2,12,NO INDICATION OF INJURY,0,0,1,1,41.8905209887,-87.6194687789
02/25/2023 09:00:00 PM,10,CLEAR,"DARKNESS, LIGHTED ROAD",PARKED MOTOR VEHICLE,ALLEY,DRY,NO INJURY / DRIVE AWAY,UNABLE TO DETERMINE,2,2,NO INDICATION OF INJURY,0,0,21,7,41.9365005893,-87.7193564681
10/12/2021 06:00:00 PM,30,CLEAR,DAYLIGHT,TURNING,NOT DIVIDED,DRY,NO INJURY / DRIVE AWAY,IMPROPER TURNING/NO SIGNAL,2,10,NO INDICATION OF INJURY,0,0,18,3,41.8765935176,-87.75146071
08/29/2021 11:07:00 AM,30,CLEAR,DAYLIGHT,TURNING,NOT DIVIDED,DRY,INJURY AND / OR TOW DUE TO CRASH,IMPROPER TURNING/NO SIGNAL,2,8,NO INDICATION OF INJURY,0,0,11,1,41.9178344599,-87.6676161081
01/08/2024 05:40:00 PM,15,UNKNOWN,DARKNESS,SIDESWIPE OPPOSITE DIRECTION,NOT DIVIDED,UNKNOWN,NO INJURY / DRIVE AWAY,UNABLE TO DETERMINE,2,1,NO INDICATION OF INJURY,0,0,17,2,42.0084867965,-87.7037489809
10/31/2022 02:40:00 PM,30,CLEAR,DAYLIGHT,ANGLE,FOUR WAY,DRY,NO INJURY / DRIVE AWAY,IMPROPER OVERTAKING/PASSING,2,10,NO INDICATION OF INJURY,0,0,14,2,41.7254499395,-87.6143812208
03/04/2023 04:20:00 AM,15,CLEAR,"DARKNESS, LIGHTED ROAD",FIXED OBJECT,PARKING LOT,DRY,NO INJURY / DRIVE AWAY,IMPROPER TURNING/NO SIGNAL,1,3,NO INDICATION OF INJURY,0,0,4,7,41.7712669977,-87.7227197265
03/12/2025 10:00:00 AM,30,CLEAR,DAYLIGHT,PEDALCYCLIST,DIVIDED - W/MEDIAN BARRIER,DRY,INJURY AND / OR TOW DUE TO CRASH,IMPROPER TURNING/NO SIGNAL,2,3,NONINCAPACITATING INJURY,1,0,10,4,41.7663481277,-87.5740057375
06/20/2024 07:00:00 AM,35,CLEAR,DAYLIGHT,ANGLE,NOT DIVIDED,DRY,NO INJURY / DRIVE AWAY,NOT APPLICABLE,2,6,NO INDICATION OF INJURY,0,0,7,5,41.7716501459,-87.7227296463
08/09/2021 12:30:00 PM,30,CLEAR,DAYLIGHT,TURNING,NOT DIVIDED,DRY,NO INJURY / DRIVE AWAY,UNABLE TO DETERMINE,2,8,NO INDICATION OF INJURY,0,0,12,2,41.9612187512,-87.7132851776
11/12/2021 11:15:00 PM,30,CLEAR,"DARKNESS, LIGHTED ROAD",TURNING,DIVIDED - W/MEDIAN (NOT RAISED),DRY,NO INJURY / DRIVE AWAY,UNABLE TO DETERMINE,2,11,NO INDICATION OF INJURY,0,0,23,6,41.794700385,-87.6289588018
05/23/2025 01:05:00 PM,30,CLEAR,DAYLIGHT,TURNING,FOUR WAY,DRY,NO INJURY / DRIVE AWAY,FAILING TO YIELD RIGHT-OF-WAY,2,5,NO INDICATION OF INJURY,0,0,13,6,41.8219527336,-87.7433832915
05/03/2025 12:42:00 PM,30,UNKNOWN,UNKNOWN,REAR END,DIVIDED - W/MEDIAN BARRIER,UNKNOWN,NO INJURY / DRIVE AWAY,UNABLE TO DETERMINE,3,5,NO INDICATION OF INJURY,0,0,12,7,41.8843093789,-87.620682982
03/30/2021 06:20:00 PM,25,CLEAR,DARKNESS,REAR END,FOUR WAY,DRY,NO INJURY / DRIVE AWAY,FOLLOWING TOO CLOSELY,2,3,NO INDICATION OF INJURY,0,0,18,3,41.8805559627,-87.7493373808
12/31/2025 08:24:00 PM,35,RAIN,DARKNESS,REAR END,ONE-WAY,WET,NO INJURY / DRIVE AWAY,UNABLE TO DETERMINE,2,12,NO INDICATION OF INJURY,0,0,20,4,41.7508848447,-87.6231392595
11/11/2025 10:45:00 AM,30,CLEAR,DAYLIGHT,SIDESWIPE SAME DIRECTION,NOT DIVIDED,WET,NO INJURY / DRIVE AWAY,IMPROPER OVERTAKING/PASSING,2,11,NO INDICATION OF INJURY,0,0,10,3,41.8080007771,-87.7038232717
04/22/2023 07:53:00 AM,30,CLEAR,DAYLIGHT,PARKED MOTOR VEHICLE,DIVIDED - W/MEDIAN BARRIER,DRY,INJURY AND / OR TOW DUE TO CRASH,UNABLE TO DETERMINE,5,4,INCAPACITATING INJURY,1,0,7,7,41.9479898429,-87.66873837
03/20/2025 07:15:00 PM,30,CLEAR,"DARKNESS, LIGHTED ROAD",TURNING,DIVIDED - W/MEDIAN BARRIER,DRY,NO INJURY / DRIVE AWAY,FOLLOWING TOO CLOSELY,2,3,NO INDICATION OF INJURY,0,0,19,5,41.9010680342,-87.6672832776
06/23/2023 02:06:00 PM,30,CLEAR,DAYLIGHT,REAR END,DIVIDED - W/MEDIAN (NOT RAISED),DRY,NO INJURY / DRIVE AWAY,FOLLOWING TOO CLOSELY,3,6,NO INDICATION OF INJURY,0,0,14,6,41.8519279661,-87.7016424772
08/14/2023 10:45:00 AM,30,CLOUDY/OVERCAST,DAYLIGHT,ANGLE,NOT DIVIDED,DRY,INJURY AND / OR TOW DUE TO CRASH,UNABLE TO DETERMINE,2,8,NO INDICATION OF INJURY,0,0,10,2,41.7560986209,-87.6054731322
03/17/2025 04:30:00 PM,35,CLEAR,DAYLIGHT,REAR END,DIVIDED - W/MEDIAN (NOT RAISED),DRY,NO INJURY / DRIVE AWAY,FAILING TO YIELD RIGHT-OF-WAY,2,3,NO INDICATION OF INJURY,0,0,16,2,41.7586000614,-87.6099511648
10/31/2023 03:55:00 PM,30,CLEAR,DAYLIGHT,REAR END,NOT DIVIDED,DRY,NO INJURY / DRIVE AWAY,NOT APPLICABLE,2,10,NO INDICATION OF INJURY,0,0,15,3,41.7929108835,-87.742077343