CRASH_DATE,POSTED_SPEED_LIMIT,WEATHER_CONDITION,LIGHTING_CONDITION,FIRST_CRASH_TYPE,TRAFFICWAY_TYPE,ROADWAY_SURFACE_COND,CRASH_TYPE,PRIM_CONTRIBUTORY_CAUSE,NUM_UNITS,CRASH_MONTH,MOST_SEVERE_INJURY,INJURIES_TOTAL,INJURIES_FATAL,CRASH_HOUR,CRASH_DAY_OF_WEEK,LATITUDE,LONGITUDE
01/19/2024 04:00:00 PM,30,CLEAR,DAYLIGHT,TURNING,NOT DIVIDED,DRY,INJURY AND / OR TOW DUE TO CRASH,FAILING TO YIELD RIGHT-OF-WAY,2,1,NO INDICATION OF INJURY,0,0,16,6,41.8542154362,-87.6237029044
03/10/2025 01:25:00 AM,30,CLEAR,"DARKNESS, LIGHTED ROAD",ANGLE,DIVIDED - W/MEDIAN (NOT RAISED),DRY,INJURY AND / OR TOW DUE TO CRASH,DISREGARDING TRAFFIC SIGNALS,2,3,NONINCAPACITATING INJURY,1,0,1,2,41.7941994854,-87.6319254825
02/16/2021 06:41:00 PM,15,CLEAR,DAYLIGHT,PARKED MOTOR VEHICLE,NOT DIVIDED,SNOW OR SLUSH,NO INJURY / DRIVE AWAY,UNABLE TO DETERMINE,2,2,NO INDICATION OF INJURY,0,0,18,3,41.8421944889,-87.7295060402
02/10/2026 09:08:00 AM,30,CLEAR,DAYLIGHT,TURNING,T-INTERSECTION,DRY,NO INJURY / DRIVE AWAY,FOLLOWING TOO CLOSELY,2,2,NO INDICATION OF INJURY,0,0,9,3,41.8845802868,-87.6233357176
10/31/2021 01:39:00 PM,25,CLEAR,DAYLIGHT,FIXED OBJECT,ONE-WAY,DRY,INJURY AND / OR TOW DUE TO CRASH,UNABLE TO DETERMINE,1,10,NO INDICATION OF INJURY,0,0,13,1,41.7287763317,-87.6362706475
10/12/2025 08:04:00 AM,25,CLEAR,DAYLIGHT,FIXED OBJECT,NOT DIVIDED,DRY,INJURY AND / OR TOW DUE TO CRASH,DRIVING SKILLS/KNOWLEDGE/EXPERIENCE,1,10,NONINCAPACITATING INJURY,1,0,8,1,41.8554760601,-87.6923883569
08/04/2021 06:39:00 PM,30,CLEAR,DAYLIGHT,SIDESWIPE SAME DIRECTION,NOT DIVIDED,DRY,NO INJURY / DRIVE AWAY,DRIVING SKILLS/KNOWLEDGE/EXPERIENCE,2,8,NO INDICATION OF INJURY,0,0,18,4,41.9124758093,-87.6737032306
08/17/2024 05:30:00 PM,30,CLEAR,DAYLIGHT,TURNING,NOT DIVIDED,WET,NO INJURY / DRIVE AWAY,UNABLE TO DETERMINE,2,8,NO INDICATION OF INJURY,0,0,17,7,41.8852572161,-87.6473147122
07/07/2025 08:34:00 AM,15,CLEAR,DAYLIGHT,FIXED OBJECT,ALLEY,DRY,NO INJURY / DRIVE AWAY,UNABLE TO DETERMINE,1,7,NO INDICATION OF INJURY,0,0,8,2,41.9997192129,-87.6860531384
11/01/2025 02:00:00 PM,20,UNKNOWN,DAYLIGHT,PARKED MOTOR VEHICLE,ONE-WAY,UNKNOWN,NO INJURY / DRIVE AWAY,UNABLE TO DETERMINE,2,11,NO INDICATION OF INJURY,0,0,14,7,41.9380535884,-87.6635583854
01/25/2021 01:00:00 PM,30,CLEAR,DAYLIGHT,FIXED OBJECT,NOT DIVIDED,UNKNOWN,NO INJURY / DRIVE AWAY,"OPERATING VEHICLE IN ERRATIC, RECKLESS, CARELESS, NEGLIGENT OR AGGRESSIVE MANNER",1,1,NO INDICATION OF INJURY,0,0,13,2,41.7871191504,-87.6499785123
07/14/2025 01:30:00 PM,30,UNKNOWN,UNKNOWN,TURNING,NOT DIVIDED,UNKNOWN,INJURY AND / OR TOW DUE TO CRASH,UNABLE TO DETERMINE,2,7,"REPORTED, NOT EVIDENT",1,0,13,2,41.8169342782,-87.6313584632
10/15/2021 01:00:00 PM,30,UNKNOWN,DAYLIGHT,REAR END,NOT DIVIDED,UNKNOWN,NO INJURY / DRIVE AWAY,UNABLE TO DETERMINE,2,10,NO INDICATION OF INJURY,0,0,13,6,41.8441811567,-87.7215000035
08/12/2022 08:35:00 PM,30,CLEAR,"DARKNESS, LIGHTED ROAD",REAR END,DIVIDED - W/MEDIAN (NOT RAISED),DRY,NO INJURY / DRIVE AWAY,FOLLOWING TOO CLOSELY,2,8,NO INDICATION OF INJURY,0,0,20,6,41.9237283237,-87.7927766139
11/02/2021 05:29:00 PM,30,CLEAR,DAYLIGHT,SIDESWIPE SAME DIRECTION,ONE-WAY,DRY,NO INJURY / DRIVE AWAY,UNABLE TO DETERMINE,2,11,NO INDICATION OF INJURY,0,0,17,3,41.8778631456,-87.6259319716
09/27/2022 05:32:00 PM,35,CLEAR,DAYLIGHT,REAR END,DIVIDED - W/MEDIAN (NOT RAISED),DRY,INJURY AND / OR TOW DUE TO CRASH,FOLLOWING TOO CLOSELY,2,9,NO INDICATION OF INJURY,0,0,17,3,41.7603882393,-87.7416271687
11/01/2023 05:28:00 PM,30,CLEAR,DARKNESS,SIDESWIPE SAME DIRECTION,ONE-WAY,DRY,NO INJURY / DRIVE AWAY,IMPROPER OVERTAKING/PASSING,2,11,NO INDICATION OF INJURY,0,0,17,4,41.7923533203,-87.5804344629
06/08/2025 10:50:00 AM,30,CLEAR,DAYLIGHT,TURNING,NOT DIVIDED,DRY,NO INJURY / DRIVE AWAY,FAILING TO REDUCE SPEED TO AVOID CRASH,2,6,NO INDICATION OF INJURY,0,0,10,1,41.7659526497,-87.6007539398
03/20/2021 08:45:00 PM,30,CLEAR,"DARKNESS, LIGHTED ROAD",ANGLE,NOT DIVIDED,DRY,NO INJURY / DRIVE AWAY,UNABLE TO DETERMINE,2,3,NO INDICATION OF INJURY,0,0,20,7,41.9021280015,-87.7740006467
04/25/2022 08:47:00 PM,30,CLEAR,DARKNESS,PARKED MOTOR VEHICLE,ONE-WAY,DRY,INJURY AND / OR TOW DUE TO CRASH,UNABLE TO DETERMINE,3,4,NO INDICATION OF INJURY,0,0,20,2,41.8006196282,-87.6178601519
03/08/2024 06:49:00 PM,30,RAIN,"DARKNESS, LIGHTED ROAD",ANGLE,FOUR WAY,WET,INJURY AND / OR TOW DUE TO CRASH,FAILING TO YIELD RIGHT-OF-WAY,2,3,NO INDICATION OF INJURY,0,0,18,6,41.9389340198,-87.8014012128
01/30/2022 02:00:00 AM,30,CLEAR,"DARKNESS, LIGHTED ROAD",PARKED MOTOR VEHICLE,NOT DIVIDED,DRY,INJURY AND / OR TOW DUE TO CRASH,DRIVING SKILLS/KNOWLEDGE/EXPERIENCE,2,1,NO INDICATION OF INJURY,0,0,2,1,41.8704740147,-87.6958615737
09/25/2023 01:47:00 AM,30,CLEAR,"DARKNESS, LIGHTED ROAD",ANGLE,FOUR WAY,DRY,INJURY AND / OR TOW DUE TO CRASH,DISREGARDING TRAFFIC SIGNALS,2,9,INCAPACITATING INJURY,2,0,1,2,42.0193503717,-87.67613937
07/20/2022 03:19:00 PM,30,CLEAR,DAYLIGHT,REAR TO FRONT,NOT DIVIDED,DRY,INJURY AND / OR TOW DUE TO CRASH,FAILING TO REDUCE SPEED TO AVOID CRASH,2,7,NO INDICATION OF INJURY,0,0,15,4,41.8444058729,-87.7052350156
12/03/2024 06:34:00 PM,30,CLEAR,"DARKNESS, LIGHTED ROAD",SIDESWIPE SAME DIRECTION,NOT DIVIDED,DRY,NO INJURY / DRIVE AWAY,FOLLOWING TOO CLOSELY,2,12,NO INDICATION OF INJURY,0,0,18,3,41.8528103633,-87.7249341884
05/29/2024 06:38:00 PM,10,CLEAR,DAYLIGHT,ANGLE,PARKING LOT,DRY,NO INJURY / DRIVE AWAY,IMPROPER BACKING,2,5,NO INDICATION OF INJURY,0,0,18,4,41.9421535856,-87.7124460176
11/18/2022 08:15:00 AM,30,SNOW,DAYLIGHT,REAR END,NOT DIVIDED,ICE,NO INJURY / DRIVE AWAY,FOLLOWING TOO CLOSELY,2,11,NO INDICATION OF INJURY,0,0,8,6,41.7873657839,-87.6303353017
09/10/2021 01:10:00 PM,30,CLEAR,DAYLIGHT,REAR END,DIVIDED - W/MEDIAN (NOT RAISED),DRY,NO INJURY / DRIVE AWAY,UNABLE TO DETERMINE,2,9,NO INDICATION OF INJURY,0,0,13,6,41.921207015,-87.7268244501
08/16/2024 11:30:00 PM,30,RAIN,"DARKNESS, LIGHTED ROAD",PARKED MOTOR VEHICLE,NOT DIVIDED,DRY,NO INJURY / DRIVE AWAY,UNABLE TO DETERMINE,2,8,NO INDICATION OF INJURY,0,0,23,6,41.8187626623,-87.689766979
04/22/2025 09:15:00 AM,15,CLEAR,DAYLIGHT,PARKED MOTOR VEHICLE,ALLEY,DRY,NO INJURY / DRIVE AWAY,UNABLE TO DETERMINE,2,4,NO INDICATION OF INJURY,0,0,9,3,41.6719871387,-87.6592564798
02/07/2025 09:02:00 PM,30,CLEAR,"DARKNESS, LIGHTED ROAD",ANGLE,FOUR WAY,DRY,INJURY AND / OR TOW DUE TO CRASH,DISREGARDING TRAFFIC SIGNALS,2,2,NO INDICATION OF INJURY,0,0,21,6,41.8732551966,-87.7448850943
05/27/2022 01:51:00 PM,30,CLEAR,DAYLIGHT,PARKED MOTOR VEHICLE,NOT DIVIDED,DRY,INJURY AND / OR TOW DUE TO CRASH,DISTRACTION - FROM INSIDE VEHICLE,2,5,NO INDICATION OF INJURY,0,0,13,6,41.9474075085,-87.6565096313
02/09/2025 05:00:00 PM,40,CLEAR,DAYLIGHT,REAR END,DIVIDED - W/MEDIAN BARRIER,DRY,NO INJURY / DRIVE AWAY,FOLLOWING TOO CLOSELY,2,2,NO INDICATION OF INJURY,0,0,17,1,41.873190589,-87.6174581402
06/07/2021 01:55:00 PM,30,RAIN,DAYLIGHT,REAR END,DIVIDED - W/MEDIAN BARRIER,WET,NO INJURY / DRIVE AWAY,NOT APPLICABLE,2,6,NO INDICATION OF INJURY,0,0,13,2,41.8801581311,-87.6865555323
06/20/2023 09:30:00 PM,30,CLEAR,"DARKNESS, LIGHTED ROAD",REAR END,DIVIDED - W/MEDIAN (NOT RAISED),DRY,NO INJURY / DRIVE AWAY,FOLLOWING TOO CLOSELY,2,6,NO INDICATION OF INJURY,0,0,21,3,41.8993923415,-87.6968548033
12/28/2024 01:40:00 AM,30,CLOUDY/OVERCAST,"DARKNESS, LIGHTED ROAD",PARKED MOTOR VEHICLE,NOT DIVIDED,WET,INJURY AND / OR TOW DUE TO CRASH,UNABLE TO DETERMINE,2,12,NO INDICATION OF INJURY,0,0,1,7,41.7559541133,-87.6468333353
09/13/2024 04:30:00 PM,30,CLEAR,DAYLIGHT,TURNING,DIVIDED - W/MEDIAN (NOT RAISED),DRY,NO INJURY / DRIVE AWAY,UNABLE TO DETERMINE,2,9,NO INDICATION OF INJURY,0,0,16,6,41.9312936268,-87.7561418254
11/04/2021 01:01:00 PM,30,CLOUDY/OVERCAST,DAYLIGHT,TURNING,NOT DIVIDED,DRY,INJURY AND / OR TOW DUE TO CRASH,FAILING TO YIELD RIGHT-OF-WAY,4,11,NONINCAPACITATING INJURY,2,0,13,5,42.0123771909,-87.688869552
09/17/2021 08:38:00 AM,30,CLEAR,DAYLIGHT,TURNING,FOUR WAY,DRY,NO INJURY / DRIVE AWAY,TURNING RIGHT ON RED,2,9,NO INDICATION OF INJURY,0,0,8,6,41.8511984911,-87.638637495
06/15/2022 09:45:00 AM,25,CLEAR,DAYLIGHT,TURNING,NOT DIVIDED,DRY,NO INJURY / DRIVE AWAY,IMPROPER TURNING/NO SIGNAL,2,6,NO INDICATION OF INJURY,0,0,9,4,41.8735817471,-87.7109278695
07/31/2025 09:50:00 PM,30,CLEAR,"DARKNESS, LIGHTED ROAD",REAR END,DIVIDED - W/MEDIAN BARRIER,DRY,NO INJURY / DRIVE AWAY,UNABLE TO DETERMINE,2,7,NO INDICATION OF INJURY,0,0,21,5,41.7459382967,-87.5852569707
01/15/2021 09:30:00 AM,30,CLEAR,DAYLIGHT,REAR END,DIVIDED - W/MEDIAN (NOT RAISED),UNKNOWN,NO INJURY / DRIVE AWAY,IMPROPER OVERTAKING/PASSING,2,1,NO INDICATION OF INJURY,0,0,9,6,41.9310209142,-87.7765704259
09/08/2025 05:00:00 AM,20,UNKNOWN,DAWN,ANGLE,NOT DIVIDED,DRY,NO INJURY / DRIVE AWAY,FAILING TO YIELD RIGHT-OF-WAY,2,9,NO INDICATION OF INJURY,0,0,5,2,41.8933593542,-87.6298451468
11/07/2025 02:30:00 PM,30,CLEAR,"DARKNESS, LIGHTED ROAD",PARKED MOTOR VEHICLE,DIVIDED - W/MEDIAN (NOT RAISED),DRY,NO INJURY / DRIVE AWAY,UNABLE TO DETERMINE,2,11,NO INDICATION OF INJURY,0,0,14,6,41.9402195219,-87.6445521968
06/30/2022 08:50:00 PM,30,CLEAR,DARKNESS,SIDESWIPE SAME DIRECTION,ONE-WAY,DRY,NO INJURY / DRIVE AWAY,UNABLE TO DETERMINE,2,6,NO INDICATION OF INJURY,0,0,20,5,41.8733958029,-87.720985641
11/14/2023 02:00:00 PM,15,CLEAR,DAYLIGHT,PARKED MOTOR VEHICLE,PARKING LOT,DRY,NO INJURY / DRIVE AWAY,UNABLE TO DETERMINE,2,11,NO INDICATION OF INJURY,0,0,14,3,41.8519838396,-87.6857857042
12/16/2022 05:50:00 PM,30,SNOW,"DARKNESS, LIGHTED ROAD",FIXED OBJECT,DIVIDED - W/MEDIAN BARRIER,SNOW OR SLUSH,INJURY AND / OR TOW DUE TO CRASH,WEATHER,1,12,"REPORTED, NOT EVIDENT",1,0,17,6,41.8763335225,-87.6864272453
04/02/2025 05:55:00 PM,30,OTHER,DAYLIGHT,ANGLE,FOUR WAY,WET,INJURY AND / OR TOW DUE TO CRASH,FAILING TO YIELD RIGHT-OF-WAY,2,4,"REPORTED, NOT EVIDENT",1,0,17,4,41.8901948827,-87.6476686991
12/12/2025 08:55:00 AM,10,CLEAR,DAYLIGHT,FIXED OBJECT,ALLEY,ICE,NO INJURY / DRIVE AWAY,WEATHER,1,12,NO INDICATION OF INJURY,0,0,8,6,41.9253441017,-87.7420183894
07/05/2025 06:10:00 PM,30,CLEAR,DAYLIGHT,ANGLE,FOUR WAY,UNKNOWN,NO INJURY / DRIVE AWAY,FAILING TO YIELD RIGHT-OF-WAY,2,7,NO INDICATION OF INJURY,0,0,18,7,41.7281698188,-87.5499660024
10/17/2025 07:59:00 PM,30,CLEAR,"DARKNESS, LIGHTED ROAD",PARKED MOTOR VEHICLE,NOT DIVIDED,DRY,NO INJURY / DRIVE AWAY,IMPROPER BACKING,2,10,NO INDICATION OF INJURY,0,0,19,6,41.838074592,-87.652342696
03/20/2021 10:45:00 AM,30,CLEAR,DAYLIGHT,PARKED MOTOR VEHICLE,ONE-WAY,DRY,NO INJURY / DRIVE AWAY,UNABLE TO DETERMINE,2,3,NO INDICATION OF INJURY,0,0,10,7,41.7602499,-87.6465648059
04/19/2022 08:40:00 AM,20,CLEAR,DAYLIGHT,PEDESTRIAN,NOT DIVIDED,DRY,INJURY AND / OR TOW DUE TO CRASH,DRIVING SKILLS/KNOWLEDGE/EXPERIENCE,2,4,NONINCAPACITATING INJURY,1,0,8,3,41.7731398092,-87.6593363491
09/06/2022 06:52:00 PM,30,CLEAR,"DARKNESS, LIGHTED ROAD",TURNING,DIVIDED - W/MEDIAN (NOT RAISED),UNKNOWN,NO INJURY / DRIVE AWAY,IMPROPER OVERTAKING/PASSING,2,9,NO INDICATION OF INJURY,0,0,18,3,41.9457284671,-87.7864403527
04/26/2021 11:31:00 AM,30,CLEAR,DAYLIGHT,PARKED MOTOR VEHICLE,ONE-WAY,DRY,INJURY AND / OR TOW DUE TO CRASH,UNABLE TO DETERMINE,3,4,NO INDICATION OF INJURY,0,0,11,2,41.8718814015,-87.7145629372
04/07/2024 03:47:00 PM,30,RAIN,DUSK,PARKED MOTOR VEHICLE,NOT DIVIDED,WET,INJURY AND / OR TOW DUE TO CRASH,DRIVING SKILLS/KNOWLEDGE/EXPERIENCE,3,4,NO INDICATION OF INJURY,0,0,15,1,41.7711123936,-87.7354773458
11/04/2022 01:00:00 PM,30,RAIN,DAYLIGHT,PEDALCYCLIST,DIVIDED - W/MEDIAN (NOT RAISED),WET,NO INJURY / DRIVE AWAY,FAILING TO YIELD RIGHT-OF-WAY,2,11,NO INDICATION OF INJURY,0,0,13,6,41.8750647607,-87.6667463667
10/15/2021 03:23:00 PM,30,CLEAR,DAYLIGHT,TURNING,NOT DIVIDED,DRY,NO INJURY / DRIVE AWAY,FAILING TO YIELD RIGHT-OF-WAY,2,10,NO INDICATION OF INJURY,0,0,15,6,41.7367708377,-87.6039221824
01/09/2026 07:30:00 AM,30,UNKNOWN,UNKNOWN,REAR END,UNKNOWN,UNKNOWN,NO INJURY / DRIVE AWAY,UNABLE TO DETERMINE,2,1,NO INDICATION OF INJURY,0,0,7,6,41.7720102795,-87.6883972117
03/25/2022 07:20:00 AM,30,CLEAR,DAYLIGHT,REAR END,DIVIDED - W/MEDIAN BARRIER,DRY,NO INJURY / DRIVE AWAY,FOLLOWING TOO CLOSELY,2,3,NO INDICATION OF INJURY,0,0,7,6,41.8874798892,-87.616047119
10/01/2023 03:40:00 PM,30,CLEAR,DAYLIGHT,PARKED MOTOR VEHICLE,NOT DIVIDED,DRY,NO INJURY / DRIVE AWAY,NOT APPLICABLE,2,10,NO INDICATION OF INJURY,0,0,15,1,41.9664360428,-87.7167436209
10/05/2023 04:18:00 PM,30,CLEAR,DAYLIGHT,ANGLE,ONE-WAY,DRY,INJURY AND / OR TOW DUE TO CRASH,NOT APPLICABLE,4,10,NO INDICATION OF INJURY,0,0,16,5,41.8191105349,-87.7037621625
06/03/2022 03:20:00 PM,30,CLEAR,DAYLIGHT,TURNING,NOT DIVIDED,DRY,NO INJURY / DRIVE AWAY,IMPROPER OVERTAKING/PASSING,2,6,NO INDICATION OF INJURY,0,0,15,6,41.7503187848,-87.6732846582
07/14/2024 02:08:00 AM,20,RAIN,"DARKNESS, LIGHTED ROAD",TURNING,NOT DIVIDED,WET,INJURY AND / OR TOW DUE TO CRASH,FAILING TO REDUCE SPEED TO AVOID CRASH,2,7,INCAPACITATING INJURY,3,0,2,1,41.8975467251,-87.6242801868
06/18/2021 04:15:00 PM,30,CLEAR,DAYLIGHT,TURNING,DIVIDED - W/MEDIAN (NOT RAISED),DRY,NO INJURY / DRIVE AWAY,FAILING TO YIELD RIGHT-OF-WAY,2,6,NO INDICATION OF INJURY,0,0,16,6,41.9538106307,-87.7241598246
06/12/2023 11:25:00 PM,25,CLEAR,"DARKNESS, LIGHTED ROAD",PARKED MOTOR VEHICLE,NOT DIVIDED,DRY,NO INJURY / DRIVE AWAY,UNABLE TO DETERMINE,2,6,NO INDICATION OF INJURY,0,0,23,2,41.7711275277,-87.6650561338
09/17/2024 02:12:00 AM,30,CLEAR,"DARKNESS, LIGHTED ROAD",ANIMAL,NOT DIVIDED,DRY,NO INJURY / DRIVE AWAY,UNABLE TO DETERMINE,1,9,NO INDICATION OF INJURY,0,0,2,3,41.9923489602,-87.7657833926
07/03/2025 03:15:00 PM,30,CLEAR,DAYLIGHT,REAR END,DIVIDED - W/MEDIAN (NOT RAISED),DRY,INJURY AND / OR TOW DUE TO CRASH,FAILING TO REDUCE SPEED TO AVOID CRASH,2,7,NO INDICATION OF INJURY,0,0,15,5,41.774128248,-87.741988303
01/02/2023 02:01:00 PM,30,CLEAR,DAYLIGHT,REAR END,DIVIDED - W/MEDIAN (NOT RAISED),DRY,INJURY AND / OR TOW DUE TO CRASH,UNABLE TO DETERMINE,2,1,"REPORTED, NOT EVIDENT",1,0,14,2,42.0118609756,-87.806783759
07/31/2023 12:42:00 PM,30,CLEAR,DAYLIGHT,REAR END,FOUR WAY,DRY,NO INJURY / DRIVE AWAY,FOLLOWING TOO CLOSELY,2,7,NO INDICATION OF INJURY,0,0,12,2,41.7600249736,-87.6300293722
01/01/2021 02:00:00 AM,15,CLEAR,"DARKNESS, LIGHTED ROAD",PARKED MOTOR VEHICLE,ONE-WAY,WET,NO INJURY / DRIVE AWAY,UNABLE TO DETERMINE,2,1,NO INDICATION OF INJURY,0,0,2,6,41.6972202793,-87.6257459854
07/18/2022 05:20:00 PM,30,CLEAR,DAYLIGHT,REAR END,NOT DIVIDED,DRY,NO INJURY / DRIVE AWAY,FOLLOWING TOO CLOSELY,2,7,NO INDICATION OF INJURY,0,0,17,2,41.7669624349,-87.6057733051
03/14/2025 01:15:00 PM,30,CLEAR,DAYLIGHT,TURNING,NOT DIVIDED,DRY,NO INJURY / DRIVE AWAY,FAILING TO YIELD RIGHT-OF-WAY,2,3,NO INDICATION OF INJURY,0,0,13,6,41.9644676734,-87.7474831158
12/02/2025 11:00:00 PM,30,CLEAR,DARKNESS,PARKED MOTOR VEHICLE,ONE-WAY,SNOW OR SLUSH,NO INJURY / DRIVE AWAY,UNABLE TO DETERMINE,2,12,NO INDICATION OF INJURY,0,0,23,3,41.7206341907,-87.5973096848
03/07/2025 12:00:00 PM,30,UNKNOWN,DAYLIGHT,PARKED MOTOR VEHICLE,DIVIDED - W/MEDIAN (NOT RAISED),UNKNOWN,NO INJURY / DRIVE AWAY,UNABLE TO DETERMINE,2,3,NO INDICATION OF INJURY,0,0,12,6,41.783788815,-87.5866844975
04/15/2024 06:45:00 AM,30,CLEAR,DAYLIGHT,TURNING,DIVIDED - W/MEDIAN (NOT RAISED),DRY,NO INJURY / DRIVE AWAY,FAILING TO YIELD RIGHT-OF-WAY,2,4,NO INDICATION OF INJURY,0,0,6,2,41.9688965653,-87.7412064717
03/22/2023 02:30:00 PM,30,CLOUDY/OVERCAST,DAYLIGHT,REAR END,NOT DIVIDED,DRY,INJURY AND / OR TOW DUE TO CRASH,FOLLOWING TOO CLOSELY,2,3,"REPORTED, NOT EVIDENT",1,0,14,4,41.8621170404,-87.7349867344
09/07/2024 06:36:00 PM,30,CLEAR,DAYLIGHT,PEDESTRIAN,DIVIDED - W/MEDIAN BARRIER,DRY,INJURY AND / OR TOW DUE TO CRASH,DISTRACTION - FROM OUTSIDE VEHICLE,2,9,"REPORTED, NOT EVIDENT",1,0,18,7,41.7793493631,-87.6849272891
11/12/2022 02:20:00 AM,20,CLEAR,"DARKNESS, LIGHTED ROAD",PARKED MOTOR VEHICLE,NOT DIVIDED,DRY,NO INJURY / DRIVE AWAY,UNABLE TO DETERMINE,2,11,NO INDICATION OF INJURY,0,0,2,7,41.7290822889,-87.6627210724
02/12/2022 12:00:00 PM,10,CLEAR,DAYLIGHT,PARKED MOTOR VEHICLE,PARKING LOT,DRY,NO INJURY / DRIVE AWAY,IMPROPER BACKING,2,2,NO INDICATION OF INJURY,0,0,12,7,41.8006019722,-87.7114245634
12/15/2021 12:15:00 AM,30,FOG/SMOKE/HAZE,"DARKNESS, LIGHTED ROAD",FIXED OBJECT,OTHER,OTHER,INJURY AND / OR TOW DUE TO CRASH,DISTRACTION - FROM OUTSIDE VEHICLE,1,12,NONINCAPACITATING INJURY,2,0,0,4,41.6632260238,-87.6174983606
02/09/2026 04:40:00 PM,30,CLEAR,DAYLIGHT,ANGLE,Y-INTERSECTION,DRY,INJURY AND / OR TOW DUE TO CRASH,FAILING TO YIELD RIGHT-OF-WAY,2,2,NONINCAPACITATING INJURY,2,0,16,2,41.7279704702,-87.5695553513
11/07/2022 03:00:00 PM,30,CLEAR,DAYLIGHT,PARKED MOTOR VEHICLE,DIVIDED - W/MEDIAN (NOT RAISED),DRY,NO INJURY / DRIVE AWAY,UNABLE TO DETERMINE,2,11,NO INDICATION OF INJURY,0,0,15,2,41.8586401079,-87.6632037165
08/29/2021 03:20:00 PM,30,CLEAR,DAYLIGHT,REAR END,DIVIDED - W/MEDIAN (NOT RAISED),DRY,NO INJURY / DRIVE AWAY,FOLLOWING TOO CLOSELY,2,8,NO INDICATION OF INJURY,0,0,15,1,41.8391119648,-87.6952295696
09/22/2021 08:30:00 AM,30,CLOUDY/OVERCAST,DAYLIGHT,SIDESWIPE SAME DIRECTION,T-INTERSECTION,DRY,NO INJURY / DRIVE AWAY,IMPROPER LANE USAGE,2,9,NO INDICATION OF INJURY,0,0,8,4,41.6592135131,-87.6171890928
08/08/2024 11:21:00 AM,30,CLEAR,DAYLIGHT,TURNING,ONE-WAY,DRY,INJURY AND / OR TOW DUE TO CRASH,IMPROPER TURNING/NO SIGNAL,2,8,NO INDICATION OF INJURY,0,0,11,5,41.7863071311,-87.6059207363
06/23/2025 06:45:00 AM,30,CLEAR,DAYLIGHT,TURNING,NOT DIVIDED,DRY,INJURY AND / OR TOW DUE TO CRASH,ROAD CONSTRUCTION/MAINTENANCE,2,6,NO INDICATION OF INJURY,0,0,6,2,41.8157784269,-87.6652928904
12/15/2025 02:40:00 PM,30,CLEAR,DAYLIGHT,SIDESWIPE SAME DIRECTION,ONE-WAY,DRY,NO INJURY / DRIVE AWAY,IMPROPER OVERTAKING/PASSING,2,12,NO INDICATION OF INJURY,0,0,14,2,41.8828062266,-87.6292814957
04/30/2022 12:52:00 PM,30,CLEAR,DAYLIGHT,ANGLE,NOT DIVIDED,DRY,NO INJURY / DRIVE AWAY,UNABLE TO DETERMINE,2,4,NO INDICATION OF INJURY,0,0,12,7,41.8881528864,-87.6341521894
12/31/2022 02:30:00 PM,25,CLEAR,DAYLIGHT,REAR END,ONE-WAY,DRY,NO INJURY / DRIVE AWAY,FAILING TO REDUCE SPEED TO AVOID CRASH,2,12,NO INDICATION OF INJURY,0,0,14,7,41.742495591,-87.5852043589
08/16/2024 06:40:00 PM,25,CLEAR,DAYLIGHT,REAR END,NOT DIVIDED,DRY,NO INJURY / DRIVE AWAY,UNABLE TO DETERMINE,2,8,NO INDICATION OF INJURY,0,0,18,6,41.7726143052,-87.6251366308
02/05/2025 02:00:00 AM,30,UNKNOWN,UNKNOWN,PARKED MOTOR VEHICLE,UNKNOWN,UNKNOWN,NO INJURY / DRIVE AWAY,UNABLE TO DETERMINE,2,2,NO INDICATION OF INJURY,0,0,2,4,41.973215665,-87.7642349073
11/26/2024 05:30:00 AM,30,CLEAR,DAWN,ANGLE,NOT DIVIDED,DRY,INJURY AND / OR TOW DUE TO CRASH,DISREGARDING TRAFFIC SIGNALS,2,11,NO INDICATION OF INJURY,0,0,5,3,41.8819370709,-87.6277468056
11/07/2025 07:35:00 AM,35,CLEAR,DAYLIGHT,SIDESWIPE OPPOSITE DIRECTION,ONE-WAY,DRY,NO INJURY / DRIVE AWAY,DRIVING ON WRONG SIDE/WRONG WAY,2,11,NO INDICATION OF INJURY,0,0,7,6,41.8030539559,-87.6065018627
01/29/2023 08:00:00 AM,40,SNOW,DAYLIGHT,SIDESWIPE SAME DIRECTION,DIVIDED - W/MEDIAN BARRIER,WET,INJURY AND / OR TOW DUE TO CRASH,IMPROPER LANE USAGE,2,1,NO INDICATION OF INJURY,0,0,8,1,41.7979610492,-87.5809148817
11/17/2025 11:00:00 PM,30,CLEAR,DARKNESS,TURNING,FOUR WAY,DRY,INJURY AND / OR TOW DUE TO CRASH,FAILING TO YIELD RIGHT-OF-WAY,2,11,NO INDICATION OF INJURY,0,0,23,2,41.722257273,-87.5852755651
02/14/2026 04:20:00 AM,30,CLEAR,DARKNESS,TURNING,NOT DIVIDED,WET,NO INJURY / DRIVE AWAY,UNABLE TO DETERMINE,2,2,NO INDICATION OF INJURY,0,0,4,7,41.7492735806,-87.7022344068
03/16/2026 08:20:00 AM,30,SNOW,DAYLIGHT,SIDESWIPE SAME DIRECTION,DIVIDED - W/MEDIAN (NOT RAISED),SNOW OR SLUSH,INJURY AND / OR TOW DUE TO CRASH,IMPROPER LANE USAGE,3,3,NO INDICATION OF INJURY,0,0,8,2,41.7505814125,-87.552728042