CRASH_DATE,POSTED_SPEED_LIMIT,WEATHER_CONDITION,LIGHTING_CONDITION,FIRST_CRASH_TYPE,TRAFFICWAY_TYPE,ROADWAY_SURFACE_COND,CRASH_TYPE,PRIM_CONTRIBUTORY_CAUSE,NUM_UNITS,CRASH_MONTH,MOST_SEVERE_INJURY,INJURIES_TOTAL,INJURIES_FATAL,CRASH_HOUR,CRASH_DAY_OF_WEEK,LATITUDE,LONGITUDE
12/06/2021 03:36:00 AM,30,CLEAR,DARKNESS,PARKED MOTOR VEHICLE,ONE-WAY,DRY,NO INJURY / DRIVE AWAY,UNABLE TO DETERMINE,2,12,NO INDICATION OF INJURY,0,0,3,2,41.7517200171,-87.560315755
10/14/2023 02:10:00 AM,30,RAIN,"DARKNESS, LIGHTED ROAD",ANGLE,NOT DIVIDED,WET,NO INJURY / DRIVE AWAY,FOLLOWING TOO CLOSELY,2,10,NO INDICATION OF INJURY,0,0,2,7,41.9997122749,-87.6713074563
05/04/2023 05:04:00 PM,30,CLEAR,DAYLIGHT,REAR END,DIVIDED - W/MEDIAN (NOT RAISED),DRY,NO INJURY / DRIVE AWAY,FOLLOWING TOO CLOSELY,2,5,NO INDICATION OF INJURY,0,0,17,5,41.906776733,-87.6870641706
06/14/2022 11:00:00 PM,30,CLEAR,DAYLIGHT,REAR END,ONE-WAY,DRY,NO INJURY / DRIVE AWAY,UNABLE TO DETERMINE,2,6,NO INDICATION OF INJURY,0,0,23,3,41.8930478037,-87.6364765073
04/18/2026 03:00:00 PM,30,CLEAR,DAYLIGHT,PEDALCYCLIST,FOUR WAY,UNKNOWN,NO INJURY / DRIVE AWAY,DISTRACTION - FROM OUTSIDE VEHICLE,2,4,NO INDICATION OF INJURY,0,0,15,7,41.9258178064,-87.7462128171
03/23/2026 06:00:00 PM,15,CLEAR,DAYLIGHT,PARKED MOTOR VEHICLE,PARKING LOT,DRY,NO INJURY / DRIVE AWAY,FOLLOWING TOO CLOSELY,2,3,NO INDICATION OF INJURY,0,0,18,2,41.9697537206,-87.6894034367
02/25/2023 11:15:00 AM,30,CLEAR,"DARKNESS, LIGHTED ROAD",PARKED MOTOR VEHICLE,NOT DIVIDED,DRY,NO INJURY / DRIVE AWAY,UNABLE TO DETERMINE,2,2,NO INDICATION OF INJURY,0,0,11,7,41.9338700258,-87.7370179948
09/13/2023 04:00:00 PM,30,CLEAR,DAYLIGHT,REAR END,DIVIDED - W/MEDIAN (NOT RAISED),DRY,NO INJURY / DRIVE AWAY,UNABLE TO DETERMINE,2,9,NO INDICATION OF INJURY,0,0,16,4,41.7659677396,-87.5911389321
05/13/2025 04:30:00 AM,30,CLEAR,DUSK,PARKED MOTOR VEHICLE,NOT DIVIDED,DRY,INJURY AND / OR TOW DUE TO CRASH,IMPROPER OVERTAKING/PASSING,2,5,NO INDICATION OF INJURY,0,0,4,3,41.9763570337,-87.6742703117
10/09/2021 11:40:00 AM,30,CLEAR,DAYLIGHT,PEDESTRIAN,FOUR WAY,DRY,INJURY AND / OR TOW DUE TO CRASH,"VISION OBSCURED (SIGNS, TREE LIMBS, BUILDINGS, ETC.)",2,10,"REPORTED, NOT EVIDENT",1,0,11,7,41.8746319774,-87.6306274565
12/05/2022 11:40:00 AM,30,CLOUDY/OVERCAST,DAYLIGHT,SIDESWIPE SAME DIRECTION,FOUR WAY,DRY,NO INJURY / DRIVE AWAY,UNABLE TO DETERMINE,2,12,NO INDICATION OF INJURY,0,0,11,2,41.9036300982,-87.6564845579
07/08/2021 05:40:00 AM,30,CLEAR,DAYLIGHT,TURNING,NOT DIVIDED,DRY,INJURY AND / OR TOW DUE TO CRASH,UNABLE TO DETERMINE,2,7,NO INDICATION OF INJURY,0,0,5,5,41.9703812476,-87.7085910104
04/04/2026 11:50:00 PM,15,CLEAR,"DARKNESS, LIGHTED ROAD",SIDESWIPE OPPOSITE DIRECTION,PARKING LOT,DRY,NO INJURY / DRIVE AWAY,UNABLE TO DETERMINE,2,4,NO INDICATION OF INJURY,0,0,23,7,41.9045021072,-87.6482668678
09/04/2024 06:00:00 PM,30,CLEAR,"DARKNESS, LIGHTED ROAD",SIDESWIPE SAME DIRECTION,NOT DIVIDED,UNKNOWN,NO INJURY / DRIVE AWAY,UNABLE TO DETERMINE,2,9,NO INDICATION OF INJURY,0,0,18,4,41.89558431,-87.6553889517
03/07/2021 11:10:00 AM,30,CLEAR,DAYLIGHT,PARKED MOTOR VEHICLE,ONE-WAY,DRY,NO INJURY / DRIVE AWAY,IMPROPER TURNING/NO SIGNAL,2,3,NO INDICATION OF INJURY,0,0,11,1,41.7942114364,-87.6951785375
06/21/2021 08:00:00 AM,30,CLEAR,DAYLIGHT,SIDESWIPE SAME DIRECTION,DIVIDED - W/MEDIAN BARRIER,DRY,NO INJURY / DRIVE AWAY,UNABLE TO DETERMINE,2,6,NO INDICATION OF INJURY,0,0,8,2,41.7513492487,-87.5854920616
11/29/2025 03:20:00 PM,30,UNKNOWN,UNKNOWN,PARKED MOTOR VEHICLE,UNKNOWN,UNKNOWN,INJURY AND / OR TOW DUE TO CRASH,UNABLE TO DETERMINE,3,11,NO INDICATION OF INJURY,0,0,15,7,42.003753707,-87.8211915231
09/13/2023 05:30:00 PM,30,CLEAR,DAYLIGHT,TURNING,NOT DIVIDED,DRY,NO INJURY / DRIVE AWAY,FAILING TO YIELD RIGHT-OF-WAY,2,9,NO INDICATION OF INJURY,0,0,17,4,41.8095347808,-87.5924502234
07/15/2025 07:00:00 PM,30,CLEAR,DAYLIGHT,SIDESWIPE SAME DIRECTION,DIVIDED - W/MEDIAN (NOT RAISED),DRY,NO INJURY / DRIVE AWAY,UNABLE TO DETERMINE,2,7,NO INDICATION OF INJURY,0,0,19,3,41.9466968794,-87.7112276981
02/23/2021 10:04:00 PM,15,SNOW,"DARKNESS, LIGHTED ROAD",PARKED MOTOR VEHICLE,ALLEY,ICE,NO INJURY / DRIVE AWAY,WEATHER,2,2,NO INDICATION OF INJURY,0,0,22,3,41.9278958935,-87.755703942
09/03/2023 05:50:00 PM,30,CLEAR,DAYLIGHT,PARKED MOTOR VEHICLE,NOT DIVIDED,DRY,NO INJURY / DRIVE AWAY,IMPROPER LANE USAGE,2,9,NO INDICATION OF INJURY,0,0,17,1,41.893419064,-87.6257481764
01/18/2025 12:00:00 PM,35,CLEAR,DAYLIGHT,SIDESWIPE SAME DIRECTION,DIVIDED - W/MEDIAN (NOT RAISED),DRY,NO INJURY / DRIVE AWAY,IMPROPER OVERTAKING/PASSING,2,1,NO INDICATION OF INJURY,0,0,12,7,41.9925874877,-87.6898621544
07/03/2023 09:45:00 AM,30,CLEAR,DAYLIGHT,REAR END,NOT DIVIDED,DRY,NO INJURY / DRIVE AWAY,IMPROPER BACKING,2,7,NO INDICATION OF INJURY,0,0,9,2,41.8538627184,-87.6480186015
02/22/2022 11:15:00 AM,25,RAIN,DAYLIGHT,OTHER OBJECT,RAMP,WET,NO INJURY / DRIVE AWAY,UNABLE TO DETERMINE,1,2,NO INDICATION OF INJURY,0,0,11,3,41.8889923059,-87.7380629038
08/29/2025 08:41:00 AM,30,CLEAR,DAYLIGHT,TURNING,FOUR WAY,DRY,INJURY AND / OR TOW DUE TO CRASH,IMPROPER TURNING/NO SIGNAL,2,8,"REPORTED, NOT EVIDENT",1,0,8,6,41.7718820622,-87.6805751649
03/05/2024 08:10:00 AM,30,RAIN,DAYLIGHT,TURNING,NOT DIVIDED,WET,NO INJURY / DRIVE AWAY,NOT APPLICABLE,2,3,NO INDICATION OF INJURY,0,0,8,3,41.9388705551,-87.7470205618
10/10/2024 07:00:00 AM,30,CLEAR,DAYLIGHT,SIDESWIPE SAME DIRECTION,DIVIDED - W/MEDIAN (NOT RAISED),DRY,NO INJURY / DRIVE AWAY,FAILING TO YIELD RIGHT-OF-WAY,2,10,NO INDICATION OF INJURY,0,0,7,5,41.9755541555,-87.7160486366
07/24/2023 02:28:00 PM,30,UNKNOWN,UNKNOWN,REAR END,UNKNOWN,UNKNOWN,NO INJURY / DRIVE AWAY,UNABLE TO DETERMINE,2,7,NO INDICATION OF INJURY,0,0,14,2,41.9741026272,-87.788052327
04/22/2024 12:30:00 PM,10,CLEAR,DAYLIGHT,PARKED MOTOR VEHICLE,PARKING LOT,DRY,NO INJURY / DRIVE AWAY,UNABLE TO DETERMINE,2,4,NO INDICATION OF INJURY,0,0,12,2,41.8136947051,-87.6038376106
04/18/2022 03:18:00 PM,30,CLEAR,DAYLIGHT,SIDESWIPE SAME DIRECTION,NOT DIVIDED,DRY,NO INJURY / DRIVE AWAY,FAILING TO YIELD RIGHT-OF-WAY,2,4,NO INDICATION OF INJURY,0,0,15,2,41.8280351411,-87.7046977316
12/10/2021 07:25:00 AM,30,CLEAR,DAYLIGHT,SIDESWIPE SAME DIRECTION,NOT DIVIDED,DRY,NO INJURY / DRIVE AWAY,IMPROPER OVERTAKING/PASSING,2,12,NO INDICATION OF INJURY,0,0,7,6,41.8464954425,-87.6856342473
11/19/2023 12:06:00 AM,30,CLEAR,"DARKNESS, LIGHTED ROAD",PEDESTRIAN,NOT DIVIDED,DRY,INJURY AND / OR TOW DUE TO CRASH,UNABLE TO DETERMINE,2,11,NONINCAPACITATING INJURY,1,0,0,1,41.8086104429,-87.6563044128
05/11/2025 02:24:00 PM,30,CLEAR,DAYLIGHT,ANGLE,PARKING LOT,DRY,INJURY AND / OR TOW DUE TO CRASH,UNABLE TO DETERMINE,2,5,"REPORTED, NOT EVIDENT",1,0,14,1,42.0119771559,-87.7086716342
05/24/2024 09:46:00 AM,10,CLEAR,DAYLIGHT,REAR TO SIDE,PARKING LOT,DRY,NO INJURY / DRIVE AWAY,IMPROPER BACKING,2,5,NO INDICATION OF INJURY,0,0,9,6,41.7943548532,-87.7705271521
02/26/2021 06:46:00 PM,35,CLEAR,"DARKNESS, LIGHTED ROAD",TURNING,DIVIDED - W/MEDIAN BARRIER,WET,INJURY AND / OR TOW DUE TO CRASH,FOLLOWING TOO CLOSELY,2,2,NONINCAPACITATING INJURY,4,0,18,6,41.7495942685,-87.7047685374
02/06/2023 09:00:00 AM,30,CLEAR,DAYLIGHT,REAR TO FRONT,NOT DIVIDED,UNKNOWN,NO INJURY / DRIVE AWAY,IMPROPER BACKING,2,2,NO INDICATION OF INJURY,0,0,9,2,41.9522516157,-87.7002585871
05/18/2022 08:20:00 AM,30,CLOUDY/OVERCAST,DAYLIGHT,ANGLE,ONE-WAY,DRY,NO INJURY / DRIVE AWAY,FAILING TO YIELD RIGHT-OF-WAY,2,5,NO INDICATION OF INJURY,0,0,8,4,41.9657452737,-87.7017041651
04/20/2023 09:00:00 PM,30,CLEAR,"DARKNESS, LIGHTED ROAD",SIDESWIPE SAME DIRECTION,FOUR WAY,DRY,NO INJURY / DRIVE AWAY,IMPROPER TURNING/NO SIGNAL,2,4,NO INDICATION OF INJURY,0,0,21,5,41.9400025771,-87.6442513077
02/23/2022 10:03:00 AM,20,OTHER,DAYLIGHT,TURNING,NOT DIVIDED,WET,INJURY AND / OR TOW DUE TO CRASH,UNABLE TO DETERMINE,2,2,NONINCAPACITATING INJURY,1,0,10,4,41.8942703129,-87.7401253991
12/02/2021 06:20:00 PM,35,CLEAR,"DARKNESS, LIGHTED ROAD",HEAD ON,"FIVE POINT, OR MORE",DRY,INJURY AND / OR TOW DUE TO CRASH,DISREGARDING TRAFFIC SIGNALS,2,12,NO INDICATION OF INJURY,0,0,18,5,41.841751201,-87.6580102897
09/25/2022 11:10:00 PM,30,RAIN,"DARKNESS, LIGHTED ROAD",PARKED MOTOR VEHICLE,DIVIDED - W/MEDIAN (NOT RAISED),WET,NO INJURY / DRIVE AWAY,WEATHER,2,9,NO INDICATION OF INJURY,0,0,23,1,41.9170903243,-87.7462672141
12/10/2022 10:30:00 AM,20,UNKNOWN,UNKNOWN,PARKED MOTOR VEHICLE,ONE-WAY,UNKNOWN,NO INJURY / DRIVE AWAY,UNABLE TO DETERMINE,2,12,NO INDICATION OF INJURY,0,0,10,7,41.7667217089,-87.6142251127
06/11/2023 10:45:00 PM,30,CLEAR,"DARKNESS, LIGHTED ROAD",PARKED MOTOR VEHICLE,ONE-WAY,DRY,NO INJURY / DRIVE AWAY,IMPROPER BACKING,2,6,NO INDICATION OF INJURY,0,0,22,1,41.8657845412,-87.6452147735
10/17/2024 02:57:00 PM,25,CLEAR,DAYLIGHT,TURNING,NOT DIVIDED,DRY,NO INJURY / DRIVE AWAY,NOT APPLICABLE,2,10,NO INDICATION OF INJURY,0,0,14,5,41.8665138882,-87.705733599
07/18/2024 02:58:00 PM,30,CLEAR,DAYLIGHT,ANGLE,FOUR WAY,DRY,INJURY AND / OR TOW DUE TO CRASH,NOT APPLICABLE,2,7,NO INDICATION OF INJURY,0,0,14,5,41.7722376252,-87.6593121369
02/10/2021 04:20:00 PM,30,FOG/SMOKE/HAZE,DAYLIGHT,SIDESWIPE SAME DIRECTION,NOT DIVIDED,WET,NO INJURY / DRIVE AWAY,UNABLE TO DETERMINE,2,2,NO INDICATION OF INJURY,0,0,16,4,41.8142118101,-87.7038198954
06/06/2024 04:40:00 AM,30,CLEAR,DAYLIGHT,REAR END,FOUR WAY,DRY,NO INJURY / DRIVE AWAY,DISREGARDING TRAFFIC SIGNALS,2,6,NO INDICATION OF INJURY,0,0,4,5,41.8123747103,-87.7236084038
12/16/2025 06:30:00 PM,25,UNKNOWN,DAYLIGHT,PARKED MOTOR VEHICLE,PARKING LOT,UNKNOWN,NO INJURY / DRIVE AWAY,UNABLE TO DETERMINE,2,12,NO INDICATION OF INJURY,0,0,18,3,41.9252123276,-87.6719254251
07/24/2023 08:40:00 AM,30,UNKNOWN,UNKNOWN,REAR END,FOUR WAY,UNKNOWN,NO INJURY / DRIVE AWAY,FOLLOWING TOO CLOSELY,2,7,NO INDICATION OF INJURY,0,0,8,2,41.881817472,-87.651627211
01/19/2026 02:37:00 PM,30,CLEAR,DAYLIGHT,ANGLE,NOT DIVIDED,DRY,NO INJURY / DRIVE AWAY,FAILING TO YIELD RIGHT-OF-WAY,2,1,NO INDICATION OF INJURY,0,0,14,2,41.9607682518,-87.7276759924
09/13/2024 05:00:00 PM,30,CLEAR,DAYLIGHT,SIDESWIPE SAME DIRECTION,DIVIDED - W/MEDIAN (NOT RAISED),DRY,NO INJURY / DRIVE AWAY,UNABLE TO DETERMINE,2,9,NO INDICATION OF INJURY,0,0,17,6,41.9166143383,-87.6576825337
09/02/2025 07:16:00 AM,30,CLEAR,DAYLIGHT,TURNING,FOUR WAY,DRY,NO INJURY / DRIVE AWAY,FAILING TO YIELD RIGHT-OF-WAY,2,9,NO INDICATION OF INJURY,0,0,7,3,42.0049431063,-87.6899214391
08/27/2024 01:30:00 PM,30,UNKNOWN,DAYLIGHT,PARKED MOTOR VEHICLE,OTHER,UNKNOWN,NO INJURY / DRIVE AWAY,NOT APPLICABLE,2,8,NO INDICATION OF INJURY,0,0,13,3,41.7729024099,-87.6444613273
04/20/2026 11:00:00 AM,30,CLEAR,DAYLIGHT,REAR END,NOT DIVIDED,DRY,NO INJURY / DRIVE AWAY,FAILING TO REDUCE SPEED TO AVOID CRASH,2,4,NO INDICATION OF INJURY,0,0,11,2,41.6644163368,-87.6201446499
07/07/2021 05:10:00 PM,30,CLEAR,DAYLIGHT,SIDESWIPE SAME DIRECTION,NOT DIVIDED,DRY,NO INJURY / DRIVE AWAY,UNABLE TO DETERMINE,2,7,NO INDICATION OF INJURY,0,0,17,4,41.9634423308,-87.7567384854
01/23/2026 07:15:00 PM,25,CLEAR,"DARKNESS, LIGHTED ROAD",PARKED MOTOR VEHICLE,NOT DIVIDED,DRY,NO INJURY / DRIVE AWAY,UNABLE TO DETERMINE,3,1,NO INDICATION OF INJURY,0,0,19,6,41.748264015,-87.6486796135
04/23/2023 01:30:00 AM,30,UNKNOWN,UNKNOWN,ANGLE,NOT DIVIDED,UNKNOWN,NO INJURY / DRIVE AWAY,IMPROPER BACKING,2,4,NO INDICATION OF INJURY,0,0,1,1,41.6940878269,-87.6135585032
09/17/2024 04:15:00 PM,25,CLEAR,DAYLIGHT,SIDESWIPE OPPOSITE DIRECTION,ONE-WAY,DRY,NO INJURY / DRIVE AWAY,UNABLE TO DETERMINE,2,9,NO INDICATION OF INJURY,0,0,16,3,41.853383896,-87.7249995192
07/10/2025 10:27:00 PM,30,RAIN,"DARKNESS, LIGHTED ROAD",REAR END,NOT DIVIDED,WET,NO INJURY / DRIVE AWAY,IMPROPER OVERTAKING/PASSING,2,7,NO INDICATION OF INJURY,0,0,22,5,41.9260732072,-87.8061808331
01/03/2025 05:45:00 PM,30,UNKNOWN,UNKNOWN,REAR END,FOUR WAY,UNKNOWN,NO INJURY / DRIVE AWAY,UNABLE TO DETERMINE,3,1,NO INDICATION OF INJURY,0,0,17,6,41.8834731224,-87.62772975
08/11/2024 02:45:00 PM,30,CLEAR,DAYLIGHT,REAR END,FOUR WAY,DRY,NO INJURY / DRIVE AWAY,UNABLE TO DETERMINE,2,8,NO INDICATION OF INJURY,0,0,14,1,41.9651620131,-87.6666663968
08/16/2024 05:09:00 PM,30,CLEAR,DAYLIGHT,ANGLE,FOUR WAY,DRY,INJURY AND / OR TOW DUE TO CRASH,DISREGARDING STOP SIGN,2,8,"REPORTED, NOT EVIDENT",2,0,17,6,41.8284035223,-87.6845505847
10/10/2024 03:34:00 PM,30,CLEAR,DAYLIGHT,REAR END,NOT DIVIDED,DRY,NO INJURY / DRIVE AWAY,FOLLOWING TOO CLOSELY,2,10,NO INDICATION OF INJURY,0,0,15,5,41.7728748814,-87.7419546207
04/13/2023 03:30:00 PM,20,CLEAR,DAYLIGHT,PARKED MOTOR VEHICLE,NOT DIVIDED,DRY,NO INJURY / DRIVE AWAY,UNABLE TO DETERMINE,2,4,NO INDICATION OF INJURY,0,0,15,5,42.0116818424,-87.6653619285
08/27/2025 08:00:00 AM,30,CLEAR,DAYLIGHT,REAR END,NOT DIVIDED,DRY,NO INJURY / DRIVE AWAY,FOLLOWING TOO CLOSELY,2,8,NO INDICATION OF INJURY,0,0,8,4,41.8738973216,-87.7353755712
08/09/2024 09:15:00 AM,30,CLEAR,DAYLIGHT,PARKED MOTOR VEHICLE,NOT DIVIDED,DRY,NO INJURY / DRIVE AWAY,UNABLE TO DETERMINE,2,8,NO INDICATION OF INJURY,0,0,9,6,41.897919598,-87.6674897368
05/29/2023 12:14:00 AM,30,CLEAR,"DARKNESS, LIGHTED ROAD",REAR END,DIVIDED - W/MEDIAN BARRIER,DRY,NO INJURY / DRIVE AWAY,UNABLE TO DETERMINE,2,5,NO INDICATION OF INJURY,0,0,0,2,41.966964042,-87.6692445431
06/15/2022 06:26:00 PM,30,CLEAR,DAYLIGHT,PEDALCYCLIST,DIVIDED - W/MEDIAN BARRIER,DRY,INJURY AND / OR TOW DUE TO CRASH,FAILING TO YIELD RIGHT-OF-WAY,2,6,NONINCAPACITATING INJURY,1,0,18,4,41.7495671276,-87.6051278448
03/08/2022 12:00:00 PM,30,CLEAR,DAYLIGHT,PARKED MOTOR VEHICLE,NOT DIVIDED,DRY,NO INJURY / DRIVE AWAY,UNABLE TO DETERMINE,2,3,NO INDICATION OF INJURY,0,0,12,3,41.9392110588,-87.7265719214
03/10/2026 06:40:00 PM,30,RAIN,DARKNESS,TURNING,NOT DIVIDED,WET,INJURY AND / OR TOW DUE TO CRASH,UNABLE TO DETERMINE,2,3,NO INDICATION OF INJURY,0,0,18,3,41.7682384769,-87.6834869571
10/16/2023 04:13:00 PM,30,CLEAR,DAYLIGHT,SIDESWIPE SAME DIRECTION,DIVIDED - W/MEDIAN (NOT RAISED),DRY,NO INJURY / DRIVE AWAY,UNABLE TO DETERMINE,2,10,NO INDICATION OF INJURY,0,0,16,2,41.8659062732,-87.7250086651
01/02/2021 04:00:00 PM,30,UNKNOWN,UNKNOWN,PARKED MOTOR VEHICLE,ONE-WAY,UNKNOWN,NO INJURY / DRIVE AWAY,UNABLE TO DETERMINE,2,1,NO INDICATION OF INJURY,0,0,16,7,41.7964114914,-87.6684418997
05/13/2022 11:56:00 PM,30,CLEAR,"DARKNESS, LIGHTED ROAD",PEDESTRIAN,NOT DIVIDED,UNKNOWN,INJURY AND / OR TOW DUE TO CRASH,FAILING TO YIELD RIGHT-OF-WAY,2,5,NONINCAPACITATING INJURY,1,0,23,6,41.8515796257,-87.6239169514
02/05/2021 02:37:00 PM,30,CLEAR,DAYLIGHT,SIDESWIPE SAME DIRECTION,FOUR WAY,DRY,NO INJURY / DRIVE AWAY,IMPROPER LANE USAGE,2,2,NO INDICATION OF INJURY,0,0,14,6,41.7720862141,-87.6835088578
03/11/2023 05:06:00 AM,15,CLEAR,"DARKNESS, LIGHTED ROAD",PARKED MOTOR VEHICLE,PARKING LOT,DRY,NO INJURY / DRIVE AWAY,DISTRACTION - FROM OUTSIDE VEHICLE,2,3,NO INDICATION OF INJURY,0,0,5,7,41.8662917835,-87.7244831487
05/29/2025 09:37:00 AM,30,CLEAR,DAYLIGHT,OTHER OBJECT,ONE-WAY,UNKNOWN,NO INJURY / DRIVE AWAY,NOT APPLICABLE,1,5,NO INDICATION OF INJURY,0,0,9,5,41.98496568,-87.6565071921
03/11/2021 06:50:00 PM,25,CLEAR,DARKNESS,PARKED MOTOR VEHICLE,OTHER,DRY,INJURY AND / OR TOW DUE TO CRASH,UNABLE TO DETERMINE,3,3,NO INDICATION OF INJURY,0,0,18,5,41.7346310224,-87.6409975323
12/12/2024 11:54:00 AM,30,CLEAR,DAYLIGHT,PEDESTRIAN,FOUR WAY,DRY,INJURY AND / OR TOW DUE TO CRASH,IMPROPER TURNING/NO SIGNAL,2,12,NONINCAPACITATING INJURY,1,0,11,5,41.8783448704,-87.6244536401
06/16/2022 04:12:00 PM,30,CLEAR,DAYLIGHT,ANGLE,PARKING LOT,DRY,NO INJURY / DRIVE AWAY,NOT APPLICABLE,2,6,NO INDICATION OF INJURY,0,0,16,5,41.7993821059,-87.596786859
03/07/2025 12:24:00 AM,40,CLEAR,"DARKNESS, LIGHTED ROAD",REAR END,DIVIDED - W/MEDIAN BARRIER,DRY,INJURY AND / OR TOW DUE TO CRASH,UNABLE TO DETERMINE,3,3,NO INDICATION OF INJURY,0,0,0,6,41.825882585,-87.6009718542
09/16/2023 08:17:00 PM,30,UNKNOWN,UNKNOWN,REAR END,NOT DIVIDED,UNKNOWN,NO INJURY / DRIVE AWAY,UNABLE TO DETERMINE,2,9,NO INDICATION OF INJURY,0,0,20,7,41.8860841664,-87.7652163636
09/17/2021 08:40:00 AM,30,CLEAR,DAYLIGHT,REAR TO FRONT,NOT DIVIDED,DRY,NO INJURY / DRIVE AWAY,UNABLE TO DETERMINE,2,9,NO INDICATION OF INJURY,0,0,8,6,41.7470253905,-87.6598588992
11/17/2022 04:55:00 PM,30,CLEAR,UNKNOWN,REAR END,NOT DIVIDED,DRY,NO INJURY / DRIVE AWAY,FAILING TO REDUCE SPEED TO AVOID CRASH,2,11,NO INDICATION OF INJURY,0,0,16,5,41.925010656,-87.6876177869
09/05/2024 05:26:00 PM,30,CLEAR,DAYLIGHT,PEDALCYCLIST,FOUR WAY,DRY,INJURY AND / OR TOW DUE TO CRASH,FAILING TO YIELD RIGHT-OF-WAY,2,9,"REPORTED, NOT EVIDENT",1,0,17,5,41.9455559266,-87.7861075229
03/27/2021 02:15:00 PM,30,CLEAR,DAYLIGHT,REAR END,NOT DIVIDED,DRY,NO INJURY / DRIVE AWAY,FOLLOWING TOO CLOSELY,2,3,NO INDICATION OF INJURY,0,0,14,7,41.9316343159,-87.7304887899
09/25/2022 02:09:00 PM,15,CLEAR,DAYLIGHT,FIXED OBJECT,PARKING LOT,UNKNOWN,NO INJURY / DRIVE AWAY,UNABLE TO DETERMINE,1,9,NO INDICATION OF INJURY,0,0,14,1,41.9236732565,-87.7996266459
02/21/2025 07:45:00 AM,30,CLEAR,DAYLIGHT,ANGLE,FOUR WAY,DRY,INJURY AND / OR TOW DUE TO CRASH,UNABLE TO DETERMINE,2,2,NO INDICATION OF INJURY,0,0,7,6,41.8965092929,-87.6477558272
04/22/2021 11:30:00 AM,30,CLEAR,DAYLIGHT,PARKED MOTOR VEHICLE,NOT DIVIDED,DRY,NO INJURY / DRIVE AWAY,DRIVING SKILLS/KNOWLEDGE/EXPERIENCE,2,4,NO INDICATION OF INJURY,0,0,11,5,41.8966598813,-87.6217552353
02/18/2021 11:25:00 AM,25,SNOW,DAYLIGHT,ANGLE,ONE-WAY,SNOW OR SLUSH,NO INJURY / DRIVE AWAY,FAILING TO YIELD RIGHT-OF-WAY,2,2,NO INDICATION OF INJURY,0,0,11,5,41.9003415267,-87.771725239
12/28/2025 01:40:00 PM,30,RAIN,DAYLIGHT,TURNING,FOUR WAY,WET,NO INJURY / DRIVE AWAY,UNABLE TO DETERMINE,2,12,NO INDICATION OF INJURY,0,0,13,1,41.9099955816,-87.7263946932
01/29/2026 03:50:00 PM,30,CLEAR,DAYLIGHT,SIDESWIPE SAME DIRECTION,DIVIDED - W/MEDIAN (NOT RAISED),DRY,NO INJURY / DRIVE AWAY,IMPROPER LANE USAGE,2,1,NO INDICATION OF INJURY,0,0,15,5,41.7822353879,-87.5866511531
08/09/2022 04:00:00 PM,30,UNKNOWN,UNKNOWN,PARKED MOTOR VEHICLE,NOT DIVIDED,UNKNOWN,NO INJURY / DRIVE AWAY,IMPROPER OVERTAKING/PASSING,2,8,NO INDICATION OF INJURY,0,0,16,3,41.8160682742,-87.5995458722
10/14/2024 04:30:00 PM,35,CLEAR,DAYLIGHT,REAR END,DIVIDED - W/MEDIAN (NOT RAISED),DRY,NO INJURY / DRIVE AWAY,UNABLE TO DETERMINE,2,10,NO INDICATION OF INJURY,0,0,16,2,41.9534715382,-87.7474514978
02/12/2022 09:50:00 PM,30,CLEAR,DUSK,ANGLE,NOT DIVIDED,DRY,NO INJURY / DRIVE AWAY,NOT APPLICABLE,2,2,NO INDICATION OF INJURY,0,0,21,7,41.791777111,-87.6938910456
04/25/2026 12:43:00 AM,30,CLEAR,"DARKNESS, LIGHTED ROAD",TURNING,DIVIDED - W/MEDIAN (NOT RAISED),DRY,NO INJURY / DRIVE AWAY,IMPROPER TURNING/NO SIGNAL,2,4,NO INDICATION OF INJURY,0,0,0,7,41.8955493255,-87.7185126636
04/26/2023 07:18:00 AM,30,CLEAR,DAYLIGHT,ANGLE,FOUR WAY,DRY,NO INJURY / DRIVE AWAY,FAILING TO YIELD RIGHT-OF-WAY,2,4,NO INDICATION OF INJURY,0,0,7,4,41.9281154218,-87.744137624
01/18/2021 07:40:00 PM,30,CLEAR,"DARKNESS, LIGHTED ROAD",PARKED MOTOR VEHICLE,NOT DIVIDED,DRY,INJURY AND / OR TOW DUE TO CRASH,PHYSICAL CONDITION OF DRIVER,2,1,NO INDICATION OF INJURY,0,0,19,2,41.9039776597,-87.6970527135
04/13/2023 10:30:00 AM,30,CLEAR,DAYLIGHT,PARKED MOTOR VEHICLE,ONE-WAY,DRY,NO INJURY / DRIVE AWAY,NOT APPLICABLE,2,4,NO INDICATION OF INJURY,0,0,10,5,41.8923674328,-87.7471350564
10/06/2025 07:30:00 PM,35,CLEAR,DAYLIGHT,PARKED MOTOR VEHICLE,PARKING LOT,DRY,NO INJURY / DRIVE AWAY,DRIVING SKILLS/KNOWLEDGE/EXPERIENCE,2,10,NO INDICATION OF INJURY,0,0,19,2,41.6609661758,-87.559129692
09/07/2024 01:20:00 PM,25,CLEAR,DAYLIGHT,REAR END,NOT DIVIDED,DRY,INJURY AND / OR TOW DUE TO CRASH,FAILING TO YIELD RIGHT-OF-WAY,2,9,INCAPACITATING INJURY,1,0,13,7,41.9706728028,-87.69001693