CRASH_DATE,POSTED_SPEED_LIMIT,WEATHER_CONDITION,LIGHTING_CONDITION,FIRST_CRASH_TYPE,TRAFFICWAY_TYPE,ROADWAY_SURFACE_COND,CRASH_TYPE,PRIM_CONTRIBUTORY_CAUSE,NUM_UNITS,CRASH_MONTH,MOST_SEVERE_INJURY,INJURIES_TOTAL,INJURIES_FATAL,CRASH_HOUR,CRASH_DAY_OF_WEEK,LATITUDE,LONGITUDE
08/07/2021 12:44:00 AM,30,RAIN,DARKNESS,PARKED MOTOR VEHICLE,NOT DIVIDED,WET,INJURY AND / OR TOW DUE TO CRASH,WEATHER,2,8,NO INDICATION OF INJURY,0,0,0,7,41.6764994912,-87.6296804993
09/20/2024 07:56:00 PM,35,CLEAR,DUSK,TURNING,NOT DIVIDED,DRY,INJURY AND / OR TOW DUE TO CRASH,FAILING TO YIELD RIGHT-OF-WAY,3,9,INCAPACITATING INJURY,1,0,19,6,41.9533211503,-87.7081458524
03/26/2023 06:00:00 PM,30,CLEAR,DUSK,REAR END,NOT DIVIDED,DRY,NO INJURY / DRIVE AWAY,FOLLOWING TOO CLOSELY,2,3,NO INDICATION OF INJURY,0,0,18,1,41.8907917083,-87.6721409079
06/28/2022 09:30:00 PM,30,CLEAR,DAYLIGHT,SIDESWIPE OPPOSITE DIRECTION,ONE-WAY,DRY,NO INJURY / DRIVE AWAY,IMPROPER BACKING,2,6,NO INDICATION OF INJURY,0,0,21,3,41.8134526733,-87.6991235911
05/31/2023 05:00:00 PM,35,UNKNOWN,UNKNOWN,TURNING,NOT DIVIDED,UNKNOWN,INJURY AND / OR TOW DUE TO CRASH,UNABLE TO DETERMINE,2,5,NO INDICATION OF INJURY,0,0,17,4,41.7499446601,-87.7040157421
12/27/2023 09:00:00 AM,30,UNKNOWN,UNKNOWN,PARKED MOTOR VEHICLE,ONE-WAY,UNKNOWN,NO INJURY / DRIVE AWAY,UNABLE TO DETERMINE,2,12,NO INDICATION OF INJURY,0,0,9,4,41.7693712311,-87.7299859963
09/03/2021 05:05:00 PM,35,CLOUDY/OVERCAST,DAYLIGHT,SIDESWIPE SAME DIRECTION,NOT DIVIDED,DRY,NO INJURY / DRIVE AWAY,DRIVING SKILLS/KNOWLEDGE/EXPERIENCE,2,9,NO INDICATION OF INJURY,0,0,17,6,41.7367471229,-87.6057428923
12/13/2024 10:20:00 PM,25,CLEAR,"DARKNESS, LIGHTED ROAD",TURNING,NOT DIVIDED,DRY,NO INJURY / DRIVE AWAY,UNABLE TO DETERMINE,2,12,NO INDICATION OF INJURY,0,0,22,6,41.9689430969,-87.7845203775
04/26/2021 05:53:00 PM,20,CLEAR,DAYLIGHT,REAR END,PARKING LOT,DRY,NO INJURY / DRIVE AWAY,FOLLOWING TOO CLOSELY,2,4,NO INDICATION OF INJURY,0,0,17,2,41.751633599,-87.5651606509
11/06/2024 01:24:00 PM,25,CLEAR,DAYLIGHT,PARKED MOTOR VEHICLE,NOT DIVIDED,DRY,NO INJURY / DRIVE AWAY,UNABLE TO DETERMINE,2,11,NO INDICATION OF INJURY,0,0,13,4,41.7486533704,-87.6476854445
04/12/2024 07:00:00 PM,0,CLEAR,DAYLIGHT,PARKED MOTOR VEHICLE,PARKING LOT,DRY,INJURY AND / OR TOW DUE TO CRASH,PHYSICAL CONDITION OF DRIVER,3,4,NONINCAPACITATING INJURY,1,0,19,6,41.7821713031,-87.6044918999
10/08/2024 05:55:00 PM,30,CLEAR,DAYLIGHT,TURNING,UNKNOWN,DRY,NO INJURY / DRIVE AWAY,IMPROPER TURNING/NO SIGNAL,2,10,NO INDICATION OF INJURY,0,0,17,3,41.7994838255,-87.5874420363
09/30/2022 03:00:00 PM,30,CLEAR,DAYLIGHT,TURNING,DIVIDED - W/MEDIAN (NOT RAISED),DRY,NO INJURY / DRIVE AWAY,UNABLE TO DETERMINE,2,9,NO INDICATION OF INJURY,0,0,15,6,41.8893601445,-87.6241383295
05/15/2024 04:30:00 PM,30,CLEAR,DAYLIGHT,PARKED MOTOR VEHICLE,NOT DIVIDED,DRY,NO INJURY / DRIVE AWAY,UNABLE TO DETERMINE,2,5,NO INDICATION OF INJURY,0,0,16,4,41.7046557096,-87.5354311261
04/06/2026 04:11:00 PM,30,CLEAR,DAYLIGHT,SIDESWIPE OPPOSITE DIRECTION,DIVIDED - W/MEDIAN (NOT RAISED),DRY,NO INJURY / DRIVE AWAY,FOLLOWING TOO CLOSELY,2,4,NO INDICATION OF INJURY,0,0,16,2,41.8874541114,-87.7027223053
09/23/2025 11:24:00 AM,30,CLEAR,DAYLIGHT,SIDESWIPE SAME DIRECTION,ONE-WAY,DRY,INJURY AND / OR TOW DUE TO CRASH,IMPROPER OVERTAKING/PASSING,2,9,NONINCAPACITATING INJURY,1,0,11,3,41.8909043282,-87.6196582806
05/20/2025 06:50:00 PM,30,RAIN,DAYLIGHT,REAR END,DIVIDED - W/MEDIAN (NOT RAISED),WET,NO INJURY / DRIVE AWAY,UNABLE TO DETERMINE,2,5,NO INDICATION OF INJURY,0,0,18,3,41.8313499001,-87.6758478479
12/19/2023 03:40:00 AM,35,CLEAR,"DARKNESS, LIGHTED ROAD",FIXED OBJECT,DIVIDED - W/MEDIAN BARRIER,UNKNOWN,NO INJURY / DRIVE AWAY,DISREGARDING TRAFFIC SIGNALS,1,12,NO INDICATION OF INJURY,0,0,3,3,41.8011249244,-87.6454810285
06/17/2025 10:50:00 AM,30,CLEAR,DAYLIGHT,SIDESWIPE SAME DIRECTION,DIVIDED - W/MEDIAN (NOT RAISED),DRY,INJURY AND / OR TOW DUE TO CRASH,IMPROPER OVERTAKING/PASSING,2,6,"REPORTED, NOT EVIDENT",2,0,10,3,41.8657344027,-87.7630270026
01/22/2026 06:40:00 PM,35,CLEAR,"DARKNESS, LIGHTED ROAD",TURNING,NOT DIVIDED,DRY,INJURY AND / OR TOW DUE TO CRASH,FAILING TO YIELD RIGHT-OF-WAY,2,1,NO INDICATION OF INJURY,0,0,18,5,41.9592691605,-87.8365502174
11/15/2021 11:45:00 AM,30,CLOUDY/OVERCAST,DAYLIGHT,REAR END,NOT DIVIDED,DRY,NO INJURY / DRIVE AWAY,FOLLOWING TOO CLOSELY,2,11,NO INDICATION OF INJURY,0,0,11,2,41.9795335765,-87.8367288264
05/12/2024 09:40:00 PM,30,CLEAR,DUSK,REAR END,NOT DIVIDED,DRY,NO INJURY / DRIVE AWAY,UNABLE TO DETERMINE,2,5,NO INDICATION OF INJURY,0,0,21,1,41.9619394333,-87.6347735064
07/30/2021 03:10:00 PM,30,CLOUDY/OVERCAST,DAYLIGHT,PEDALCYCLIST,NOT DIVIDED,UNKNOWN,NO INJURY / DRIVE AWAY,IMPROPER OVERTAKING/PASSING,2,7,NO INDICATION OF INJURY,0,0,15,6,41.9361229444,-87.6639141074
03/23/2022 04:30:00 PM,30,RAIN,DAWN,SIDESWIPE SAME DIRECTION,NOT DIVIDED,WET,NO INJURY / DRIVE AWAY,IMPROPER OVERTAKING/PASSING,2,3,NO INDICATION OF INJURY,0,0,16,4,41.6635859759,-87.6198891822
01/29/2026 12:44:00 PM,30,CLEAR,DAYLIGHT,REAR END,DIVIDED - W/MEDIAN BARRIER,DRY,NO INJURY / DRIVE AWAY,FAILING TO REDUCE SPEED TO AVOID CRASH,2,1,NO INDICATION OF INJURY,0,0,12,5,41.8697753195,-87.6456746121
01/15/2022 12:15:00 AM,30,SNOW,DARKNESS,SIDESWIPE SAME DIRECTION,NOT DIVIDED,SNOW OR SLUSH,NO INJURY / DRIVE AWAY,UNABLE TO DETERMINE,2,1,NO INDICATION OF INJURY,0,0,0,7,41.8691427868,-87.6276126918
04/30/2021 05:00:00 PM,30,CLEAR,DAYLIGHT,SIDESWIPE SAME DIRECTION,DIVIDED - W/MEDIAN (NOT RAISED),DRY,INJURY AND / OR TOW DUE TO CRASH,FAILING TO REDUCE SPEED TO AVOID CRASH,2,4,NONINCAPACITATING INJURY,1,0,17,6,41.8979497236,-87.6242411331
09/22/2021 02:15:00 PM,35,CLOUDY/OVERCAST,DAYLIGHT,ANGLE,NOT DIVIDED,WET,NO INJURY / DRIVE AWAY,DISREGARDING TRAFFIC SIGNALS,2,9,NO INDICATION OF INJURY,0,0,14,4,41.7535351779,-87.7026328962
04/09/2026 03:30:00 PM,30,CLEAR,DAYLIGHT,TURNING,DIVIDED - W/MEDIAN (NOT RAISED),DRY,INJURY AND / OR TOW DUE TO CRASH,DRIVING SKILLS/KNOWLEDGE/EXPERIENCE,2,4,NO INDICATION OF INJURY,0,0,15,5,41.9835725827,-87.6990260083
02/03/2026 03:25:00 PM,45,CLOUDY/OVERCAST,DAYLIGHT,REAR END,DIVIDED - W/MEDIAN BARRIER,DRY,INJURY AND / OR TOW DUE TO CRASH,FOLLOWING TOO CLOSELY,3,2,NO INDICATION OF INJURY,0,0,15,3,41.8283441568,-87.6029161028
07/24/2025 05:30:00 PM,30,UNKNOWN,DAYLIGHT,ANGLE,UNKNOWN,UNKNOWN,NO INJURY / DRIVE AWAY,UNABLE TO DETERMINE,2,7,NO INDICATION OF INJURY,0,0,17,5,41.8817125247,-87.7103499434
06/03/2022 08:30:00 PM,15,CLEAR,UNKNOWN,PARKED MOTOR VEHICLE,PARKING LOT,DRY,NO INJURY / DRIVE AWAY,UNABLE TO DETERMINE,2,6,NO INDICATION OF INJURY,0,0,20,6,41.7363800456,-87.627509219
03/16/2023 08:40:00 PM,30,OTHER,"DARKNESS, LIGHTED ROAD",PEDESTRIAN,T-INTERSECTION,WET,INJURY AND / OR TOW DUE TO CRASH,UNABLE TO DETERMINE,2,3,INCAPACITATING INJURY,1,0,20,5,41.7516243623,-87.5832897794
07/11/2025 11:30:00 AM,30,CLEAR,DAYLIGHT,REAR END,DIVIDED - W/MEDIAN BARRIER,DRY,NO INJURY / DRIVE AWAY,UNABLE TO DETERMINE,2,7,NO INDICATION OF INJURY,0,0,11,6,41.7207427533,-87.5853085243
07/08/2022 01:06:00 PM,30,CLEAR,DAYLIGHT,REAR END,DIVIDED - W/MEDIAN (NOT RAISED),DRY,NO INJURY / DRIVE AWAY,UNABLE TO DETERMINE,2,7,NO INDICATION OF INJURY,0,0,13,6,41.7834869589,-87.7034100456
06/22/2023 02:50:00 PM,15,CLEAR,DAYLIGHT,ANGLE,PARKING LOT,DRY,NO INJURY / DRIVE AWAY,FAILING TO YIELD RIGHT-OF-WAY,2,6,NO INDICATION OF INJURY,0,0,14,5,41.8518913952,-87.6886632584
07/01/2025 03:45:00 PM,30,CLEAR,DAYLIGHT,REAR END,FOUR WAY,DRY,INJURY AND / OR TOW DUE TO CRASH,UNABLE TO DETERMINE,2,7,NO INDICATION OF INJURY,0,0,15,3,41.8912503944,-87.7556115463
07/28/2024 09:06:00 PM,20,CLEAR,"DARKNESS, LIGHTED ROAD",PARKED MOTOR VEHICLE,ONE-WAY,DRY,INJURY AND / OR TOW DUE TO CRASH,UNABLE TO DETERMINE,4,7,NO INDICATION OF INJURY,0,0,21,1,41.752835881,-87.6721403448
08/10/2023 10:19:00 AM,30,CLEAR,DAYLIGHT,REAR END,FOUR WAY,DRY,INJURY AND / OR TOW DUE TO CRASH,FOLLOWING TOO CLOSELY,2,8,INCAPACITATING INJURY,1,0,10,5,41.9567119752,-87.7868511501
05/10/2023 06:00:00 PM,30,CLEAR,DAYLIGHT,SIDESWIPE SAME DIRECTION,NOT DIVIDED,DRY,INJURY AND / OR TOW DUE TO CRASH,DRIVING SKILLS/KNOWLEDGE/EXPERIENCE,2,5,NO INDICATION OF INJURY,0,0,18,4,41.8283397149,-87.7243141113
05/07/2025 12:50:00 PM,30,CLEAR,DAYLIGHT,REAR END,DIVIDED - W/MEDIAN (NOT RAISED),DRY,INJURY AND / OR TOW DUE TO CRASH,FOLLOWING TOO CLOSELY,2,5,NONINCAPACITATING INJURY,1,0,12,4,41.9876841768,-87.6695801372
11/25/2021 03:00:00 AM,35,RAIN,"DARKNESS, LIGHTED ROAD",FIXED OBJECT,ONE-WAY,WET,INJURY AND / OR TOW DUE TO CRASH,"EVASIVE ACTION DUE TO ANIMAL, OBJECT, NONMOTORIST",1,11,NO INDICATION OF INJURY,0,0,3,5,41.9009476671,-87.6193351759
07/20/2024 04:42:00 PM,30,CLEAR,DAYLIGHT,SIDESWIPE SAME DIRECTION,NOT DIVIDED,DRY,NO INJURY / DRIVE AWAY,FOLLOWING TOO CLOSELY,3,7,NO INDICATION OF INJURY,0,0,16,7,42.0113330478,-87.6825864316
04/08/2025 09:15:00 AM,30,CLEAR,DAYLIGHT,PEDESTRIAN,ONE-WAY,DRY,INJURY AND / OR TOW DUE TO CRASH,FAILING TO YIELD RIGHT-OF-WAY,2,4,"REPORTED, NOT EVIDENT",1,0,9,3,41.9447073452,-87.6412889733
03/31/2023 05:05:00 PM,30,UNKNOWN,UNKNOWN,REAR END,NOT DIVIDED,UNKNOWN,NO INJURY / DRIVE AWAY,UNABLE TO DETERMINE,2,3,NO INDICATION OF INJURY,0,0,17,6,41.7117744943,-87.6819283059
05/17/2024 04:01:00 PM,20,CLEAR,DAYLIGHT,ANGLE,FOUR WAY,DRY,INJURY AND / OR TOW DUE TO CRASH,IMPROPER OVERTAKING/PASSING,2,5,NO INDICATION OF INJURY,0,0,16,6,41.8899065694,-87.6545383622
10/02/2021 06:35:00 PM,30,RAIN,"DARKNESS, LIGHTED ROAD",SIDESWIPE OPPOSITE DIRECTION,NOT DIVIDED,WET,NO INJURY / DRIVE AWAY,UNABLE TO DETERMINE,2,10,NO INDICATION OF INJURY,0,0,18,7,41.8616960884,-87.6579152169
04/29/2023 01:45:00 PM,30,RAIN,DAYLIGHT,PEDESTRIAN,NOT DIVIDED,WET,INJURY AND / OR TOW DUE TO CRASH,"OPERATING VEHICLE IN ERRATIC, RECKLESS, CARELESS, NEGLIGENT OR AGGRESSIVE MANNER",2,4,NONINCAPACITATING INJURY,1,0,13,7,41.9028006845,-87.7239274959
05/08/2022 12:35:00 AM,30,CLEAR,"DARKNESS, LIGHTED ROAD",REAR END,NOT DIVIDED,DRY,NO INJURY / DRIVE AWAY,FOLLOWING TOO CLOSELY,2,5,NO INDICATION OF INJURY,0,0,0,1,41.9968353032,-87.7873192582
10/11/2021 05:45:00 PM,30,RAIN,"DARKNESS, LIGHTED ROAD",TURNING,DIVIDED - W/MEDIAN BARRIER,WET,NO INJURY / DRIVE AWAY,IMPROPER TURNING/NO SIGNAL,2,10,NO INDICATION OF INJURY,0,0,17,2,41.9907022856,-87.6717422169
05/17/2024 11:00:00 PM,30,CLEAR,"DARKNESS, LIGHTED ROAD",PARKED MOTOR VEHICLE,NOT DIVIDED,DRY,NO INJURY / DRIVE AWAY,NOT APPLICABLE,2,5,NO INDICATION OF INJURY,0,0,23,6,42.0188571484,-87.6805994988
01/06/2024 01:05:00 PM,30,SNOW,DAYLIGHT,PARKED MOTOR VEHICLE,ONE-WAY,SNOW OR SLUSH,INJURY AND / OR TOW DUE TO CRASH,NOT APPLICABLE,3,1,NO INDICATION OF INJURY,0,0,13,7,41.8104456618,-87.6724525489
02/20/2024 04:12:00 PM,30,CLEAR,DAYLIGHT,REAR END,NOT DIVIDED,UNKNOWN,NO INJURY / DRIVE AWAY,UNABLE TO DETERMINE,2,2,NO INDICATION OF INJURY,0,0,16,3,41.7644468993,-87.6931737199
01/18/2021 05:50:00 PM,30,CLEAR,"DARKNESS, LIGHTED ROAD",SIDESWIPE SAME DIRECTION,NOT DIVIDED,DRY,NO INJURY / DRIVE AWAY,NOT APPLICABLE,2,1,NO INDICATION OF INJURY,0,0,17,2,41.6594425466,-87.6411472946
03/20/2025 08:45:00 PM,30,CLEAR,DARKNESS,ANGLE,FOUR WAY,DRY,INJURY AND / OR TOW DUE TO CRASH,UNABLE TO DETERMINE,2,3,"REPORTED, NOT EVIDENT",1,0,20,5,41.9341568398,-87.6780337987
03/28/2025 07:38:00 AM,30,CLOUDY/OVERCAST,DAYLIGHT,PARKED MOTOR VEHICLE,NOT DIVIDED,WET,NO INJURY / DRIVE AWAY,IMPROPER OVERTAKING/PASSING,2,3,NO INDICATION OF INJURY,0,0,7,6,41.7738065927,-87.6642106124
03/15/2022 05:00:00 PM,30,UNKNOWN,UNKNOWN,PARKED MOTOR VEHICLE,PARKING LOT,UNKNOWN,NO INJURY / DRIVE AWAY,UNABLE TO DETERMINE,2,3,NO INDICATION OF INJURY,0,0,17,3,41.9282789928,-87.7857612572
04/11/2026 09:28:00 AM,30,CLEAR,DAYLIGHT,REAR END,NOT DIVIDED,DRY,NO INJURY / DRIVE AWAY,IMPROPER BACKING,2,4,NO INDICATION OF INJURY,0,0,9,7,42.0084524961,-87.67398724
05/21/2022 05:00:00 PM,30,CLEAR,DAYLIGHT,REAR END,DIVIDED - W/MEDIAN BARRIER,WET,NO INJURY / DRIVE AWAY,DISTRACTION - FROM INSIDE VEHICLE,2,5,NO INDICATION OF INJURY,0,0,17,7,41.6852280359,-87.6423014512
09/10/2022 11:30:00 PM,30,CLEAR,"DARKNESS, LIGHTED ROAD",SIDESWIPE OPPOSITE DIRECTION,NOT DIVIDED,DRY,NO INJURY / DRIVE AWAY,"OPERATING VEHICLE IN ERRATIC, RECKLESS, CARELESS, NEGLIGENT OR AGGRESSIVE MANNER",3,9,NO INDICATION OF INJURY,0,0,23,7,41.663478207,-87.6179026068
02/02/2024 10:00:00 AM,15,UNKNOWN,UNKNOWN,PARKED MOTOR VEHICLE,NOT DIVIDED,UNKNOWN,INJURY AND / OR TOW DUE TO CRASH,NOT APPLICABLE,2,2,NO INDICATION OF INJURY,0,0,10,6,41.8701784147,-87.737922744
09/07/2025 10:28:00 PM,35,CLEAR,"DARKNESS, LIGHTED ROAD",PEDALCYCLIST,TRAFFIC ROUTE,DRY,INJURY AND / OR TOW DUE TO CRASH,FAILING TO YIELD RIGHT-OF-WAY,2,9,NONINCAPACITATING INJURY,1,0,22,1,41.8769484116,-87.7447298087
04/25/2026 11:50:00 PM,30,CLEAR,"DARKNESS, LIGHTED ROAD",SIDESWIPE SAME DIRECTION,NOT DIVIDED,DRY,NO INJURY / DRIVE AWAY,IMPROPER OVERTAKING/PASSING,2,4,NO INDICATION OF INJURY,0,0,23,7,41.8477885073,-87.7252437984
06/06/2023 11:42:00 AM,30,CLEAR,DAYLIGHT,TURNING,NOT DIVIDED,DRY,INJURY AND / OR TOW DUE TO CRASH,IMPROPER LANE USAGE,2,6,NONINCAPACITATING INJURY,1,0,11,3,41.9723492826,-87.7468250858
01/07/2021 04:34:00 PM,30,CLEAR,DAYLIGHT,PARKED MOTOR VEHICLE,DIVIDED - W/MEDIAN (NOT RAISED),DRY,INJURY AND / OR TOW DUE TO CRASH,UNABLE TO DETERMINE,2,1,NONINCAPACITATING INJURY,1,0,16,5,41.9435367623,-87.7309036434
11/01/2025 12:19:00 AM,30,CLEAR,"DARKNESS, LIGHTED ROAD",HEAD ON,FOUR WAY,WET,INJURY AND / OR TOW DUE TO CRASH,FAILING TO REDUCE SPEED TO AVOID CRASH,2,11,NONINCAPACITATING INJURY,3,0,0,7,41.9536534353,-87.7367335705
06/12/2021 04:27:00 PM,30,RAIN,DAYLIGHT,REAR END,DIVIDED - W/MEDIAN BARRIER,WET,NO INJURY / DRIVE AWAY,UNABLE TO DETERMINE,2,6,NO INDICATION OF INJURY,0,0,16,7,41.7677909563,-87.5865163189
08/27/2023 04:56:00 PM,30,CLEAR,DAYLIGHT,REAR END,DIVIDED - W/MEDIAN BARRIER,DRY,INJURY AND / OR TOW DUE TO CRASH,"OPERATING VEHICLE IN ERRATIC, RECKLESS, CARELESS, NEGLIGENT OR AGGRESSIVE MANNER",2,8,NO INDICATION OF INJURY,0,0,16,1,41.7928775411,-87.6644079848
04/08/2022 06:45:00 PM,30,RAIN,DAYLIGHT,ANGLE,NOT DIVIDED,WET,INJURY AND / OR TOW DUE TO CRASH,UNABLE TO DETERMINE,2,4,NONINCAPACITATING INJURY,1,0,18,6,41.9451312715,-87.8081479706
09/20/2025 06:35:00 AM,30,RAIN,DAYLIGHT,REAR END,DIVIDED - W/MEDIAN BARRIER,WET,INJURY AND / OR TOW DUE TO CRASH,UNABLE TO DETERMINE,2,9,"REPORTED, NOT EVIDENT",1,0,6,7,41.900752974,-87.6242349998
06/28/2022 07:00:00 AM,30,CLEAR,DAYLIGHT,PARKED MOTOR VEHICLE,DIVIDED - W/MEDIAN (NOT RAISED),WET,NO INJURY / DRIVE AWAY,EQUIPMENT - VEHICLE CONDITION,2,6,NO INDICATION OF INJURY,0,0,7,3,41.9173119063,-87.785104204
02/24/2023 12:20:00 PM,30,CLEAR,DAYLIGHT,REAR END,NOT DIVIDED,DRY,NO INJURY / DRIVE AWAY,UNABLE TO DETERMINE,2,2,NO INDICATION OF INJURY,0,0,12,6,41.7504037787,-87.6587357079
04/04/2024 04:55:00 PM,30,RAIN,DAYLIGHT,SIDESWIPE SAME DIRECTION,NOT DIVIDED,WET,NO INJURY / DRIVE AWAY,"OPERATING VEHICLE IN ERRATIC, RECKLESS, CARELESS, NEGLIGENT OR AGGRESSIVE MANNER",3,4,NO INDICATION OF INJURY,0,0,16,5,41.7816335314,-87.7617223972
03/06/2021 08:40:00 AM,30,CLEAR,DAYLIGHT,REAR END,NOT DIVIDED,DRY,NO INJURY / DRIVE AWAY,UNABLE TO DETERMINE,2,3,NO INDICATION OF INJURY,0,0,8,7,41.8302974337,-87.6754255228
06/24/2021 04:39:00 PM,30,RAIN,DAYLIGHT,SIDESWIPE SAME DIRECTION,NOT DIVIDED,WET,INJURY AND / OR TOW DUE TO CRASH,UNABLE TO DETERMINE,2,6,NO INDICATION OF INJURY,0,0,16,5,41.9390013458,-87.7273295916
11/14/2024 07:50:00 AM,35,RAIN,DAYLIGHT,TURNING,DIVIDED - W/MEDIAN BARRIER,WET,INJURY AND / OR TOW DUE TO CRASH,IMPROPER TURNING/NO SIGNAL,2,11,"REPORTED, NOT EVIDENT",1,0,7,5,41.8345779121,-87.6268359567
12/16/2025 08:30:00 AM,30,CLEAR,DAYLIGHT,REAR END,T-INTERSECTION,DRY,NO INJURY / DRIVE AWAY,UNABLE TO DETERMINE,2,12,NO INDICATION OF INJURY,0,0,8,3,41.9074242864,-87.7298916674
05/27/2025 08:30:00 AM,30,CLEAR,DAYLIGHT,PARKED MOTOR VEHICLE,NOT DIVIDED,DRY,NO INJURY / DRIVE AWAY,UNABLE TO DETERMINE,2,5,NO INDICATION OF INJURY,0,0,8,3,41.9593092374,-87.6916018669
02/13/2025 05:46:00 PM,30,CLEAR,"DARKNESS, LIGHTED ROAD",SIDESWIPE SAME DIRECTION,UNKNOWN,SNOW OR SLUSH,INJURY AND / OR TOW DUE TO CRASH,IMPROPER OVERTAKING/PASSING,2,2,NO INDICATION OF INJURY,0,0,17,5,41.8808046152,-87.7113754959
07/28/2022 04:00:00 PM,10,CLEAR,DAYLIGHT,PARKED MOTOR VEHICLE,PARKING LOT,DRY,NO INJURY / DRIVE AWAY,IMPROPER LANE USAGE,2,7,NO INDICATION OF INJURY,0,0,16,5,41.8308924849,-87.6436166465
05/11/2024 01:51:00 AM,30,RAIN,"DARKNESS, LIGHTED ROAD",FIXED OBJECT,ONE-WAY,WET,INJURY AND / OR TOW DUE TO CRASH,"OPERATING VEHICLE IN ERRATIC, RECKLESS, CARELESS, NEGLIGENT OR AGGRESSIVE MANNER",1,5,NONINCAPACITATING INJURY,2,0,1,7,41.8830393424,-87.6471736385
10/07/2024 07:30:00 PM,30,CLEAR,"DARKNESS, LIGHTED ROAD",REAR END,FOUR WAY,DRY,INJURY AND / OR TOW DUE TO CRASH,FOLLOWING TOO CLOSELY,2,10,NONINCAPACITATING INJURY,2,0,19,2,41.8868514001,-87.7309037483
07/03/2024 06:15:00 PM,30,CLEAR,DAYLIGHT,SIDESWIPE OPPOSITE DIRECTION,NOT DIVIDED,UNKNOWN,NO INJURY / DRIVE AWAY,UNABLE TO DETERMINE,2,7,NO INDICATION OF INJURY,0,0,18,4,42.0064103135,-87.6805703776
07/26/2025 06:00:00 PM,25,CLEAR,DUSK,PARKED MOTOR VEHICLE,PARKING LOT,DRY,NO INJURY / DRIVE AWAY,UNABLE TO DETERMINE,2,7,NO INDICATION OF INJURY,0,0,18,7,41.7861965449,-87.7134894218
04/19/2024 06:06:00 AM,30,CLEAR,DAYLIGHT,REAR END,DIVIDED - W/MEDIAN (NOT RAISED),DRY,NO INJURY / DRIVE AWAY,UNABLE TO DETERMINE,2,4,NO INDICATION OF INJURY,0,0,6,6,41.9534860139,-87.7325456549
09/03/2025 03:00:00 PM,45,UNKNOWN,UNKNOWN,SIDESWIPE SAME DIRECTION,NOT DIVIDED,UNKNOWN,NO INJURY / DRIVE AWAY,NOT APPLICABLE,2,9,NO INDICATION OF INJURY,0,0,15,4,41.8917672009,-87.6143655279
06/27/2021 06:00:00 AM,30,CLEAR,DAWN,PARKED MOTOR VEHICLE,NOT DIVIDED,DRY,NO INJURY / DRIVE AWAY,IMPROPER LANE USAGE,2,6,NO INDICATION OF INJURY,0,0,6,1,41.9215490356,-87.6585625301
05/11/2025 06:00:00 PM,30,CLEAR,DAYLIGHT,PARKED MOTOR VEHICLE,NOT DIVIDED,DRY,NO INJURY / DRIVE AWAY,IMPROPER BACKING,2,5,NO INDICATION OF INJURY,0,0,18,1,41.8489216875,-87.6235588526
08/07/2024 07:00:00 AM,30,CLEAR,DAYLIGHT,PARKED MOTOR VEHICLE,DIVIDED - W/MEDIAN (NOT RAISED),DRY,NO INJURY / DRIVE AWAY,IMPROPER BACKING,2,8,NO INDICATION OF INJURY,0,0,7,4,41.8526730592,-87.663769311
03/02/2025 01:00:00 PM,25,UNKNOWN,UNKNOWN,PARKED MOTOR VEHICLE,ONE-WAY,UNKNOWN,NO INJURY / DRIVE AWAY,UNABLE TO DETERMINE,2,3,NO INDICATION OF INJURY,0,0,13,1,41.7447838396,-87.6015133962
09/09/2022 08:15:00 AM,30,CLEAR,DAYLIGHT,REAR END,NOT DIVIDED,DRY,NO INJURY / DRIVE AWAY,FOLLOWING TOO CLOSELY,2,9,NO INDICATION OF INJURY,0,0,8,6,41.9236732565,-87.7996266459
12/14/2024 04:40:00 AM,30,UNKNOWN,UNKNOWN,PARKED MOTOR VEHICLE,NOT DIVIDED,UNKNOWN,NO INJURY / DRIVE AWAY,UNABLE TO DETERMINE,2,12,NO INDICATION OF INJURY,0,0,4,7,41.873474014,-87.6863740539
05/27/2025 01:32:00 PM,35,CLEAR,DAYLIGHT,SIDESWIPE SAME DIRECTION,NOT DIVIDED,DRY,NO INJURY / DRIVE AWAY,UNABLE TO DETERMINE,2,5,NO INDICATION OF INJURY,0,0,13,3,41.8540710351,-87.6416003433
04/28/2026 06:20:00 PM,30,CLEAR,DAYLIGHT,SIDESWIPE SAME DIRECTION,T-INTERSECTION,DRY,NO INJURY / DRIVE AWAY,IMPROPER OVERTAKING/PASSING,2,4,NO INDICATION OF INJURY,0,0,18,3,41.7710448011,-87.7419056317
06/26/2021 04:15:00 AM,30,RAIN,DAWN,PARKED MOTOR VEHICLE,DIVIDED - W/MEDIAN (NOT RAISED),WET,INJURY AND / OR TOW DUE TO CRASH,UNABLE TO DETERMINE,2,6,NO INDICATION OF INJURY,0,0,4,7,41.7399397612,-87.7157400289
04/21/2024 03:35:00 PM,30,UNKNOWN,UNKNOWN,REAR END,NOT DIVIDED,UNKNOWN,NO INJURY / DRIVE AWAY,UNABLE TO DETERMINE,2,4,NO INDICATION OF INJURY,0,0,15,1,41.9125032395,-87.6330119329