CRASH_DATE,POSTED_SPEED_LIMIT,WEATHER_CONDITION,LIGHTING_CONDITION,FIRST_CRASH_TYPE,TRAFFICWAY_TYPE,ROADWAY_SURFACE_COND,CRASH_TYPE,PRIM_CONTRIBUTORY_CAUSE,NUM_UNITS,CRASH_MONTH,MOST_SEVERE_INJURY,INJURIES_TOTAL,INJURIES_FATAL,CRASH_HOUR,CRASH_DAY_OF_WEEK,LATITUDE,LONGITUDE
04/13/2025 02:30:00 PM,30,CLOUDY/OVERCAST,DAYLIGHT,REAR END,NOT DIVIDED,DRY,NO INJURY / DRIVE AWAY,FOLLOWING TOO CLOSELY,2,4,NO INDICATION OF INJURY,0,0,14,1,41.9759159874,-87.7005564475
05/11/2022 06:10:00 PM,25,UNKNOWN,DAYLIGHT,REAR END,NOT DIVIDED,UNKNOWN,NO INJURY / DRIVE AWAY,UNABLE TO DETERMINE,2,5,NO INDICATION OF INJURY,0,0,18,4,41.9423034899,-87.7569524879
11/26/2024 08:20:00 AM,30,CLEAR,DAYLIGHT,PARKED MOTOR VEHICLE,NOT DIVIDED,DRY,INJURY AND / OR TOW DUE TO CRASH,NOT APPLICABLE,2,11,NO INDICATION OF INJURY,0,0,8,3,41.9717903845,-87.726605957
06/24/2025 01:36:00 PM,30,CLEAR,DAYLIGHT,REAR TO FRONT,NOT DIVIDED,DRY,NO INJURY / DRIVE AWAY,IMPROPER BACKING,2,6,NO INDICATION OF INJURY,0,0,13,3,41.8161130299,-87.645871563
03/19/2021 11:30:00 AM,30,CLEAR,DAYLIGHT,SIDESWIPE SAME DIRECTION,NOT DIVIDED,DRY,NO INJURY / DRIVE AWAY,IMPROPER LANE USAGE,2,3,NO INDICATION OF INJURY,0,0,11,6,41.7356808537,-87.632589532
08/25/2022 06:46:00 PM,35,CLEAR,DUSK,TURNING,NOT DIVIDED,DRY,NO INJURY / DRIVE AWAY,"VISION OBSCURED (SIGNS, TREE LIMBS, BUILDINGS, ETC.)",2,8,NO INDICATION OF INJURY,0,0,18,5,41.9260875299,-87.630992552
03/01/2023 01:50:00 PM,20,CLEAR,DAYLIGHT,PARKED MOTOR VEHICLE,NOT DIVIDED,DRY,NO INJURY / DRIVE AWAY,UNABLE TO DETERMINE,2,3,NO INDICATION OF INJURY,0,0,13,4,41.7929760514,-87.7526561495
08/29/2021 04:41:00 AM,20,CLEAR,"DARKNESS, LIGHTED ROAD",PARKED MOTOR VEHICLE,NOT DIVIDED,DRY,INJURY AND / OR TOW DUE TO CRASH,UNABLE TO DETERMINE,2,8,NO INDICATION OF INJURY,0,0,4,1,41.9362336727,-87.6504070827
01/02/2022 07:45:00 PM,35,CLEAR,"DARKNESS, LIGHTED ROAD",ANGLE,NOT DIVIDED,DRY,NO INJURY / DRIVE AWAY,UNABLE TO DETERMINE,2,1,NO INDICATION OF INJURY,0,0,19,1,41.7809667787,-87.6835405562
04/25/2021 04:08:00 AM,25,CLEAR,"DARKNESS, LIGHTED ROAD",PARKED MOTOR VEHICLE,NOT DIVIDED,DRY,INJURY AND / OR TOW DUE TO CRASH,FAILING TO REDUCE SPEED TO AVOID CRASH,3,4,NO INDICATION OF INJURY,0,0,4,1,41.7724975085,-87.6493106953
08/31/2022 02:15:00 PM,30,CLEAR,DAYLIGHT,PEDESTRIAN,DIVIDED - W/MEDIAN (NOT RAISED),DRY,INJURY AND / OR TOW DUE TO CRASH,UNABLE TO DETERMINE,2,8,NONINCAPACITATING INJURY,1,0,14,4,41.8641544495,-87.6256056544
06/30/2025 03:23:00 PM,40,CLEAR,DAYLIGHT,REAR END,DIVIDED - W/MEDIAN (NOT RAISED),DRY,INJURY AND / OR TOW DUE TO CRASH,UNABLE TO DETERMINE,2,6,"REPORTED, NOT EVIDENT",1,0,15,2,41.7067667937,-87.6429756438
10/29/2022 11:35:00 AM,30,CLEAR,DAYLIGHT,FIXED OBJECT,NOT DIVIDED,DRY,NO INJURY / DRIVE AWAY,UNABLE TO DETERMINE,1,10,NO INDICATION OF INJURY,0,0,11,7,41.7923224094,-87.7886532044
10/11/2022 02:05:00 AM,35,CLEAR,"DARKNESS, LIGHTED ROAD",PARKED MOTOR VEHICLE,DIVIDED - W/MEDIAN (NOT RAISED),DRY,NO INJURY / DRIVE AWAY,IMPROPER BACKING,2,10,NO INDICATION OF INJURY,0,0,2,3,41.7574161071,-87.5558804438
12/26/2024 09:40:00 PM,30,CLEAR,"DARKNESS, LIGHTED ROAD",PARKED MOTOR VEHICLE,ONE-WAY,WET,INJURY AND / OR TOW DUE TO CRASH,UNABLE TO DETERMINE,2,12,NO INDICATION OF INJURY,0,0,21,5,41.8006581684,-87.7088144539
09/22/2023 04:45:00 PM,30,CLEAR,DAYLIGHT,REAR END,NOT DIVIDED,DRY,NO INJURY / DRIVE AWAY,FAILING TO REDUCE SPEED TO AVOID CRASH,2,9,NO INDICATION OF INJURY,0,0,16,6,41.9311025871,-87.7708853188
01/08/2022 12:45:00 PM,40,CLOUDY/OVERCAST,DAYLIGHT,SIDESWIPE SAME DIRECTION,DIVIDED - W/MEDIAN (NOT RAISED),DRY,NO INJURY / DRIVE AWAY,DRIVING SKILLS/KNOWLEDGE/EXPERIENCE,2,1,NO INDICATION OF INJURY,0,0,12,7,41.8644585558,-87.618727197
01/01/2023 12:00:00 PM,30,CLEAR,DAYLIGHT,REAR END,DIVIDED - W/MEDIAN (NOT RAISED),DRY,NO INJURY / DRIVE AWAY,FOLLOWING TOO CLOSELY,2,1,NO INDICATION OF INJURY,0,0,12,1,41.9319894229,-87.7196992651
12/30/2021 01:22:00 AM,30,SNOW,"DARKNESS, LIGHTED ROAD",PARKED MOTOR VEHICLE,NOT DIVIDED,SNOW OR SLUSH,INJURY AND / OR TOW DUE TO CRASH,UNABLE TO DETERMINE,2,12,NONINCAPACITATING INJURY,1,0,1,5,41.6925648617,-87.6341571265
01/14/2023 10:15:00 AM,25,CLEAR,DAYLIGHT,PARKED MOTOR VEHICLE,ONE-WAY,DRY,INJURY AND / OR TOW DUE TO CRASH,UNABLE TO DETERMINE,3,1,NO INDICATION OF INJURY,0,0,10,7,41.7731246564,-87.5717482854
02/23/2025 03:40:00 PM,30,CLEAR,DAYLIGHT,REAR END,NOT DIVIDED,DRY,NO INJURY / DRIVE AWAY,FOLLOWING TOO CLOSELY,3,2,NO INDICATION OF INJURY,0,0,15,1,41.7858884944,-87.7231065914
01/24/2026 07:10:00 PM,10,SNOW,"DARKNESS, LIGHTED ROAD",PARKED MOTOR VEHICLE,PARKING LOT,SNOW OR SLUSH,INJURY AND / OR TOW DUE TO CRASH,IMPROPER BACKING,2,1,NO INDICATION OF INJURY,0,0,19,7,41.9913041006,-87.7975048039
12/04/2021 07:05:00 PM,30,UNKNOWN,UNKNOWN,REAR END,NOT DIVIDED,UNKNOWN,NO INJURY / DRIVE AWAY,UNABLE TO DETERMINE,2,12,NO INDICATION OF INJURY,0,0,19,7,41.932441799,-87.6634191267
12/18/2022 08:45:00 PM,30,CLEAR,"DARKNESS, LIGHTED ROAD",ANGLE,DIVIDED - W/MEDIAN (NOT RAISED),DRY,NO INJURY / DRIVE AWAY,FAILING TO YIELD RIGHT-OF-WAY,2,12,NO INDICATION OF INJURY,0,0,20,1,41.8772264074,-87.7232306793
05/26/2022 09:05:00 PM,15,CLEAR,"DARKNESS, LIGHTED ROAD",TURNING,ONE-WAY,WET,NO INJURY / DRIVE AWAY,DRIVING ON WRONG SIDE/WRONG WAY,2,5,NO INDICATION OF INJURY,0,0,21,5,41.7325062322,-87.6363682726
08/31/2024 11:05:00 AM,15,CLEAR,DAYLIGHT,ANGLE,PARKING LOT,DRY,NO INJURY / DRIVE AWAY,UNABLE TO DETERMINE,2,8,NO INDICATION OF INJURY,0,0,11,7,41.8444286658,-87.7032368732
12/05/2022 08:15:00 AM,30,CLEAR,DAYLIGHT,PARKED MOTOR VEHICLE,OTHER,DRY,NO INJURY / DRIVE AWAY,DRIVING SKILLS/KNOWLEDGE/EXPERIENCE,2,12,NO INDICATION OF INJURY,0,0,8,2,41.7841218365,-87.608424785
06/17/2023 08:30:00 AM,30,CLEAR,DAYLIGHT,SIDESWIPE SAME DIRECTION,FOUR WAY,UNKNOWN,NO INJURY / DRIVE AWAY,IMPROPER OVERTAKING/PASSING,2,6,NO INDICATION OF INJURY,0,0,8,7,41.7517320223,-87.5747065915
10/11/2021 03:45:00 PM,30,CLEAR,DAYLIGHT,REAR END,ONE-WAY,WET,NO INJURY / DRIVE AWAY,UNABLE TO DETERMINE,2,10,NO INDICATION OF INJURY,0,0,15,2,41.8707614725,-87.7195285786
06/25/2021 10:55:00 AM,30,RAIN,DAYLIGHT,REAR END,DIVIDED - W/MEDIAN (NOT RAISED),DRY,NO INJURY / DRIVE AWAY,FOLLOWING TOO CLOSELY,2,6,NO INDICATION OF INJURY,0,0,10,6,41.9900815791,-87.6745399882
07/01/2021 10:43:00 AM,30,CLEAR,DAYLIGHT,REAR END,NOT DIVIDED,DRY,NO INJURY / DRIVE AWAY,UNABLE TO DETERMINE,2,7,NO INDICATION OF INJURY,0,0,10,5,41.7215344279,-87.6433619172
02/05/2026 04:37:00 AM,30,CLEAR,DUSK,REAR END,DIVIDED - W/MEDIAN (NOT RAISED),DRY,NO INJURY / DRIVE AWAY,UNABLE TO DETERMINE,2,2,NO INDICATION OF INJURY,0,0,4,5,41.830223541,-87.7243519545
08/06/2022 12:45:00 AM,30,CLEAR,"DARKNESS, LIGHTED ROAD",REAR END,NOT DIVIDED,DRY,NO INJURY / DRIVE AWAY,FOLLOWING TOO CLOSELY,2,8,NO INDICATION OF INJURY,0,0,0,7,41.9219289663,-87.6485194305
08/10/2022 10:00:00 AM,30,CLEAR,DAYLIGHT,REAR END,DIVIDED - W/MEDIAN (NOT RAISED),DRY,NO INJURY / DRIVE AWAY,UNABLE TO DETERMINE,2,8,NO INDICATION OF INJURY,0,0,10,4,41.9539731971,-87.7124530387
09/17/2021 04:56:00 PM,30,CLEAR,DAYLIGHT,SIDESWIPE SAME DIRECTION,NOT DIVIDED,DRY,NO INJURY / DRIVE AWAY,IMPROPER LANE USAGE,2,9,NO INDICATION OF INJURY,0,0,16,6,41.7734533884,-87.7031568346
05/13/2024 10:30:00 AM,25,CLEAR,DAYLIGHT,PARKED MOTOR VEHICLE,PARKING LOT,DRY,NO INJURY / DRIVE AWAY,UNABLE TO DETERMINE,2,5,NO INDICATION OF INJURY,0,0,10,2,41.7371462539,-87.5770809934
10/22/2025 05:05:00 PM,30,CLEAR,DAYLIGHT,SIDESWIPE SAME DIRECTION,ONE-WAY,DRY,NO INJURY / DRIVE AWAY,IMPROPER OVERTAKING/PASSING,2,10,NO INDICATION OF INJURY,0,0,17,4,41.9957112711,-87.69598004
01/30/2023 11:00:00 AM,20,CLEAR,DAYLIGHT,ANGLE,PARKING LOT,SNOW OR SLUSH,NO INJURY / DRIVE AWAY,FAILING TO YIELD RIGHT-OF-WAY,2,1,NO INDICATION OF INJURY,0,0,11,2,41.928222445,-87.7857593917
10/18/2024 04:00:00 PM,30,CLEAR,DAYLIGHT,ANGLE,FOUR WAY,DRY,NO INJURY / DRIVE AWAY,FAILING TO YIELD RIGHT-OF-WAY,2,10,NO INDICATION OF INJURY,0,0,16,6,41.910850362,-87.6604450404
12/01/2021 07:45:00 AM,30,CLOUDY/OVERCAST,DAYLIGHT,SIDESWIPE SAME DIRECTION,ONE-WAY,DRY,NO INJURY / DRIVE AWAY,ROAD CONSTRUCTION/MAINTENANCE,2,12,NO INDICATION OF INJURY,0,0,7,4,41.8737358798,-87.7109817433
09/20/2021 01:45:00 PM,30,CLEAR,DAYLIGHT,REAR END,NOT DIVIDED,DRY,NO INJURY / DRIVE AWAY,NOT APPLICABLE,2,9,NO INDICATION OF INJURY,0,0,13,2,41.7789457502,-87.703283119
01/29/2024 12:20:00 PM,30,CLEAR,DAYLIGHT,PARKED MOTOR VEHICLE,ONE-WAY,DRY,NO INJURY / DRIVE AWAY,DISREGARDING STOP SIGN,2,1,NO INDICATION OF INJURY,0,0,12,2,41.7868203365,-87.6876550638
08/02/2022 05:10:00 PM,30,CLEAR,DAYLIGHT,SIDESWIPE SAME DIRECTION,NOT DIVIDED,DRY,NO INJURY / DRIVE AWAY,UNABLE TO DETERMINE,2,8,NO INDICATION OF INJURY,0,0,17,3,41.9905277171,-87.6995520841
09/26/2023 11:30:00 AM,25,CLEAR,DAYLIGHT,TURNING,ONE-WAY,WET,NO INJURY / DRIVE AWAY,UNABLE TO DETERMINE,2,9,NO INDICATION OF INJURY,0,0,11,3,41.8776248973,-87.6441378805
09/29/2024 12:05:00 AM,30,CLEAR,"DARKNESS, LIGHTED ROAD",ANGLE,NOT DIVIDED,DRY,INJURY AND / OR TOW DUE TO CRASH,UNABLE TO DETERMINE,3,9,NONINCAPACITATING INJURY,5,0,0,1,41.7594343236,-87.6589700191
06/17/2024 02:08:00 PM,30,CLEAR,DAYLIGHT,REAR TO FRONT,FOUR WAY,DRY,NO INJURY / DRIVE AWAY,IMPROPER BACKING,2,6,NO INDICATION OF INJURY,0,0,14,2,41.8961696551,-87.6545588724
10/31/2022 01:15:00 PM,0,CLEAR,DAYLIGHT,PARKED MOTOR VEHICLE,PARKING LOT,DRY,NO INJURY / DRIVE AWAY,UNABLE TO DETERMINE,2,10,NO INDICATION OF INJURY,0,0,13,2,41.8566845327,-87.708381958
08/05/2024 06:50:00 AM,30,CLOUDY/OVERCAST,DAYLIGHT,PEDESTRIAN,DIVIDED - W/MEDIAN (NOT RAISED),WET,INJURY AND / OR TOW DUE TO CRASH,UNABLE TO DETERMINE,2,8,NONINCAPACITATING INJURY,1,0,6,2,41.8401820458,-87.6612615072
11/12/2025 03:30:00 PM,30,CLEAR,DAYLIGHT,ANGLE,FOUR WAY,DRY,NO INJURY / DRIVE AWAY,FAILING TO YIELD RIGHT-OF-WAY,2,11,NO INDICATION OF INJURY,0,0,15,4,41.9904192034,-87.7151442332
09/14/2023 03:15:00 PM,30,CLEAR,DAYLIGHT,REAR END,PARKING LOT,DRY,NO INJURY / DRIVE AWAY,UNABLE TO DETERMINE,2,9,NO INDICATION OF INJURY,0,0,15,5,41.8511998366,-87.6188194842
01/13/2025 12:00:00 PM,30,CLEAR,DAYLIGHT,PARKED MOTOR VEHICLE,FOUR WAY,DRY,NO INJURY / DRIVE AWAY,NOT APPLICABLE,2,1,NO INDICATION OF INJURY,0,0,12,2,41.8280883792,-87.6946124921
09/09/2022 11:20:00 PM,35,CLEAR,"DARKNESS, LIGHTED ROAD",SIDESWIPE SAME DIRECTION,ONE-WAY,DRY,NO INJURY / DRIVE AWAY,UNABLE TO DETERMINE,2,9,NO INDICATION OF INJURY,0,0,23,6,41.891989228,-87.6339305786
08/16/2024 09:24:00 AM,20,CLEAR,DAYLIGHT,REAR END,DIVIDED - W/MEDIAN (NOT RAISED),DRY,NO INJURY / DRIVE AWAY,UNABLE TO DETERMINE,2,8,NO INDICATION OF INJURY,0,0,9,6,41.9765134297,-87.6544908365
12/10/2023 05:20:00 PM,30,CLEAR,"DARKNESS, LIGHTED ROAD",SIDESWIPE SAME DIRECTION,DIVIDED - W/MEDIAN (NOT RAISED),DRY,NO INJURY / DRIVE AWAY,UNABLE TO DETERMINE,2,12,NO INDICATION OF INJURY,0,0,17,1,41.7719138495,-87.7031202315
10/26/2023 02:10:00 AM,30,RAIN,DARKNESS,PARKED MOTOR VEHICLE,NOT DIVIDED,WET,NO INJURY / DRIVE AWAY,IMPROPER BACKING,2,10,NO INDICATION OF INJURY,0,0,2,5,41.9426567886,-87.759417409
10/08/2023 11:40:00 AM,0,CLEAR,DAYLIGHT,PARKED MOTOR VEHICLE,PARKING LOT,UNKNOWN,NO INJURY / DRIVE AWAY,NOT APPLICABLE,2,10,NO INDICATION OF INJURY,0,0,11,1,41.9561262015,-87.7224828263
09/21/2023 12:30:00 PM,10,CLEAR,DAYLIGHT,REAR TO SIDE,PARKING LOT,DRY,NO INJURY / DRIVE AWAY,IMPROPER BACKING,2,9,NO INDICATION OF INJURY,0,0,12,5,41.75734388,-87.6540643783
12/02/2025 08:46:00 AM,30,CLEAR,DAYLIGHT,ANGLE,FOUR WAY,SNOW OR SLUSH,INJURY AND / OR TOW DUE TO CRASH,UNABLE TO DETERMINE,2,12,NO INDICATION OF INJURY,0,0,8,3,41.8737081576,-87.6934834435
02/07/2022 11:20:00 AM,35,SNOW,DAYLIGHT,PARKED MOTOR VEHICLE,NOT DIVIDED,WET,NO INJURY / DRIVE AWAY,NOT APPLICABLE,2,2,NO INDICATION OF INJURY,0,0,11,2,41.6894039067,-87.6211567255
12/13/2025 08:57:00 AM,30,CLOUDY/OVERCAST,DAYLIGHT,REAR END,ONE-WAY,DRY,NO INJURY / DRIVE AWAY,IMPROPER BACKING,2,12,NO INDICATION OF INJURY,0,0,8,7,41.8985014164,-87.6236821972
12/12/2021 04:00:00 AM,15,CLEAR,"DARKNESS, LIGHTED ROAD",OTHER OBJECT,ALLEY,DRY,INJURY AND / OR TOW DUE TO CRASH,UNABLE TO DETERMINE,1,12,NONINCAPACITATING INJURY,2,0,4,1,41.9244579662,-87.7198897966
10/18/2021 02:07:00 PM,30,CLEAR,DAYLIGHT,SIDESWIPE SAME DIRECTION,NOT DIVIDED,DRY,NO INJURY / DRIVE AWAY,UNABLE TO DETERMINE,2,10,NO INDICATION OF INJURY,0,0,14,2,41.8963656925,-87.6429910822
07/05/2024 02:50:00 PM,30,CLEAR,DAYLIGHT,ANGLE,DIVIDED - W/MEDIAN (NOT RAISED),DRY,NO INJURY / DRIVE AWAY,FAILING TO YIELD RIGHT-OF-WAY,2,7,NO INDICATION OF INJURY,0,0,14,6,41.9067412114,-87.7262782253
10/27/2022 03:58:00 AM,30,CLEAR,"DARKNESS, LIGHTED ROAD",ANGLE,FOUR WAY,DRY,INJURY AND / OR TOW DUE TO CRASH,DISREGARDING TRAFFIC SIGNALS,2,10,NONINCAPACITATING INJURY,1,0,3,5,41.9094377274,-87.765549406
11/01/2023 09:15:00 AM,30,CLEAR,DAYLIGHT,REAR END,"FIVE POINT, OR MORE",WET,NO INJURY / DRIVE AWAY,DISTRACTION - FROM OUTSIDE VEHICLE,2,11,NO INDICATION OF INJURY,0,0,9,4,41.8543052053,-87.7150739497
04/17/2021 03:00:00 AM,30,CLEAR,"DARKNESS, LIGHTED ROAD",ANGLE,NOT DIVIDED,DRY,INJURY AND / OR TOW DUE TO CRASH,DISREGARDING TRAFFIC SIGNALS,2,4,NO INDICATION OF INJURY,0,0,3,7,41.8870838767,-87.7552187742
10/26/2024 01:00:00 PM,35,CLEAR,DAYLIGHT,PARKED MOTOR VEHICLE,NOT DIVIDED,DRY,NO INJURY / DRIVE AWAY,UNABLE TO DETERMINE,2,10,NO INDICATION OF INJURY,0,0,13,7,41.7448676555,-87.7024042875
07/25/2021 09:32:00 PM,20,CLEAR,DARKNESS,REAR TO SIDE,PARKING LOT,DRY,NO INJURY / DRIVE AWAY,FAILING TO YIELD RIGHT-OF-WAY,2,7,NO INDICATION OF INJURY,0,0,21,1,41.9527583934,-87.6442088602
04/19/2022 01:30:00 PM,30,CLEAR,DAYLIGHT,TURNING,NOT DIVIDED,DRY,NO INJURY / DRIVE AWAY,IMPROPER TURNING/NO SIGNAL,2,4,NO INDICATION OF INJURY,0,0,13,3,41.6909607321,-87.700946207
09/28/2024 03:20:00 PM,25,CLEAR,DAYLIGHT,REAR TO FRONT,NOT DIVIDED,DRY,NO INJURY / DRIVE AWAY,IMPROPER BACKING,2,9,NO INDICATION OF INJURY,0,0,15,7,41.8442417168,-87.717168065
01/13/2022 04:30:00 PM,0,CLEAR,DAYLIGHT,REAR END,OTHER,DRY,NO INJURY / DRIVE AWAY,DRIVING SKILLS/KNOWLEDGE/EXPERIENCE,2,1,NO INDICATION OF INJURY,0,0,16,5,41.8501003098,-87.6859142948
03/23/2024 08:00:00 PM,25,CLEAR,"DARKNESS, LIGHTED ROAD",PEDALCYCLIST,DIVIDED - W/MEDIAN (NOT RAISED),DRY,INJURY AND / OR TOW DUE TO CRASH,NOT APPLICABLE,2,3,NO INDICATION OF INJURY,0,0,20,7,41.9320877474,-87.7123858295
01/21/2025 03:45:00 PM,25,CLEAR,DAYLIGHT,REAR END,DIVIDED - W/MEDIAN (NOT RAISED),UNKNOWN,INJURY AND / OR TOW DUE TO CRASH,FOLLOWING TOO CLOSELY,2,1,NO INDICATION OF INJURY,0,0,15,3,41.699701675,-87.535134138
05/15/2023 10:00:00 AM,30,CLEAR,DAYLIGHT,PARKED MOTOR VEHICLE,NOT DIVIDED,DRY,NO INJURY / DRIVE AWAY,UNABLE TO DETERMINE,2,5,NO INDICATION OF INJURY,0,0,10,2,41.7192622292,-87.5511788049
04/27/2025 11:19:00 PM,35,CLEAR,"DARKNESS, LIGHTED ROAD",PARKED MOTOR VEHICLE,NOT DIVIDED,DRY,NO INJURY / DRIVE AWAY,UNABLE TO DETERMINE,2,4,NO INDICATION OF INJURY,0,0,23,1,41.9605508801,-87.7542307472
01/31/2026 09:55:00 PM,30,CLEAR,"DARKNESS, LIGHTED ROAD",TURNING,T-INTERSECTION,ICE,NO INJURY / DRIVE AWAY,IMPROPER TURNING/NO SIGNAL,2,1,NO INDICATION OF INJURY,0,0,21,7,41.7878059574,-87.6060226301
03/04/2021 12:26:00 PM,15,CLEAR,DAYLIGHT,SIDESWIPE SAME DIRECTION,PARKING LOT,DRY,NO INJURY / DRIVE AWAY,NOT APPLICABLE,2,3,NO INDICATION OF INJURY,0,0,12,5,41.8764268522,-87.6691765203
11/12/2025 02:15:00 PM,30,CLEAR,DAWN,PARKED MOTOR VEHICLE,NOT DIVIDED,DRY,NO INJURY / DRIVE AWAY,UNABLE TO DETERMINE,2,11,NO INDICATION OF INJURY,0,0,14,4,41.8811036442,-87.7043397821
01/17/2025 08:00:00 PM,30,CLEAR,"DARKNESS, LIGHTED ROAD",TURNING,NOT DIVIDED,DRY,NO INJURY / DRIVE AWAY,IMPROPER TURNING/NO SIGNAL,2,1,NO INDICATION OF INJURY,0,0,20,6,41.8858060689,-87.6450875438
06/06/2024 05:25:00 PM,30,CLEAR,DAYLIGHT,SIDESWIPE SAME DIRECTION,NOT REPORTED,DRY,INJURY AND / OR TOW DUE TO CRASH,FAILING TO YIELD RIGHT-OF-WAY,2,6,NO INDICATION OF INJURY,0,0,17,5,41.9020389404,-87.6242515027
05/16/2025 11:10:00 AM,30,CLEAR,DAYLIGHT,PARKED MOTOR VEHICLE,NOT DIVIDED,DRY,NO INJURY / DRIVE AWAY,DRIVING SKILLS/KNOWLEDGE/EXPERIENCE,2,5,NO INDICATION OF INJURY,0,0,11,6,41.8885775035,-87.6322136373
11/21/2024 10:00:00 AM,30,SNOW,DAYLIGHT,REAR END,NOT DIVIDED,SNOW OR SLUSH,NO INJURY / DRIVE AWAY,FOLLOWING TOO CLOSELY,2,11,NO INDICATION OF INJURY,0,0,10,5,41.929581098,-87.6974024478
08/11/2023 11:45:00 AM,30,CLEAR,DAYLIGHT,PARKED MOTOR VEHICLE,ONE-WAY,DRY,INJURY AND / OR TOW DUE TO CRASH,IMPROPER LANE USAGE,2,8,NO INDICATION OF INJURY,0,0,11,6,41.9467488096,-87.7632420354
10/03/2025 12:00:00 PM,30,CLEAR,DAYLIGHT,REAR TO SIDE,PARKING LOT,DRY,INJURY AND / OR TOW DUE TO CRASH,IMPROPER BACKING,2,10,NONINCAPACITATING INJURY,1,0,12,6,41.8698325614,-87.6419369875
01/05/2025 01:55:00 PM,30,CLEAR,DAYLIGHT,PARKED MOTOR VEHICLE,NOT DIVIDED,DRY,NO INJURY / DRIVE AWAY,UNABLE TO DETERMINE,2,1,NO INDICATION OF INJURY,0,0,13,1,41.8022867221,-87.5942028939
09/29/2022 08:37:00 PM,30,UNKNOWN,"DARKNESS, LIGHTED ROAD",TURNING,OTHER,UNKNOWN,NO INJURY / DRIVE AWAY,UNABLE TO DETERMINE,2,9,NO INDICATION OF INJURY,0,0,20,5,41.9255627911,-87.6488236415
06/24/2025 06:30:00 PM,30,CLOUDY/OVERCAST,DAYLIGHT,TURNING,DIVIDED - W/MEDIAN (NOT RAISED),WET,NO INJURY / DRIVE AWAY,UNABLE TO DETERMINE,2,6,NO INDICATION OF INJURY,0,0,18,3,41.7585185084,-87.6150621734
04/09/2024 05:50:00 PM,25,CLEAR,DAYLIGHT,FIXED OBJECT,ALLEY,DRY,NO INJURY / DRIVE AWAY,IMPROPER BACKING,1,4,NO INDICATION OF INJURY,0,0,17,3,41.9459089039,-87.7738720038
03/16/2024 01:58:00 PM,30,CLOUDY/OVERCAST,DAYLIGHT,REAR END,NOT DIVIDED,UNKNOWN,NO INJURY / DRIVE AWAY,UNABLE TO DETERMINE,2,3,NO INDICATION OF INJURY,0,0,13,7,41.9052077515,-87.6481714997
06/12/2025 03:04:00 PM,30,CLEAR,DAYLIGHT,SIDESWIPE SAME DIRECTION,DIVIDED - W/MEDIAN (NOT RAISED),UNKNOWN,NO INJURY / DRIVE AWAY,IMPROPER OVERTAKING/PASSING,2,6,NO INDICATION OF INJURY,0,0,15,5,41.9322930572,-87.6684525714
08/16/2021 11:00:00 AM,30,CLEAR,DAYLIGHT,SIDESWIPE SAME DIRECTION,ONE-WAY,DRY,NO INJURY / DRIVE AWAY,UNABLE TO DETERMINE,2,8,NO INDICATION OF INJURY,0,0,11,2,41.9215903809,-87.7018995212
12/01/2022 08:00:00 PM,30,CLEAR,"DARKNESS, LIGHTED ROAD",ANGLE,NOT DIVIDED,DRY,NO INJURY / DRIVE AWAY,UNABLE TO DETERMINE,2,12,NO INDICATION OF INJURY,0,0,20,5,41.9855649099,-87.6600101288
11/11/2021 08:00:00 AM,35,RAIN,DAYLIGHT,TURNING,NOT DIVIDED,WET,NO INJURY / DRIVE AWAY,UNABLE TO DETERMINE,2,11,NO INDICATION OF INJURY,0,0,8,5,41.8878046205,-87.7652684981
06/11/2021 05:15:00 PM,35,CLEAR,DAYLIGHT,TURNING,FOUR WAY,DRY,NO INJURY / DRIVE AWAY,UNABLE TO DETERMINE,2,6,NO INDICATION OF INJURY,0,0,17,6,41.7588777413,-87.5856824409
06/14/2025 05:00:00 AM,30,CLEAR,DAYLIGHT,PARKED MOTOR VEHICLE,NOT DIVIDED,DRY,NO INJURY / DRIVE AWAY,UNABLE TO DETERMINE,2,6,NO INDICATION OF INJURY,0,0,5,7,41.9669205497,-87.6864893047
09/07/2022 12:30:00 PM,30,CLEAR,DAYLIGHT,ANGLE,DIVIDED - W/MEDIAN (NOT RAISED),DRY,NO INJURY / DRIVE AWAY,UNABLE TO DETERMINE,2,9,NO INDICATION OF INJURY,0,0,12,4,41.7335336289,-87.5608191834
07/26/2025 08:40:00 PM,5,CLEAR,"DARKNESS, LIGHTED ROAD",ANGLE,PARKING LOT,DRY,NO INJURY / DRIVE AWAY,"OPERATING VEHICLE IN ERRATIC, RECKLESS, CARELESS, NEGLIGENT OR AGGRESSIVE MANNER",2,7,NO INDICATION OF INJURY,0,0,20,7,41.7443470249,-87.6048977326
06/03/2022 07:40:00 AM,30,UNKNOWN,DAYLIGHT,ANGLE,NOT DIVIDED,UNKNOWN,NO INJURY / DRIVE AWAY,UNABLE TO DETERMINE,2,6,NO INDICATION OF INJURY,0,0,7,6,41.7714064333,-87.7175253005
02/04/2022 03:48:00 PM,30,CLEAR,DAYLIGHT,REAR END,PARKING LOT,WET,NO INJURY / DRIVE AWAY,UNABLE TO DETERMINE,2,2,NO INDICATION OF INJURY,0,0,15,6,41.9179607417,-87.6727043698
10/18/2023 02:20:00 PM,30,UNKNOWN,DAYLIGHT,FIXED OBJECT,NOT DIVIDED,OTHER,NO INJURY / DRIVE AWAY,ROAD CONSTRUCTION/MAINTENANCE,1,10,NO INDICATION OF INJURY,0,0,14,4,41.9307453594,-87.6408401066