CRASH_DATE,POSTED_SPEED_LIMIT,WEATHER_CONDITION,LIGHTING_CONDITION,FIRST_CRASH_TYPE,TRAFFICWAY_TYPE,ROADWAY_SURFACE_COND,CRASH_TYPE,PRIM_CONTRIBUTORY_CAUSE,NUM_UNITS,CRASH_MONTH,MOST_SEVERE_INJURY,INJURIES_TOTAL,INJURIES_FATAL,CRASH_HOUR,CRASH_DAY_OF_WEEK,LATITUDE,LONGITUDE
03/12/2024 10:25:00 AM,25,CLEAR,DAYLIGHT,REAR END,ONE-WAY,DRY,NO INJURY / DRIVE AWAY,FOLLOWING TOO CLOSELY,2,3,NO INDICATION OF INJURY,0,0,10,3,41.9714910348,-87.6806403085
08/22/2022 06:00:00 PM,30,CLEAR,DAYLIGHT,PARKED MOTOR VEHICLE,ONE-WAY,DRY,NO INJURY / DRIVE AWAY,DRIVING SKILLS/KNOWLEDGE/EXPERIENCE,2,8,NO INDICATION OF INJURY,0,0,18,2,41.9297585446,-87.6962152984
01/02/2024 05:10:00 PM,30,CLEAR,"DARKNESS, LIGHTED ROAD",TURNING,FOUR WAY,DRY,INJURY AND / OR TOW DUE TO CRASH,FAILING TO REDUCE SPEED TO AVOID CRASH,2,1,NO INDICATION OF INJURY,0,0,17,3,41.6928723189,-87.6626404323
03/10/2024 12:05:00 AM,30,CLEAR,"DARKNESS, LIGHTED ROAD",SIDESWIPE SAME DIRECTION,DIVIDED - W/MEDIAN BARRIER,DRY,NO INJURY / DRIVE AWAY,UNABLE TO DETERMINE,2,3,NO INDICATION OF INJURY,0,0,0,1,41.7213269867,-87.6625336585
05/02/2021 12:01:00 AM,30,CLEAR,DAYLIGHT,PARKED MOTOR VEHICLE,ONE-WAY,DRY,NO INJURY / DRIVE AWAY,UNABLE TO DETERMINE,2,5,NO INDICATION OF INJURY,0,0,0,1,41.8102854563,-87.6700222697
03/07/2024 07:35:00 AM,30,CLEAR,DAYLIGHT,TURNING,DIVIDED - W/MEDIAN (NOT RAISED),DRY,INJURY AND / OR TOW DUE TO CRASH,FAILING TO YIELD RIGHT-OF-WAY,2,3,"REPORTED, NOT EVIDENT",1,0,7,5,41.7971164238,-87.7525495457
02/09/2026 06:55:00 PM,30,CLEAR,DUSK,REAR END,NOT DIVIDED,DRY,NO INJURY / DRIVE AWAY,FOLLOWING TOO CLOSELY,2,2,NO INDICATION OF INJURY,0,0,18,2,41.7358029443,-87.6703894815
02/25/2025 06:45:00 PM,30,CLEAR,"DARKNESS, LIGHTED ROAD",REAR END,NOT DIVIDED,DRY,NO INJURY / DRIVE AWAY,UNABLE TO DETERMINE,2,2,NO INDICATION OF INJURY,0,0,18,3,41.6947713223,-87.7007874939
05/25/2022 03:20:00 PM,35,CLEAR,DAYLIGHT,REAR END,DIVIDED - W/MEDIAN (NOT RAISED),DRY,NO INJURY / DRIVE AWAY,FOLLOWING TOO CLOSELY,2,5,NO INDICATION OF INJURY,0,0,15,4,41.8077935779,-87.7225033567
01/18/2023 10:11:00 PM,25,RAIN,"DARKNESS, LIGHTED ROAD",PARKED MOTOR VEHICLE,NOT DIVIDED,WET,INJURY AND / OR TOW DUE TO CRASH,UNABLE TO DETERMINE,2,1,NO INDICATION OF INJURY,0,0,22,4,41.7641839262,-87.5801008913
09/22/2022 07:45:00 AM,20,CLEAR,DAYLIGHT,REAR END,NOT DIVIDED,DRY,INJURY AND / OR TOW DUE TO CRASH,UNABLE TO DETERMINE,2,9,"REPORTED, NOT EVIDENT",1,0,7,5,41.9669697766,-87.6672445622
03/27/2026 05:00:00 PM,30,CLEAR,DAYLIGHT,TURNING,NOT DIVIDED,DRY,NO INJURY / DRIVE AWAY,UNABLE TO DETERMINE,2,3,NO INDICATION OF INJURY,0,0,17,6,41.9453539379,-87.7071978609
02/02/2023 06:32:00 PM,25,CLOUDY/OVERCAST,"DARKNESS, LIGHTED ROAD",PARKED MOTOR VEHICLE,ONE-WAY,DRY,NO INJURY / DRIVE AWAY,UNABLE TO DETERMINE,2,2,NO INDICATION OF INJURY,0,0,18,5,41.8924466219,-87.7636176107
06/23/2023 08:30:00 AM,30,CLEAR,UNKNOWN,PARKED MOTOR VEHICLE,OTHER,DRY,NO INJURY / DRIVE AWAY,UNABLE TO DETERMINE,2,6,NO INDICATION OF INJURY,0,0,8,6,41.9657726942,-87.7801818846
05/06/2023 11:16:00 PM,30,CLEAR,"DARKNESS, LIGHTED ROAD",PARKED MOTOR VEHICLE,NOT DIVIDED,DRY,NO INJURY / DRIVE AWAY,CELL PHONE USE OTHER THAN TEXTING,4,5,NO INDICATION OF INJURY,0,0,23,7,41.9185417026,-87.7166629126
05/24/2025 05:39:00 PM,30,CLEAR,DAYLIGHT,TURNING,ONE-WAY,DRY,INJURY AND / OR TOW DUE TO CRASH,FAILING TO YIELD RIGHT-OF-WAY,2,5,"REPORTED, NOT EVIDENT",1,0,17,7,41.7325901368,-87.6254857747
07/25/2024 08:10:00 AM,30,CLEAR,DAYLIGHT,REAR END,FOUR WAY,DRY,NO INJURY / DRIVE AWAY,FOLLOWING TOO CLOSELY,2,7,NO INDICATION OF INJURY,0,0,8,5,41.8542046704,-87.6661979612
04/07/2023 12:10:00 PM,30,CLEAR,DAYLIGHT,SIDESWIPE SAME DIRECTION,NOT DIVIDED,DRY,NO INJURY / DRIVE AWAY,"OPERATING VEHICLE IN ERRATIC, RECKLESS, CARELESS, NEGLIGENT OR AGGRESSIVE MANNER",2,4,NO INDICATION OF INJURY,0,0,12,6,41.7441157273,-87.6051848159
04/30/2021 05:45:00 PM,30,CLEAR,DAYLIGHT,PEDALCYCLIST,NOT DIVIDED,DRY,INJURY AND / OR TOW DUE TO CRASH,FAILING TO YIELD RIGHT-OF-WAY,2,4,INCAPACITATING INJURY,1,0,17,6,41.8999269232,-87.6608879964
09/20/2025 12:10:00 PM,30,CLEAR,DAYLIGHT,PEDESTRIAN,DIVIDED - W/MEDIAN (NOT RAISED),DRY,INJURY AND / OR TOW DUE TO CRASH,NOT APPLICABLE,2,9,NONINCAPACITATING INJURY,1,0,12,7,41.9768524775,-87.6486302266
09/12/2022 08:40:00 AM,30,RAIN,DAYLIGHT,SIDESWIPE SAME DIRECTION,NOT DIVIDED,WET,NO INJURY / DRIVE AWAY,FAILING TO YIELD RIGHT-OF-WAY,2,9,NO INDICATION OF INJURY,0,0,8,2,41.7790051975,-87.6409332537
05/19/2022 05:17:00 PM,30,CLEAR,DAYLIGHT,SIDESWIPE SAME DIRECTION,NOT DIVIDED,DRY,NO INJURY / DRIVE AWAY,UNABLE TO DETERMINE,2,5,NO INDICATION OF INJURY,0,0,17,5,41.7157227021,-87.5354229376
08/11/2022 06:27:00 AM,30,CLEAR,DAYLIGHT,REAR END,NOT DIVIDED,DRY,NO INJURY / DRIVE AWAY,FOLLOWING TOO CLOSELY,2,8,NO INDICATION OF INJURY,0,0,6,5,41.807971941,-87.7237362014
10/04/2025 10:34:00 AM,30,CLEAR,DAYLIGHT,TURNING,FOUR WAY,DRY,INJURY AND / OR TOW DUE TO CRASH,FAILING TO YIELD RIGHT-OF-WAY,2,10,NONINCAPACITATING INJURY,3,0,10,7,41.6848750773,-87.6495040721
08/07/2024 12:30:00 PM,30,CLEAR,DAYLIGHT,TURNING,FOUR WAY,DRY,NO INJURY / DRIVE AWAY,UNABLE TO DETERMINE,2,8,NO INDICATION OF INJURY,0,0,12,4,41.896072567,-87.6546176469
09/19/2023 01:30:00 PM,30,RAIN,DAYLIGHT,TURNING,NOT DIVIDED,WET,NO INJURY / DRIVE AWAY,UNABLE TO DETERMINE,2,9,NO INDICATION OF INJURY,0,0,13,3,41.8089935857,-87.6325444133
02/19/2026 07:20:00 PM,30,FREEZING RAIN/DRIZZLE,"DARKNESS, LIGHTED ROAD",PEDESTRIAN,T-INTERSECTION,SNOW OR SLUSH,INJURY AND / OR TOW DUE TO CRASH,UNABLE TO DETERMINE,2,2,NONINCAPACITATING INJURY,1,0,19,5,41.9318628979,-87.6444218282
12/24/2023 05:00:00 AM,30,FOG/SMOKE/HAZE,DAWN,PARKED MOTOR VEHICLE,ONE-WAY,WET,NO INJURY / DRIVE AWAY,UNABLE TO DETERMINE,2,12,NO INDICATION OF INJURY,0,0,5,1,41.7854787581,-87.6727094665
09/08/2022 04:40:00 PM,30,CLEAR,DAYLIGHT,ANGLE,CENTER TURN LANE,DRY,NO INJURY / DRIVE AWAY,UNABLE TO DETERMINE,2,9,NO INDICATION OF INJURY,0,0,16,5,41.8868512629,-87.7456535196
10/19/2022 09:30:00 AM,30,UNKNOWN,UNKNOWN,PARKED MOTOR VEHICLE,NOT DIVIDED,UNKNOWN,NO INJURY / DRIVE AWAY,UNABLE TO DETERMINE,2,10,NO INDICATION OF INJURY,0,0,9,4,41.94375169,-87.644915824
09/07/2025 06:00:00 PM,25,CLEAR,DAYLIGHT,ANGLE,PARKING LOT,DRY,NO INJURY / DRIVE AWAY,NOT APPLICABLE,2,9,NO INDICATION OF INJURY,0,0,18,1,41.9499611711,-87.6756711293
06/03/2021 07:00:00 PM,15,CLEAR,DAYLIGHT,FIXED OBJECT,ALLEY,DRY,NO INJURY / DRIVE AWAY,UNABLE TO DETERMINE,1,6,NO INDICATION OF INJURY,0,0,19,5,41.9336791918,-87.763725539
05/19/2022 05:57:00 PM,30,CLEAR,DAYLIGHT,SIDESWIPE SAME DIRECTION,NOT DIVIDED,DRY,NO INJURY / DRIVE AWAY,FAILING TO YIELD RIGHT-OF-WAY,2,5,NO INDICATION OF INJURY,0,0,17,5,41.8484586334,-87.6762712691
10/21/2022 09:36:00 AM,10,CLEAR,DAYLIGHT,ANGLE,RAMP,DRY,NO INJURY / DRIVE AWAY,FAILING TO YIELD RIGHT-OF-WAY,2,10,NO INDICATION OF INJURY,0,0,9,6,41.8860136402,-87.6311301818
01/30/2022 05:13:00 PM,30,CLEAR,"DARKNESS, LIGHTED ROAD",PARKED MOTOR VEHICLE,NOT DIVIDED,WET,NO INJURY / DRIVE AWAY,UNABLE TO DETERMINE,2,1,NO INDICATION OF INJURY,0,0,17,1,41.8202344534,-87.6898071853
12/17/2022 09:05:00 PM,30,CLEAR,"DARKNESS, LIGHTED ROAD",SIDESWIPE SAME DIRECTION,DIVIDED - W/MEDIAN BARRIER,DRY,NO INJURY / DRIVE AWAY,IMPROPER LANE USAGE,2,12,NO INDICATION OF INJURY,0,0,21,7,41.7823618544,-87.742272399
10/14/2021 05:00:00 PM,30,UNKNOWN,UNKNOWN,PARKED MOTOR VEHICLE,NOT DIVIDED,UNKNOWN,INJURY AND / OR TOW DUE TO CRASH,UNABLE TO DETERMINE,2,10,NO INDICATION OF INJURY,0,0,17,5,41.6724735736,-87.6204499438
06/26/2021 08:24:00 PM,30,CLEAR,DAYLIGHT,SIDESWIPE SAME DIRECTION,NOT DIVIDED,DRY,NO INJURY / DRIVE AWAY,IMPROPER OVERTAKING/PASSING,2,6,NO INDICATION OF INJURY,0,0,20,7,41.692060407,-87.6656430914
03/11/2022 12:00:00 PM,30,CLEAR,DAYLIGHT,SIDESWIPE SAME DIRECTION,NOT DIVIDED,DRY,NO INJURY / DRIVE AWAY,UNABLE TO DETERMINE,2,3,NO INDICATION OF INJURY,0,0,12,6,41.7078998865,-87.5848228888
10/02/2023 11:34:00 PM,35,CLEAR,"DARKNESS, LIGHTED ROAD",TURNING,FOUR WAY,DRY,INJURY AND / OR TOW DUE TO CRASH,UNABLE TO DETERMINE,2,10,NO INDICATION OF INJURY,0,0,23,2,41.7655436434,-87.6298359052
06/12/2024 06:21:00 PM,30,CLEAR,DAYLIGHT,REAR END,NOT DIVIDED,DRY,INJURY AND / OR TOW DUE TO CRASH,FAILING TO REDUCE SPEED TO AVOID CRASH,2,6,NO INDICATION OF INJURY,0,0,18,4,41.7710448011,-87.7419056317
10/01/2023 11:40:00 AM,30,CLEAR,DAYLIGHT,ANGLE,NOT DIVIDED,UNKNOWN,NO INJURY / DRIVE AWAY,UNABLE TO DETERMINE,2,10,NO INDICATION OF INJURY,0,0,11,1,41.8924065363,-87.6357436267
01/16/2023 02:30:00 PM,30,OTHER,DAYLIGHT,PARKED MOTOR VEHICLE,NOT DIVIDED,WET,NO INJURY / DRIVE AWAY,FOLLOWING TOO CLOSELY,2,1,NO INDICATION OF INJURY,0,0,14,2,41.7393335324,-87.7022523701
05/26/2022 04:57:00 PM,30,CLEAR,DAYLIGHT,REAR END,NOT DIVIDED,DRY,INJURY AND / OR TOW DUE TO CRASH,UNABLE TO DETERMINE,3,5,NO INDICATION OF INJURY,0,0,16,5,41.7371589126,-87.565434917
12/27/2023 04:10:00 PM,30,CLEAR,DUSK,TURNING,DIVIDED - W/MEDIAN (NOT RAISED),DRY,INJURY AND / OR TOW DUE TO CRASH,IMPROPER LANE USAGE,2,12,NO INDICATION OF INJURY,0,0,16,4,41.75335698,-87.7026425505
09/12/2021 04:28:00 AM,30,CLEAR,DARKNESS,REAR END,NOT DIVIDED,DRY,INJURY AND / OR TOW DUE TO CRASH,FAILING TO REDUCE SPEED TO AVOID CRASH,2,9,"REPORTED, NOT EVIDENT",1,0,4,1,41.722243815,-87.5849691185
02/15/2025 12:00:00 PM,30,CLEAR,DAYLIGHT,HEAD ON,DIVIDED - W/MEDIAN (NOT RAISED),WET,NO INJURY / DRIVE AWAY,UNABLE TO DETERMINE,2,2,NO INDICATION OF INJURY,0,0,12,7,41.7151231577,-87.6600293485
12/06/2021 01:30:00 PM,30,CLEAR,DAYLIGHT,SIDESWIPE OPPOSITE DIRECTION,NOT DIVIDED,DRY,INJURY AND / OR TOW DUE TO CRASH,UNABLE TO DETERMINE,2,12,"REPORTED, NOT EVIDENT",1,0,13,2,41.7648305986,-87.6819898673
04/15/2025 09:30:00 AM,30,CLEAR,DAYLIGHT,PARKED MOTOR VEHICLE,NOT DIVIDED,DRY,NO INJURY / DRIVE AWAY,UNABLE TO DETERMINE,2,4,NO INDICATION OF INJURY,0,0,9,3,41.8862314641,-87.7113099956
01/03/2022 06:00:00 AM,20,SNOW,DAYLIGHT,PARKED MOTOR VEHICLE,ONE-WAY,SNOW OR SLUSH,NO INJURY / DRIVE AWAY,UNABLE TO DETERMINE,3,1,NO INDICATION OF INJURY,0,0,6,2,41.8309367198,-87.6800339388
02/02/2025 10:03:00 PM,30,CLEAR,"DARKNESS, LIGHTED ROAD",PARKED MOTOR VEHICLE,ONE-WAY,DRY,INJURY AND / OR TOW DUE TO CRASH,DRIVING ON WRONG SIDE/WRONG WAY,2,2,NO INDICATION OF INJURY,0,0,22,1,41.8936696283,-87.7699526393
07/15/2024 03:00:00 PM,30,CLEAR,DAYLIGHT,REAR END,ONE-WAY,DRY,INJURY AND / OR TOW DUE TO CRASH,FOLLOWING TOO CLOSELY,2,7,"REPORTED, NOT EVIDENT",3,0,15,2,41.7482378892,-87.5636905117
07/24/2025 12:10:00 AM,30,CLEAR,"DARKNESS, LIGHTED ROAD",OTHER OBJECT,FOUR WAY,DRY,NO INJURY / DRIVE AWAY,DISREGARDING STOP SIGN,2,7,NO INDICATION OF INJURY,0,0,0,5,41.8929180722,-87.7553778898
01/14/2025 08:05:00 AM,30,SNOW,DAYLIGHT,REAR END,DIVIDED - W/MEDIAN (NOT RAISED),SNOW OR SLUSH,NO INJURY / DRIVE AWAY,UNABLE TO DETERMINE,2,1,NO INDICATION OF INJURY,0,0,8,3,41.961209902,-87.6881996288
06/13/2021 09:10:00 AM,30,CLEAR,DAYLIGHT,REAR END,NOT DIVIDED,DRY,NO INJURY / DRIVE AWAY,FOLLOWING TOO CLOSELY,2,6,NO INDICATION OF INJURY,0,0,9,1,41.7074051178,-87.6066722152
02/06/2025 12:42:00 AM,30,RAIN,"DARKNESS, LIGHTED ROAD",PARKED MOTOR VEHICLE,ONE-WAY,ICE,NO INJURY / DRIVE AWAY,WEATHER,3,2,NO INDICATION OF INJURY,0,0,0,5,41.7739352164,-87.6615703584
03/18/2021 01:05:00 PM,30,CLEAR,DAYLIGHT,SIDESWIPE SAME DIRECTION,DIVIDED - W/MEDIAN (NOT RAISED),DRY,NO INJURY / DRIVE AWAY,FAILING TO YIELD RIGHT-OF-WAY,2,3,NO INDICATION OF INJURY,0,0,13,5,41.9837441442,-87.6594040889
05/27/2025 11:08:00 PM,35,CLEAR,"DARKNESS, LIGHTED ROAD",REAR END,NOT DIVIDED,DRY,NO INJURY / DRIVE AWAY,DRIVING SKILLS/KNOWLEDGE/EXPERIENCE,2,5,NO INDICATION OF INJURY,0,0,23,3,41.8367538467,-87.7257096105
10/13/2025 10:20:00 AM,15,CLEAR,DAYLIGHT,REAR TO REAR,PARKING LOT,DRY,NO INJURY / DRIVE AWAY,IMPROPER BACKING,2,10,NO INDICATION OF INJURY,0,0,10,2,41.7071985408,-87.6141625937
09/28/2024 02:20:00 PM,30,CLEAR,DAYLIGHT,PARKED MOTOR VEHICLE,NOT DIVIDED,UNKNOWN,NO INJURY / DRIVE AWAY,UNABLE TO DETERMINE,2,9,NO INDICATION OF INJURY,0,0,14,7,41.7443470249,-87.6048977326
02/18/2023 09:25:00 PM,30,CLEAR,"DARKNESS, LIGHTED ROAD",ANGLE,ONE-WAY,DRY,NO INJURY / DRIVE AWAY,DISREGARDING STOP SIGN,2,2,NO INDICATION OF INJURY,0,0,21,7,41.7878949585,-87.7084463872
08/05/2021 01:15:00 PM,30,CLEAR,DAYLIGHT,SIDESWIPE OPPOSITE DIRECTION,ONE-WAY,UNKNOWN,NO INJURY / DRIVE AWAY,NOT APPLICABLE,2,8,NO INDICATION OF INJURY,0,0,13,5,41.8832881545,-87.6263743395
08/22/2025 12:40:00 PM,30,CLEAR,DAYLIGHT,TURNING,DIVIDED - W/MEDIAN (NOT RAISED),DRY,INJURY AND / OR TOW DUE TO CRASH,UNABLE TO DETERMINE,2,8,NONINCAPACITATING INJURY,2,0,12,6,41.8174198697,-87.6848194757
10/07/2025 06:55:00 PM,30,CLEAR,DARKNESS,SIDESWIPE SAME DIRECTION,NOT DIVIDED,UNKNOWN,NO INJURY / DRIVE AWAY,UNABLE TO DETERMINE,2,10,NO INDICATION OF INJURY,0,0,18,3,41.7357478823,-87.6726408702
01/27/2025 09:00:00 AM,35,CLEAR,DAYLIGHT,SIDESWIPE SAME DIRECTION,NOT DIVIDED,DRY,NO INJURY / DRIVE AWAY,IMPROPER OVERTAKING/PASSING,2,1,NO INDICATION OF INJURY,0,0,9,2,41.7139640257,-87.5395021104
01/22/2021 06:20:00 PM,15,CLEAR,"DARKNESS, LIGHTED ROAD",ANGLE,PARKING LOT,DRY,NO INJURY / DRIVE AWAY,FAILING TO YIELD RIGHT-OF-WAY,2,1,NO INDICATION OF INJURY,0,0,18,6,41.9767166993,-87.7085595192
02/19/2024 02:50:00 PM,30,CLEAR,DAYLIGHT,REAR END,NOT DIVIDED,DRY,INJURY AND / OR TOW DUE TO CRASH,EQUIPMENT - VEHICLE CONDITION,2,2,"REPORTED, NOT EVIDENT",3,0,14,2,41.7785185285,-87.732672306
04/29/2023 02:20:00 PM,30,RAIN,DAYLIGHT,REAR END,NOT DIVIDED,WET,NO INJURY / DRIVE AWAY,FAILING TO REDUCE SPEED TO AVOID CRASH,2,4,NO INDICATION OF INJURY,0,0,14,7,41.8506055662,-87.7257798367
06/09/2026 05:06:00 AM,30,CLEAR,DAYLIGHT,SIDESWIPE SAME DIRECTION,OTHER,WET,INJURY AND / OR TOW DUE TO CRASH,UNABLE TO DETERMINE,2,6,NO INDICATION OF INJURY,0,0,5,3,41.9906741308,-87.6722063307
08/11/2025 05:24:00 PM,30,CLEAR,DAYLIGHT,REAR END,NOT DIVIDED,UNKNOWN,NO INJURY / DRIVE AWAY,FOLLOWING TOO CLOSELY,2,8,NO INDICATION OF INJURY,0,0,17,2,41.7436577636,-87.6100151521
03/19/2023 01:49:00 PM,30,CLEAR,DAYLIGHT,SIDESWIPE SAME DIRECTION,NOT DIVIDED,DRY,INJURY AND / OR TOW DUE TO CRASH,DRIVING SKILLS/KNOWLEDGE/EXPERIENCE,2,3,"REPORTED, NOT EVIDENT",1,0,13,1,41.9151769043,-87.7488726205
02/09/2021 10:33:00 AM,30,CLOUDY/OVERCAST,DAYLIGHT,TURNING,ONE-WAY,WET,NO INJURY / DRIVE AWAY,FAILING TO YIELD RIGHT-OF-WAY,2,2,NO INDICATION OF INJURY,0,0,10,3,41.8307016873,-87.6233953459
05/28/2022 09:43:00 AM,30,CLEAR,DAYLIGHT,TURNING,"FIVE POINT, OR MORE",DRY,NO INJURY / DRIVE AWAY,IMPROPER LANE USAGE,2,5,NO INDICATION OF INJURY,0,0,9,7,41.7726346256,-87.62527215
05/20/2025 07:37:00 AM,30,RAIN,DAYLIGHT,TURNING,NOT DIVIDED,WET,NO INJURY / DRIVE AWAY,IMPROPER TURNING/NO SIGNAL,2,5,NO INDICATION OF INJURY,0,0,7,3,41.7575979431,-87.6866996342
01/27/2026 03:45:00 PM,30,CLEAR,DAYLIGHT,PARKED MOTOR VEHICLE,NOT DIVIDED,DRY,NO INJURY / DRIVE AWAY,FOLLOWING TOO CLOSELY,2,1,NO INDICATION OF INJURY,0,0,15,3,41.938714441,-87.7469943681
06/13/2022 05:50:00 PM,25,CLEAR,DAYLIGHT,REAR END,NOT DIVIDED,DRY,NO INJURY / DRIVE AWAY,FOLLOWING TOO CLOSELY,2,6,NO INDICATION OF INJURY,0,0,17,2,41.7858256936,-87.7230190712
04/01/2022 11:38:00 PM,30,CLEAR,"DARKNESS, LIGHTED ROAD",PARKED MOTOR VEHICLE,ONE-WAY,DRY,NO INJURY / DRIVE AWAY,IMPROPER LANE USAGE,2,4,NO INDICATION OF INJURY,0,0,23,6,42.0067552252,-87.6682464525
01/16/2025 03:40:00 PM,30,CLEAR,DUSK,PARKED MOTOR VEHICLE,ONE-WAY,DRY,NO INJURY / DRIVE AWAY,UNABLE TO DETERMINE,2,1,NO INDICATION OF INJURY,0,0,15,5,41.765128305,-87.6141914783
04/29/2024 07:45:00 PM,30,CLEAR,"DARKNESS, LIGHTED ROAD",SIDESWIPE SAME DIRECTION,NOT DIVIDED,DRY,NO INJURY / DRIVE AWAY,IMPROPER LANE USAGE,2,4,NO INDICATION OF INJURY,0,0,19,2,41.977089945,-87.660033687
10/15/2025 03:50:00 PM,30,CLEAR,DAYLIGHT,PARKED MOTOR VEHICLE,DIVIDED - W/MEDIAN BARRIER,WET,INJURY AND / OR TOW DUE TO CRASH,EQUIPMENT - VEHICLE CONDITION,2,10,NO INDICATION OF INJURY,0,0,15,4,41.7456554592,-87.5757341363
09/24/2025 09:40:00 AM,30,CLEAR,DAYLIGHT,ANGLE,NOT DIVIDED,DRY,INJURY AND / OR TOW DUE TO CRASH,UNABLE TO DETERMINE,2,9,NO INDICATION OF INJURY,0,0,9,4,41.8821989478,-87.706304442
10/31/2024 05:30:00 PM,30,CLEAR,DAYLIGHT,REAR END,ONE-WAY,DRY,NO INJURY / DRIVE AWAY,UNABLE TO DETERMINE,2,10,NO INDICATION OF INJURY,0,0,17,5,41.7436985382,-87.6257779011
06/16/2024 01:25:00 AM,30,CLEAR,"DARKNESS, LIGHTED ROAD",REAR END,DIVIDED - W/MEDIAN (NOT RAISED),DRY,NO INJURY / DRIVE AWAY,IMPROPER OVERTAKING/PASSING,2,6,NO INDICATION OF INJURY,0,0,1,1,41.8857488699,-87.7456159771
12/09/2022 06:00:00 AM,30,CLEAR,DAYLIGHT,PARKED MOTOR VEHICLE,PARKING LOT,WET,NO INJURY / DRIVE AWAY,IMPROPER OVERTAKING/PASSING,2,12,NO INDICATION OF INJURY,0,0,6,6,41.7012842325,-87.5942829418
04/20/2024 08:25:00 AM,30,CLEAR,DAYLIGHT,TURNING,NOT DIVIDED,DRY,NO INJURY / DRIVE AWAY,FAILING TO YIELD RIGHT-OF-WAY,2,4,NO INDICATION OF INJURY,0,0,8,7,41.9853682481,-87.6602702077
11/08/2024 10:51:00 PM,30,CLEAR,"DARKNESS, LIGHTED ROAD",PARKED MOTOR VEHICLE,ONE-WAY,DRY,NO INJURY / DRIVE AWAY,"OPERATING VEHICLE IN ERRATIC, RECKLESS, CARELESS, NEGLIGENT OR AGGRESSIVE MANNER",2,11,NO INDICATION OF INJURY,0,0,22,6,41.6868113408,-87.6142689297
08/29/2025 10:13:00 AM,30,CLEAR,DAYLIGHT,SIDESWIPE SAME DIRECTION,NOT DIVIDED,DRY,NO INJURY / DRIVE AWAY,DRIVING SKILLS/KNOWLEDGE/EXPERIENCE,2,8,NO INDICATION OF INJURY,0,0,10,6,41.8072543927,-87.5866743554
11/03/2021 02:45:00 PM,15,CLEAR,DAYLIGHT,PARKED MOTOR VEHICLE,NOT DIVIDED,DRY,NO INJURY / DRIVE AWAY,UNABLE TO DETERMINE,2,11,NO INDICATION OF INJURY,0,0,14,4,41.7759647238,-87.781323531
05/17/2022 08:30:00 AM,45,CLEAR,DAYLIGHT,REAR END,DIVIDED - W/MEDIAN BARRIER,DRY,NO INJURY / DRIVE AWAY,FAILING TO REDUCE SPEED TO AVOID CRASH,3,5,NO INDICATION OF INJURY,0,0,8,3,41.9409091633,-87.63936916
01/15/2021 11:25:00 AM,10,SNOW,DAYLIGHT,PARKED MOTOR VEHICLE,PARKING LOT,SNOW OR SLUSH,NO INJURY / DRIVE AWAY,UNABLE TO DETERMINE,2,1,NO INDICATION OF INJURY,0,0,11,6,41.7565454141,-87.6634438529
02/10/2021 10:50:00 AM,25,BLOWING SNOW,DAYLIGHT,ANGLE,NOT DIVIDED,SNOW OR SLUSH,NO INJURY / DRIVE AWAY,FAILING TO YIELD RIGHT-OF-WAY,2,2,NO INDICATION OF INJURY,0,0,10,4,41.8182979768,-87.6199846583
11/01/2022 11:00:00 AM,15,CLEAR,DAYLIGHT,PARKED MOTOR VEHICLE,PARKING LOT,DRY,NO INJURY / DRIVE AWAY,IMPROPER BACKING,2,11,NO INDICATION OF INJURY,0,0,11,3,41.7856279605,-87.7380424158
07/23/2024 01:45:00 PM,35,CLEAR,DAYLIGHT,SIDESWIPE SAME DIRECTION,NOT DIVIDED,DRY,NO INJURY / DRIVE AWAY,UNABLE TO DETERMINE,2,7,NO INDICATION OF INJURY,0,0,13,3,41.7918520654,-87.8013777989
01/27/2023 01:44:00 PM,30,SNOW,DAYLIGHT,PARKED MOTOR VEHICLE,NOT DIVIDED,WET,NO INJURY / DRIVE AWAY,NOT APPLICABLE,2,1,NO INDICATION OF INJURY,0,0,13,6,41.8314317064,-87.7180594639
07/31/2021 02:30:00 AM,30,CLEAR,"DARKNESS, LIGHTED ROAD",REAR END,NOT DIVIDED,DRY,NO INJURY / DRIVE AWAY,FAILING TO REDUCE SPEED TO AVOID CRASH,2,7,NO INDICATION OF INJURY,0,0,2,7,41.8997774106,-87.6699036483
01/06/2024 06:25:00 PM,30,UNKNOWN,"DARKNESS, LIGHTED ROAD",REAR END,NOT DIVIDED,UNKNOWN,NO INJURY / DRIVE AWAY,UNABLE TO DETERMINE,3,1,NO INDICATION OF INJURY,0,0,18,7,41.9250048673,-87.6877928032
06/11/2021 02:00:00 PM,30,CLEAR,DAYLIGHT,PARKED MOTOR VEHICLE,NOT DIVIDED,DRY,NO INJURY / DRIVE AWAY,NOT APPLICABLE,2,6,NO INDICATION OF INJURY,0,0,14,6,41.7788424584,-87.7179800027
06/12/2021 11:25:00 PM,30,UNKNOWN,DARKNESS,PARKED MOTOR VEHICLE,ONE-WAY,UNKNOWN,NO INJURY / DRIVE AWAY,UNABLE TO DETERMINE,2,6,NO INDICATION OF INJURY,0,0,23,7,41.9012323078,-87.761011331
05/05/2025 07:55:00 AM,30,CLEAR,DAYLIGHT,TURNING,FOUR WAY,DRY,NO INJURY / DRIVE AWAY,FAILING TO YIELD RIGHT-OF-WAY,2,5,NO INDICATION OF INJURY,0,0,7,2,41.951911202,-87.7277086009