CRASH_DATE,POSTED_SPEED_LIMIT,WEATHER_CONDITION,LIGHTING_CONDITION,FIRST_CRASH_TYPE,TRAFFICWAY_TYPE,ROADWAY_SURFACE_COND,CRASH_TYPE,PRIM_CONTRIBUTORY_CAUSE,NUM_UNITS,CRASH_MONTH,MOST_SEVERE_INJURY,INJURIES_TOTAL,INJURIES_FATAL,CRASH_HOUR,CRASH_DAY_OF_WEEK,LATITUDE,LONGITUDE
03/16/2022 07:22:00 PM,30,CLEAR,"DARKNESS, LIGHTED ROAD",SIDESWIPE SAME DIRECTION,DIVIDED - W/MEDIAN (NOT RAISED),DRY,NO INJURY / DRIVE AWAY,IMPROPER OVERTAKING/PASSING,2,3,NO INDICATION OF INJURY,0,0,19,4,41.7074051178,-87.6066722152
09/26/2022 09:00:00 AM,35,CLEAR,DAYLIGHT,PARKED MOTOR VEHICLE,NOT DIVIDED,UNKNOWN,NO INJURY / DRIVE AWAY,UNABLE TO DETERMINE,2,9,NO INDICATION OF INJURY,0,0,9,2,41.93893395,-87.7469986887
05/24/2024 12:51:00 PM,30,CLEAR,DAYLIGHT,TURNING,NOT DIVIDED,WET,INJURY AND / OR TOW DUE TO CRASH,FAILING TO YIELD RIGHT-OF-WAY,2,5,"REPORTED, NOT EVIDENT",1,0,12,6,41.7642876792,-87.5761134864
08/30/2025 03:10:00 PM,30,CLEAR,DAYLIGHT,PARKED MOTOR VEHICLE,OTHER,DRY,NO INJURY / DRIVE AWAY,NOT APPLICABLE,2,8,NO INDICATION OF INJURY,0,0,15,7,41.7684028747,-87.6860348368
06/23/2023 03:22:00 PM,30,CLEAR,DAYLIGHT,PEDESTRIAN,FOUR WAY,DRY,INJURY AND / OR TOW DUE TO CRASH,FAILING TO YIELD RIGHT-OF-WAY,2,6,"REPORTED, NOT EVIDENT",1,0,15,6,41.8665396097,-87.7032631447
11/12/2025 07:20:00 PM,30,CLEAR,DARKNESS,REAR END,NOT DIVIDED,DRY,INJURY AND / OR TOW DUE TO CRASH,FOLLOWING TOO CLOSELY,2,11,NONINCAPACITATING INJURY,1,0,19,4,41.7822483397,-87.7230081715
12/30/2022 06:50:00 AM,35,CLEAR,DAYLIGHT,REAR END,NOT DIVIDED,DRY,NO INJURY / DRIVE AWAY,FOLLOWING TOO CLOSELY,2,12,NO INDICATION OF INJURY,0,0,6,6,41.8181867026,-87.7433186042
09/19/2022 10:35:00 PM,30,UNKNOWN,UNKNOWN,PARKED MOTOR VEHICLE,NOT DIVIDED,UNKNOWN,INJURY AND / OR TOW DUE TO CRASH,UNABLE TO DETERMINE,2,9,NO INDICATION OF INJURY,0,0,22,2,41.6849994711,-87.6517302644
12/20/2024 04:18:00 PM,30,CLEAR,DAYLIGHT,SIDESWIPE SAME DIRECTION,NOT DIVIDED,SNOW OR SLUSH,NO INJURY / DRIVE AWAY,IMPROPER OVERTAKING/PASSING,2,12,NO INDICATION OF INJURY,0,0,16,6,41.90607716,-87.7461847253
06/05/2022 05:00:00 PM,30,CLEAR,DAYLIGHT,SIDESWIPE SAME DIRECTION,DIVIDED - W/MEDIAN (NOT RAISED),DRY,NO INJURY / DRIVE AWAY,UNABLE TO DETERMINE,2,6,NO INDICATION OF INJURY,0,0,17,1,41.924671307,-87.7203663856
09/12/2022 08:00:00 PM,20,UNKNOWN,"DARKNESS, LIGHTED ROAD",OTHER OBJECT,ALLEY,UNKNOWN,NO INJURY / DRIVE AWAY,UNABLE TO DETERMINE,1,9,NO INDICATION OF INJURY,0,0,20,2,41.9051999104,-87.7307146007
01/12/2026 09:10:00 AM,30,CLEAR,DAYLIGHT,REAR END,NOT DIVIDED,DRY,NO INJURY / DRIVE AWAY,FOLLOWING TOO CLOSELY,2,1,NO INDICATION OF INJURY,0,0,9,2,41.9318485169,-87.7133515575
06/27/2021 11:00:00 PM,30,CLEAR,"DARKNESS, LIGHTED ROAD",REAR END,DIVIDED - W/MEDIAN (NOT RAISED),DRY,INJURY AND / OR TOW DUE TO CRASH,FOLLOWING TOO CLOSELY,2,6,NONINCAPACITATING INJURY,1,0,23,1,41.9034746987,-87.666441178
03/07/2023 12:20:00 PM,40,CLEAR,DAYLIGHT,REAR END,OTHER,DRY,NO INJURY / DRIVE AWAY,FOLLOWING TOO CLOSELY,3,3,NO INDICATION OF INJURY,0,0,12,3,41.8660579029,-87.6190673208
01/02/2026 11:45:00 AM,30,UNKNOWN,UNKNOWN,REAR END,PARKING LOT,UNKNOWN,NO INJURY / DRIVE AWAY,UNABLE TO DETERMINE,2,1,NO INDICATION OF INJURY,0,0,11,6,41.9589410094,-87.7476253546
11/03/2023 11:08:00 PM,30,UNKNOWN,UNKNOWN,PEDESTRIAN,FOUR WAY,UNKNOWN,NO INJURY / DRIVE AWAY,TURNING RIGHT ON RED,2,11,NO INDICATION OF INJURY,0,0,23,6,41.9033030099,-87.6673470201
05/19/2024 08:18:00 PM,25,CLEAR,"DARKNESS, LIGHTED ROAD",REAR TO SIDE,NOT DIVIDED,DRY,INJURY AND / OR TOW DUE TO CRASH,IMPROPER BACKING,3,5,NO INDICATION OF INJURY,0,0,20,1,41.9652368615,-87.639898781
09/25/2021 10:52:00 AM,25,CLEAR,DAYLIGHT,TURNING,FOUR WAY,DRY,NO INJURY / DRIVE AWAY,UNABLE TO DETERMINE,2,9,NO INDICATION OF INJURY,0,0,10,7,41.8066909734,-87.6893373852
01/14/2026 12:30:00 PM,30,SNOW,DAYLIGHT,PARKED MOTOR VEHICLE,DIVIDED - W/MEDIAN (NOT RAISED),WET,NO INJURY / DRIVE AWAY,UNABLE TO DETERMINE,2,1,NO INDICATION OF INJURY,0,0,12,4,41.993672704,-87.6800573667
05/15/2023 09:55:00 AM,30,CLEAR,DAYLIGHT,ANGLE,NOT DIVIDED,DRY,INJURY AND / OR TOW DUE TO CRASH,UNABLE TO DETERMINE,2,5,NO INDICATION OF INJURY,0,0,9,2,41.7954957974,-87.7630571369
07/18/2022 02:30:00 PM,30,CLEAR,DAYLIGHT,HEAD ON,ONE-WAY,DRY,NO INJURY / DRIVE AWAY,UNABLE TO DETERMINE,2,7,NO INDICATION OF INJURY,0,0,14,2,41.7603464916,-87.6574738897
08/18/2022 06:58:00 AM,30,CLEAR,DAYLIGHT,SIDESWIPE SAME DIRECTION,ONE-WAY,DRY,NO INJURY / DRIVE AWAY,FAILING TO YIELD RIGHT-OF-WAY,2,8,NO INDICATION OF INJURY,0,0,6,5,41.9421046154,-87.7677291838
12/27/2023 11:35:00 AM,30,CLOUDY/OVERCAST,DAYLIGHT,ANGLE,FOUR WAY,DRY,NO INJURY / DRIVE AWAY,DISREGARDING TRAFFIC SIGNALS,2,12,NO INDICATION OF INJURY,0,0,11,4,41.8306727503,-87.6450340355
07/28/2024 09:30:00 PM,30,CLEAR,"DARKNESS, LIGHTED ROAD",REAR TO SIDE,DIVIDED - W/MEDIAN (NOT RAISED),DRY,NO INJURY / DRIVE AWAY,IMPROPER LANE USAGE,2,7,NO INDICATION OF INJURY,0,0,21,1,41.9395052841,-87.6972662286
08/10/2024 12:23:00 PM,30,CLEAR,DAYLIGHT,REAR END,NOT DIVIDED,DRY,NO INJURY / DRIVE AWAY,FOLLOWING TOO CLOSELY,2,8,NO INDICATION OF INJURY,0,0,12,7,41.9706515218,-87.7881216102
04/12/2026 02:05:00 PM,30,CLOUDY/OVERCAST,DAYLIGHT,SIDESWIPE SAME DIRECTION,NOT DIVIDED,DRY,INJURY AND / OR TOW DUE TO CRASH,FAILING TO YIELD RIGHT-OF-WAY,2,4,NO INDICATION OF INJURY,0,0,14,1,41.7844339184,-87.6738941326
02/03/2025 04:00:00 AM,30,CLEAR,DAYLIGHT,PARKED MOTOR VEHICLE,ONE-WAY,DRY,NO INJURY / DRIVE AWAY,UNABLE TO DETERMINE,2,2,NO INDICATION OF INJURY,0,0,4,2,41.7900315482,-87.7010790567
11/21/2021 03:30:00 AM,30,CLEAR,"DARKNESS, LIGHTED ROAD",SIDESWIPE SAME DIRECTION,NOT DIVIDED,DRY,NO INJURY / DRIVE AWAY,IMPROPER OVERTAKING/PASSING,2,11,NO INDICATION OF INJURY,0,0,3,1,41.8609291146,-87.6238590383
02/07/2022 02:15:00 PM,30,CLEAR,DAYLIGHT,TURNING,DIVIDED - W/MEDIAN BARRIER,DRY,NO INJURY / DRIVE AWAY,UNABLE TO DETERMINE,2,2,NO INDICATION OF INJURY,0,0,14,2,41.7677909563,-87.5865163189
11/04/2024 08:15:00 AM,35,RAIN,DAYLIGHT,FIXED OBJECT,DIVIDED - W/MEDIAN BARRIER,WET,INJURY AND / OR TOW DUE TO CRASH,WEATHER,1,11,NO INDICATION OF INJURY,0,0,8,2,41.9009589191,-87.6199281737
09/19/2024 09:00:00 PM,30,CLEAR,DARKNESS,PARKED MOTOR VEHICLE,NOT DIVIDED,DRY,NO INJURY / DRIVE AWAY,FOLLOWING TOO CLOSELY,2,9,NO INDICATION OF INJURY,0,0,21,5,41.9517080201,-87.6477167834
01/11/2026 01:30:00 PM,15,CLEAR,DAYLIGHT,PARKED MOTOR VEHICLE,PARKING LOT,DRY,NO INJURY / DRIVE AWAY,UNABLE TO DETERMINE,2,1,NO INDICATION OF INJURY,0,0,13,1,41.8529242143,-87.6316326061
10/09/2025 04:45:00 PM,30,CLEAR,DAYLIGHT,TURNING,DIVIDED - W/MEDIAN BARRIER,DRY,INJURY AND / OR TOW DUE TO CRASH,DISREGARDING TRAFFIC SIGNALS,2,10,INCAPACITATING INJURY,1,0,16,5,41.8546457019,-87.7152062518
10/06/2025 03:27:00 PM,10,CLEAR,UNKNOWN,FIXED OBJECT,RAMP,DRY,NO INJURY / DRIVE AWAY,DRIVING SKILLS/KNOWLEDGE/EXPERIENCE,1,10,NO INDICATION OF INJURY,0,0,15,2,41.8762445585,-87.6308769485
05/17/2023 01:00:00 PM,30,CLEAR,DAYLIGHT,SIDESWIPE SAME DIRECTION,NOT DIVIDED,DRY,INJURY AND / OR TOW DUE TO CRASH,IMPROPER LANE USAGE,2,5,NO INDICATION OF INJURY,0,0,13,4,41.9092538234,-87.6483787712
11/15/2021 07:00:00 AM,30,CLEAR,DAWN,PARKED MOTOR VEHICLE,ONE-WAY,DRY,NO INJURY / DRIVE AWAY,UNABLE TO DETERMINE,2,11,NO INDICATION OF INJURY,0,0,7,2,41.8943913933,-87.7699797637
11/18/2025 06:00:00 PM,30,RAIN,"DARKNESS, LIGHTED ROAD",TURNING,T-INTERSECTION,WET,INJURY AND / OR TOW DUE TO CRASH,FAILING TO YIELD RIGHT-OF-WAY,2,11,"REPORTED, NOT EVIDENT",2,0,18,3,41.9092011616,-87.7899146263
02/09/2023 11:30:00 AM,15,RAIN,DAYLIGHT,FIXED OBJECT,ALLEY,WET,NO INJURY / DRIVE AWAY,UNABLE TO DETERMINE,1,2,NO INDICATION OF INJURY,0,0,11,5,41.9878244127,-87.7408870486
04/02/2021 08:30:00 PM,30,CLEAR,"DARKNESS, LIGHTED ROAD",SIDESWIPE SAME DIRECTION,NOT DIVIDED,DRY,NO INJURY / DRIVE AWAY,IMPROPER OVERTAKING/PASSING,2,4,NO INDICATION OF INJURY,0,0,20,6,41.820629489,-87.6947335807
03/09/2021 11:10:00 PM,35,CLEAR,"DARKNESS, LIGHTED ROAD",FIXED OBJECT,PARKING LOT,DRY,NO INJURY / DRIVE AWAY,FAILING TO REDUCE SPEED TO AVOID CRASH,1,3,NO INDICATION OF INJURY,0,0,23,3,41.8665138882,-87.705733599
01/07/2023 11:54:00 AM,30,CLEAR,DAYLIGHT,PARKED MOTOR VEHICLE,ONE-WAY,DRY,NO INJURY / DRIVE AWAY,DRIVING SKILLS/KNOWLEDGE/EXPERIENCE,2,1,NO INDICATION OF INJURY,0,0,11,7,41.9566498623,-87.6527016057
04/21/2022 06:35:00 PM,30,CLEAR,DAYLIGHT,TURNING,NOT DIVIDED,DRY,NO INJURY / DRIVE AWAY,FAILING TO REDUCE SPEED TO AVOID CRASH,2,4,NO INDICATION OF INJURY,0,0,18,5,41.7646665919,-87.6765914084
03/30/2025 02:13:00 PM,30,CLEAR,DAYLIGHT,PARKED MOTOR VEHICLE,ONE-WAY,DRY,NO INJURY / DRIVE AWAY,UNABLE TO DETERMINE,2,3,NO INDICATION OF INJURY,0,0,14,1,41.769704725,-87.68474909
05/17/2023 02:40:00 PM,30,CLEAR,DAYLIGHT,REAR END,ONE-WAY,DRY,INJURY AND / OR TOW DUE TO CRASH,FAILING TO REDUCE SPEED TO AVOID CRASH,2,5,"REPORTED, NOT EVIDENT",1,0,14,4,41.7380049011,-87.6256363906
09/02/2022 09:00:00 AM,30,CLEAR,DAYLIGHT,PARKED MOTOR VEHICLE,DIVIDED - W/MEDIAN (NOT RAISED),DRY,NO INJURY / DRIVE AWAY,UNABLE TO DETERMINE,2,9,NO INDICATION OF INJURY,0,0,9,6,41.925545324,-87.8061647743
03/06/2026 12:45:00 AM,30,UNKNOWN,UNKNOWN,SIDESWIPE OPPOSITE DIRECTION,DIVIDED - W/MEDIAN (NOT RAISED),UNKNOWN,NO INJURY / DRIVE AWAY,UNABLE TO DETERMINE,2,3,NO INDICATION OF INJURY,0,0,0,6,41.8581282111,-87.6611125635
07/04/2021 03:45:00 PM,15,CLEAR,DAYLIGHT,PARKED MOTOR VEHICLE,NOT DIVIDED,DRY,NO INJURY / DRIVE AWAY,UNABLE TO DETERMINE,2,7,NO INDICATION OF INJURY,0,0,15,1,41.7711051236,-87.6726274609
04/21/2024 05:30:00 PM,30,CLEAR,DAYLIGHT,PARKED MOTOR VEHICLE,NOT DIVIDED,DRY,INJURY AND / OR TOW DUE TO CRASH,UNABLE TO DETERMINE,2,4,NONINCAPACITATING INJURY,1,0,17,1,41.8223222795,-87.6905898163
03/29/2023 11:30:00 AM,30,CLEAR,DAYLIGHT,REAR END,FOUR WAY,DRY,NO INJURY / DRIVE AWAY,FAILING TO YIELD RIGHT-OF-WAY,2,3,NO INDICATION OF INJURY,0,0,11,4,41.7357852665,-87.6437588296
04/22/2022 08:25:00 AM,30,RAIN,DAYLIGHT,SIDESWIPE SAME DIRECTION,ONE-WAY,WET,INJURY AND / OR TOW DUE TO CRASH,UNABLE TO DETERMINE,2,4,NO INDICATION OF INJURY,0,0,8,6,41.7143126947,-87.6443035871
10/09/2024 07:02:00 PM,30,CLEAR,"DARKNESS, LIGHTED ROAD",REAR END,NOT DIVIDED,DRY,INJURY AND / OR TOW DUE TO CRASH,FOLLOWING TOO CLOSELY,3,10,NONINCAPACITATING INJURY,3,0,19,4,41.7711801207,-87.7296575923
01/14/2024 07:55:00 AM,25,CLEAR,DAYLIGHT,PARKED MOTOR VEHICLE,ONE-WAY,SNOW OR SLUSH,NO INJURY / DRIVE AWAY,UNABLE TO DETERMINE,2,1,NO INDICATION OF INJURY,0,0,7,1,41.8843795164,-87.7623416991
10/26/2025 01:20:00 AM,30,CLEAR,"DARKNESS, LIGHTED ROAD",PARKED MOTOR VEHICLE,NOT DIVIDED,DRY,NO INJURY / DRIVE AWAY,UNABLE TO DETERMINE,2,10,NO INDICATION OF INJURY,0,0,1,1,41.9379941491,-87.8192831169
04/17/2025 05:00:00 PM,30,RAIN,DAYLIGHT,TURNING,NOT DIVIDED,WET,NO INJURY / DRIVE AWAY,UNABLE TO DETERMINE,2,4,NO INDICATION OF INJURY,0,0,17,5,41.9130926427,-87.7657812462
01/18/2026 10:45:00 AM,30,CLEAR,DAYLIGHT,ANGLE,NOT DIVIDED,UNKNOWN,NO INJURY / DRIVE AWAY,UNABLE TO DETERMINE,2,1,NO INDICATION OF INJURY,0,0,10,1,41.8010326847,-87.697873955
09/01/2023 09:35:00 PM,30,CLEAR,"DARKNESS, LIGHTED ROAD",REAR END,NOT DIVIDED,UNKNOWN,NO INJURY / DRIVE AWAY,UNABLE TO DETERMINE,2,9,NO INDICATION OF INJURY,0,0,21,6,41.7991487523,-87.7392881851
12/13/2021 04:50:00 PM,30,CLEAR,"DARKNESS, LIGHTED ROAD",SIDESWIPE SAME DIRECTION,NOT DIVIDED,DRY,NO INJURY / DRIVE AWAY,UNABLE TO DETERMINE,2,12,NO INDICATION OF INJURY,0,0,16,2,41.924135714,-87.7623601119
03/17/2024 12:58:00 PM,15,UNKNOWN,UNKNOWN,ANGLE,PARKING LOT,UNKNOWN,NO INJURY / DRIVE AWAY,UNABLE TO DETERMINE,2,3,NO INDICATION OF INJURY,0,0,12,1,42.0050761227,-87.6902190302
01/17/2022 03:05:00 PM,30,CLEAR,DAYLIGHT,SIDESWIPE OPPOSITE DIRECTION,NOT DIVIDED,DRY,NO INJURY / DRIVE AWAY,UNABLE TO DETERMINE,2,1,NO INDICATION OF INJURY,0,0,15,2,41.8820046743,-87.7745721931
01/31/2022 04:15:00 PM,30,CLEAR,DAYLIGHT,REAR END,DIVIDED - W/MEDIAN BARRIER,DRY,INJURY AND / OR TOW DUE TO CRASH,UNABLE TO DETERMINE,2,1,"REPORTED, NOT EVIDENT",2,0,16,2,41.7578056585,-87.586268258
03/02/2023 10:58:00 PM,30,CLEAR,"DARKNESS, LIGHTED ROAD",ANGLE,NOT DIVIDED,DRY,INJURY AND / OR TOW DUE TO CRASH,FAILING TO YIELD RIGHT-OF-WAY,2,3,NO INDICATION OF INJURY,0,0,22,5,41.9963812547,-87.765412601
09/04/2021 04:17:00 PM,30,CLOUDY/OVERCAST,DAYLIGHT,PARKED MOTOR VEHICLE,DIVIDED - W/MEDIAN (NOT RAISED),DRY,INJURY AND / OR TOW DUE TO CRASH,UNABLE TO DETERMINE,3,9,NO INDICATION OF INJURY,0,0,16,7,41.778889506,-87.67013745
06/15/2024 12:00:00 PM,30,CLEAR,DAYLIGHT,ANGLE,NOT DIVIDED,DRY,NO INJURY / DRIVE AWAY,UNABLE TO DETERMINE,2,6,NO INDICATION OF INJURY,0,0,12,7,41.9671293132,-87.6566455383
08/27/2025 09:40:00 PM,30,CLEAR,"DARKNESS, LIGHTED ROAD",TURNING,NOT DIVIDED,DRY,INJURY AND / OR TOW DUE TO CRASH,IMPROPER TURNING/NO SIGNAL,2,8,NONINCAPACITATING INJURY,1,0,21,4,41.8225725808,-87.690181613
12/27/2025 12:20:00 PM,30,CLEAR,DAYLIGHT,PARKED MOTOR VEHICLE,NOT DIVIDED,DRY,NO INJURY / DRIVE AWAY,IMPROPER BACKING,2,12,NO INDICATION OF INJURY,0,0,12,7,41.9930041781,-87.6553303231
03/11/2021 03:45:00 PM,30,CLEAR,DAYLIGHT,PARKED MOTOR VEHICLE,NOT DIVIDED,DRY,NO INJURY / DRIVE AWAY,UNABLE TO DETERMINE,2,3,NO INDICATION OF INJURY,0,0,15,5,41.6714997195,-87.6204590306
06/21/2022 02:50:00 PM,30,CLEAR,DAYLIGHT,ANGLE,DIVIDED - W/MEDIAN (NOT RAISED),DRY,NO INJURY / DRIVE AWAY,"VISION OBSCURED (SIGNS, TREE LIMBS, BUILDINGS, ETC.)",2,6,NO INDICATION OF INJURY,0,0,14,3,41.8750680665,-87.6665942003
11/14/2024 05:45:00 AM,20,RAIN,"DARKNESS, LIGHTED ROAD",PARKED MOTOR VEHICLE,NOT DIVIDED,WET,NO INJURY / DRIVE AWAY,UNABLE TO DETERMINE,2,11,NO INDICATION OF INJURY,0,0,5,5,41.9017456453,-87.6305220323
06/09/2021 01:50:00 PM,30,CLEAR,DAYLIGHT,PARKED MOTOR VEHICLE,ONE-WAY,DRY,NO INJURY / DRIVE AWAY,UNABLE TO DETERMINE,2,6,NO INDICATION OF INJURY,0,0,13,4,41.9004233101,-87.7506825103
07/27/2022 01:45:00 PM,35,CLEAR,DAYLIGHT,OTHER OBJECT,OTHER,UNKNOWN,NO INJURY / DRIVE AWAY,IMPROPER OVERTAKING/PASSING,1,7,NO INDICATION OF INJURY,0,0,13,4,41.8846284451,-87.622612699
01/14/2025 10:32:00 AM,30,SNOW,DAYLIGHT,PARKED MOTOR VEHICLE,NOT DIVIDED,SNOW OR SLUSH,NO INJURY / DRIVE AWAY,WEATHER,2,1,NO INDICATION OF INJURY,0,0,10,3,41.858099273,-87.6541193898
01/02/2025 01:45:00 PM,30,CLEAR,DAYLIGHT,REAR END,NOT DIVIDED,DRY,INJURY AND / OR TOW DUE TO CRASH,FOLLOWING TOO CLOSELY,2,1,INCAPACITATING INJURY,1,0,13,5,41.7943548532,-87.7705271521
07/03/2022 04:00:00 PM,30,CLEAR,DAYLIGHT,PEDALCYCLIST,UNKNOWN,UNKNOWN,INJURY AND / OR TOW DUE TO CRASH,UNABLE TO DETERMINE,2,7,NONINCAPACITATING INJURY,1,0,16,1,41.9116616371,-87.7206671563
06/18/2024 10:52:00 AM,15,CLEAR,DAYLIGHT,REAR TO REAR,PARKING LOT,DRY,NO INJURY / DRIVE AWAY,UNABLE TO DETERMINE,2,6,NO INDICATION OF INJURY,0,0,10,3,41.9251792092,-87.6743935513
11/27/2021 05:30:00 AM,30,CLEAR,"DARKNESS, LIGHTED ROAD",PARKED MOTOR VEHICLE,ONE-WAY,DRY,INJURY AND / OR TOW DUE TO CRASH,EQUIPMENT - VEHICLE CONDITION,2,11,NO INDICATION OF INJURY,0,0,5,7,41.7847936957,-87.6860877881
05/14/2023 09:44:00 PM,30,CLEAR,"DARKNESS, LIGHTED ROAD",SIDESWIPE SAME DIRECTION,NOT DIVIDED,DRY,INJURY AND / OR TOW DUE TO CRASH,FAILING TO REDUCE SPEED TO AVOID CRASH,2,5,NO INDICATION OF INJURY,0,0,21,1,41.7584596052,-87.6060520594
05/11/2024 10:20:00 AM,30,CLEAR,DAYLIGHT,PEDALCYCLIST,NOT DIVIDED,DRY,INJURY AND / OR TOW DUE TO CRASH,IMPROPER LANE USAGE,3,5,INCAPACITATING INJURY,1,0,10,7,41.9259944481,-87.6781066785
08/30/2021 10:17:00 AM,30,CLEAR,DAYLIGHT,REAR END,FOUR WAY,DRY,INJURY AND / OR TOW DUE TO CRASH,EQUIPMENT - VEHICLE CONDITION,2,8,NO INDICATION OF INJURY,0,0,10,2,41.7783353905,-87.7424364942
10/14/2021 08:00:00 AM,30,UNKNOWN,DAYLIGHT,PARKED MOTOR VEHICLE,DIVIDED - W/MEDIAN (NOT RAISED),UNKNOWN,NO INJURY / DRIVE AWAY,IMPROPER LANE USAGE,2,10,NO INDICATION OF INJURY,0,0,8,5,41.949323558,-87.6881826386
01/29/2022 05:37:00 PM,30,CLEAR,"DARKNESS, LIGHTED ROAD",SIDESWIPE SAME DIRECTION,NOT DIVIDED,WET,NO INJURY / DRIVE AWAY,IMPROPER OVERTAKING/PASSING,2,1,NO INDICATION OF INJURY,0,0,17,7,41.9406423203,-87.7270810979
09/22/2021 05:11:00 PM,30,CLEAR,DAYLIGHT,REAR END,NOT DIVIDED,DRY,NO INJURY / DRIVE AWAY,UNABLE TO DETERMINE,2,9,NO INDICATION OF INJURY,0,0,17,4,41.7688086042,-87.5762250796
03/21/2024 12:20:00 PM,30,CLEAR,DAYLIGHT,ANGLE,NOT DIVIDED,DRY,NO INJURY / DRIVE AWAY,FAILING TO YIELD RIGHT-OF-WAY,2,3,NO INDICATION OF INJURY,0,0,12,5,41.786435928,-87.6849923184
07/28/2023 01:28:00 PM,30,CLEAR,DAYLIGHT,REAR END,NOT DIVIDED,DRY,NO INJURY / DRIVE AWAY,FOLLOWING TOO CLOSELY,2,7,NO INDICATION OF INJURY,0,0,13,6,41.8959244977,-87.6696638392
08/17/2022 03:30:00 PM,30,CLEAR,DAYLIGHT,REAR END,FOUR WAY,DRY,NO INJURY / DRIVE AWAY,UNABLE TO DETERMINE,2,8,NO INDICATION OF INJURY,0,0,15,4,41.7443145274,-87.585399717
02/04/2025 03:00:00 PM,30,UNKNOWN,UNKNOWN,PARKED MOTOR VEHICLE,ONE-WAY,UNKNOWN,NO INJURY / DRIVE AWAY,DRIVING SKILLS/KNOWLEDGE/EXPERIENCE,2,2,NO INDICATION OF INJURY,0,0,15,3,41.8693877998,-87.6255194071
03/21/2022 09:46:00 PM,30,CLEAR,"DARKNESS, LIGHTED ROAD",REAR END,NOT DIVIDED,DRY,INJURY AND / OR TOW DUE TO CRASH,FOLLOWING TOO CLOSELY,2,3,INCAPACITATING INJURY,1,0,21,2,41.7907339007,-87.5852620703
10/29/2024 12:30:00 PM,35,CLEAR,DAYLIGHT,REAR END,NOT DIVIDED,DRY,NO INJURY / DRIVE AWAY,UNABLE TO DETERMINE,2,10,NO INDICATION OF INJURY,0,0,12,3,41.9243846807,-87.7435736493
07/24/2022 04:00:00 AM,20,UNKNOWN,UNKNOWN,PARKED MOTOR VEHICLE,NOT DIVIDED,UNKNOWN,NO INJURY / DRIVE AWAY,IMPROPER LANE USAGE,2,7,NO INDICATION OF INJURY,0,0,4,1,41.8576965403,-87.6530563668
10/18/2024 02:00:00 AM,30,CLEAR,"DARKNESS, LIGHTED ROAD",FIXED OBJECT,DIVIDED - W/MEDIAN BARRIER,DRY,INJURY AND / OR TOW DUE TO CRASH,DRIVING ON WRONG SIDE/WRONG WAY,1,10,,,,2,6,41.8324993517,-87.6847960802
05/05/2025 03:21:00 PM,30,CLEAR,DAYLIGHT,PEDALCYCLIST,FOUR WAY,DRY,INJURY AND / OR TOW DUE TO CRASH,UNABLE TO DETERMINE,2,5,NONINCAPACITATING INJURY,1,0,15,2,41.9831908927,-87.7068112962
08/17/2024 10:40:00 AM,30,RAIN,DAYLIGHT,TURNING,DIVIDED - W/MEDIAN BARRIER,WET,INJURY AND / OR TOW DUE TO CRASH,FAILING TO REDUCE SPEED TO AVOID CRASH,2,8,NO INDICATION OF INJURY,0,0,10,7,41.9437512985,-87.6883170809
11/24/2022 02:15:00 PM,30,CLEAR,DAYLIGHT,REAR END,NOT DIVIDED,DRY,NO INJURY / DRIVE AWAY,FOLLOWING TOO CLOSELY,2,11,NO INDICATION OF INJURY,0,0,14,5,42.0121399665,-87.7014587984
03/09/2026 12:30:00 PM,15,CLEAR,DAYLIGHT,PARKED MOTOR VEHICLE,OTHER,DRY,NO INJURY / DRIVE AWAY,FAILING TO YIELD RIGHT-OF-WAY,2,3,NO INDICATION OF INJURY,0,0,12,2,41.86833974,-87.6420790222
10/24/2023 03:25:00 PM,30,CLEAR,DAYLIGHT,PARKED MOTOR VEHICLE,DIVIDED - W/MEDIAN (NOT RAISED),DRY,NO INJURY / DRIVE AWAY,IMPROPER BACKING,2,10,NO INDICATION OF INJURY,0,0,15,3,41.7837930928,-87.723052878
08/19/2023 03:00:00 PM,20,CLEAR,DAYLIGHT,SIDESWIPE SAME DIRECTION,NOT DIVIDED,DRY,NO INJURY / DRIVE AWAY,UNABLE TO DETERMINE,2,8,NO INDICATION OF INJURY,0,0,15,7,41.8464599693,-87.6463206677
01/25/2025 06:30:00 PM,30,UNKNOWN,"DARKNESS, LIGHTED ROAD",SIDESWIPE SAME DIRECTION,DIVIDED - W/MEDIAN (NOT RAISED),UNKNOWN,NO INJURY / DRIVE AWAY,DRIVING SKILLS/KNOWLEDGE/EXPERIENCE,2,1,NO INDICATION OF INJURY,0,0,18,7,41.9983904667,-87.6607222702
04/22/2026 10:00:00 PM,30,CLEAR,"DARKNESS, LIGHTED ROAD",SIDESWIPE SAME DIRECTION,NOT DIVIDED,DRY,NO INJURY / DRIVE AWAY,IMPROPER OVERTAKING/PASSING,2,4,NO INDICATION OF INJURY,0,0,22,4,41.9511859167,-87.6574560386
05/05/2023 08:52:00 PM,30,CLEAR,DARKNESS,SIDESWIPE SAME DIRECTION,NOT DIVIDED,DRY,NO INJURY / DRIVE AWAY,IMPROPER OVERTAKING/PASSING,2,5,NO INDICATION OF INJURY,0,0,20,6,41.9433209105,-87.6492207276