CRASH_DATE,POSTED_SPEED_LIMIT,WEATHER_CONDITION,LIGHTING_CONDITION,FIRST_CRASH_TYPE,TRAFFICWAY_TYPE,ROADWAY_SURFACE_COND,CRASH_TYPE,PRIM_CONTRIBUTORY_CAUSE,NUM_UNITS,CRASH_MONTH,MOST_SEVERE_INJURY,INJURIES_TOTAL,INJURIES_FATAL,CRASH_HOUR,CRASH_DAY_OF_WEEK,LATITUDE,LONGITUDE
12/28/2021 05:10:00 PM,30,SNOW,DUSK,TURNING,ROUNDABOUT,SNOW OR SLUSH,NO INJURY / DRIVE AWAY,IMPROPER TURNING/NO SIGNAL,2,12,NO INDICATION OF INJURY,0,0,17,3,41.9106239847,-87.6332790115
10/06/2025 10:15:00 PM,30,CLEAR,"DARKNESS, LIGHTED ROAD",FIXED OBJECT,RAMP,DRY,NO INJURY / DRIVE AWAY,UNABLE TO DETERMINE,1,10,,,,22,2,41.8693404973,-87.6959146374
04/19/2025 07:00:00 PM,30,UNKNOWN,UNKNOWN,REAR END,UNKNOWN,UNKNOWN,NO INJURY / DRIVE AWAY,UNABLE TO DETERMINE,2,4,NO INDICATION OF INJURY,0,0,19,7,41.9085691882,-87.6885514495
03/22/2025 06:05:00 PM,30,CLEAR,DAYLIGHT,TURNING,NOT DIVIDED,DRY,INJURY AND / OR TOW DUE TO CRASH,FAILING TO YIELD RIGHT-OF-WAY,3,3,NO INDICATION OF INJURY,0,0,18,7,41.7559114582,-87.6565933831
02/18/2022 07:30:00 PM,30,CLEAR,"DARKNESS, LIGHTED ROAD",PARKED MOTOR VEHICLE,NOT DIVIDED,SNOW OR SLUSH,NO INJURY / DRIVE AWAY,FAILING TO YIELD RIGHT-OF-WAY,2,2,NO INDICATION OF INJURY,0,0,19,6,41.9183543966,-87.690137328
12/29/2025 06:45:00 AM,30,SNOW,DAWN,REAR TO SIDE,DIVIDED - W/MEDIAN (NOT RAISED),SNOW OR SLUSH,NO INJURY / DRIVE AWAY,UNABLE TO DETERMINE,2,12,NO INDICATION OF INJURY,0,0,6,2,41.8440194218,-87.73442573
05/17/2021 05:00:00 PM,30,CLEAR,DAYLIGHT,ANGLE,DIVIDED - W/MEDIAN (NOT RAISED),DRY,NO INJURY / DRIVE AWAY,UNABLE TO DETERMINE,2,5,NO INDICATION OF INJURY,0,0,17,2,41.96035995,-87.7844197916
12/11/2024 06:30:00 AM,30,CLEAR,DAWN,PEDALCYCLIST,DIVIDED - W/MEDIAN (NOT RAISED),DRY,NO INJURY / DRIVE AWAY,UNABLE TO DETERMINE,2,12,NO INDICATION OF INJURY,0,0,6,4,41.9759760899,-87.6924942225
04/17/2023 11:37:00 AM,35,CLEAR,DAYLIGHT,TURNING,T-INTERSECTION,DRY,NO INJURY / DRIVE AWAY,FAILING TO YIELD RIGHT-OF-WAY,2,4,NO INDICATION OF INJURY,0,0,11,2,41.7912332589,-87.6062982132
02/15/2024 03:19:00 PM,30,CLEAR,DAYLIGHT,PARKED MOTOR VEHICLE,FOUR WAY,UNKNOWN,NO INJURY / DRIVE AWAY,IMPROPER TURNING/NO SIGNAL,2,2,NO INDICATION OF INJURY,0,0,15,5,41.9218955182,-87.7757110649
04/30/2023 05:34:00 PM,35,RAIN,DAYLIGHT,ANGLE,NOT DIVIDED,WET,INJURY AND / OR TOW DUE TO CRASH,UNABLE TO DETERMINE,2,4,"REPORTED, NOT EVIDENT",2,0,17,1,41.7922906063,-87.7902949036
12/01/2024 11:15:00 PM,30,CLEAR,"DARKNESS, LIGHTED ROAD",FIXED OBJECT,FOUR WAY,UNKNOWN,INJURY AND / OR TOW DUE TO CRASH,UNABLE TO DETERMINE,1,12,"REPORTED, NOT EVIDENT",1,0,23,1,41.7651094319,-87.6445569518
01/29/2026 12:05:00 PM,10,CLEAR,DAYLIGHT,PARKED MOTOR VEHICLE,PARKING LOT,UNKNOWN,NO INJURY / DRIVE AWAY,UNABLE TO DETERMINE,2,1,NO INDICATION OF INJURY,0,0,12,5,41.7494583091,-87.7136267534
05/22/2024 07:00:00 AM,30,UNKNOWN,UNKNOWN,REAR TO FRONT,ALLEY,UNKNOWN,NO INJURY / DRIVE AWAY,UNABLE TO DETERMINE,2,5,NO INDICATION OF INJURY,0,0,7,4,41.9532274339,-87.754075866
12/11/2021 03:30:00 PM,30,CLEAR,DAYLIGHT,ANGLE,NOT DIVIDED,DRY,NO INJURY / DRIVE AWAY,DRIVING SKILLS/KNOWLEDGE/EXPERIENCE,2,12,NO INDICATION OF INJURY,0,0,15,7,41.9103323554,-87.6946902564
08/14/2021 01:45:00 PM,30,CLEAR,DAYLIGHT,REAR END,DIVIDED - W/MEDIAN (NOT RAISED),DRY,NO INJURY / DRIVE AWAY,FOLLOWING TOO CLOSELY,2,8,NO INDICATION OF INJURY,0,0,13,7,41.6851226005,-87.7007314573
08/02/2025 12:50:00 PM,30,CLEAR,DAYLIGHT,PEDALCYCLIST,NOT DIVIDED,DRY,NO INJURY / DRIVE AWAY,UNABLE TO DETERMINE,2,8,NO INDICATION OF INJURY,0,0,12,7,41.947401735,-87.6496365844
06/03/2021 09:50:00 PM,30,CLEAR,DARKNESS,TURNING,UNKNOWN,DRY,NO INJURY / DRIVE AWAY,UNABLE TO DETERMINE,2,6,NO INDICATION OF INJURY,0,0,21,5,41.8954767516,-87.7261443599
08/16/2024 04:42:00 PM,15,CLEAR,DAYLIGHT,ANGLE,ONE-WAY,DRY,NO INJURY / DRIVE AWAY,DRIVING ON WRONG SIDE/WRONG WAY,2,8,NO INDICATION OF INJURY,0,0,16,6,41.7311628285,-87.6072613423
10/12/2022 10:00:00 AM,35,RAIN,DAYLIGHT,REAR END,NOT DIVIDED,WET,INJURY AND / OR TOW DUE TO CRASH,FOLLOWING TOO CLOSELY,2,10,NO INDICATION OF INJURY,0,0,10,4,41.8814246017,-87.6765845868
06/14/2021 10:45:00 AM,10,CLEAR,DAYLIGHT,ANGLE,ALLEY,DRY,NO INJURY / DRIVE AWAY,FAILING TO YIELD RIGHT-OF-WAY,2,6,NO INDICATION OF INJURY,0,0,10,2,41.9288637919,-87.712360373
08/28/2025 05:15:00 PM,20,CLEAR,DAYLIGHT,TURNING,T-INTERSECTION,DRY,NO INJURY / DRIVE AWAY,FAILING TO YIELD RIGHT-OF-WAY,2,8,NO INDICATION OF INJURY,0,0,17,5,41.750004047,-87.551375169
05/25/2023 08:10:00 AM,30,CLEAR,DAYLIGHT,SIDESWIPE SAME DIRECTION,NOT DIVIDED,DRY,NO INJURY / DRIVE AWAY,FAILING TO YIELD RIGHT-OF-WAY,2,5,NO INDICATION OF INJURY,0,0,8,5,41.8113355147,-87.7039526578
05/26/2025 01:27:00 PM,30,CLOUDY/OVERCAST,DAYLIGHT,PEDALCYCLIST,FOUR WAY,DRY,NO INJURY / DRIVE AWAY,DISREGARDING TRAFFIC SIGNALS,2,5,NO INDICATION OF INJURY,0,0,13,2,41.8578128452,-87.6240786149
01/02/2022 11:00:00 AM,35,SNOW,DAYLIGHT,SIDESWIPE SAME DIRECTION,FOUR WAY,WET,NO INJURY / DRIVE AWAY,UNABLE TO DETERMINE,2,1,NO INDICATION OF INJURY,0,0,11,1,41.7286804414,-87.6432650952
08/25/2023 09:20:00 AM,30,CLEAR,DAYLIGHT,TURNING,NOT DIVIDED,DRY,NO INJURY / DRIVE AWAY,FAILING TO YIELD RIGHT-OF-WAY,2,8,NO INDICATION OF INJURY,0,0,9,6,41.8720834481,-87.7447858165
12/09/2021 12:20:00 PM,30,CLOUDY/OVERCAST,DAYLIGHT,REAR END,DIVIDED - W/MEDIAN (NOT RAISED),UNKNOWN,NO INJURY / DRIVE AWAY,UNABLE TO DETERMINE,2,12,NO INDICATION OF INJURY,0,0,12,5,41.9889026315,-87.655202871
01/14/2024 02:00:00 AM,30,SNOW,"DARKNESS, LIGHTED ROAD",SIDESWIPE OPPOSITE DIRECTION,NOT DIVIDED,SNOW OR SLUSH,INJURY AND / OR TOW DUE TO CRASH,UNABLE TO DETERMINE,2,1,NO INDICATION OF INJURY,0,0,2,1,41.8577972398,-87.7153228589
06/02/2023 01:00:00 PM,30,CLEAR,DAYLIGHT,REAR TO SIDE,PARKING LOT,DRY,NO INJURY / DRIVE AWAY,IMPROPER BACKING,2,6,NO INDICATION OF INJURY,0,0,13,6,41.7992442508,-87.7428007895
04/08/2021 09:33:00 PM,30,RAIN,"DARKNESS, LIGHTED ROAD",PEDESTRIAN,FOUR WAY,WET,INJURY AND / OR TOW DUE TO CRASH,"OPERATING VEHICLE IN ERRATIC, RECKLESS, CARELESS, NEGLIGENT OR AGGRESSIVE MANNER",2,4,FATAL,1,1,21,5,41.8736241188,-87.7204065573
11/06/2025 09:50:00 PM,30,CLEAR,"DARKNESS, LIGHTED ROAD",PEDESTRIAN,DIVIDED - W/MEDIAN BARRIER,DRY,INJURY AND / OR TOW DUE TO CRASH,DISREGARDING TRAFFIC SIGNALS,2,11,NONINCAPACITATING INJURY,1,0,21,5,41.8925111449,-87.6243309578
06/03/2024 02:56:00 PM,30,CLEAR,DAYLIGHT,REAR END,FOUR WAY,DRY,INJURY AND / OR TOW DUE TO CRASH,FOLLOWING TOO CLOSELY,2,6,NONINCAPACITATING INJURY,1,0,14,2,41.8755155161,-87.6293774155
10/07/2021 09:00:00 AM,30,RAIN,DAYLIGHT,TURNING,FOUR WAY,WET,NO INJURY / DRIVE AWAY,IMPROPER TURNING/NO SIGNAL,2,10,NO INDICATION OF INJURY,0,0,9,5,41.9156224122,-87.7070639352
07/03/2025 06:03:00 PM,30,CLEAR,DAYLIGHT,PEDALCYCLIST,NOT DIVIDED,DRY,NO INJURY / DRIVE AWAY,UNABLE TO DETERMINE,2,7,NO INDICATION OF INJURY,0,0,18,5,41.9529444554,-87.7768295418
10/27/2025 04:30:00 AM,30,CLEAR,DARKNESS,FIXED OBJECT,DIVIDED - W/MEDIAN BARRIER,DRY,INJURY AND / OR TOW DUE TO CRASH,UNABLE TO DETERMINE,1,10,NONINCAPACITATING INJURY,1,0,4,2,41.7659445543,-87.607930358
01/14/2025 10:13:00 AM,10,SNOW,DAYLIGHT,PEDESTRIAN,PARKING LOT,WET,INJURY AND / OR TOW DUE TO CRASH,UNABLE TO DETERMINE,2,1,"REPORTED, NOT EVIDENT",1,0,10,3,41.9282789928,-87.7857612572
05/18/2022 08:50:00 PM,35,CLEAR,DARKNESS,ANGLE,NOT DIVIDED,DRY,NO INJURY / DRIVE AWAY,DISREGARDING TRAFFIC SIGNALS,2,5,NO INDICATION OF INJURY,0,0,20,4,41.8857963123,-87.6296461541
09/02/2022 10:00:00 PM,35,CLEAR,DARKNESS,REAR END,NOT DIVIDED,DRY,NO INJURY / DRIVE AWAY,FOLLOWING TOO CLOSELY,2,9,NO INDICATION OF INJURY,0,0,22,6,41.9104298624,-87.6872842205
01/14/2026 11:10:00 AM,35,CLEAR,DAYLIGHT,REAR END,FOUR WAY,WET,NO INJURY / DRIVE AWAY,IMPROPER OVERTAKING/PASSING,2,1,NO INDICATION OF INJURY,0,0,11,4,41.7914570855,-87.6052749713
08/02/2022 08:11:00 AM,25,CLEAR,DAYLIGHT,REAR END,DIVIDED - W/MEDIAN (NOT RAISED),DRY,NO INJURY / DRIVE AWAY,UNABLE TO DETERMINE,2,8,NO INDICATION OF INJURY,0,0,8,3,41.9092221227,-87.701567176
01/27/2025 08:11:00 AM,30,CLEAR,DAYLIGHT,REAR END,NOT DIVIDED,DRY,NO INJURY / DRIVE AWAY,UNABLE TO DETERMINE,2,1,NO INDICATION OF INJURY,0,0,8,2,41.9028944368,-87.6882338686
12/08/2022 05:14:00 PM,30,CLEAR,"DARKNESS, LIGHTED ROAD",ANGLE,FOUR WAY,DRY,INJURY AND / OR TOW DUE TO CRASH,DISREGARDING TRAFFIC SIGNALS,2,12,NO INDICATION OF INJURY,0,0,17,5,41.8743096245,-87.6666408822
04/30/2025 09:53:00 PM,30,CLEAR,"DARKNESS, LIGHTED ROAD",SIDESWIPE SAME DIRECTION,NOT DIVIDED,DRY,NO INJURY / DRIVE AWAY,IMPROPER LANE USAGE,2,4,NO INDICATION OF INJURY,0,0,21,4,41.8925932255,-87.6243340479
08/31/2025 01:56:00 AM,30,CLEAR,DARKNESS,SIDESWIPE SAME DIRECTION,NOT DIVIDED,DRY,NO INJURY / DRIVE AWAY,IMPROPER OVERTAKING/PASSING,2,8,NO INDICATION OF INJURY,0,0,1,1,41.6777324434,-87.6408479055
01/31/2025 07:11:00 PM,30,UNKNOWN,UNKNOWN,SIDESWIPE SAME DIRECTION,FOUR WAY,UNKNOWN,NO INJURY / DRIVE AWAY,IMPROPER LANE USAGE,2,1,NO INDICATION OF INJURY,0,0,19,6,41.8686115206,-87.6275995958
02/11/2025 09:15:00 AM,30,CLOUDY/OVERCAST,UNKNOWN,PARKED MOTOR VEHICLE,NOT DIVIDED,DRY,NO INJURY / DRIVE AWAY,NOT APPLICABLE,2,2,NO INDICATION OF INJURY,0,0,9,3,41.7682108498,-87.584545179
09/20/2023 04:40:00 AM,30,CLEAR,"DARKNESS, LIGHTED ROAD",PARKED MOTOR VEHICLE,DIVIDED - W/MEDIAN (NOT RAISED),DRY,NO INJURY / DRIVE AWAY,UNABLE TO DETERMINE,2,9,NO INDICATION OF INJURY,0,0,4,4,41.8403298599,-87.6604119098
05/08/2024 07:00:00 AM,35,CLEAR,DAYLIGHT,PARKED MOTOR VEHICLE,NOT DIVIDED,DRY,NO INJURY / DRIVE AWAY,FAILING TO REDUCE SPEED TO AVOID CRASH,2,5,NO INDICATION OF INJURY,0,0,7,4,41.8142476695,-87.6603977712
01/14/2025 08:00:00 PM,30,SNOW,DARKNESS,PARKED MOTOR VEHICLE,NOT DIVIDED,SNOW OR SLUSH,NO INJURY / DRIVE AWAY,UNABLE TO DETERMINE,2,1,NO INDICATION OF INJURY,0,0,20,3,41.8015022325,-87.5849221398
10/11/2023 07:45:00 AM,35,CLEAR,DAYLIGHT,REAR END,NOT DIVIDED,DRY,NO INJURY / DRIVE AWAY,FOLLOWING TOO CLOSELY,2,10,NO INDICATION OF INJURY,0,0,7,4,41.9528052482,-87.7866783475
04/03/2024 03:14:00 PM,20,RAIN,DAYLIGHT,PARKED MOTOR VEHICLE,TRAFFIC ROUTE,WET,NO INJURY / DRIVE AWAY,DRIVING SKILLS/KNOWLEDGE/EXPERIENCE,2,4,NO INDICATION OF INJURY,0,0,15,4,41.8777971866,-87.663145124
10/14/2022 04:50:00 PM,30,CLEAR,DAYLIGHT,REAR END,NOT DIVIDED,DRY,NO INJURY / DRIVE AWAY,UNABLE TO DETERMINE,2,10,NO INDICATION OF INJURY,0,0,16,6,41.9612962773,-87.7083106684
12/26/2025 11:45:00 PM,30,CLEAR,"DARKNESS, LIGHTED ROAD",ANGLE,FOUR WAY,DRY,INJURY AND / OR TOW DUE TO CRASH,NOT APPLICABLE,2,12,"REPORTED, NOT EVIDENT",3,0,23,6,41.7728093181,-87.6298197873
03/25/2024 07:30:00 PM,20,CLEAR,DARKNESS,PARKED MOTOR VEHICLE,ONE-WAY,DRY,NO INJURY / DRIVE AWAY,FAILING TO REDUCE SPEED TO AVOID CRASH,2,3,NO INDICATION OF INJURY,0,0,19,2,41.900975292,-87.7241460965
09/01/2021 07:48:00 AM,35,CLEAR,DAYLIGHT,SIDESWIPE SAME DIRECTION,NOT DIVIDED,DRY,NO INJURY / DRIVE AWAY,NOT APPLICABLE,2,9,NO INDICATION OF INJURY,0,0,7,4,41.7148227883,-87.5599139019
09/17/2021 10:50:00 AM,15,CLEAR,DAYLIGHT,PARKED MOTOR VEHICLE,PARKING LOT,DRY,NO INJURY / DRIVE AWAY,UNABLE TO DETERMINE,2,9,NO INDICATION OF INJURY,0,0,10,6,41.7363800456,-87.627509219
02/04/2021 11:00:00 PM,40,SNOW,"DARKNESS, LIGHTED ROAD",REAR END,NOT DIVIDED,WET,INJURY AND / OR TOW DUE TO CRASH,WEATHER,2,2,NONINCAPACITATING INJURY,1,0,23,5,41.8167293867,-87.7435367125
04/23/2022 02:15:00 PM,15,CLEAR,DAYLIGHT,SIDESWIPE SAME DIRECTION,PARKING LOT,DRY,NO INJURY / DRIVE AWAY,FOLLOWING TOO CLOSELY,2,4,NO INDICATION OF INJURY,0,0,14,7,41.976201139,-87.9053091251
01/08/2026 08:30:00 AM,30,CLEAR,DAYLIGHT,REAR END,NOT DIVIDED,UNKNOWN,NO INJURY / DRIVE AWAY,UNABLE TO DETERMINE,2,1,NO INDICATION OF INJURY,0,0,8,5,41.8283551061,-87.7044006208
03/29/2021 08:05:00 AM,30,CLOUDY/OVERCAST,DAYLIGHT,FIXED OBJECT,NOT DIVIDED,DRY,NO INJURY / DRIVE AWAY,UNABLE TO DETERMINE,1,3,NO INDICATION OF INJURY,0,0,8,2,41.7358152523,-87.6388909174
05/28/2021 10:17:00 PM,15,CLOUDY/OVERCAST,"DARKNESS, LIGHTED ROAD",PARKED MOTOR VEHICLE,NOT DIVIDED,UNKNOWN,NO INJURY / DRIVE AWAY,"OPERATING VEHICLE IN ERRATIC, RECKLESS, CARELESS, NEGLIGENT OR AGGRESSIVE MANNER",2,5,NO INDICATION OF INJURY,0,0,22,6,41.7546932408,-87.6553184877
07/25/2021 11:00:00 AM,30,CLEAR,DAYLIGHT,PARKED MOTOR VEHICLE,NOT DIVIDED,DRY,NO INJURY / DRIVE AWAY,HAD BEEN DRINKING (USE WHEN ARREST IS NOT MADE),2,7,NO INDICATION OF INJURY,0,0,11,1,41.9058663761,-87.6329482076
12/12/2025 05:00:00 PM,25,CLEAR,DARKNESS,PARKED MOTOR VEHICLE,ONE-WAY,DRY,NO INJURY / DRIVE AWAY,UNABLE TO DETERMINE,2,12,NO INDICATION OF INJURY,0,0,17,6,41.7442265224,-87.5735673426
12/29/2021 02:50:00 PM,30,CLOUDY/OVERCAST,DAYLIGHT,REAR TO FRONT,T-INTERSECTION,DRY,NO INJURY / DRIVE AWAY,IMPROPER TURNING/NO SIGNAL,2,12,NO INDICATION OF INJURY,0,0,14,4,41.6920539535,-87.7009898776
05/28/2025 11:30:00 AM,30,RAIN,DAYLIGHT,REAR END,NOT DIVIDED,WET,INJURY AND / OR TOW DUE TO CRASH,UNABLE TO DETERMINE,2,5,"REPORTED, NOT EVIDENT",1,0,11,4,41.9619278009,-87.6470088237
07/26/2023 01:30:00 PM,30,CLEAR,DAYLIGHT,PARKED MOTOR VEHICLE,ONE-WAY,DRY,NO INJURY / DRIVE AWAY,IMPROPER OVERTAKING/PASSING,2,7,NO INDICATION OF INJURY,0,0,13,4,41.9342155744,-87.6404026519
07/01/2025 11:15:00 AM,30,CLEAR,DAYLIGHT,ANGLE,NOT DIVIDED,DRY,INJURY AND / OR TOW DUE TO CRASH,FAILING TO YIELD RIGHT-OF-WAY,2,7,"REPORTED, NOT EVIDENT",2,0,11,3,41.9076907946,-87.7461773305
01/18/2026 02:00:00 AM,30,CLEAR,"DARKNESS, LIGHTED ROAD",PARKED MOTOR VEHICLE,NOT DIVIDED,WET,INJURY AND / OR TOW DUE TO CRASH,UNABLE TO DETERMINE,2,1,NO INDICATION OF INJURY,0,0,2,1,41.898512253,-87.7718290501
08/27/2022 11:47:00 AM,30,CLEAR,DAYLIGHT,SIDESWIPE SAME DIRECTION,NOT DIVIDED,DRY,NO INJURY / DRIVE AWAY,FAILING TO YIELD RIGHT-OF-WAY,2,8,NO INDICATION OF INJURY,0,0,11,7,41.9982171456,-87.6897516977
03/17/2022 04:50:00 PM,30,UNKNOWN,UNKNOWN,SIDESWIPE SAME DIRECTION,NOT DIVIDED,UNKNOWN,NO INJURY / DRIVE AWAY,IMPROPER TURNING/NO SIGNAL,2,3,NO INDICATION OF INJURY,0,0,16,5,41.9856410954,-87.6553885441
07/13/2024 10:30:00 AM,30,CLEAR,"DARKNESS, LIGHTED ROAD",REAR END,NOT DIVIDED,DRY,NO INJURY / DRIVE AWAY,FAILING TO REDUCE SPEED TO AVOID CRASH,2,7,NO INDICATION OF INJURY,0,0,10,7,41.8671342083,-87.6442375198
08/18/2022 12:00:00 AM,30,UNKNOWN,UNKNOWN,PARKED MOTOR VEHICLE,DIVIDED - W/MEDIAN (NOT RAISED),UNKNOWN,NO INJURY / DRIVE AWAY,UNABLE TO DETERMINE,2,8,NO INDICATION OF INJURY,0,0,0,5,41.9664173389,-87.6692299141
07/01/2021 05:30:00 PM,30,CLEAR,DAYLIGHT,TURNING,DIVIDED - W/MEDIAN BARRIER,DRY,NO INJURY / DRIVE AWAY,FOLLOWING TOO CLOSELY,2,7,NO INDICATION OF INJURY,0,0,17,5,41.832127133,-87.6950214636
05/07/2025 03:20:00 PM,30,UNKNOWN,UNKNOWN,REAR END,NOT DIVIDED,UNKNOWN,NO INJURY / DRIVE AWAY,IMPROPER LANE USAGE,2,5,NO INDICATION OF INJURY,0,0,15,4,41.8968392715,-87.6168842979
03/04/2023 01:00:00 PM,10,CLEAR,DAYLIGHT,PARKED MOTOR VEHICLE,PARKING LOT,DRY,NO INJURY / DRIVE AWAY,FOLLOWING TOO CLOSELY,2,3,NO INDICATION OF INJURY,0,0,13,7,41.883438878,-87.7366478423
03/08/2024 06:00:00 PM,20,RAIN,"DARKNESS, LIGHTED ROAD",PEDESTRIAN,ONE-WAY,WET,INJURY AND / OR TOW DUE TO CRASH,UNABLE TO DETERMINE,2,3,NONINCAPACITATING INJURY,1,0,18,6,41.9843970654,-87.6705137674
06/06/2025 10:56:00 AM,30,CLEAR,DAYLIGHT,PARKED MOTOR VEHICLE,NOT DIVIDED,DRY,NO INJURY / DRIVE AWAY,NOT APPLICABLE,2,6,NO INDICATION OF INJURY,0,0,10,6,41.7988538081,-87.645420974
08/15/2023 10:01:00 PM,25,CLEAR,"DARKNESS, LIGHTED ROAD",PARKED MOTOR VEHICLE,OTHER,DRY,INJURY AND / OR TOW DUE TO CRASH,"OPERATING VEHICLE IN ERRATIC, RECKLESS, CARELESS, NEGLIGENT OR AGGRESSIVE MANNER",2,8,NO INDICATION OF INJURY,0,0,22,3,41.7655101281,-87.6117761664
03/12/2025 10:22:00 PM,30,CLEAR,"DARKNESS, LIGHTED ROAD",PARKED MOTOR VEHICLE,NOT DIVIDED,DRY,INJURY AND / OR TOW DUE TO CRASH,FAILING TO REDUCE SPEED TO AVOID CRASH,3,3,NO INDICATION OF INJURY,0,0,22,4,41.7686139921,-87.652263521
06/18/2024 08:48:00 AM,20,CLEAR,DAYLIGHT,REAR TO FRONT,PARKING LOT,DRY,NO INJURY / DRIVE AWAY,IMPROPER BACKING,2,6,NO INDICATION OF INJURY,0,0,8,3,41.8740601078,-87.6683847406
04/29/2025 02:44:00 PM,10,CLEAR,DAYLIGHT,PARKED MOTOR VEHICLE,NOT DIVIDED,DRY,NO INJURY / DRIVE AWAY,UNABLE TO DETERMINE,2,4,NO INDICATION OF INJURY,0,0,14,3,41.6717171206,-87.5400502847
01/09/2024 06:00:00 PM,30,SNOW,"DARKNESS, LIGHTED ROAD",REAR END,NOT DIVIDED,SNOW OR SLUSH,NO INJURY / DRIVE AWAY,UNABLE TO DETERMINE,2,1,NO INDICATION OF INJURY,0,0,18,3,41.9393325629,-87.6901461342
04/11/2021 07:38:00 PM,40,CLEAR,"DARKNESS, LIGHTED ROAD",SIDESWIPE SAME DIRECTION,RAMP,DRY,INJURY AND / OR TOW DUE TO CRASH,UNABLE TO DETERMINE,2,4,NO INDICATION OF INJURY,0,0,19,1,41.9404429026,-87.6386335392
07/16/2025 09:23:00 AM,30,CLEAR,DAYLIGHT,PARKED MOTOR VEHICLE,DIVIDED - W/MEDIAN (NOT RAISED),DRY,INJURY AND / OR TOW DUE TO CRASH,UNABLE TO DETERMINE,2,7,NO INDICATION OF INJURY,0,0,9,4,41.8208496271,-87.6849063804
05/10/2024 01:30:00 PM,30,CLEAR,DAYLIGHT,REAR END,DIVIDED - W/MEDIAN (NOT RAISED),DRY,NO INJURY / DRIVE AWAY,FOLLOWING TOO CLOSELY,2,5,NO INDICATION OF INJURY,0,0,13,6,41.9983154842,-87.7889331129
02/18/2025 03:10:00 PM,30,CLEAR,DAYLIGHT,SIDESWIPE SAME DIRECTION,FOUR WAY,UNKNOWN,NO INJURY / DRIVE AWAY,NOT APPLICABLE,2,2,NO INDICATION OF INJURY,0,0,15,3,41.7794439377,-87.672637523
11/16/2025 12:30:00 PM,25,CLEAR,DAYLIGHT,ANGLE,NOT DIVIDED,DRY,NO INJURY / DRIVE AWAY,NOT APPLICABLE,2,11,NO INDICATION OF INJURY,0,0,12,1,41.9361080267,-87.6575614862
02/28/2022 03:00:00 PM,20,CLEAR,DAYLIGHT,REAR END,NOT DIVIDED,DRY,NO INJURY / DRIVE AWAY,FOLLOWING TOO CLOSELY,2,2,NO INDICATION OF INJURY,0,0,15,2,41.8380657641,-87.6897202162
06/12/2021 01:30:00 PM,30,CLEAR,DAYLIGHT,SIDESWIPE SAME DIRECTION,NOT DIVIDED,DRY,NO INJURY / DRIVE AWAY,NOT APPLICABLE,2,6,NO INDICATION OF INJURY,0,0,13,7,41.7432079378,-87.7120772803
09/18/2024 06:15:00 PM,35,CLEAR,DAYLIGHT,TURNING,ONE-WAY,DRY,NO INJURY / DRIVE AWAY,UNABLE TO DETERMINE,2,9,NO INDICATION OF INJURY,0,0,18,4,41.9389297549,-87.731483303
04/23/2023 11:45:00 AM,30,CLEAR,DAYLIGHT,SIDESWIPE SAME DIRECTION,DIVIDED - W/MEDIAN (NOT RAISED),DRY,INJURY AND / OR TOW DUE TO CRASH,FAILING TO YIELD RIGHT-OF-WAY,2,4,NO INDICATION OF INJURY,0,0,11,1,41.997550033,-87.6940239465
06/06/2021 07:00:00 PM,35,CLEAR,DAYLIGHT,ANGLE,FOUR WAY,DRY,INJURY AND / OR TOW DUE TO CRASH,DISREGARDING TRAFFIC SIGNALS,2,6,"REPORTED, NOT EVIDENT",2,0,19,1,41.8309350952,-87.6299753048
06/04/2021 03:00:00 PM,30,CLEAR,DAYLIGHT,ANGLE,DIVIDED - W/MEDIAN (NOT RAISED),UNKNOWN,NO INJURY / DRIVE AWAY,DRIVING SKILLS/KNOWLEDGE/EXPERIENCE,2,6,NO INDICATION OF INJURY,0,0,15,6,41.8805409482,-87.7745233088
10/27/2021 05:00:00 PM,20,CLEAR,DAYLIGHT,SIDESWIPE OPPOSITE DIRECTION,ONE-WAY,DRY,NO INJURY / DRIVE AWAY,DRIVING ON WRONG SIDE/WRONG WAY,2,10,NO INDICATION OF INJURY,0,0,17,4,41.8889518755,-87.7605686367
04/14/2023 11:00:00 PM,25,UNKNOWN,UNKNOWN,PARKED MOTOR VEHICLE,OTHER,UNKNOWN,NO INJURY / DRIVE AWAY,UNABLE TO DETERMINE,2,4,NO INDICATION OF INJURY,0,0,23,6,41.7028066553,-87.669207491
04/03/2024 01:15:00 PM,30,RAIN,DAYLIGHT,REAR END,NOT DIVIDED,WET,INJURY AND / OR TOW DUE TO CRASH,FOLLOWING TOO CLOSELY,2,4,"REPORTED, NOT EVIDENT",1,0,13,4,41.9348397971,-87.7272109304
06/22/2025 11:49:00 PM,30,CLEAR,"DARKNESS, LIGHTED ROAD",REAR END,DIVIDED - W/MEDIAN (NOT RAISED),DRY,INJURY AND / OR TOW DUE TO CRASH,UNABLE TO DETERMINE,2,6,NONINCAPACITATING INJURY,1,0,23,1,41.914578417,-87.7658246037
06/14/2023 04:48:00 PM,30,CLEAR,DAYLIGHT,PEDALCYCLIST,NOT DIVIDED,DRY,INJURY AND / OR TOW DUE TO CRASH,FAILING TO YIELD RIGHT-OF-WAY,2,6,NONINCAPACITATING INJURY,1,0,16,4,41.9038349547,-87.6673611601