CRASH_DATE,POSTED_SPEED_LIMIT,WEATHER_CONDITION,LIGHTING_CONDITION,FIRST_CRASH_TYPE,TRAFFICWAY_TYPE,ROADWAY_SURFACE_COND,CRASH_TYPE,PRIM_CONTRIBUTORY_CAUSE,NUM_UNITS,CRASH_MONTH,MOST_SEVERE_INJURY,INJURIES_TOTAL,INJURIES_FATAL,CRASH_HOUR,CRASH_DAY_OF_WEEK,LATITUDE,LONGITUDE
07/07/2023 09:00:00 PM,30,CLEAR,"DARKNESS, LIGHTED ROAD",TURNING,ONE-WAY,DRY,NO INJURY / DRIVE AWAY,UNABLE TO DETERMINE,2,7,NO INDICATION OF INJURY,0,0,21,6,41.8948555019,-87.6228216564
04/23/2026 02:45:00 PM,30,CLEAR,DAYLIGHT,ANGLE,DIVIDED - W/MEDIAN (NOT RAISED),DRY,NO INJURY / DRIVE AWAY,UNABLE TO DETERMINE,2,4,NO INDICATION OF INJURY,0,0,14,5,41.893019573,-87.7654696224
04/24/2022 10:25:00 PM,30,CLEAR,"DARKNESS, LIGHTED ROAD",SIDESWIPE SAME DIRECTION,FOUR WAY,DRY,INJURY AND / OR TOW DUE TO CRASH,FOLLOWING TOO CLOSELY,2,4,NO INDICATION OF INJURY,0,0,22,1,41.7797205414,-87.6542762462
06/04/2023 11:05:00 AM,30,CLEAR,DAYLIGHT,TURNING,DIVIDED - W/MEDIAN BARRIER,DRY,NO INJURY / DRIVE AWAY,FAILING TO YIELD RIGHT-OF-WAY,2,6,NO INDICATION OF INJURY,0,0,11,1,41.7518625045,-87.5483978916
03/15/2026 12:20:00 AM,30,CLEAR,"DARKNESS, LIGHTED ROAD",ANGLE,ONE-WAY,UNKNOWN,NO INJURY / DRIVE AWAY,FAILING TO REDUCE SPEED TO AVOID CRASH,2,3,NO INDICATION OF INJURY,0,0,0,1,41.9453493165,-87.6504237229
08/06/2025 03:26:00 PM,20,CLEAR,DAYLIGHT,REAR END,NOT DIVIDED,DRY,NO INJURY / DRIVE AWAY,FOLLOWING TOO CLOSELY,2,8,NO INDICATION OF INJURY,0,0,15,4,41.9756564106,-87.7061580445
12/06/2024 03:03:00 PM,30,CLEAR,DAYLIGHT,TURNING,NOT DIVIDED,DRY,INJURY AND / OR TOW DUE TO CRASH,UNABLE TO DETERMINE,2,12,"REPORTED, NOT EVIDENT",2,0,15,6,41.9540384553,-87.7067348119
06/10/2024 12:42:00 AM,35,CLEAR,"DARKNESS, LIGHTED ROAD",TURNING,DIVIDED - W/MEDIAN (NOT RAISED),DRY,NO INJURY / DRIVE AWAY,"OPERATING VEHICLE IN ERRATIC, RECKLESS, CARELESS, NEGLIGENT OR AGGRESSIVE MANNER",2,6,NO INDICATION OF INJURY,0,0,0,2,41.924025937,-87.754108923
07/18/2022 11:05:00 AM,30,CLEAR,DAYLIGHT,TURNING,ONE-WAY,DRY,NO INJURY / DRIVE AWAY,IMPROPER TURNING/NO SIGNAL,2,7,NO INDICATION OF INJURY,0,0,11,2,41.8820043405,-87.6841027151
06/18/2025 05:33:00 PM,30,RAIN,DAYLIGHT,TURNING,NOT DIVIDED,WET,INJURY AND / OR TOW DUE TO CRASH,FAILING TO YIELD RIGHT-OF-WAY,2,6,NO INDICATION OF INJURY,0,0,17,4,41.8309224418,-87.6316505184
06/24/2025 09:00:00 AM,30,CLEAR,DAYLIGHT,REAR END,FOUR WAY,DRY,NO INJURY / DRIVE AWAY,FOLLOWING TOO CLOSELY,2,6,NO INDICATION OF INJURY,0,0,9,3,41.8845309638,-87.6246020446
08/18/2021 07:14:00 AM,30,CLEAR,DAYLIGHT,OTHER NONCOLLISION,UNKNOWN,UNKNOWN,INJURY AND / OR TOW DUE TO CRASH,FAILING TO REDUCE SPEED TO AVOID CRASH,1,8,NONINCAPACITATING INJURY,1,0,7,4,41.6854178311,-87.6028381341
08/28/2025 02:25:00 PM,30,CLEAR,DAYLIGHT,REAR END,NOT DIVIDED,DRY,NO INJURY / DRIVE AWAY,IMPROPER LANE USAGE,2,8,NO INDICATION OF INJURY,0,0,14,5,41.804641245,-87.6845169054
05/26/2024 03:43:00 AM,30,CLEAR,"DARKNESS, LIGHTED ROAD",TURNING,FOUR WAY,DRY,INJURY AND / OR TOW DUE TO CRASH,FAILING TO YIELD RIGHT-OF-WAY,2,5,NONINCAPACITATING INJURY,2,0,3,1,41.7792269207,-87.6740527314
04/27/2025 03:53:00 AM,30,CLEAR,"DARKNESS, LIGHTED ROAD",OTHER OBJECT,DIVIDED - W/MEDIAN BARRIER,DRY,INJURY AND / OR TOW DUE TO CRASH,UNABLE TO DETERMINE,1,4,NO INDICATION OF INJURY,0,0,3,1,41.7275216827,-87.643525031
01/18/2024 04:07:00 PM,30,CLEAR,DAYLIGHT,REAR END,DIVIDED - W/MEDIAN (NOT RAISED),DRY,NO INJURY / DRIVE AWAY,FOLLOWING TOO CLOSELY,2,1,NO INDICATION OF INJURY,0,0,16,5,41.7909861019,-87.6452193118
10/12/2023 05:50:00 PM,30,CLEAR,DAYLIGHT,PEDESTRIAN,DIVIDED - W/MEDIAN BARRIER,DRY,NO INJURY / DRIVE AWAY,NOT APPLICABLE,2,10,NO INDICATION OF INJURY,0,0,17,5,41.8091306798,-87.6651308271
03/29/2025 11:00:00 AM,30,CLEAR,DAYLIGHT,REAR END,NOT DIVIDED,DRY,NO INJURY / DRIVE AWAY,FOLLOWING TOO CLOSELY,2,3,NO INDICATION OF INJURY,0,0,11,7,41.9471751877,-87.6641634946
09/10/2023 05:00:00 PM,25,CLEAR,DAYLIGHT,REAR END,NOT DIVIDED,DRY,NO INJURY / DRIVE AWAY,FAILING TO REDUCE SPEED TO AVOID CRASH,2,9,NO INDICATION OF INJURY,0,0,17,1,41.9095028766,-87.7643393102
01/23/2024 08:41:00 AM,30,RAIN,DAYLIGHT,PARKED MOTOR VEHICLE,NOT DIVIDED,ICE,INJURY AND / OR TOW DUE TO CRASH,NOT APPLICABLE,3,1,NO INDICATION OF INJURY,0,0,8,3,42.0087476504,-87.6910311886
01/15/2025 12:55:00 PM,30,CLEAR,DAYLIGHT,ANGLE,NOT DIVIDED,SNOW OR SLUSH,NO INJURY / DRIVE AWAY,UNABLE TO DETERMINE,2,1,NO INDICATION OF INJURY,0,0,12,4,41.708077429,-87.5598068713
05/28/2023 10:24:00 PM,30,CLEAR,"DARKNESS, LIGHTED ROAD",TURNING,T-INTERSECTION,DRY,NO INJURY / DRIVE AWAY,IMPROPER OVERTAKING/PASSING,2,5,NO INDICATION OF INJURY,0,0,22,1,41.8909758043,-87.6227976737
03/19/2022 09:30:00 AM,30,RAIN,DAYLIGHT,SIDESWIPE SAME DIRECTION,FOUR WAY,WET,NO INJURY / DRIVE AWAY,IMPROPER LANE USAGE,2,3,NO INDICATION OF INJURY,0,0,9,7,41.993782022,-87.7843012102
08/23/2023 06:42:00 PM,30,CLEAR,DAYLIGHT,TURNING,NOT DIVIDED,DRY,INJURY AND / OR TOW DUE TO CRASH,UNABLE TO DETERMINE,2,8,NO INDICATION OF INJURY,0,0,18,4,41.9229310426,-87.7461194779
05/18/2025 04:09:00 AM,30,CLEAR,"DARKNESS, LIGHTED ROAD",SIDESWIPE SAME DIRECTION,NOT DIVIDED,DRY,INJURY AND / OR TOW DUE TO CRASH,IMPROPER OVERTAKING/PASSING,6,5,INCAPACITATING INJURY,1,0,4,1,41.8904939345,-87.7552892142
08/05/2023 03:45:00 PM,30,RAIN,DUSK,REAR END,NOT DIVIDED,WET,NO INJURY / DRIVE AWAY,FOLLOWING TOO CLOSELY,2,8,NO INDICATION OF INJURY,0,0,15,7,41.9754191008,-87.7494776086
01/22/2026 06:38:00 PM,30,CLEAR,DARKNESS,TURNING,DIVIDED - W/MEDIAN (NOT RAISED),DRY,NO INJURY / DRIVE AWAY,FAILING TO YIELD RIGHT-OF-WAY,2,1,NO INDICATION OF INJURY,0,0,18,5,41.9237158538,-87.7757731375
06/25/2023 08:00:00 PM,25,CLEAR,DUSK,PARKED MOTOR VEHICLE,NOT DIVIDED,DRY,NO INJURY / DRIVE AWAY,UNABLE TO DETERMINE,2,6,NO INDICATION OF INJURY,0,0,20,1,41.7471723504,-87.6498617645
05/12/2022 04:10:00 PM,30,CLEAR,DAYLIGHT,SIDESWIPE SAME DIRECTION,NOT DIVIDED,DRY,NO INJURY / DRIVE AWAY,IMPROPER OVERTAKING/PASSING,2,5,NO INDICATION OF INJURY,0,0,16,5,41.7796575004,-87.6449309928
03/19/2021 02:36:00 PM,30,CLEAR,DAYLIGHT,SIDESWIPE SAME DIRECTION,ONE-WAY,DRY,NO INJURY / DRIVE AWAY,FAILING TO YIELD RIGHT-OF-WAY,2,3,NO INDICATION OF INJURY,0,0,14,6,41.7631133619,-87.6916191543
07/12/2023 05:40:00 PM,30,RAIN,DAYLIGHT,ANGLE,FOUR WAY,WET,NO INJURY / DRIVE AWAY,DISREGARDING STOP SIGN,2,7,NO INDICATION OF INJURY,0,0,17,4,41.9980503341,-87.6629852887
01/10/2025 02:02:00 PM,25,SNOW,DAYLIGHT,REAR END,ONE-WAY,SNOW OR SLUSH,NO INJURY / DRIVE AWAY,NOT APPLICABLE,2,1,NO INDICATION OF INJURY,0,0,14,6,41.9060248176,-87.7361757033
03/17/2025 04:00:00 PM,10,CLEAR,UNKNOWN,PARKED MOTOR VEHICLE,PARKING LOT,DRY,NO INJURY / DRIVE AWAY,UNABLE TO DETERMINE,2,3,NO INDICATION OF INJURY,0,0,16,2,41.867807964,-87.6804533191
09/13/2022 06:44:00 PM,30,CLEAR,"DARKNESS, LIGHTED ROAD",ANGLE,FOUR WAY,DRY,NO INJURY / DRIVE AWAY,FAILING TO YIELD RIGHT-OF-WAY,2,9,NO INDICATION OF INJURY,0,0,18,3,41.8617151307,-87.6566043238
06/07/2022 10:30:00 AM,30,CLEAR,DARKNESS,PARKED MOTOR VEHICLE,ONE-WAY,DRY,NO INJURY / DRIVE AWAY,UNABLE TO DETERMINE,2,6,NO INDICATION OF INJURY,0,0,10,3,41.7393824795,-87.6591144209
12/03/2022 02:18:00 AM,30,RAIN,"DARKNESS, LIGHTED ROAD",FIXED OBJECT,DIVIDED - W/MEDIAN BARRIER,WET,INJURY AND / OR TOW DUE TO CRASH,UNABLE TO DETERMINE,1,12,NO INDICATION OF INJURY,0,0,2,7,41.7499462308,-87.7037653391
03/04/2022 04:15:00 PM,30,UNKNOWN,DAYLIGHT,TURNING,NOT DIVIDED,UNKNOWN,NO INJURY / DRIVE AWAY,IMPROPER OVERTAKING/PASSING,2,3,NO INDICATION OF INJURY,0,0,16,6,41.9395704117,-87.6881078597
10/25/2025 05:19:00 PM,35,CLEAR,DAYLIGHT,SIDESWIPE SAME DIRECTION,NOT DIVIDED,DRY,NO INJURY / DRIVE AWAY,IMPROPER OVERTAKING/PASSING,2,10,NO INDICATION OF INJURY,0,0,17,7,41.9108491484,-87.654274389
03/01/2026 03:00:00 PM,30,CLEAR,DAYLIGHT,SIDESWIPE SAME DIRECTION,NOT DIVIDED,DRY,NO INJURY / DRIVE AWAY,IMPROPER LANE USAGE,2,3,NO INDICATION OF INJURY,0,0,15,1,41.7440581207,-87.6051829924
09/26/2022 08:19:00 PM,30,CLEAR,DARKNESS,SIDESWIPE SAME DIRECTION,NOT DIVIDED,DRY,NO INJURY / DRIVE AWAY,UNABLE TO DETERMINE,2,9,NO INDICATION OF INJURY,0,0,20,2,41.8228252349,-87.694477091
11/09/2021 08:10:00 AM,30,CLEAR,DAYLIGHT,TURNING,DIVIDED - W/MEDIAN (NOT RAISED),DRY,INJURY AND / OR TOW DUE TO CRASH,DISREGARDING ROAD MARKINGS,2,11,"REPORTED, NOT EVIDENT",1,0,8,3,41.6923656377,-87.7202327675
08/19/2024 01:00:00 PM,30,CLEAR,DAYLIGHT,ANGLE,ONE-WAY,DRY,NO INJURY / DRIVE AWAY,UNABLE TO DETERMINE,2,8,NO INDICATION OF INJURY,0,0,13,2,41.9384929564,-87.7982766034
06/10/2022 11:45:00 AM,30,CLEAR,DAYLIGHT,SIDESWIPE SAME DIRECTION,NOT DIVIDED,DRY,NO INJURY / DRIVE AWAY,FAILING TO YIELD RIGHT-OF-WAY,2,6,NO INDICATION OF INJURY,0,0,11,6,41.9152499868,-87.6342932681
09/05/2024 07:30:00 AM,30,CLEAR,DAYLIGHT,REAR END,DIVIDED - W/MEDIAN BARRIER,DRY,INJURY AND / OR TOW DUE TO CRASH,FAILING TO REDUCE SPEED TO AVOID CRASH,3,9,NONINCAPACITATING INJURY,1,0,7,5,41.7862405202,-87.5773983407
04/01/2024 12:41:00 AM,30,RAIN,"DARKNESS, LIGHTED ROAD",ANGLE,UNKNOWN INTERSECTION TYPE,WET,NO INJURY / DRIVE AWAY,UNABLE TO DETERMINE,2,4,NO INDICATION OF INJURY,0,0,0,2,41.9465482569,-87.7225661254
11/08/2023 09:45:00 PM,20,CLEAR,DARKNESS,PARKED MOTOR VEHICLE,NOT DIVIDED,DRY,INJURY AND / OR TOW DUE TO CRASH,"OPERATING VEHICLE IN ERRATIC, RECKLESS, CARELESS, NEGLIGENT OR AGGRESSIVE MANNER",4,11,NO INDICATION OF INJURY,0,0,21,4,41.8770613526,-87.6812798777
12/06/2025 11:00:00 AM,30,CLEAR,DAYLIGHT,PARKED MOTOR VEHICLE,NOT DIVIDED,SNOW OR SLUSH,INJURY AND / OR TOW DUE TO CRASH,UNABLE TO DETERMINE,2,12,NONINCAPACITATING INJURY,1,0,11,7,41.8969218739,-87.721094071
07/16/2022 02:05:00 AM,15,CLEAR,"DARKNESS, LIGHTED ROAD",PARKED MOTOR VEHICLE,NOT DIVIDED,DRY,INJURY AND / OR TOW DUE TO CRASH,UNABLE TO DETERMINE,3,7,NO INDICATION OF INJURY,0,0,2,7,41.7534037775,-87.7096992494
02/22/2023 09:10:00 AM,30,RAIN,DAYLIGHT,REAR END,NOT DIVIDED,WET,NO INJURY / DRIVE AWAY,FAILING TO REDUCE SPEED TO AVOID CRASH,2,2,NO INDICATION OF INJURY,0,0,9,4,41.8721687321,-87.6304621134
08/18/2021 03:00:00 PM,30,CLEAR,DAYLIGHT,PARKED MOTOR VEHICLE,DIVIDED - W/MEDIAN (NOT RAISED),DRY,NO INJURY / DRIVE AWAY,IMPROPER OVERTAKING/PASSING,2,8,NO INDICATION OF INJURY,0,0,15,4,41.7056043251,-87.6817425684
06/29/2023 01:46:00 AM,30,CLEAR,"DARKNESS, LIGHTED ROAD",TURNING,DIVIDED - W/MEDIAN (NOT RAISED),UNKNOWN,NO INJURY / DRIVE AWAY,IMPROPER TURNING/NO SIGNAL,2,6,NO INDICATION OF INJURY,0,0,1,5,41.7464549682,-87.6052491636
11/26/2025 12:40:00 AM,30,CLEAR,DARKNESS,PARKED MOTOR VEHICLE,DIVIDED - W/MEDIAN (NOT RAISED),WET,INJURY AND / OR TOW DUE TO CRASH,UNABLE TO DETERMINE,2,11,"REPORTED, NOT EVIDENT",1,0,0,4,41.763752024,-87.627825176
09/23/2023 11:30:00 PM,30,CLEAR,"DARKNESS, LIGHTED ROAD",SIDESWIPE SAME DIRECTION,ONE-WAY,UNKNOWN,INJURY AND / OR TOW DUE TO CRASH,UNABLE TO DETERMINE,2,9,NO INDICATION OF INJURY,0,0,23,7,41.8788052936,-87.7220807948
08/30/2024 01:08:00 PM,30,CLEAR,DAYLIGHT,SIDESWIPE SAME DIRECTION,DIVIDED - W/MEDIAN (NOT RAISED),DRY,NO INJURY / DRIVE AWAY,FAILING TO REDUCE SPEED TO AVOID CRASH,2,8,NO INDICATION OF INJURY,0,0,13,6,41.9208479412,-87.7765633077
02/07/2026 09:40:00 AM,30,CLEAR,DAYLIGHT,REAR END,DIVIDED - W/MEDIAN (NOT RAISED),DRY,NO INJURY / DRIVE AWAY,FOLLOWING TOO CLOSELY,2,2,NO INDICATION OF INJURY,0,0,9,7,41.8667551109,-87.6467637476
10/28/2025 05:00:00 PM,25,UNKNOWN,UNKNOWN,FIXED OBJECT,ALLEY,UNKNOWN,NO INJURY / DRIVE AWAY,UNABLE TO DETERMINE,1,10,NO INDICATION OF INJURY,0,0,17,3,41.9324841851,-87.6661332851
04/19/2023 08:57:00 AM,30,CLEAR,DAYLIGHT,PARKED MOTOR VEHICLE,ONE-WAY,DRY,NO INJURY / DRIVE AWAY,IMPROPER OVERTAKING/PASSING,2,4,NO INDICATION OF INJURY,0,0,8,4,41.8832305737,-87.678330094
11/27/2023 03:06:00 PM,30,CLEAR,DAYLIGHT,REAR END,NOT DIVIDED,DRY,NO INJURY / DRIVE AWAY,DRIVING SKILLS/KNOWLEDGE/EXPERIENCE,2,11,NO INDICATION OF INJURY,0,0,15,2,41.7717835388,-87.7030897727
03/23/2025 05:22:00 AM,20,CLEAR,"DARKNESS, LIGHTED ROAD",REAR END,ONE-WAY,DRY,NO INJURY / DRIVE AWAY,UNABLE TO DETERMINE,4,3,NO INDICATION OF INJURY,0,0,5,1,41.7534059085,-87.6427461633
11/29/2022 10:50:00 AM,30,CLEAR,DAYLIGHT,REAR END,ONE-WAY,DRY,NO INJURY / DRIVE AWAY,FOLLOWING TOO CLOSELY,2,11,NO INDICATION OF INJURY,0,0,10,3,41.8671342083,-87.6442375198
02/08/2024 04:10:00 PM,30,CLEAR,DAYLIGHT,SIDESWIPE SAME DIRECTION,NOT DIVIDED,DRY,NO INJURY / DRIVE AWAY,FOLLOWING TOO CLOSELY,2,2,NO INDICATION OF INJURY,0,0,16,5,41.8826770317,-87.7650899202
09/06/2024 08:50:00 PM,30,CLEAR,"DARKNESS, LIGHTED ROAD",PEDESTRIAN,NOT DIVIDED,DRY,INJURY AND / OR TOW DUE TO CRASH,UNABLE TO DETERMINE,2,9,NONINCAPACITATING INJURY,1,0,20,6,41.8804976509,-87.7357481495
06/10/2023 12:20:00 PM,30,CLEAR,DAYLIGHT,TURNING,NOT DIVIDED,DRY,NO INJURY / DRIVE AWAY,IMPROPER OVERTAKING/PASSING,2,6,NO INDICATION OF INJURY,0,0,12,7,41.821160657,-87.6898329853
07/20/2021 09:40:00 PM,30,CLEAR,DAYLIGHT,TURNING,DIVIDED - W/MEDIAN (NOT RAISED),DRY,NO INJURY / DRIVE AWAY,IMPROPER TURNING/NO SIGNAL,2,7,NO INDICATION OF INJURY,0,0,21,3,41.9513286423,-87.7441462278
03/08/2024 03:18:00 PM,30,RAIN,DAYLIGHT,PARKED MOTOR VEHICLE,ONE-WAY,WET,NO INJURY / DRIVE AWAY,IMPROPER OVERTAKING/PASSING,2,3,NO INDICATION OF INJURY,0,0,15,6,41.7697793611,-87.5887654037
06/13/2025 05:46:00 PM,30,CLEAR,DAWN,ANGLE,T-INTERSECTION,DRY,INJURY AND / OR TOW DUE TO CRASH,FAILING TO YIELD RIGHT-OF-WAY,2,6,NONINCAPACITATING INJURY,1,0,17,6,41.8037268016,-87.6228384284
09/03/2024 02:28:00 PM,35,CLEAR,DAYLIGHT,OTHER OBJECT,DIVIDED - W/MEDIAN BARRIER,DRY,INJURY AND / OR TOW DUE TO CRASH,UNABLE TO DETERMINE,1,9,NO INDICATION OF INJURY,0,0,14,3,41.7497713583,-87.7160915684
11/01/2024 02:00:00 PM,30,CLEAR,DAYLIGHT,TURNING,NOT DIVIDED,DRY,NO INJURY / DRIVE AWAY,UNABLE TO DETERMINE,2,11,NO INDICATION OF INJURY,0,0,14,6,41.8302695734,-87.6762685761
07/01/2022 09:23:00 AM,30,CLEAR,DAYLIGHT,REAR END,NOT DIVIDED,DRY,NO INJURY / DRIVE AWAY,NOT APPLICABLE,2,7,NO INDICATION OF INJURY,0,0,9,6,42.0134068575,-87.6833140998
09/03/2024 04:30:00 PM,30,CLEAR,DAYLIGHT,PARKED MOTOR VEHICLE,NOT DIVIDED,DRY,NO INJURY / DRIVE AWAY,FAILING TO YIELD RIGHT-OF-WAY,2,9,NO INDICATION OF INJURY,0,0,16,3,41.9238411088,-87.7820150442
09/11/2021 04:10:00 PM,30,CLEAR,DAYLIGHT,REAR END,NOT DIVIDED,DRY,NO INJURY / DRIVE AWAY,FOLLOWING TOO CLOSELY,2,9,NO INDICATION OF INJURY,0,0,16,7,41.8512883899,-87.7245127702
01/27/2023 03:41:00 PM,30,SNOW,DAWN,SIDESWIPE SAME DIRECTION,ONE-WAY,SNOW OR SLUSH,NO INJURY / DRIVE AWAY,FAILING TO YIELD RIGHT-OF-WAY,2,1,NO INDICATION OF INJURY,0,0,15,6,41.8744811657,-87.6293565399
06/11/2021 04:45:00 PM,30,CLEAR,DAYLIGHT,REAR END,NOT DIVIDED,DRY,NO INJURY / DRIVE AWAY,FOLLOWING TOO CLOSELY,2,6,NO INDICATION OF INJURY,0,0,16,6,41.7669383168,-87.5666345692
11/12/2021 10:03:00 AM,30,CLOUDY/OVERCAST,DAYLIGHT,OTHER OBJECT,ONE-WAY,DRY,INJURY AND / OR TOW DUE TO CRASH,UNABLE TO DETERMINE,1,11,NO INDICATION OF INJURY,0,0,10,6,41.9057810891,-87.6960617385
03/24/2025 07:10:00 PM,30,CLEAR,DUSK,TURNING,T-INTERSECTION,DRY,NO INJURY / DRIVE AWAY,NOT APPLICABLE,2,3,NO INDICATION OF INJURY,0,0,19,2,41.8280772501,-87.7022511458
11/17/2022 07:17:00 PM,30,CLEAR,"DARKNESS, LIGHTED ROAD",ANGLE,FOUR WAY,DRY,NO INJURY / DRIVE AWAY,DISREGARDING TRAFFIC SIGNALS,2,11,NO INDICATION OF INJURY,0,0,19,5,41.7596745819,-87.6444202389
02/28/2025 07:40:00 PM,30,CLEAR,DUSK,TURNING,PARKING LOT,UNKNOWN,NO INJURY / DRIVE AWAY,PHYSICAL CONDITION OF DRIVER,2,2,NO INDICATION OF INJURY,0,0,19,6,41.9902441856,-87.728714391
12/25/2021 06:20:00 PM,15,CLEAR,"DARKNESS, LIGHTED ROAD",OTHER NONCOLLISION,UNKNOWN,DRY,INJURY AND / OR TOW DUE TO CRASH,UNABLE TO DETERMINE,1,12,NONINCAPACITATING INJURY,1,0,18,7,41.9330169083,-87.6610005379
11/27/2025 01:56:00 PM,30,CLEAR,DAYLIGHT,SIDESWIPE SAME DIRECTION,NOT DIVIDED,DRY,NO INJURY / DRIVE AWAY,IMPROPER LANE USAGE,2,11,NO INDICATION OF INJURY,0,0,13,5,41.8400589479,-87.6563558788
12/29/2025 10:00:00 AM,30,UNKNOWN,DAYLIGHT,PARKED MOTOR VEHICLE,ONE-WAY,UNKNOWN,NO INJURY / DRIVE AWAY,IMPROPER BACKING,2,12,NO INDICATION OF INJURY,0,0,10,2,41.8290965633,-87.6230610766
10/03/2021 06:49:00 AM,30,CLEAR,DAYLIGHT,FIXED OBJECT,ALLEY,WET,INJURY AND / OR TOW DUE TO CRASH,UNABLE TO DETERMINE,1,10,NO INDICATION OF INJURY,0,0,6,1,41.8953982305,-87.7530194846
04/12/2026 09:16:00 PM,30,RAIN,"DARKNESS, LIGHTED ROAD",PEDESTRIAN,FOUR WAY,WET,INJURY AND / OR TOW DUE TO CRASH,FAILING TO YIELD RIGHT-OF-WAY,2,4,NONINCAPACITATING INJURY,1,0,21,1,41.9172222118,-87.7291518646
11/18/2021 09:00:00 AM,30,CLEAR,DAYLIGHT,TURNING,DIVIDED - W/MEDIAN BARRIER,DRY,NO INJURY / DRIVE AWAY,FAILING TO YIELD RIGHT-OF-WAY,2,11,NO INDICATION OF INJURY,0,0,9,5,41.9973324988,-87.7872962929
12/22/2025 12:07:00 AM,30,CLEAR,"DARKNESS, LIGHTED ROAD",REAR END,NOT DIVIDED,DRY,INJURY AND / OR TOW DUE TO CRASH,IMPROPER OVERTAKING/PASSING,2,12,NONINCAPACITATING INJURY,1,0,0,2,41.8807620336,-87.7145749618
12/17/2021 10:50:00 AM,30,CLEAR,DAYLIGHT,TURNING,FOUR WAY,DRY,NO INJURY / DRIVE AWAY,NOT APPLICABLE,2,12,NO INDICATION OF INJURY,0,0,10,6,41.9376362502,-87.7763346032
02/16/2024 04:55:00 AM,30,CLEAR,"DARKNESS, LIGHTED ROAD",TURNING,ONE-WAY,DRY,NO INJURY / DRIVE AWAY,FAILING TO YIELD RIGHT-OF-WAY,3,2,NO INDICATION OF INJURY,0,0,4,6,41.8710299851,-87.7465542228
12/05/2022 06:15:00 AM,30,CLEAR,DAWN,REAR END,NOT DIVIDED,DRY,NO INJURY / DRIVE AWAY,FOLLOWING TOO CLOSELY,2,12,NO INDICATION OF INJURY,0,0,6,2,41.7437452716,-87.6256106767
09/08/2024 05:00:00 PM,30,CLEAR,UNKNOWN,PARKED MOTOR VEHICLE,NOT DIVIDED,DRY,NO INJURY / DRIVE AWAY,UNABLE TO DETERMINE,2,9,NO INDICATION OF INJURY,0,0,17,1,41.7606867494,-87.5689846872
10/22/2024 11:00:00 AM,15,CLEAR,DAYLIGHT,PARKED MOTOR VEHICLE,PARKING LOT,DRY,NO INJURY / DRIVE AWAY,UNABLE TO DETERMINE,2,10,NO INDICATION OF INJURY,0,0,11,3,41.8186261384,-87.7241050618
10/21/2021 01:35:00 AM,30,CLEAR,"DARKNESS, LIGHTED ROAD",FIXED OBJECT,NOT DIVIDED,DRY,INJURY AND / OR TOW DUE TO CRASH,FAILING TO REDUCE SPEED TO AVOID CRASH,1,10,NONINCAPACITATING INJURY,1,0,1,5,41.8663475034,-87.7202789503
07/28/2021 04:30:00 PM,30,CLEAR,DAYLIGHT,PARKED MOTOR VEHICLE,NOT DIVIDED,DRY,NO INJURY / DRIVE AWAY,DRIVING SKILLS/KNOWLEDGE/EXPERIENCE,2,7,NO INDICATION OF INJURY,0,0,16,4,42.021272045,-87.6715919864
10/16/2022 04:00:00 PM,30,CLEAR,DAYLIGHT,SIDESWIPE SAME DIRECTION,DIVIDED - W/MEDIAN (NOT RAISED),UNKNOWN,NO INJURY / DRIVE AWAY,UNABLE TO DETERMINE,2,10,NO INDICATION OF INJURY,0,0,16,1,41.9144765472,-87.7476131347
01/06/2024 10:52:00 PM,30,UNKNOWN,"DARKNESS, LIGHTED ROAD",TURNING,UNKNOWN,UNKNOWN,NO INJURY / DRIVE AWAY,UNABLE TO DETERMINE,2,1,NO INDICATION OF INJURY,0,0,22,7,41.9176251429,-87.7166346339
08/13/2021 01:15:00 PM,30,CLEAR,DAYLIGHT,REAR END,NOT DIVIDED,UNKNOWN,NO INJURY / DRIVE AWAY,UNABLE TO DETERMINE,2,8,NO INDICATION OF INJURY,0,0,13,6,41.9903650449,-87.6936894211
11/21/2024 05:30:00 PM,30,RAIN,"DARKNESS, LIGHTED ROAD",SIDESWIPE SAME DIRECTION,DIVIDED - W/MEDIAN (NOT RAISED),SNOW OR SLUSH,NO INJURY / DRIVE AWAY,UNABLE TO DETERMINE,2,11,NO INDICATION OF INJURY,0,0,17,5,41.7502622404,-87.6635801171
02/07/2025 07:30:00 PM,30,CLEAR,"DARKNESS, LIGHTED ROAD",PARKED MOTOR VEHICLE,DIVIDED - W/MEDIAN (NOT RAISED),UNKNOWN,INJURY AND / OR TOW DUE TO CRASH,EQUIPMENT - VEHICLE CONDITION,2,2,NO INDICATION OF INJURY,0,0,19,6,41.8577381024,-87.6413691922
04/12/2023 01:15:00 PM,30,CLEAR,DAYLIGHT,REAR END,CENTER TURN LANE,DRY,INJURY AND / OR TOW DUE TO CRASH,UNABLE TO DETERMINE,2,4,NONINCAPACITATING INJURY,1,0,13,4,41.7146496793,-87.6205480055
11/22/2021 12:44:00 AM,30,CLEAR,DARKNESS,FIXED OBJECT,DIVIDED - W/MEDIAN BARRIER,DRY,INJURY AND / OR TOW DUE TO CRASH,DISREGARDING ROAD MARKINGS,1,11,NO INDICATION OF INJURY,0,0,0,2,41.8411414027,-87.6952772136