CRASH_DATE,POSTED_SPEED_LIMIT,WEATHER_CONDITION,LIGHTING_CONDITION,FIRST_CRASH_TYPE,TRAFFICWAY_TYPE,ROADWAY_SURFACE_COND,CRASH_TYPE,PRIM_CONTRIBUTORY_CAUSE,NUM_UNITS,CRASH_MONTH,MOST_SEVERE_INJURY,INJURIES_TOTAL,INJURIES_FATAL,CRASH_HOUR,CRASH_DAY_OF_WEEK,LATITUDE,LONGITUDE
03/28/2024 12:27:00 AM,15,CLEAR,DARKNESS,PARKED MOTOR VEHICLE,NOT DIVIDED,DRY,INJURY AND / OR TOW DUE TO CRASH,UNABLE TO DETERMINE,2,3,NONINCAPACITATING INJURY,1,0,0,5,41.7896984368,-87.7082893222
02/17/2021 04:00:00 PM,25,CLEAR,DAYLIGHT,REAR END,NOT DIVIDED,SNOW OR SLUSH,NO INJURY / DRIVE AWAY,FOLLOWING TOO CLOSELY,2,2,NO INDICATION OF INJURY,0,0,16,4,42.0191449386,-87.6844617625
07/19/2021 09:26:00 AM,30,CLEAR,DAYLIGHT,REAR END,NOT DIVIDED,DRY,INJURY AND / OR TOW DUE TO CRASH,UNABLE TO DETERMINE,2,7,NONINCAPACITATING INJURY,4,0,9,2,41.7718840277,-87.6835884021
07/06/2022 08:34:00 AM,30,CLEAR,DAYLIGHT,SIDESWIPE SAME DIRECTION,NOT DIVIDED,DRY,NO INJURY / DRIVE AWAY,UNABLE TO DETERMINE,2,7,NO INDICATION OF INJURY,0,0,8,4,41.7262656186,-87.5753030092
05/14/2021 02:35:00 AM,30,CLEAR,"DARKNESS, LIGHTED ROAD",FIXED OBJECT,NOT DIVIDED,DRY,INJURY AND / OR TOW DUE TO CRASH,UNABLE TO DETERMINE,1,5,NONINCAPACITATING INJURY,1,0,2,6,41.8522968526,-87.7249268289
03/24/2023 11:20:00 PM,30,RAIN,"DARKNESS, LIGHTED ROAD",FIXED OBJECT,PARKING LOT,WET,NO INJURY / DRIVE AWAY,IMPROPER BACKING,1,3,NO INDICATION OF INJURY,0,0,23,6,41.8270345931,-87.6593991254
03/07/2023 07:30:00 AM,30,CLEAR,DAYLIGHT,ANGLE,FOUR WAY,DRY,INJURY AND / OR TOW DUE TO CRASH,FAILING TO YIELD RIGHT-OF-WAY,2,3,INCAPACITATING INJURY,2,0,7,3,41.8896729984,-87.6770189147
02/02/2021 12:00:00 PM,30,SNOW,DAYLIGHT,SIDESWIPE OPPOSITE DIRECTION,NOT DIVIDED,SNOW OR SLUSH,NO INJURY / DRIVE AWAY,UNABLE TO DETERMINE,2,2,NO INDICATION OF INJURY,0,0,12,3,41.8313904352,-87.6194777071
07/20/2023 02:55:00 PM,35,CLEAR,DAYLIGHT,TURNING,NOT DIVIDED,DRY,NO INJURY / DRIVE AWAY,UNABLE TO DETERMINE,2,7,NO INDICATION OF INJURY,0,0,14,5,41.7124026443,-87.5350210571
12/11/2023 06:35:00 PM,30,CLEAR,DARKNESS,ANGLE,NOT DIVIDED,DRY,NO INJURY / DRIVE AWAY,UNABLE TO DETERMINE,2,12,NO INDICATION OF INJURY,0,0,18,2,41.8343131197,-87.6414696555
09/22/2021 08:30:00 PM,30,CLEAR,"DARKNESS, LIGHTED ROAD",TURNING,ONE-WAY,DRY,NO INJURY / DRIVE AWAY,IMPROPER TURNING/NO SIGNAL,2,9,NO INDICATION OF INJURY,0,0,20,4,41.8832555248,-87.6474360801
10/20/2024 07:00:00 AM,30,UNKNOWN,UNKNOWN,PARKED MOTOR VEHICLE,UNKNOWN,UNKNOWN,INJURY AND / OR TOW DUE TO CRASH,UNABLE TO DETERMINE,2,10,NO INDICATION OF INJURY,0,0,7,1,41.7889886823,-87.7716968578
05/19/2022 06:50:00 PM,30,CLEAR,DAYLIGHT,PARKED MOTOR VEHICLE,NOT DIVIDED,DRY,INJURY AND / OR TOW DUE TO CRASH,"OPERATING VEHICLE IN ERRATIC, RECKLESS, CARELESS, NEGLIGENT OR AGGRESSIVE MANNER",4,5,NO INDICATION OF INJURY,0,0,18,5,41.7896029841,-87.7313889299
10/21/2024 01:00:00 PM,20,CLEAR,UNKNOWN,ANGLE,PARKING LOT,UNKNOWN,INJURY AND / OR TOW DUE TO CRASH,UNABLE TO DETERMINE,2,10,NONINCAPACITATING INJURY,1,0,13,2,41.8680046732,-87.6329543943
01/01/2024 10:30:00 AM,30,CLEAR,DAYLIGHT,PARKED MOTOR VEHICLE,NOT DIVIDED,DRY,NO INJURY / DRIVE AWAY,UNABLE TO DETERMINE,2,1,NO INDICATION OF INJURY,0,0,10,2,41.7486053724,-87.727577254
07/21/2023 12:20:00 PM,35,CLEAR,DAYLIGHT,SIDESWIPE SAME DIRECTION,NOT DIVIDED,DRY,NO INJURY / DRIVE AWAY,IMPROPER OVERTAKING/PASSING,2,7,NO INDICATION OF INJURY,0,0,12,6,41.890299648,-87.6242546641
02/09/2021 08:50:00 AM,30,CLEAR,DAYLIGHT,TURNING,DIVIDED - W/MEDIAN (NOT RAISED),UNKNOWN,NO INJURY / DRIVE AWAY,"OPERATING VEHICLE IN ERRATIC, RECKLESS, CARELESS, NEGLIGENT OR AGGRESSIVE MANNER",2,2,NO INDICATION OF INJURY,0,0,8,3,41.7666438936,-87.6154304778
12/27/2023 05:20:00 PM,20,CLEAR,"DARKNESS, LIGHTED ROAD",ANGLE,T-INTERSECTION,UNKNOWN,INJURY AND / OR TOW DUE TO CRASH,FAILING TO REDUCE SPEED TO AVOID CRASH,4,12,NO INDICATION OF INJURY,0,0,17,4,41.805873425,-87.729795192
08/09/2024 11:05:00 PM,30,CLEAR,"DARKNESS, LIGHTED ROAD",ANGLE,FOUR WAY,DRY,NO INJURY / DRIVE AWAY,UNABLE TO DETERMINE,2,8,NO INDICATION OF INJURY,0,0,23,6,41.8018375629,-87.6258052939
06/20/2024 12:02:00 AM,30,CLEAR,"DARKNESS, LIGHTED ROAD",SIDESWIPE SAME DIRECTION,NOT DIVIDED,DRY,INJURY AND / OR TOW DUE TO CRASH,IMPROPER LANE USAGE,2,6,"REPORTED, NOT EVIDENT",1,0,0,5,41.8007272599,-87.7039102174
01/20/2022 05:13:00 PM,30,CLEAR,"DARKNESS, LIGHTED ROAD",TURNING,NOT DIVIDED,DRY,INJURY AND / OR TOW DUE TO CRASH,NOT APPLICABLE,2,1,NO INDICATION OF INJURY,0,0,17,5,41.8014288886,-87.6647186033
04/14/2024 01:40:00 PM,30,CLEAR,DAYLIGHT,REAR END,NOT DIVIDED,DRY,NO INJURY / DRIVE AWAY,FOLLOWING TOO CLOSELY,2,4,NO INDICATION OF INJURY,0,0,13,1,41.9332251537,-87.6336498102
06/30/2021 07:50:00 PM,30,RAIN,DAYLIGHT,ANGLE,OTHER,WET,INJURY AND / OR TOW DUE TO CRASH,UNABLE TO DETERMINE,2,6,NO INDICATION OF INJURY,0,0,19,4,41.7340732655,-87.6498014215
09/02/2021 10:30:00 AM,30,CLEAR,DAYLIGHT,FIXED OBJECT,NOT DIVIDED,DRY,NO INJURY / DRIVE AWAY,NOT APPLICABLE,1,9,NO INDICATION OF INJURY,0,0,10,5,41.8861404114,-87.7357597022
06/05/2023 03:00:00 PM,10,CLEAR,UNKNOWN,PARKED MOTOR VEHICLE,PARKING LOT,DRY,NO INJURY / DRIVE AWAY,IMPROPER BACKING,2,6,NO INDICATION OF INJURY,0,0,15,2,41.9543447187,-87.6453496206
04/08/2026 08:30:00 AM,30,CLEAR,DAYLIGHT,TURNING,NOT DIVIDED,DRY,INJURY AND / OR TOW DUE TO CRASH,IMPROPER TURNING/NO SIGNAL,2,4,NO INDICATION OF INJURY,0,0,8,4,41.8853467746,-87.7255811273
03/11/2024 06:30:00 AM,30,CLEAR,DAYLIGHT,PARKED MOTOR VEHICLE,ONE-WAY,DRY,NO INJURY / DRIVE AWAY,UNABLE TO DETERMINE,2,3,NO INDICATION OF INJURY,0,0,6,2,41.8302653053,-87.6173705676
07/29/2024 01:50:00 AM,30,CLEAR,"DARKNESS, LIGHTED ROAD",FIXED OBJECT,DIVIDED - W/MEDIAN BARRIER,DRY,INJURY AND / OR TOW DUE TO CRASH,UNDER THE INFLUENCE OF ALCOHOL/DRUGS (USE WHEN ARREST IS EFFECTED),1,7,NONINCAPACITATING INJURY,1,0,1,2,41.7791921483,-87.6761918669
08/30/2023 10:25:00 PM,45,CLEAR,"DARKNESS, LIGHTED ROAD",REAR END,DIVIDED - W/MEDIAN (NOT RAISED),DRY,NO INJURY / DRIVE AWAY,UNABLE TO DETERMINE,2,8,NO INDICATION OF INJURY,0,0,22,4,41.8757615077,-87.6169920862
09/24/2025 07:00:00 PM,30,CLEAR,DAYLIGHT,SIDESWIPE SAME DIRECTION,NOT DIVIDED,DRY,NO INJURY / DRIVE AWAY,FAILING TO YIELD RIGHT-OF-WAY,2,9,NO INDICATION OF INJURY,0,0,19,4,41.8857039409,-87.6484953745
04/29/2021 12:09:00 PM,35,CLEAR,DAYLIGHT,SIDESWIPE SAME DIRECTION,PARKING LOT,DRY,NO INJURY / DRIVE AWAY,DRIVING SKILLS/KNOWLEDGE/EXPERIENCE,2,4,NO INDICATION OF INJURY,0,0,12,5,41.8673626926,-87.6392931946
11/29/2024 04:52:00 PM,35,CLEAR,DARKNESS,SIDESWIPE SAME DIRECTION,NOT DIVIDED,DRY,NO INJURY / DRIVE AWAY,UNABLE TO DETERMINE,2,11,NO INDICATION OF INJURY,0,0,16,6,41.9114968877,-87.7460555694
07/28/2025 07:30:00 PM,25,CLEAR,DUSK,ANGLE,TRAFFIC ROUTE,DRY,INJURY AND / OR TOW DUE TO CRASH,DISREGARDING STOP SIGN,2,7,NO INDICATION OF INJURY,0,0,19,2,41.8829670571,-87.7528600187
02/02/2024 09:30:00 PM,30,CLEAR,"DARKNESS, LIGHTED ROAD",REAR END,T-INTERSECTION,DRY,NO INJURY / DRIVE AWAY,UNABLE TO DETERMINE,2,2,NO INDICATION OF INJURY,0,0,21,6,41.9466003266,-87.6942716791
08/09/2022 07:30:00 PM,20,CLEAR,DUSK,SIDESWIPE OPPOSITE DIRECTION,NOT DIVIDED,DRY,INJURY AND / OR TOW DUE TO CRASH,DRIVING SKILLS/KNOWLEDGE/EXPERIENCE,3,8,NO INDICATION OF INJURY,0,0,19,3,41.8146153985,-87.6004358846
01/11/2025 11:30:00 AM,30,CLEAR,DAYLIGHT,ANGLE,NOT DIVIDED,DRY,NO INJURY / DRIVE AWAY,UNABLE TO DETERMINE,2,1,NO INDICATION OF INJURY,0,0,11,7,41.7644424702,-87.5761361786
01/15/2023 06:40:00 AM,30,CLEAR,DAYLIGHT,ANGLE,T-INTERSECTION,DRY,INJURY AND / OR TOW DUE TO CRASH,NOT APPLICABLE,3,1,NO INDICATION OF INJURY,0,0,6,1,41.926387233,-87.6875507885
04/21/2025 09:20:00 AM,30,CLOUDY/OVERCAST,DAYLIGHT,PEDESTRIAN,NOT DIVIDED,DRY,INJURY AND / OR TOW DUE TO CRASH,UNABLE TO DETERMINE,2,4,NONINCAPACITATING INJURY,1,0,9,2,41.8610635953,-87.6906650174
02/23/2026 08:14:00 AM,10,CLEAR,DAYLIGHT,PARKED MOTOR VEHICLE,PARKING LOT,DRY,NO INJURY / DRIVE AWAY,UNABLE TO DETERMINE,2,2,NO INDICATION OF INJURY,0,0,8,2,41.8810693742,-87.6853075527
06/26/2021 12:20:00 PM,30,RAIN,DAYLIGHT,HEAD ON,DIVIDED - W/MEDIAN (NOT RAISED),WET,INJURY AND / OR TOW DUE TO CRASH,EQUIPMENT - VEHICLE CONDITION,2,6,NONINCAPACITATING INJURY,2,0,12,7,41.7434450187,-87.6309027148
03/11/2023 06:40:00 AM,30,CLEAR,DAYLIGHT,HEAD ON,NOT DIVIDED,DRY,INJURY AND / OR TOW DUE TO CRASH,UNABLE TO DETERMINE,4,3,NONINCAPACITATING INJURY,1,0,6,7,41.8393322597,-87.6850812835
12/24/2022 02:00:00 PM,30,CLEAR,DAYLIGHT,PARKED MOTOR VEHICLE,PARKING LOT,WET,NO INJURY / DRIVE AWAY,UNABLE TO DETERMINE,2,12,NO INDICATION OF INJURY,0,0,14,7,41.7507456881,-87.6259601303
06/01/2025 11:30:00 AM,30,CLEAR,DAYLIGHT,SIDESWIPE SAME DIRECTION,NOT DIVIDED,DRY,NO INJURY / DRIVE AWAY,UNABLE TO DETERMINE,2,6,NO INDICATION OF INJURY,0,0,11,1,41.931607951,-87.697755776
03/16/2022 03:45:00 PM,25,CLEAR,DAYLIGHT,PARKED MOTOR VEHICLE,NOT DIVIDED,DRY,NO INJURY / DRIVE AWAY,UNABLE TO DETERMINE,3,3,NO INDICATION OF INJURY,0,0,15,4,41.8078633968,-87.6015190301
09/16/2022 05:27:00 PM,30,CLEAR,DAYLIGHT,REAR END,NOT DIVIDED,DRY,NO INJURY / DRIVE AWAY,IMPROPER TURNING/NO SIGNAL,2,9,NO INDICATION OF INJURY,0,0,17,6,41.7437336219,-87.6263627571
10/28/2023 09:56:00 PM,30,CLEAR,"DARKNESS, LIGHTED ROAD",SIDESWIPE SAME DIRECTION,DIVIDED - W/MEDIAN (NOT RAISED),WET,INJURY AND / OR TOW DUE TO CRASH,IMPROPER TURNING/NO SIGNAL,2,10,NO INDICATION OF INJURY,0,0,21,7,41.7440803553,-87.6049736609
07/27/2023 02:03:00 AM,30,CLEAR,"DARKNESS, LIGHTED ROAD",PARKED MOTOR VEHICLE,NOT DIVIDED,DRY,INJURY AND / OR TOW DUE TO CRASH,UNABLE TO DETERMINE,2,7,NO INDICATION OF INJURY,0,0,2,5,41.7570036302,-87.5918235012
03/31/2023 03:05:00 PM,30,CLEAR,DAYLIGHT,SIDESWIPE SAME DIRECTION,UNKNOWN,DRY,NO INJURY / DRIVE AWAY,UNABLE TO DETERMINE,2,3,NO INDICATION OF INJURY,0,0,15,6,41.8830945601,-87.6242465871
04/04/2024 02:00:00 PM,20,UNKNOWN,DAYLIGHT,PARKED MOTOR VEHICLE,PARKING LOT,UNKNOWN,NO INJURY / DRIVE AWAY,UNABLE TO DETERMINE,2,4,NO INDICATION OF INJURY,0,0,14,5,41.8703465244,-87.7741287805
10/15/2023 03:00:00 AM,15,UNKNOWN,UNKNOWN,FIXED OBJECT,ALLEY,UNKNOWN,NO INJURY / DRIVE AWAY,UNABLE TO DETERMINE,1,10,NO INDICATION OF INJURY,0,0,3,1,41.7753704437,-87.6069251754
01/22/2024 07:45:00 AM,30,CLEAR,DAYLIGHT,TURNING,NOT DIVIDED,WET,NO INJURY / DRIVE AWAY,FAILING TO YIELD RIGHT-OF-WAY,2,1,NO INDICATION OF INJURY,0,0,7,2,41.9612712338,-87.7552037621
07/30/2025 04:30:00 PM,30,CLEAR,DAYLIGHT,REAR END,NOT DIVIDED,UNKNOWN,NO INJURY / DRIVE AWAY,UNABLE TO DETERMINE,2,7,NO INDICATION OF INJURY,0,0,16,4,41.85024927,-87.6710224257
06/11/2021 01:45:00 PM,35,CLEAR,DAYLIGHT,REAR END,DIVIDED - W/MEDIAN (NOT RAISED),DRY,NO INJURY / DRIVE AWAY,FOLLOWING TOO CLOSELY,3,6,NO INDICATION OF INJURY,0,0,13,6,41.7357852665,-87.6437588296
10/29/2021 09:00:00 PM,30,UNKNOWN,UNKNOWN,SIDESWIPE SAME DIRECTION,DIVIDED - W/MEDIAN (NOT RAISED),UNKNOWN,NO INJURY / DRIVE AWAY,UNABLE TO DETERMINE,2,10,NO INDICATION OF INJURY,0,0,21,6,42.0044924288,-87.6606995571
03/19/2024 08:40:00 AM,30,CLEAR,DAYLIGHT,PARKED MOTOR VEHICLE,NOT DIVIDED,DRY,NO INJURY / DRIVE AWAY,UNABLE TO DETERMINE,2,3,NO INDICATION OF INJURY,0,0,8,3,41.8897872792,-87.7224883107
05/06/2023 04:00:00 PM,20,CLEAR,DAYLIGHT,SIDESWIPE SAME DIRECTION,ONE-WAY,DRY,NO INJURY / DRIVE AWAY,UNABLE TO DETERMINE,2,5,NO INDICATION OF INJURY,0,0,16,7,41.9336990143,-87.6429145656
06/05/2025 01:05:00 PM,30,CLEAR,DAYLIGHT,TURNING,NOT DIVIDED,DRY,NO INJURY / DRIVE AWAY,UNABLE TO DETERMINE,2,6,NO INDICATION OF INJURY,0,0,13,5,41.7366015585,-87.6049681002
03/11/2024 03:40:00 AM,20,CLEAR,"DARKNESS, LIGHTED ROAD",TURNING,FOUR WAY,DRY,NO INJURY / DRIVE AWAY,UNABLE TO DETERMINE,2,3,NO INDICATION OF INJURY,0,0,3,2,41.8040752638,-87.7436726075
01/04/2022 03:10:00 PM,10,CLEAR,DAYLIGHT,PARKED MOTOR VEHICLE,PARKING LOT,DRY,NO INJURY / DRIVE AWAY,DRIVING SKILLS/KNOWLEDGE/EXPERIENCE,2,1,NO INDICATION OF INJURY,0,0,15,3,41.815373515,-87.6649949207
01/26/2025 01:35:00 AM,15,CLEAR,"DARKNESS, LIGHTED ROAD",PARKED MOTOR VEHICLE,PARKING LOT,DRY,NO INJURY / DRIVE AWAY,NOT APPLICABLE,2,1,NO INDICATION OF INJURY,0,0,1,1,41.9458863786,-87.6495905081
11/20/2023 05:55:00 PM,30,CLEAR,DARKNESS,SIDESWIPE SAME DIRECTION,NOT DIVIDED,DRY,NO INJURY / DRIVE AWAY,FAILING TO YIELD RIGHT-OF-WAY,2,11,NO INDICATION OF INJURY,0,0,17,2,41.9968625104,-87.6606080677
04/23/2025 10:00:00 PM,30,CLEAR,"DARKNESS, LIGHTED ROAD",PARKED MOTOR VEHICLE,ONE-WAY,DRY,NO INJURY / DRIVE AWAY,UNABLE TO DETERMINE,2,4,NO INDICATION OF INJURY,0,0,22,4,41.7828517369,-87.6947752384
06/29/2022 06:29:00 PM,30,CLEAR,DAYLIGHT,REAR END,FOUR WAY,DRY,NO INJURY / DRIVE AWAY,FOLLOWING TOO CLOSELY,2,6,NO INDICATION OF INJURY,0,0,18,4,41.9970982663,-87.8162479725
03/12/2023 05:20:00 PM,30,UNKNOWN,UNKNOWN,SIDESWIPE SAME DIRECTION,NOT DIVIDED,UNKNOWN,NO INJURY / DRIVE AWAY,UNABLE TO DETERMINE,2,3,NO INDICATION OF INJURY,0,0,17,1,42.0036773324,-87.6606736084
08/21/2024 12:45:00 PM,30,CLEAR,DAYLIGHT,ANGLE,FOUR WAY,DRY,INJURY AND / OR TOW DUE TO CRASH,DISREGARDING TRAFFIC SIGNALS,2,8,NONINCAPACITATING INJURY,1,0,12,4,41.8092909105,-87.616733046
02/12/2026 03:00:00 PM,30,CLEAR,DAYLIGHT,REAR END,NOT DIVIDED,DRY,NO INJURY / DRIVE AWAY,FAILING TO YIELD RIGHT-OF-WAY,2,2,NO INDICATION OF INJURY,0,0,15,5,41.7066111721,-87.6741078492
03/15/2023 08:00:00 PM,30,CLEAR,"DARKNESS, LIGHTED ROAD",TURNING,T-INTERSECTION,DRY,NO INJURY / DRIVE AWAY,DISREGARDING TRAFFIC SIGNALS,2,3,NO INDICATION OF INJURY,0,0,20,4,41.6926721391,-87.6627847431
07/16/2024 09:30:00 AM,35,CLEAR,DAYLIGHT,REAR END,ONE-WAY,DRY,NO INJURY / DRIVE AWAY,FOLLOWING TOO CLOSELY,2,7,NO INDICATION OF INJURY,0,0,9,3,41.8576813226,-87.6448782171
06/30/2023 07:32:00 AM,30,CLEAR,DAYLIGHT,TURNING,NOT DIVIDED,DRY,INJURY AND / OR TOW DUE TO CRASH,DRIVING SKILLS/KNOWLEDGE/EXPERIENCE,2,6,INCAPACITATING INJURY,2,0,7,6,41.7370941534,-87.5807596862
08/13/2024 06:20:00 PM,30,CLEAR,DAYLIGHT,ANGLE,DIVIDED - W/MEDIAN (NOT RAISED),UNKNOWN,NO INJURY / DRIVE AWAY,UNABLE TO DETERMINE,2,8,NO INDICATION OF INJURY,0,0,18,3,41.9262186856,-87.6313719557
09/11/2025 05:33:00 PM,30,CLEAR,DAYLIGHT,REAR END,NOT DIVIDED,DRY,NO INJURY / DRIVE AWAY,UNABLE TO DETERMINE,2,9,NO INDICATION OF INJURY,0,0,17,5,41.6918272554,-87.68821738
09/14/2023 07:32:00 PM,40,CLEAR,DUSK,REAR END,OTHER,DRY,NO INJURY / DRIVE AWAY,FOLLOWING TOO CLOSELY,2,9,NO INDICATION OF INJURY,0,0,19,5,41.8959712034,-87.6168651077
05/25/2023 06:46:00 PM,30,CLEAR,DAYLIGHT,ANGLE,FOUR WAY,DRY,INJURY AND / OR TOW DUE TO CRASH,DISREGARDING TRAFFIC SIGNALS,2,5,NONINCAPACITATING INJURY,2,0,18,5,41.8740090958,-87.686088881
03/05/2026 09:20:00 AM,30,UNKNOWN,DAYLIGHT,SIDESWIPE SAME DIRECTION,NOT DIVIDED,WET,NO INJURY / DRIVE AWAY,UNABLE TO DETERMINE,2,3,NO INDICATION OF INJURY,0,0,9,5,41.7840902836,-87.7618223154
04/29/2025 04:09:00 PM,30,CLEAR,DAYLIGHT,ANGLE,FOUR WAY,DRY,INJURY AND / OR TOW DUE TO CRASH,FAILING TO YIELD RIGHT-OF-WAY,2,4,NONINCAPACITATING INJURY,1,0,16,3,41.928512863,-87.7048947482
03/26/2023 06:50:00 PM,40,RAIN,DAYLIGHT,FIXED OBJECT,DIVIDED - W/MEDIAN BARRIER,WET,INJURY AND / OR TOW DUE TO CRASH,EQUIPMENT - VEHICLE CONDITION,1,3,NO INDICATION OF INJURY,0,0,18,1,41.9021620852,-87.6242925068
12/23/2021 10:00:00 PM,30,UNKNOWN,UNKNOWN,PARKED MOTOR VEHICLE,DIVIDED - W/MEDIAN (NOT RAISED),UNKNOWN,NO INJURY / DRIVE AWAY,UNABLE TO DETERMINE,2,12,NO INDICATION OF INJURY,0,0,22,5,41.9954360267,-87.7484863541
01/09/2023 12:01:00 AM,20,CLEAR,UNKNOWN,PARKED MOTOR VEHICLE,NOT DIVIDED,DRY,NO INJURY / DRIVE AWAY,DRIVING SKILLS/KNOWLEDGE/EXPERIENCE,2,1,NO INDICATION OF INJURY,0,0,0,2,41.9934916117,-87.6626126706
12/18/2025 07:15:00 AM,30,RAIN,DAYLIGHT,TURNING,FOUR WAY,WET,NO INJURY / DRIVE AWAY,UNABLE TO DETERMINE,2,12,NO INDICATION OF INJURY,0,0,7,5,41.8519217744,-87.6857513563
11/03/2022 04:50:00 PM,30,UNKNOWN,UNKNOWN,SIDESWIPE SAME DIRECTION,DIVIDED - W/MEDIAN (NOT RAISED),UNKNOWN,NO INJURY / DRIVE AWAY,UNABLE TO DETERMINE,2,11,NO INDICATION OF INJURY,0,0,16,5,41.9909062357,-87.672784861
09/11/2024 06:00:00 PM,35,CLEAR,DAYLIGHT,SIDESWIPE SAME DIRECTION,NOT DIVIDED,DRY,NO INJURY / DRIVE AWAY,UNABLE TO DETERMINE,2,9,NO INDICATION OF INJURY,0,0,18,4,41.9106951442,-87.6552300572
12/17/2022 02:55:00 AM,30,SNOW,"DARKNESS, LIGHTED ROAD",PARKED MOTOR VEHICLE,DIVIDED - W/MEDIAN (NOT RAISED),WET,INJURY AND / OR TOW DUE TO CRASH,UNABLE TO DETERMINE,2,12,NO INDICATION OF INJURY,0,0,2,7,41.8955350365,-87.6983950308
01/30/2025 06:30:00 AM,20,CLEAR,"DARKNESS, LIGHTED ROAD",PARKED MOTOR VEHICLE,ONE-WAY,DRY,NO INJURY / DRIVE AWAY,FAILING TO YIELD RIGHT-OF-WAY,2,1,NO INDICATION OF INJURY,0,0,6,5,41.9387465997,-87.7494852339
05/14/2023 06:12:00 PM,30,CLEAR,DAYLIGHT,TURNING,ALLEY,DRY,NO INJURY / DRIVE AWAY,NOT APPLICABLE,2,5,NO INDICATION OF INJURY,0,0,18,1,41.8896690151,-87.746459692
08/31/2023 10:25:00 PM,25,CLEAR,"DARKNESS, LIGHTED ROAD",TURNING,FOUR WAY,DRY,INJURY AND / OR TOW DUE TO CRASH,DISREGARDING TRAFFIC SIGNALS,2,8,NONINCAPACITATING INJURY,1,0,22,5,41.8806062243,-87.7454022859
10/30/2025 09:05:00 AM,30,CLEAR,DAYLIGHT,TURNING,NOT DIVIDED,DRY,NO INJURY / DRIVE AWAY,IMPROPER TURNING/NO SIGNAL,2,10,NO INDICATION OF INJURY,0,0,9,5,41.7354301661,-87.5669599212
06/25/2025 02:30:00 PM,30,CLEAR,DAYLIGHT,ANGLE,NOT DIVIDED,DRY,NO INJURY / DRIVE AWAY,"OPERATING VEHICLE IN ERRATIC, RECKLESS, CARELESS, NEGLIGENT OR AGGRESSIVE MANNER",2,6,NO INDICATION OF INJURY,0,0,14,4,41.9072035212,-87.7265868819
07/31/2022 01:00:00 PM,30,CLEAR,DAYLIGHT,REAR END,DIVIDED - W/MEDIAN (NOT RAISED),DRY,NO INJURY / DRIVE AWAY,FOLLOWING TOO CLOSELY,2,7,NO INDICATION OF INJURY,0,0,13,1,41.7213837715,-87.6421436992
07/06/2022 08:25:00 AM,30,CLEAR,DAYLIGHT,SIDESWIPE SAME DIRECTION,NOT DIVIDED,DRY,NO INJURY / DRIVE AWAY,IMPROPER OVERTAKING/PASSING,2,7,NO INDICATION OF INJURY,0,0,8,4,41.9835712308,-87.6567539303
11/12/2023 09:00:00 AM,15,CLEAR,DAYLIGHT,FIXED OBJECT,OTHER,DRY,INJURY AND / OR TOW DUE TO CRASH,EQUIPMENT - VEHICLE CONDITION,2,11,NO INDICATION OF INJURY,0,0,9,1,41.7787196635,-87.6837732651
01/30/2022 12:10:00 PM,30,UNKNOWN,DAYLIGHT,REAR END,FOUR WAY,DRY,NO INJURY / DRIVE AWAY,FOLLOWING TOO CLOSELY,2,1,NO INDICATION OF INJURY,0,0,12,1,41.7756790279,-87.5717136642
01/03/2026 07:58:00 AM,30,CLEAR,DAYLIGHT,REAR END,DIVIDED - W/MEDIAN (NOT RAISED),DRY,INJURY AND / OR TOW DUE TO CRASH,UNABLE TO DETERMINE,2,1,NONINCAPACITATING INJURY,1,0,7,7,41.7507139057,-87.6466142587
03/28/2025 09:37:00 PM,30,CLEAR,DAYLIGHT,ANGLE,FOUR WAY,DRY,NO INJURY / DRIVE AWAY,FAILING TO YIELD RIGHT-OF-WAY,2,3,NO INDICATION OF INJURY,0,0,21,6,41.7420206346,-87.7254637757
10/18/2021 07:45:00 PM,30,CLEAR,"DARKNESS, LIGHTED ROAD",REAR TO REAR,PARKING LOT,DRY,NO INJURY / DRIVE AWAY,DRIVING SKILLS/KNOWLEDGE/EXPERIENCE,2,10,NO INDICATION OF INJURY,0,0,19,2,41.8715349746,-87.6273708157
07/19/2025 07:30:00 AM,20,CLEAR,DAYLIGHT,ANGLE,DIVIDED - W/MEDIAN (NOT RAISED),DRY,NO INJURY / DRIVE AWAY,UNABLE TO DETERMINE,2,7,NO INDICATION OF INJURY,0,0,7,7,41.8765152087,-87.7576549181
12/14/2023 06:30:00 AM,20,CLEAR,"DARKNESS, LIGHTED ROAD",PARKED MOTOR VEHICLE,ONE-WAY,DRY,NO INJURY / DRIVE AWAY,UNABLE TO DETERMINE,2,12,NO INDICATION OF INJURY,0,0,6,5,41.7777513001,-87.7863047994
10/08/2025 03:43:00 PM,30,CLEAR,DAYLIGHT,TURNING,FOUR WAY,DRY,NO INJURY / DRIVE AWAY,IMPROPER TURNING/NO SIGNAL,2,10,NO INDICATION OF INJURY,0,0,15,4,41.7948057945,-87.6223898258
09/23/2023 01:00:00 AM,30,CLEAR,"DARKNESS, LIGHTED ROAD",REAR END,DIVIDED - W/MEDIAN (NOT RAISED),DRY,NO INJURY / DRIVE AWAY,EQUIPMENT - VEHICLE CONDITION,2,9,NO INDICATION OF INJURY,0,0,1,7,41.8080130052,-87.7143796234