CRASH_DATE,POSTED_SPEED_LIMIT,WEATHER_CONDITION,LIGHTING_CONDITION,FIRST_CRASH_TYPE,TRAFFICWAY_TYPE,ROADWAY_SURFACE_COND,CRASH_TYPE,PRIM_CONTRIBUTORY_CAUSE,NUM_UNITS,CRASH_MONTH,MOST_SEVERE_INJURY,INJURIES_TOTAL,INJURIES_FATAL,CRASH_HOUR,CRASH_DAY_OF_WEEK,LATITUDE,LONGITUDE
05/01/2023 03:19:00 PM,35,CLEAR,DAYLIGHT,TURNING,NOT DIVIDED,WET,NO INJURY / DRIVE AWAY,FAILING TO YIELD RIGHT-OF-WAY,2,5,NO INDICATION OF INJURY,0,0,15,2,41.7369653213,-87.7216521181
09/14/2025 05:00:00 PM,30,CLEAR,DAYLIGHT,REAR END,NOT DIVIDED,DRY,NO INJURY / DRIVE AWAY,IMPROPER OVERTAKING/PASSING,2,9,NO INDICATION OF INJURY,0,0,17,1,41.7062986546,-87.6884600586
06/14/2022 01:44:00 PM,30,CLEAR,DAYLIGHT,ANGLE,FOUR WAY,DRY,INJURY AND / OR TOW DUE TO CRASH,FAILING TO YIELD RIGHT-OF-WAY,2,6,NO INDICATION OF INJURY,0,0,13,3,41.8949446535,-87.7665797732
01/23/2024 06:37:00 PM,30,CLEAR,DUSK,TURNING,NOT DIVIDED,WET,NO INJURY / DRIVE AWAY,IMPROPER TURNING/NO SIGNAL,2,1,NO INDICATION OF INJURY,0,0,18,3,41.7914202821,-87.5801477687
06/03/2025 07:45:00 PM,35,CLEAR,DUSK,SIDESWIPE SAME DIRECTION,NOT DIVIDED,DRY,NO INJURY / DRIVE AWAY,IMPROPER OVERTAKING/PASSING,2,6,NO INDICATION OF INJURY,0,0,19,3,41.9182211207,-87.652973053
06/10/2021 11:35:00 AM,30,CLEAR,DAYLIGHT,ANGLE,T-INTERSECTION,UNKNOWN,NO INJURY / DRIVE AWAY,DISREGARDING TRAFFIC SIGNALS,2,6,NO INDICATION OF INJURY,0,0,11,5,41.8711123775,-87.6863102623
10/17/2025 03:00:00 PM,30,UNKNOWN,DAYLIGHT,SIDESWIPE SAME DIRECTION,NOT DIVIDED,UNKNOWN,NO INJURY / DRIVE AWAY,FAILING TO YIELD RIGHT-OF-WAY,2,10,NO INDICATION OF INJURY,0,0,15,6,41.8916138669,-87.6397539462
01/31/2022 07:25:00 PM,30,CLEAR,"DARKNESS, LIGHTED ROAD",PEDESTRIAN,ALLEY,DRY,NO INJURY / DRIVE AWAY,FAILING TO YIELD RIGHT-OF-WAY,2,1,NO INDICATION OF INJURY,0,0,19,2,41.9486368838,-87.6884575065
10/25/2022 12:47:00 AM,30,CLEAR,"DARKNESS, LIGHTED ROAD",SIDESWIPE SAME DIRECTION,FOUR WAY,DRY,INJURY AND / OR TOW DUE TO CRASH,UNABLE TO DETERMINE,2,10,NO INDICATION OF INJURY,0,0,0,3,41.9024642361,-87.745809483
10/09/2021 06:25:00 PM,30,CLEAR,DAYLIGHT,OTHER OBJECT,DIVIDED - W/MEDIAN (NOT RAISED),DRY,NO INJURY / DRIVE AWAY,ROAD CONSTRUCTION/MAINTENANCE,2,10,NO INDICATION OF INJURY,0,0,18,7,41.9465358471,-87.7054295656
09/27/2021 05:00:00 PM,55,CLEAR,DAYLIGHT,SIDESWIPE SAME DIRECTION,DIVIDED - W/MEDIAN BARRIER,DRY,NO INJURY / DRIVE AWAY,IMPROPER LANE USAGE,2,9,NO INDICATION OF INJURY,0,0,17,2,41.9620271555,-87.6466396613
02/04/2022 07:10:00 PM,30,CLEAR,DARKNESS,REAR END,NOT DIVIDED,SNOW OR SLUSH,NO INJURY / DRIVE AWAY,UNABLE TO DETERMINE,2,2,NO INDICATION OF INJURY,0,0,19,6,41.9129383848,-87.7642121814
07/23/2023 02:25:00 PM,30,CLEAR,DAYLIGHT,FIXED OBJECT,DIVIDED - W/MEDIAN (NOT RAISED),DRY,INJURY AND / OR TOW DUE TO CRASH,DISTRACTION - FROM INSIDE VEHICLE,1,7,"REPORTED, NOT EVIDENT",1,0,14,1,41.6962289568,-87.6602882275
04/22/2023 10:43:00 PM,30,CLEAR,"DARKNESS, LIGHTED ROAD",PARKED MOTOR VEHICLE,NOT DIVIDED,DRY,NO INJURY / DRIVE AWAY,FAILING TO REDUCE SPEED TO AVOID CRASH,3,4,NO INDICATION OF INJURY,0,0,22,7,41.6904297416,-87.6895701764
03/26/2021 05:33:00 PM,30,CLEAR,DAYLIGHT,TURNING,ONE-WAY,DRY,NO INJURY / DRIVE AWAY,IMPROPER TURNING/NO SIGNAL,2,3,NO INDICATION OF INJURY,0,0,17,6,41.8770796184,-87.6261421489
02/26/2023 11:55:00 AM,30,CLEAR,DAYLIGHT,REAR END,NOT DIVIDED,DRY,INJURY AND / OR TOW DUE TO CRASH,"OPERATING VEHICLE IN ERRATIC, RECKLESS, CARELESS, NEGLIGENT OR AGGRESSIVE MANNER",2,2,NO INDICATION OF INJURY,0,0,11,1,41.8369460886,-87.7283923651
08/02/2024 04:46:00 PM,30,CLEAR,DAYLIGHT,REAR END,DIVIDED - W/MEDIAN (NOT RAISED),DRY,NO INJURY / DRIVE AWAY,FOLLOWING TOO CLOSELY,2,8,NO INDICATION OF INJURY,0,0,16,6,41.9600730193,-87.7879516541
09/23/2021 07:45:00 PM,10,CLEAR,"DARKNESS, LIGHTED ROAD",REAR TO FRONT,OTHER,DRY,NO INJURY / DRIVE AWAY,IMPROPER BACKING,2,9,NO INDICATION OF INJURY,0,0,19,5,41.8898345117,-87.6369686148
10/20/2021 09:00:00 AM,30,CLEAR,UNKNOWN,PARKED MOTOR VEHICLE,NOT DIVIDED,DRY,NO INJURY / DRIVE AWAY,UNABLE TO DETERMINE,2,10,NO INDICATION OF INJURY,0,0,9,4,41.9110523545,-87.7558639877
01/15/2026 05:12:00 PM,30,CLEAR,"DARKNESS, LIGHTED ROAD",PEDESTRIAN,FOUR WAY,DRY,INJURY AND / OR TOW DUE TO CRASH,FAILING TO YIELD RIGHT-OF-WAY,3,1,NONINCAPACITATING INJURY,2,0,17,5,41.7932957224,-87.5867883368
05/29/2025 06:19:00 AM,25,CLEAR,DAYLIGHT,PARKED MOTOR VEHICLE,ONE-WAY,DRY,INJURY AND / OR TOW DUE TO CRASH,ANIMAL,3,5,NO INDICATION OF INJURY,0,0,6,5,41.9643085995,-87.726550141
02/10/2021 12:00:00 PM,30,SNOW,DAYLIGHT,REAR END,DIVIDED - W/MEDIAN (NOT RAISED),SNOW OR SLUSH,NO INJURY / DRIVE AWAY,DRIVING SKILLS/KNOWLEDGE/EXPERIENCE,2,2,NO INDICATION OF INJURY,0,0,12,4,41.8370416099,-87.6752939057
03/21/2023 12:50:00 PM,30,CLEAR,DAYLIGHT,FIXED OBJECT,UNKNOWN INTERSECTION TYPE,DRY,INJURY AND / OR TOW DUE TO CRASH,FAILING TO REDUCE SPEED TO AVOID CRASH,1,3,NONINCAPACITATING INJURY,1,0,12,3,41.823781258,-87.6296638273
11/16/2021 10:30:00 PM,30,CLEAR,"DARKNESS, LIGHTED ROAD",SIDESWIPE SAME DIRECTION,DIVIDED - W/MEDIAN (NOT RAISED),DRY,NO INJURY / DRIVE AWAY,UNABLE TO DETERMINE,2,11,NO INDICATION OF INJURY,0,0,22,3,41.6514265623,-87.549512789
01/20/2025 01:24:00 PM,30,CLEAR,DAYLIGHT,TURNING,FOUR WAY,DRY,INJURY AND / OR TOW DUE TO CRASH,DRIVING SKILLS/KNOWLEDGE/EXPERIENCE,3,1,NONINCAPACITATING INJURY,3,0,13,2,41.9687269717,-87.6885974345
11/03/2022 12:15:00 PM,5,CLEAR,DAYLIGHT,OTHER OBJECT,PARKING LOT,DRY,NO INJURY / DRIVE AWAY,NOT APPLICABLE,1,11,NO INDICATION OF INJURY,0,0,12,5,41.8806456537,-87.7233709399
09/20/2024 12:00:00 PM,30,CLEAR,DAYLIGHT,ANGLE,NOT DIVIDED,DRY,NO INJURY / DRIVE AWAY,FAILING TO YIELD RIGHT-OF-WAY,2,9,NO INDICATION OF INJURY,0,0,12,6,41.9762912344,-87.6689768093
01/06/2024 12:50:00 PM,30,RAIN,DAYLIGHT,REAR END,NOT DIVIDED,WET,INJURY AND / OR TOW DUE TO CRASH,FOLLOWING TOO CLOSELY,2,1,NONINCAPACITATING INJURY,1,0,12,7,41.8670838903,-87.644064643
10/18/2025 05:59:00 AM,25,RAIN,"DARKNESS, LIGHTED ROAD",HEAD ON,DIVIDED - W/MEDIAN (NOT RAISED),WET,INJURY AND / OR TOW DUE TO CRASH,DISTRACTION - FROM OUTSIDE VEHICLE,2,10,NONINCAPACITATING INJURY,3,0,5,7,41.9005656755,-87.7127323428
11/03/2024 08:50:00 AM,30,CLEAR,DAYLIGHT,PARKED MOTOR VEHICLE,NOT DIVIDED,DRY,INJURY AND / OR TOW DUE TO CRASH,UNABLE TO DETERMINE,2,11,NO INDICATION OF INJURY,0,0,8,1,41.9395113803,-87.6961171459
10/18/2021 04:00:00 PM,30,CLEAR,DAYLIGHT,SIDESWIPE SAME DIRECTION,ONE-WAY,DRY,NO INJURY / DRIVE AWAY,NOT APPLICABLE,2,10,NO INDICATION OF INJURY,0,0,16,2,41.8772591923,-87.6350413417
07/23/2024 01:00:00 PM,30,CLEAR,DAYLIGHT,TURNING,NOT DIVIDED,DRY,NO INJURY / DRIVE AWAY,UNABLE TO DETERMINE,2,7,NO INDICATION OF INJURY,0,0,13,3,41.841315885,-87.6952736482
02/25/2025 03:14:00 PM,10,CLEAR,DAYLIGHT,PARKED MOTOR VEHICLE,DRIVEWAY,DRY,NO INJURY / DRIVE AWAY,IMPROPER LANE USAGE,2,2,NO INDICATION OF INJURY,0,0,15,3,41.7392330025,-87.6256838706
02/22/2021 05:25:00 PM,25,CLEAR,"DARKNESS, LIGHTED ROAD",REAR END,NOT DIVIDED,DRY,NO INJURY / DRIVE AWAY,FOLLOWING TOO CLOSELY,2,2,NO INDICATION OF INJURY,0,0,17,2,42.019181973,-87.7011644419
11/30/2022 10:04:00 PM,30,CLEAR,"DARKNESS, LIGHTED ROAD",REAR END,NOT DIVIDED,OTHER,INJURY AND / OR TOW DUE TO CRASH,FAILING TO REDUCE SPEED TO AVOID CRASH,2,11,"REPORTED, NOT EVIDENT",1,0,22,4,41.8804471974,-87.7577550463
01/25/2023 04:00:00 PM,30,SNOW,DAYLIGHT,REAR END,NOT DIVIDED,WET,NO INJURY / DRIVE AWAY,UNABLE TO DETERMINE,2,1,NO INDICATION OF INJURY,0,0,16,4,41.9602235123,-87.7782987927
11/15/2021 01:30:00 PM,30,RAIN,DAYLIGHT,PEDALCYCLIST,UNKNOWN,WET,INJURY AND / OR TOW DUE TO CRASH,UNABLE TO DETERMINE,2,11,NONINCAPACITATING INJURY,1,0,13,2,41.8419325904,-87.6576312023
11/03/2021 09:34:00 PM,30,CLEAR,"DARKNESS, LIGHTED ROAD",ANIMAL,NOT DIVIDED,DRY,NO INJURY / DRIVE AWAY,ANIMAL,1,11,NO INDICATION OF INJURY,0,0,21,4,41.8770686236,-87.7359299484
04/24/2021 08:40:00 PM,30,CLEAR,"DARKNESS, LIGHTED ROAD",PARKED MOTOR VEHICLE,NOT DIVIDED,DRY,NO INJURY / DRIVE AWAY,UNABLE TO DETERMINE,2,4,NO INDICATION OF INJURY,0,0,20,7,41.8151308095,-87.6138977454
11/22/2021 08:00:00 AM,30,CLEAR,UNKNOWN,PARKED MOTOR VEHICLE,ONE-WAY,UNKNOWN,NO INJURY / DRIVE AWAY,UNABLE TO DETERMINE,2,11,NO INDICATION OF INJURY,0,0,8,2,41.9844033753,-87.6968162358
07/12/2025 10:22:00 AM,30,CLEAR,DAYLIGHT,PEDESTRIAN,ONE-WAY,DRY,INJURY AND / OR TOW DUE TO CRASH,IMPROPER BACKING,2,7,"REPORTED, NOT EVIDENT",1,0,10,7,41.892519445,-87.6325371047
04/17/2023 08:30:00 AM,30,CLOUDY/OVERCAST,DAYLIGHT,ANGLE,FOUR WAY,DRY,NO INJURY / DRIVE AWAY,FAILING TO YIELD RIGHT-OF-WAY,2,4,NO INDICATION OF INJURY,0,0,8,2,41.7499675207,-87.5859417895
11/01/2022 04:00:00 PM,30,CLEAR,DAYLIGHT,PARKED MOTOR VEHICLE,NOT DIVIDED,DRY,NO INJURY / DRIVE AWAY,UNABLE TO DETERMINE,2,11,NO INDICATION OF INJURY,0,0,16,3,41.8818867004,-87.7261546037
04/21/2026 08:10:00 AM,30,CLEAR,DAYLIGHT,REAR END,NOT DIVIDED,DRY,NO INJURY / DRIVE AWAY,DRIVING SKILLS/KNOWLEDGE/EXPERIENCE,2,4,NO INDICATION OF INJURY,0,0,8,3,41.7516129497,-87.5841744999
07/14/2025 12:12:00 PM,30,CLEAR,DAYLIGHT,REAR END,DIVIDED - W/MEDIAN BARRIER,DRY,INJURY AND / OR TOW DUE TO CRASH,UNABLE TO DETERMINE,2,7,"REPORTED, NOT EVIDENT",2,0,12,2,41.7939548276,-87.6833969551
08/20/2021 06:00:00 PM,35,CLEAR,DAYLIGHT,REAR END,DIVIDED - W/MEDIAN (NOT RAISED),DRY,NO INJURY / DRIVE AWAY,FOLLOWING TOO CLOSELY,2,8,NO INDICATION OF INJURY,0,0,18,6,41.7618480636,-87.7416706473
08/25/2024 08:51:00 PM,30,CLEAR,"DARKNESS, LIGHTED ROAD",PARKED MOTOR VEHICLE,NOT DIVIDED,DRY,INJURY AND / OR TOW DUE TO CRASH,DRIVING SKILLS/KNOWLEDGE/EXPERIENCE,3,8,"REPORTED, NOT EVIDENT",1,0,20,1,41.872905073,-87.7157782684
11/21/2021 12:30:00 AM,30,CLEAR,"DARKNESS, LIGHTED ROAD",FIXED OBJECT,ONE-WAY,DRY,INJURY AND / OR TOW DUE TO CRASH,EQUIPMENT - VEHICLE CONDITION,1,11,INCAPACITATING INJURY,1,0,0,1,41.7217701393,-87.6237951017
09/12/2023 01:21:00 PM,30,CLEAR,DAYLIGHT,PEDALCYCLIST,NOT DIVIDED,DRY,NO INJURY / DRIVE AWAY,FAILING TO YIELD RIGHT-OF-WAY,2,9,NO INDICATION OF INJURY,0,0,13,3,41.7942609932,-87.601221717
01/18/2026 04:40:00 PM,30,SNOW,DUSK,REAR END,FOUR WAY,SNOW OR SLUSH,INJURY AND / OR TOW DUE TO CRASH,DISREGARDING STOP SIGN,3,1,NONINCAPACITATING INJURY,1,0,16,1,41.8758029291,-87.7547489667
10/27/2024 07:00:00 AM,25,UNKNOWN,UNKNOWN,PARKED MOTOR VEHICLE,ONE-WAY,UNKNOWN,INJURY AND / OR TOW DUE TO CRASH,UNABLE TO DETERMINE,3,10,NO INDICATION OF INJURY,0,0,7,1,41.9259616998,-87.762301004
02/03/2026 08:20:00 AM,40,CLEAR,DAYLIGHT,REAR END,DIVIDED - W/MEDIAN BARRIER,DRY,NO INJURY / DRIVE AWAY,FAILING TO YIELD RIGHT-OF-WAY,3,2,NO INDICATION OF INJURY,0,0,8,3,41.8777650462,-87.6170392049
10/23/2025 08:04:00 AM,30,CLEAR,DAYLIGHT,TURNING,NOT DIVIDED,DRY,INJURY AND / OR TOW DUE TO CRASH,IMPROPER TURNING/NO SIGNAL,2,10,NO INDICATION OF INJURY,0,0,8,5,41.8658530444,-87.6273460265
10/21/2023 02:25:00 AM,30,CLEAR,"DARKNESS, LIGHTED ROAD",TURNING,NOT DIVIDED,UNKNOWN,NO INJURY / DRIVE AWAY,DISREGARDING TRAFFIC SIGNALS,2,10,NO INDICATION OF INJURY,0,0,2,7,41.8875739012,-87.6615188066
09/19/2022 02:15:00 PM,20,CLEAR,DAYLIGHT,REAR TO SIDE,PARKING LOT,UNKNOWN,NO INJURY / DRIVE AWAY,IMPROPER TURNING/NO SIGNAL,2,9,NO INDICATION OF INJURY,0,0,14,2,41.906161718,-87.7271151787
07/22/2022 11:30:00 AM,35,CLEAR,DAYLIGHT,REAR END,NOT DIVIDED,DRY,NO INJURY / DRIVE AWAY,UNABLE TO DETERMINE,2,7,NO INDICATION OF INJURY,0,0,11,6,41.9542296409,-87.6812468061
12/05/2021 07:24:00 PM,30,CLEAR,DAYLIGHT,PARKED MOTOR VEHICLE,PARKING LOT,DRY,NO INJURY / DRIVE AWAY,DRIVING SKILLS/KNOWLEDGE/EXPERIENCE,2,12,NO INDICATION OF INJURY,0,0,19,1,41.7755057585,-87.683691462
04/24/2024 05:30:00 PM,15,CLEAR,DAYLIGHT,OTHER OBJECT,NOT DIVIDED,DRY,INJURY AND / OR TOW DUE TO CRASH,UNABLE TO DETERMINE,2,4,NONINCAPACITATING INJURY,1,0,17,4,41.9410515544,-87.6954269597
09/01/2021 03:05:00 PM,30,CLEAR,DAYLIGHT,SIDESWIPE OPPOSITE DIRECTION,NOT DIVIDED,DRY,NO INJURY / DRIVE AWAY,UNABLE TO DETERMINE,2,9,NO INDICATION OF INJURY,0,0,15,4,41.8345051009,-87.6845898983
06/23/2024 12:04:00 AM,30,RAIN,DARKNESS,PARKED MOTOR VEHICLE,NOT DIVIDED,UNKNOWN,INJURY AND / OR TOW DUE TO CRASH,UNABLE TO DETERMINE,4,6,NONINCAPACITATING INJURY,1,0,0,1,41.8785056558,-87.7744535623
03/30/2022 05:00:00 PM,10,CLEAR,UNKNOWN,PARKED MOTOR VEHICLE,PARKING LOT,DRY,NO INJURY / DRIVE AWAY,UNABLE TO DETERMINE,2,3,NO INDICATION OF INJURY,0,0,17,4,41.8104292146,-87.6843506697
01/27/2023 04:20:00 PM,30,CLEAR,DAYLIGHT,ANGLE,NOT DIVIDED,DRY,NO INJURY / DRIVE AWAY,DRIVING SKILLS/KNOWLEDGE/EXPERIENCE,2,1,NO INDICATION OF INJURY,0,0,16,6,41.6535880085,-87.6173961228
01/10/2023 08:05:00 PM,30,CLEAR,DARKNESS,PARKED MOTOR VEHICLE,ONE-WAY,DRY,INJURY AND / OR TOW DUE TO CRASH,FAILING TO REDUCE SPEED TO AVOID CRASH,2,1,NO INDICATION OF INJURY,0,0,20,3,41.9330230452,-87.7652256001
04/22/2026 08:27:00 AM,25,CLEAR,DAYLIGHT,SIDESWIPE SAME DIRECTION,NOT DIVIDED,DRY,NO INJURY / DRIVE AWAY,UNABLE TO DETERMINE,2,4,NO INDICATION OF INJURY,0,0,8,4,41.9382849238,-87.7383905556
10/20/2022 12:30:00 PM,15,CLEAR,DAYLIGHT,SIDESWIPE OPPOSITE DIRECTION,PARKING LOT,DRY,NO INJURY / DRIVE AWAY,UNABLE TO DETERMINE,2,10,NO INDICATION OF INJURY,0,0,12,5,41.9057938403,-87.7262511371
11/05/2023 03:13:00 AM,15,CLEAR,"DARKNESS, LIGHTED ROAD",REAR END,ONE-WAY,DRY,NO INJURY / DRIVE AWAY,FOLLOWING TOO CLOSELY,2,11,NO INDICATION OF INJURY,0,0,3,1,41.7494641002,-87.5955911858
09/09/2022 07:30:00 AM,25,CLEAR,DAYLIGHT,PARKED MOTOR VEHICLE,ONE-WAY,DRY,INJURY AND / OR TOW DUE TO CRASH,UNABLE TO DETERMINE,2,9,NO INDICATION OF INJURY,0,0,7,6,41.8927868555,-87.7679825643
07/24/2025 03:35:00 PM,30,RAIN,DAYLIGHT,PARKED MOTOR VEHICLE,NOT DIVIDED,WET,NO INJURY / DRIVE AWAY,UNABLE TO DETERMINE,2,7,NO INDICATION OF INJURY,0,0,15,5,41.9846698015,-87.6896263317
07/12/2022 03:30:00 PM,30,CLEAR,DAYLIGHT,REAR END,DIVIDED - W/MEDIAN (NOT RAISED),DRY,INJURY AND / OR TOW DUE TO CRASH,UNABLE TO DETERMINE,3,7,"REPORTED, NOT EVIDENT",1,0,15,3,41.9460826314,-87.7415271894
04/04/2024 11:20:00 AM,30,RAIN,DAYLIGHT,ANGLE,FOUR WAY,WET,NO INJURY / DRIVE AWAY,FAILING TO YIELD RIGHT-OF-WAY,2,4,NO INDICATION OF INJURY,0,0,11,5,41.9021321451,-87.6871534938
08/17/2024 11:45:00 AM,30,RAIN,DAYLIGHT,SIDESWIPE SAME DIRECTION,DIVIDED - W/MEDIAN BARRIER,WET,NO INJURY / DRIVE AWAY,FAILING TO YIELD RIGHT-OF-WAY,2,8,NO INDICATION OF INJURY,0,0,11,7,41.8678051276,-87.6272829172
10/08/2023 10:35:00 AM,30,CLEAR,DAYLIGHT,ANGLE,ALLEY,DRY,NO INJURY / DRIVE AWAY,FAILING TO YIELD RIGHT-OF-WAY,2,10,NO INDICATION OF INJURY,0,0,10,1,41.8908473588,-87.7163220925
07/31/2023 01:59:00 PM,30,CLEAR,DAYLIGHT,TURNING,OTHER,DRY,NO INJURY / DRIVE AWAY,IMPROPER TURNING/NO SIGNAL,2,7,NO INDICATION OF INJURY,0,0,13,2,41.7425504742,-87.5759607971
10/30/2024 11:35:00 PM,5,OTHER,"DARKNESS, LIGHTED ROAD",PARKED MOTOR VEHICLE,PARKING LOT,DRY,NO INJURY / DRIVE AWAY,UNABLE TO DETERMINE,2,10,NO INDICATION OF INJURY,0,0,23,4,41.9108655267,-87.6435727883
01/03/2023 08:55:00 AM,30,RAIN,DUSK,ANGLE,FOUR WAY,WET,INJURY AND / OR TOW DUE TO CRASH,FAILING TO YIELD RIGHT-OF-WAY,3,1,NONINCAPACITATING INJURY,1,0,8,3,41.794622829,-87.6330637632
11/12/2025 09:00:00 AM,30,CLEAR,DAYLIGHT,TURNING,NOT DIVIDED,DRY,NO INJURY / DRIVE AWAY,IMPROPER OVERTAKING/PASSING,2,11,NO INDICATION OF INJURY,0,0,9,4,41.8567106452,-87.6557134904
11/12/2022 03:23:00 PM,30,CLEAR,DAYLIGHT,SIDESWIPE SAME DIRECTION,NOT DIVIDED,DRY,NO INJURY / DRIVE AWAY,IMPROPER TURNING/NO SIGNAL,2,11,NO INDICATION OF INJURY,0,0,15,7,41.8865944691,-87.7453504399
11/16/2025 07:40:00 PM,25,CLEAR,"DARKNESS, LIGHTED ROAD",TURNING,ONE-WAY,DRY,NO INJURY / DRIVE AWAY,UNABLE TO DETERMINE,2,11,NO INDICATION OF INJURY,0,0,19,1,41.8306886884,-87.6438185379
10/24/2023 09:10:00 PM,30,CLEAR,"DARKNESS, LIGHTED ROAD",ANGLE,DIVIDED - W/MEDIAN (NOT RAISED),DRY,NO INJURY / DRIVE AWAY,IMPROPER OVERTAKING/PASSING,2,10,NO INDICATION OF INJURY,0,0,21,3,41.919313466,-87.7694463134
10/23/2024 02:58:00 PM,30,CLEAR,DAYLIGHT,SIDESWIPE SAME DIRECTION,NOT DIVIDED,DRY,INJURY AND / OR TOW DUE TO CRASH,IMPROPER TURNING/NO SIGNAL,2,10,"REPORTED, NOT EVIDENT",3,0,14,4,41.8947616467,-87.745652942
08/22/2022 05:55:00 PM,30,CLEAR,DAYLIGHT,PARKED MOTOR VEHICLE,NOT DIVIDED,DRY,NO INJURY / DRIVE AWAY,UNABLE TO DETERMINE,2,8,NO INDICATION OF INJURY,0,0,17,2,41.8969168075,-87.72138783
04/26/2023 03:19:00 PM,30,CLEAR,DAYLIGHT,PARKED MOTOR VEHICLE,NOT DIVIDED,DRY,NO INJURY / DRIVE AWAY,UNABLE TO DETERMINE,2,4,NO INDICATION OF INJURY,0,0,15,4,41.9788146226,-87.7086099968
06/18/2025 09:15:00 AM,30,CLEAR,DAYLIGHT,PARKED MOTOR VEHICLE,NOT DIVIDED,DRY,NO INJURY / DRIVE AWAY,UNABLE TO DETERMINE,2,6,NO INDICATION OF INJURY,0,0,9,4,41.8820766646,-87.679675536
02/13/2025 10:45:00 AM,30,SNOW,DAYLIGHT,PARKED MOTOR VEHICLE,NOT DIVIDED,SNOW OR SLUSH,NO INJURY / DRIVE AWAY,FOLLOWING TOO CLOSELY,2,2,NO INDICATION OF INJURY,0,0,10,5,41.8924821018,-87.6255391101
10/18/2025 01:10:00 AM,30,CLEAR,"DARKNESS, LIGHTED ROAD",PARKED MOTOR VEHICLE,NOT DIVIDED,DRY,INJURY AND / OR TOW DUE TO CRASH,UNABLE TO DETERMINE,2,10,NO INDICATION OF INJURY,0,0,1,7,41.8026240433,-87.6585887524
12/15/2024 07:05:00 PM,30,UNKNOWN,"DARKNESS, LIGHTED ROAD",REAR END,DIVIDED - W/MEDIAN (NOT RAISED),UNKNOWN,NO INJURY / DRIVE AWAY,FOLLOWING TOO CLOSELY,2,12,NO INDICATION OF INJURY,0,0,19,1,42.0192137423,-87.6997031627
08/25/2023 05:50:00 PM,30,CLEAR,DAYLIGHT,TURNING,DIVIDED - W/MEDIAN (NOT RAISED),UNKNOWN,NO INJURY / DRIVE AWAY,UNABLE TO DETERMINE,2,8,NO INDICATION OF INJURY,0,0,17,6,41.9312505865,-87.7758287572
02/05/2025 09:00:00 PM,30,RAIN,DUSK,REAR END,DIVIDED - W/MEDIAN BARRIER,WET,NO INJURY / DRIVE AWAY,UNABLE TO DETERMINE,2,2,NO INDICATION OF INJURY,0,0,21,4,41.8177538755,-87.7435896069
10/24/2025 07:10:00 PM,30,CLEAR,"DARKNESS, LIGHTED ROAD",ANGLE,DIVIDED - W/MEDIAN (NOT RAISED),DRY,NO INJURY / DRIVE AWAY,UNABLE TO DETERMINE,2,10,NO INDICATION OF INJURY,0,0,19,6,41.8126652626,-87.7043006911
05/08/2022 11:00:00 AM,25,CLEAR,DAYLIGHT,PARKED MOTOR VEHICLE,NOT DIVIDED,DRY,NO INJURY / DRIVE AWAY,UNABLE TO DETERMINE,2,5,NO INDICATION OF INJURY,0,0,11,1,41.8549065735,-87.6850432062
11/23/2021 12:50:00 PM,30,CLEAR,DAYLIGHT,REAR END,NOT DIVIDED,DRY,NO INJURY / DRIVE AWAY,NOT APPLICABLE,2,11,NO INDICATION OF INJURY,0,0,12,3,41.7363760366,-87.6256213109
05/26/2021 10:14:00 PM,30,CLEAR,"DARKNESS, LIGHTED ROAD",REAR END,NOT DIVIDED,DRY,NO INJURY / DRIVE AWAY,UNABLE TO DETERMINE,2,5,NO INDICATION OF INJURY,0,0,22,4,41.8963891519,-87.654564143
05/26/2021 05:00:00 PM,10,CLEAR,DAYLIGHT,REAR TO REAR,PARKING LOT,DRY,NO INJURY / DRIVE AWAY,UNABLE TO DETERMINE,2,5,NO INDICATION OF INJURY,0,0,17,4,41.9091345709,-87.7949281308
06/06/2025 08:25:00 AM,30,CLEAR,DAYLIGHT,SIDESWIPE SAME DIRECTION,DIVIDED - W/MEDIAN (NOT RAISED),DRY,NO INJURY / DRIVE AWAY,UNABLE TO DETERMINE,2,6,NO INDICATION OF INJURY,0,0,8,6,41.9520286717,-87.7213744881
06/25/2023 07:26:00 PM,30,CLEAR,DUSK,ANGLE,FOUR WAY,DRY,INJURY AND / OR TOW DUE TO CRASH,NOT APPLICABLE,2,6,NO INDICATION OF INJURY,0,0,19,1,41.8614375927,-87.6604594207
02/18/2024 10:30:00 PM,30,CLEAR,"DARKNESS, LIGHTED ROAD",PARKED MOTOR VEHICLE,ONE-WAY,DRY,INJURY AND / OR TOW DUE TO CRASH,UNABLE TO DETERMINE,2,2,NO INDICATION OF INJURY,0,0,22,1,41.761632556,-87.6456798978
12/04/2022 01:30:00 PM,30,CLEAR,DAYLIGHT,TURNING,FOUR WAY,DRY,NO INJURY / DRIVE AWAY,IMPROPER OVERTAKING/PASSING,2,12,NO INDICATION OF INJURY,0,0,13,1,42.0014569725,-87.6901261794
02/28/2023 04:24:00 PM,15,CLEAR,DAYLIGHT,ANGLE,FOUR WAY,DRY,NO INJURY / DRIVE AWAY,FAILING TO YIELD RIGHT-OF-WAY,2,2,NO INDICATION OF INJURY,0,0,16,3,41.7358152523,-87.6388909174