CRASH_DATE,POSTED_SPEED_LIMIT,WEATHER_CONDITION,LIGHTING_CONDITION,FIRST_CRASH_TYPE,TRAFFICWAY_TYPE,ROADWAY_SURFACE_COND,CRASH_TYPE,PRIM_CONTRIBUTORY_CAUSE,NUM_UNITS,CRASH_MONTH,MOST_SEVERE_INJURY,INJURIES_TOTAL,INJURIES_FATAL,CRASH_HOUR,CRASH_DAY_OF_WEEK,LATITUDE,LONGITUDE
02/19/2024 02:30:00 PM,30,CLEAR,DAYLIGHT,PARKED MOTOR VEHICLE,ONE-WAY,DRY,NO INJURY / DRIVE AWAY,UNABLE TO DETERMINE,2,2,NO INDICATION OF INJURY,0,0,14,2,41.9046240147,-87.719204409
05/20/2025 08:08:00 AM,30,RAIN,DAYLIGHT,REAR END,NOT DIVIDED,WET,NO INJURY / DRIVE AWAY,FOLLOWING TOO CLOSELY,2,5,NO INDICATION OF INJURY,0,0,8,3,41.9684719349,-87.7673502625
10/29/2021 04:41:00 PM,30,RAIN,DAYLIGHT,PARKED MOTOR VEHICLE,DIVIDED - W/MEDIAN (NOT RAISED),WET,INJURY AND / OR TOW DUE TO CRASH,FAILING TO REDUCE SPEED TO AVOID CRASH,2,10,NO INDICATION OF INJURY,0,0,16,6,41.745562965,-87.6586068664
01/14/2024 01:30:00 PM,30,SNOW,"DARKNESS, LIGHTED ROAD",PARKED MOTOR VEHICLE,ONE-WAY,SNOW OR SLUSH,NO INJURY / DRIVE AWAY,IMPROPER BACKING,2,1,NO INDICATION OF INJURY,0,0,13,1,41.9252829629,-87.7339979204
02/21/2025 10:30:00 PM,30,UNKNOWN,"DARKNESS, LIGHTED ROAD",SIDESWIPE SAME DIRECTION,ONE-WAY,UNKNOWN,NO INJURY / DRIVE AWAY,UNABLE TO DETERMINE,2,2,NO INDICATION OF INJURY,0,0,22,6,41.8673978764,-87.6227005116
01/26/2023 11:35:00 PM,30,CLEAR,"DARKNESS, LIGHTED ROAD",REAR END,ONE-WAY,SNOW OR SLUSH,NO INJURY / DRIVE AWAY,UNABLE TO DETERMINE,2,1,NO INDICATION OF INJURY,0,0,23,5,41.7435773526,-87.6223938772
09/25/2021 07:00:00 PM,30,CLEAR,DAYLIGHT,PARKED MOTOR VEHICLE,OTHER,DRY,NO INJURY / DRIVE AWAY,DRIVING SKILLS/KNOWLEDGE/EXPERIENCE,2,9,NO INDICATION OF INJURY,0,0,19,7,41.8799470599,-87.6262903102
06/24/2025 11:38:00 PM,30,RAIN,"DARKNESS, LIGHTED ROAD",PARKED MOTOR VEHICLE,ONE-WAY,WET,NO INJURY / DRIVE AWAY,"OPERATING VEHICLE IN ERRATIC, RECKLESS, CARELESS, NEGLIGENT OR AGGRESSIVE MANNER",4,6,NO INDICATION OF INJURY,0,0,23,3,41.9833088459,-87.6564551077
02/28/2024 11:30:00 AM,10,UNKNOWN,UNKNOWN,PARKED MOTOR VEHICLE,ALLEY,UNKNOWN,NO INJURY / DRIVE AWAY,UNABLE TO DETERMINE,2,2,NO INDICATION OF INJURY,0,0,11,4,41.7843274531,-87.7026405375
05/24/2023 08:00:00 AM,30,CLEAR,DAYLIGHT,TURNING,NOT DIVIDED,DRY,NO INJURY / DRIVE AWAY,NOT APPLICABLE,2,5,NO INDICATION OF INJURY,0,0,8,4,41.9012836434,-87.6634836249
03/26/2021 05:15:00 PM,30,CLEAR,DAYLIGHT,REAR END,NOT DIVIDED,DRY,NO INJURY / DRIVE AWAY,FOLLOWING TOO CLOSELY,2,3,NO INDICATION OF INJURY,0,0,17,6,41.7796575004,-87.6449309928
01/22/2021 07:45:00 AM,30,CLEAR,DAYLIGHT,FIXED OBJECT,NOT DIVIDED,DRY,INJURY AND / OR TOW DUE TO CRASH,UNABLE TO DETERMINE,1,1,NO INDICATION OF INJURY,0,0,7,6,41.7020517117,-87.6206277339
03/14/2026 07:00:00 AM,30,CLEAR,DAYLIGHT,TURNING,NOT DIVIDED,DRY,INJURY AND / OR TOW DUE TO CRASH,FAILING TO YIELD RIGHT-OF-WAY,2,3,NONINCAPACITATING INJURY,1,0,7,7,41.7922156465,-87.7414724471
10/11/2021 05:10:00 PM,30,RAIN,DAYLIGHT,REAR END,NOT DIVIDED,WET,NO INJURY / DRIVE AWAY,FOLLOWING TOO CLOSELY,2,10,NO INDICATION OF INJURY,0,0,17,2,41.7509228323,-87.6198458825
10/14/2024 04:11:00 PM,30,CLEAR,DAYLIGHT,SIDESWIPE SAME DIRECTION,OTHER,DRY,NO INJURY / DRIVE AWAY,IMPROPER OVERTAKING/PASSING,2,10,NO INDICATION OF INJURY,0,0,16,2,41.8507009201,-87.6137485537
11/10/2025 01:50:00 PM,20,CLEAR,DAYLIGHT,PARKED MOTOR VEHICLE,PARKING LOT,DRY,NO INJURY / DRIVE AWAY,UNABLE TO DETERMINE,2,11,NO INDICATION OF INJURY,0,0,13,2,41.8801681736,-87.7625390921
04/15/2024 03:00:00 PM,35,CLEAR,DAYLIGHT,FIXED OBJECT,NOT DIVIDED,DRY,INJURY AND / OR TOW DUE TO CRASH,UNABLE TO DETERMINE,1,4,NONINCAPACITATING INJURY,3,0,15,2,41.9345621959,-87.7468621832
10/26/2021 04:00:00 PM,30,RAIN,DAYLIGHT,TURNING,DIVIDED - W/MEDIAN (NOT RAISED),WET,NO INJURY / DRIVE AWAY,FAILING TO YIELD RIGHT-OF-WAY,2,10,NO INDICATION OF INJURY,0,0,16,3,41.7697078568,-87.5765422599
08/25/2023 02:15:00 AM,30,CLEAR,UNKNOWN,PARKED MOTOR VEHICLE,PARKING LOT,DRY,NO INJURY / DRIVE AWAY,UNABLE TO DETERMINE,2,8,NO INDICATION OF INJURY,0,0,2,6,41.883285736,-87.6707276205
08/17/2024 01:55:00 PM,5,CLEAR,DAYLIGHT,ANGLE,ONE-WAY,DRY,NO INJURY / DRIVE AWAY,FAILING TO YIELD RIGHT-OF-WAY,2,8,NO INDICATION OF INJURY,0,0,13,7,41.8444313241,-87.7029827538
05/12/2022 02:00:00 PM,30,CLEAR,DAYLIGHT,REAR END,NOT DIVIDED,DRY,NO INJURY / DRIVE AWAY,FOLLOWING TOO CLOSELY,2,5,NO INDICATION OF INJURY,0,0,14,5,42.0053985824,-87.676033347
08/19/2025 03:25:00 PM,30,CLEAR,DAYLIGHT,ANGLE,FOUR WAY,DRY,NO INJURY / DRIVE AWAY,DRIVING SKILLS/KNOWLEDGE/EXPERIENCE,2,8,NO INDICATION OF INJURY,0,0,15,3,41.9904171535,-87.7153576126
10/01/2021 05:10:00 PM,20,CLEAR,DAYLIGHT,TURNING,DIVIDED - W/MEDIAN (NOT RAISED),DRY,INJURY AND / OR TOW DUE TO CRASH,FAILING TO YIELD RIGHT-OF-WAY,2,10,NONINCAPACITATING INJURY,2,0,17,6,41.7356384439,-87.682405788
10/04/2022 02:15:00 PM,30,CLEAR,DAYLIGHT,SIDESWIPE SAME DIRECTION,DIVIDED - W/MEDIAN (NOT RAISED),DRY,NO INJURY / DRIVE AWAY,"OPERATING VEHICLE IN ERRATIC, RECKLESS, CARELESS, NEGLIGENT OR AGGRESSIVE MANNER",2,10,NO INDICATION OF INJURY,0,0,14,3,41.7532154614,-87.6830745776
11/22/2022 01:10:00 PM,30,CLEAR,DAYLIGHT,SIDESWIPE SAME DIRECTION,NOT DIVIDED,DRY,NO INJURY / DRIVE AWAY,UNABLE TO DETERMINE,2,11,NO INDICATION OF INJURY,0,0,13,3,41.8043259216,-87.7040126363
10/11/2021 11:30:00 AM,30,CLEAR,DAYLIGHT,ANGLE,FOUR WAY,DRY,NO INJURY / DRIVE AWAY,FAILING TO YIELD RIGHT-OF-WAY,2,10,NO INDICATION OF INJURY,0,0,11,2,41.9469566365,-87.6798293031
07/06/2023 02:45:00 AM,30,CLEAR,"DARKNESS, LIGHTED ROAD",PARKED MOTOR VEHICLE,ONE-WAY,DRY,NO INJURY / DRIVE AWAY,"OPERATING VEHICLE IN ERRATIC, RECKLESS, CARELESS, NEGLIGENT OR AGGRESSIVE MANNER",2,7,NO INDICATION OF INJURY,0,0,2,5,41.7985862788,-87.7467285433
05/14/2024 06:55:00 AM,30,RAIN,DAYLIGHT,ANGLE,FOUR WAY,WET,NO INJURY / DRIVE AWAY,FAILING TO REDUCE SPEED TO AVOID CRASH,2,5,NO INDICATION OF INJURY,0,0,6,3,41.8749509523,-87.6738651735
05/25/2021 10:30:00 PM,30,UNKNOWN,"DARKNESS, LIGHTED ROAD",ANGLE,FOUR WAY,UNKNOWN,NO INJURY / DRIVE AWAY,DISREGARDING TRAFFIC SIGNALS,2,5,NO INDICATION OF INJURY,0,0,22,3,41.8846831598,-87.6355329447
08/03/2022 05:30:00 PM,30,CLEAR,DAYLIGHT,REAR END,NOT DIVIDED,DRY,NO INJURY / DRIVE AWAY,UNABLE TO DETERMINE,2,8,NO INDICATION OF INJURY,0,0,17,4,41.7836844267,-87.6058547469
08/01/2025 11:30:00 AM,30,CLEAR,DAYLIGHT,PEDESTRIAN,PARKING LOT,DRY,NO INJURY / DRIVE AWAY,UNABLE TO DETERMINE,2,8,NO INDICATION OF INJURY,0,0,11,6,41.7674752862,-87.5858110642
02/15/2021 03:00:00 PM,30,SNOW,DAYLIGHT,SIDESWIPE SAME DIRECTION,NOT DIVIDED,SNOW OR SLUSH,NO INJURY / DRIVE AWAY,UNABLE TO DETERMINE,2,2,NO INDICATION OF INJURY,0,0,15,2,41.8065651083,-87.6845166965
03/03/2024 01:30:00 AM,30,UNKNOWN,"DARKNESS, LIGHTED ROAD",PARKED MOTOR VEHICLE,NOT DIVIDED,UNKNOWN,NO INJURY / DRIVE AWAY,UNABLE TO DETERMINE,2,3,NO INDICATION OF INJURY,0,0,1,1,41.714163221,-87.6557242318
07/29/2021 02:30:00 PM,30,CLEAR,DAYLIGHT,SIDESWIPE SAME DIRECTION,NOT DIVIDED,DRY,NO INJURY / DRIVE AWAY,NOT APPLICABLE,2,7,NO INDICATION OF INJURY,0,0,14,5,41.8671751247,-87.6393758126
01/24/2026 11:20:00 AM,30,CLEAR,DAYLIGHT,SIDESWIPE SAME DIRECTION,NOT DIVIDED,DRY,NO INJURY / DRIVE AWAY,UNABLE TO DETERMINE,2,1,NO INDICATION OF INJURY,0,0,11,7,41.9327043815,-87.6977783854
05/11/2021 02:30:00 PM,15,CLEAR,DAYLIGHT,TURNING,PARKING LOT,DRY,NO INJURY / DRIVE AWAY,NOT APPLICABLE,2,5,NO INDICATION OF INJURY,0,0,14,3,41.8688897111,-87.6390989281
11/19/2025 08:13:00 AM,30,CLEAR,DAYLIGHT,SIDESWIPE OPPOSITE DIRECTION,NOT DIVIDED,DRY,NO INJURY / DRIVE AWAY,FAILING TO YIELD RIGHT-OF-WAY,2,11,NO INDICATION OF INJURY,0,0,8,4,41.7747383284,-87.6132404634
08/15/2024 11:12:00 AM,30,RAIN,DAYLIGHT,ANGLE,FOUR WAY,WET,INJURY AND / OR TOW DUE TO CRASH,FAILING TO YIELD RIGHT-OF-WAY,2,8,NONINCAPACITATING INJURY,1,0,11,5,41.8813609245,-87.676495643
06/21/2021 02:10:00 PM,30,CLEAR,DAYLIGHT,REAR END,NOT DIVIDED,DRY,NO INJURY / DRIVE AWAY,UNABLE TO DETERMINE,2,6,NO INDICATION OF INJURY,0,0,14,2,41.809096128,-87.6276763284
12/06/2024 08:12:00 PM,30,CLEAR,"DARKNESS, LIGHTED ROAD",TURNING,NOT DIVIDED,DRY,INJURY AND / OR TOW DUE TO CRASH,DISREGARDING STOP SIGN,2,12,NO INDICATION OF INJURY,0,0,20,6,41.7789133984,-87.7008433868
02/06/2025 01:15:00 AM,30,FREEZING RAIN/DRIZZLE,"DARKNESS, LIGHTED ROAD",PARKED MOTOR VEHICLE,NOT DIVIDED,ICE,NO INJURY / DRIVE AWAY,WEATHER,2,2,NO INDICATION OF INJURY,0,0,1,5,41.9400913153,-87.7957109093
11/16/2023 04:02:00 PM,35,CLEAR,DAYLIGHT,REAR END,DIVIDED - W/MEDIAN BARRIER,UNKNOWN,NO INJURY / DRIVE AWAY,FOLLOWING TOO CLOSELY,2,11,NO INDICATION OF INJURY,0,0,16,5,41.802484884,-87.5959379006
03/08/2026 03:45:00 PM,30,CLEAR,DAYLIGHT,ANGLE,DIVIDED - W/MEDIAN (NOT RAISED),DRY,NO INJURY / DRIVE AWAY,UNABLE TO DETERMINE,2,3,NO INDICATION OF INJURY,0,0,15,1,41.8806340554,-87.7429547312
09/05/2022 01:05:00 PM,30,CLEAR,DAYLIGHT,PARKED MOTOR VEHICLE,NOT DIVIDED,DRY,NO INJURY / DRIVE AWAY,UNABLE TO DETERMINE,2,9,NO INDICATION OF INJURY,0,0,13,2,41.8528689778,-87.7027061681
05/22/2025 07:27:00 PM,30,CLEAR,DAYLIGHT,REAR END,NOT DIVIDED,DRY,NO INJURY / DRIVE AWAY,FOLLOWING TOO CLOSELY,2,5,NO INDICATION OF INJURY,0,0,19,5,41.960650541,-87.7624411672
04/24/2026 11:30:00 AM,20,CLEAR,DAYLIGHT,PARKED MOTOR VEHICLE,ONE-WAY,UNKNOWN,NO INJURY / DRIVE AWAY,UNABLE TO DETERMINE,2,4,NO INDICATION OF INJURY,0,0,11,6,41.75093373,-87.5685093498
06/11/2023 11:00:00 AM,30,CLOUDY/OVERCAST,DAYLIGHT,TURNING,DIVIDED - W/MEDIAN (NOT RAISED),WET,INJURY AND / OR TOW DUE TO CRASH,IMPROPER TURNING/NO SIGNAL,2,6,NO INDICATION OF INJURY,0,0,11,1,41.9047604122,-87.7225785145
06/22/2021 03:00:00 PM,30,CLEAR,DAYLIGHT,TURNING,FOUR WAY,DRY,NO INJURY / DRIVE AWAY,TURNING RIGHT ON RED,2,6,NO INDICATION OF INJURY,0,0,15,3,41.9321902613,-87.697766998
02/06/2026 06:16:00 PM,30,CLEAR,"DARKNESS, LIGHTED ROAD",FIXED OBJECT,ONE-WAY,SNOW OR SLUSH,INJURY AND / OR TOW DUE TO CRASH,DRIVING ON WRONG SIDE/WRONG WAY,1,2,NONINCAPACITATING INJURY,1,0,18,6,41.7552655756,-87.6855712076
04/24/2021 04:00:00 AM,30,CLEAR,DAWN,REAR END,DIVIDED - W/MEDIAN (NOT RAISED),DRY,INJURY AND / OR TOW DUE TO CRASH,PHYSICAL CONDITION OF DRIVER,2,4,NONINCAPACITATING INJURY,3,0,4,7,41.7932291253,-87.718406158
01/01/2024 08:40:00 AM,20,CLEAR,DAYLIGHT,PARKED MOTOR VEHICLE,NOT DIVIDED,DRY,NO INJURY / DRIVE AWAY,DISTRACTION - FROM INSIDE VEHICLE,2,1,NO INDICATION OF INJURY,0,0,8,2,41.9448241941,-87.6869284848
04/24/2021 08:02:00 PM,30,CLEAR,DARKNESS,FIXED OBJECT,NOT DIVIDED,DRY,INJURY AND / OR TOW DUE TO CRASH,UNABLE TO DETERMINE,1,4,NO INDICATION OF INJURY,0,0,20,7,41.9188634899,-87.7657370106
06/09/2023 06:00:00 PM,25,CLEAR,DAYLIGHT,TURNING,NOT DIVIDED,DRY,NO INJURY / DRIVE AWAY,UNABLE TO DETERMINE,2,6,NO INDICATION OF INJURY,0,0,18,6,41.8964740178,-87.6478949927
01/17/2023 05:30:00 PM,30,UNKNOWN,UNKNOWN,SIDESWIPE SAME DIRECTION,NOT DIVIDED,UNKNOWN,NO INJURY / DRIVE AWAY,UNABLE TO DETERMINE,2,1,NO INDICATION OF INJURY,0,0,17,3,41.8964293535,-87.6520435189
03/02/2021 03:25:00 PM,30,CLEAR,DAYLIGHT,PARKED MOTOR VEHICLE,NOT DIVIDED,DRY,NO INJURY / DRIVE AWAY,UNABLE TO DETERMINE,2,3,NO INDICATION OF INJURY,0,0,15,3,41.873961037,-87.6308044523
12/17/2025 12:30:00 PM,30,CLEAR,DAYLIGHT,TURNING,ONE-WAY,DRY,NO INJURY / DRIVE AWAY,DRIVING SKILLS/KNOWLEDGE/EXPERIENCE,2,12,NO INDICATION OF INJURY,0,0,12,4,41.7256248185,-87.6059190547
05/01/2022 09:30:00 AM,30,CLEAR,DAYLIGHT,TURNING,NOT DIVIDED,DRY,NO INJURY / DRIVE AWAY,FAILING TO YIELD RIGHT-OF-WAY,2,5,NO INDICATION OF INJURY,0,0,9,1,41.7327285061,-87.6191274302
01/11/2025 10:27:00 AM,40,CLEAR,DAYLIGHT,SIDESWIPE SAME DIRECTION,DIVIDED - W/MEDIAN BARRIER,SNOW OR SLUSH,NO INJURY / DRIVE AWAY,UNABLE TO DETERMINE,2,1,NO INDICATION OF INJURY,0,0,10,7,41.9094316078,-87.626066657
02/09/2021 04:25:00 AM,25,CLEAR,"DARKNESS, LIGHTED ROAD",PARKED MOTOR VEHICLE,ONE-WAY,SNOW OR SLUSH,NO INJURY / DRIVE AWAY,IMPROPER BACKING,2,2,NO INDICATION OF INJURY,0,0,4,3,41.9312685671,-87.8011411574
01/01/2024 06:05:00 PM,30,CLEAR,DARKNESS,REAR END,NOT DIVIDED,DRY,NO INJURY / DRIVE AWAY,UNABLE TO DETERMINE,2,1,NO INDICATION OF INJURY,0,0,18,2,41.8959024129,-87.7459766513
06/18/2023 04:00:00 AM,30,CLEAR,DUSK,PARKED MOTOR VEHICLE,NOT DIVIDED,DRY,NO INJURY / DRIVE AWAY,NOT APPLICABLE,2,6,NO INDICATION OF INJURY,0,0,4,1,41.797585653,-87.7549579476
09/30/2022 07:42:00 PM,30,CLEAR,DARKNESS,PEDESTRIAN,NOT DIVIDED,DRY,NO INJURY / DRIVE AWAY,UNABLE TO DETERMINE,2,9,NO INDICATION OF INJURY,0,0,19,6,41.8870417421,-87.6338909371
04/30/2021 04:30:00 PM,30,CLEAR,DAYLIGHT,REAR END,ONE-WAY,DRY,NO INJURY / DRIVE AWAY,FAILING TO REDUCE SPEED TO AVOID CRASH,2,4,NO INDICATION OF INJURY,0,0,16,6,41.7800791899,-87.6313982279
04/26/2026 03:48:00 PM,30,CLEAR,DAYLIGHT,REAR TO REAR,NOT DIVIDED,DRY,NO INJURY / DRIVE AWAY,FOLLOWING TOO CLOSELY,2,4,NO INDICATION OF INJURY,0,0,15,1,41.7583720537,-87.6104808317
09/02/2023 10:30:00 PM,30,CLEAR,"DARKNESS, LIGHTED ROAD",TURNING,FOUR WAY,DRY,INJURY AND / OR TOW DUE TO CRASH,IMPROPER TURNING/NO SIGNAL,2,9,NO INDICATION OF INJURY,0,0,22,7,41.7566722462,-87.615231055
12/15/2025 01:50:00 PM,25,CLEAR,DAYLIGHT,FIXED OBJECT,NOT DIVIDED,DRY,INJURY AND / OR TOW DUE TO CRASH,UNABLE TO DETERMINE,1,12,NO INDICATION OF INJURY,0,0,13,2,41.7935062664,-87.7113980279
11/13/2024 11:17:00 AM,30,CLEAR,DAYLIGHT,ANGLE,NOT DIVIDED,DRY,NO INJURY / DRIVE AWAY,IMPROPER TURNING/NO SIGNAL,2,11,NO INDICATION OF INJURY,0,0,11,4,41.7788424584,-87.7179800027
01/05/2022 11:15:00 AM,30,CLEAR,DAYLIGHT,PARKED MOTOR VEHICLE,NOT DIVIDED,DRY,NO INJURY / DRIVE AWAY,"VISION OBSCURED (SIGNS, TREE LIMBS, BUILDINGS, ETC.)",2,1,NO INDICATION OF INJURY,0,0,11,4,41.9168092945,-87.7473201419
08/21/2021 11:15:00 AM,10,CLEAR,DAYLIGHT,SIDESWIPE OPPOSITE DIRECTION,ALLEY,DRY,NO INJURY / DRIVE AWAY,"VISION OBSCURED (SIGNS, TREE LIMBS, BUILDINGS, ETC.)",2,8,NO INDICATION OF INJURY,0,0,11,7,41.891658154,-87.6368791854
09/05/2022 03:12:00 AM,30,RAIN,"DARKNESS, LIGHTED ROAD",REAR END,ONE-WAY,WET,INJURY AND / OR TOW DUE TO CRASH,FOLLOWING TOO CLOSELY,2,9,NONINCAPACITATING INJURY,2,0,3,2,41.7571563598,-87.558408913
03/16/2021 07:05:00 AM,35,CLEAR,DAYLIGHT,ANGLE,NOT DIVIDED,WET,INJURY AND / OR TOW DUE TO CRASH,FAILING TO YIELD RIGHT-OF-WAY,2,3,NO INDICATION OF INJURY,0,0,7,3,41.9828889408,-87.7842611001
08/14/2021 09:30:00 AM,20,CLEAR,DAYLIGHT,PARKED MOTOR VEHICLE,ONE-WAY,DRY,INJURY AND / OR TOW DUE TO CRASH,DRIVING SKILLS/KNOWLEDGE/EXPERIENCE,2,8,NO INDICATION OF INJURY,0,0,9,7,41.9403888415,-87.7761661646
12/06/2025 02:29:00 PM,30,CLEAR,DAYLIGHT,SIDESWIPE SAME DIRECTION,OTHER,UNKNOWN,NO INJURY / DRIVE AWAY,UNABLE TO DETERMINE,2,12,NO INDICATION OF INJURY,0,0,14,7,41.7141188681,-87.6431454082
05/19/2022 09:59:00 AM,30,CLEAR,DAYLIGHT,REAR END,FOUR WAY,DRY,NO INJURY / DRIVE AWAY,FOLLOWING TOO CLOSELY,2,5,NO INDICATION OF INJURY,0,0,9,5,41.8139663271,-87.6652539287
12/23/2023 10:59:00 PM,30,FOG/SMOKE/HAZE,"DARKNESS, LIGHTED ROAD",FIXED OBJECT,ONE-WAY,OTHER,INJURY AND / OR TOW DUE TO CRASH,UNABLE TO DETERMINE,1,12,NO INDICATION OF INJURY,0,0,22,7,41.8218170323,-87.6005335433
12/08/2023 05:00:00 PM,30,CLEAR,DAYLIGHT,ANGLE,NOT DIVIDED,DRY,NO INJURY / DRIVE AWAY,UNABLE TO DETERMINE,2,12,NO INDICATION OF INJURY,0,0,17,6,41.8912081398,-87.6557343427
12/05/2022 10:55:00 PM,30,RAIN,"DARKNESS, LIGHTED ROAD",FIXED OBJECT,T-INTERSECTION,WET,INJURY AND / OR TOW DUE TO CRASH,UNABLE TO DETERMINE,1,12,NO INDICATION OF INJURY,0,0,22,2,41.6592134463,-87.6173221511
10/15/2024 10:15:00 AM,15,RAIN,DAYLIGHT,PARKED MOTOR VEHICLE,PARKING LOT,WET,NO INJURY / DRIVE AWAY,NOT APPLICABLE,2,10,NO INDICATION OF INJURY,0,0,10,3,41.7599024841,-87.6411882998
05/12/2022 05:00:00 PM,30,CLEAR,DAYLIGHT,TURNING,NOT DIVIDED,DRY,INJURY AND / OR TOW DUE TO CRASH,NOT APPLICABLE,2,5,NONINCAPACITATING INJURY,1,0,17,5,41.7710200149,-87.7419912546
10/02/2023 06:12:00 PM,35,CLEAR,DAYLIGHT,SIDESWIPE SAME DIRECTION,ONE-WAY,DRY,NO INJURY / DRIVE AWAY,"OPERATING VEHICLE IN ERRATIC, RECKLESS, CARELESS, NEGLIGENT OR AGGRESSIVE MANNER",3,10,NO INDICATION OF INJURY,0,0,18,2,41.8992762151,-87.626811913
08/15/2024 08:30:00 PM,15,CLEAR,DARKNESS,PARKED MOTOR VEHICLE,PARKING LOT,DRY,NO INJURY / DRIVE AWAY,UNABLE TO DETERMINE,2,8,NO INDICATION OF INJURY,0,0,20,5,41.8341473875,-87.6745978564
07/14/2025 06:00:00 AM,30,CLEAR,DAYLIGHT,PARKED MOTOR VEHICLE,NOT DIVIDED,DRY,NO INJURY / DRIVE AWAY,NOT APPLICABLE,2,7,NO INDICATION OF INJURY,0,0,6,2,41.793031898,-87.6534855147
01/23/2021 01:45:00 PM,35,CLEAR,DAYLIGHT,SIDESWIPE SAME DIRECTION,ONE-WAY,DRY,NO INJURY / DRIVE AWAY,IMPROPER LANE USAGE,2,1,NO INDICATION OF INJURY,0,0,13,7,41.794921069,-87.5998520311
05/09/2021 01:06:00 AM,30,RAIN,"DARKNESS, LIGHTED ROAD",SIDESWIPE SAME DIRECTION,NOT DIVIDED,WET,INJURY AND / OR TOW DUE TO CRASH,FAILING TO REDUCE SPEED TO AVOID CRASH,2,5,NO INDICATION OF INJURY,0,0,1,1,41.7590045116,-87.6634852213
01/30/2022 10:00:00 PM,40,UNKNOWN,"DARKNESS, LIGHTED ROAD",TURNING,DIVIDED - W/MEDIAN (NOT RAISED),UNKNOWN,NO INJURY / DRIVE AWAY,UNABLE TO DETERMINE,2,1,NO INDICATION OF INJURY,0,0,22,1,41.722243815,-87.5849691185
08/10/2023 08:35:00 AM,30,CLEAR,DAYLIGHT,TURNING,FOUR WAY,DRY,NO INJURY / DRIVE AWAY,FAILING TO YIELD RIGHT-OF-WAY,2,8,NO INDICATION OF INJURY,0,0,8,5,41.9811262517,-87.7879169086
07/31/2024 09:20:00 AM,10,CLEAR,DAYLIGHT,SIDESWIPE SAME DIRECTION,OTHER,DRY,NO INJURY / DRIVE AWAY,IMPROPER OVERTAKING/PASSING,2,7,NO INDICATION OF INJURY,0,0,9,4,41.8511998366,-87.6188194842
07/21/2025 01:35:00 PM,30,CLEAR,DAYLIGHT,PARKED MOTOR VEHICLE,NOT DIVIDED,DRY,NO INJURY / DRIVE AWAY,FAILING TO REDUCE SPEED TO AVOID CRASH,2,7,NO INDICATION OF INJURY,0,0,13,2,41.9531529186,-87.7772627906
02/01/2023 08:50:00 AM,30,CLEAR,DAYLIGHT,SIDESWIPE SAME DIRECTION,NOT DIVIDED,DRY,NO INJURY / DRIVE AWAY,UNABLE TO DETERMINE,2,2,NO INDICATION OF INJURY,0,0,8,4,41.975933372,-87.6892995892
12/21/2025 02:30:00 PM,30,CLEAR,DAYLIGHT,ANGLE,FOUR WAY,DRY,INJURY AND / OR TOW DUE TO CRASH,DISREGARDING TRAFFIC SIGNALS,2,12,NO INDICATION OF INJURY,0,0,14,1,41.7871340751,-87.6450320009
10/13/2025 01:07:00 PM,30,CLEAR,DAYLIGHT,ANGLE,NOT DIVIDED,DRY,NO INJURY / DRIVE AWAY,FAILING TO YIELD RIGHT-OF-WAY,2,10,NO INDICATION OF INJURY,0,0,13,2,41.7764949068,-87.742250634
03/31/2024 07:41:00 PM,30,RAIN,DUSK,TURNING,NOT DIVIDED,WET,INJURY AND / OR TOW DUE TO CRASH,DRIVING SKILLS/KNOWLEDGE/EXPERIENCE,2,3,"REPORTED, NOT EVIDENT",7,0,19,1,41.8657323123,-87.6196686373
11/13/2021 05:00:00 PM,10,CLEAR,"DARKNESS, LIGHTED ROAD",FIXED OBJECT,PARKING LOT,DRY,NO INJURY / DRIVE AWAY,UNABLE TO DETERMINE,1,11,NO INDICATION OF INJURY,0,0,17,7,41.9622348116,-87.7277137182
02/17/2021 02:00:00 PM,30,UNKNOWN,UNKNOWN,PARKED MOTOR VEHICLE,ONE-WAY,UNKNOWN,NO INJURY / DRIVE AWAY,UNABLE TO DETERMINE,2,2,NO INDICATION OF INJURY,0,0,14,4,41.8571307128,-87.7263670874
11/29/2025 10:20:00 AM,30,SNOW,DAYLIGHT,PARKED MOTOR VEHICLE,NOT DIVIDED,SNOW OR SLUSH,NO INJURY / DRIVE AWAY,IMPROPER BACKING,2,11,NO INDICATION OF INJURY,0,0,10,7,41.7029602732,-87.7050643747
01/20/2022 03:10:00 PM,30,CLEAR,DAYLIGHT,FIXED OBJECT,FOUR WAY,DRY,NO INJURY / DRIVE AWAY,NOT APPLICABLE,1,1,NO INDICATION OF INJURY,0,0,15,5,41.8854349861,-87.6670880553
07/23/2024 06:09:00 PM,30,CLEAR,DAYLIGHT,TURNING,DIVIDED - W/MEDIAN (NOT RAISED),DRY,NO INJURY / DRIVE AWAY,FAILING TO YIELD RIGHT-OF-WAY,2,7,NO INDICATION OF INJURY,0,0,18,3,41.8348079768,-87.6463487291
10/19/2021 07:23:00 PM,30,CLEAR,"DARKNESS, LIGHTED ROAD",PARKED MOTOR VEHICLE,NOT DIVIDED,DRY,NO INJURY / DRIVE AWAY,IMPROPER BACKING,2,10,NO INDICATION OF INJURY,0,0,19,3,41.9245787079,-87.6668212964
09/04/2021 06:23:00 AM,25,CLEAR,DAWN,PARKED MOTOR VEHICLE,ONE-WAY,DRY,INJURY AND / OR TOW DUE TO CRASH,"EVASIVE ACTION DUE TO ANIMAL, OBJECT, NONMOTORIST",3,9,NO INDICATION OF INJURY,0,0,6,7,41.9648925684,-87.7241199133