CRASH_DATE,POSTED_SPEED_LIMIT,WEATHER_CONDITION,LIGHTING_CONDITION,FIRST_CRASH_TYPE,TRAFFICWAY_TYPE,ROADWAY_SURFACE_COND,CRASH_TYPE,PRIM_CONTRIBUTORY_CAUSE,NUM_UNITS,CRASH_MONTH,MOST_SEVERE_INJURY,INJURIES_TOTAL,INJURIES_FATAL,CRASH_HOUR,CRASH_DAY_OF_WEEK,LATITUDE,LONGITUDE
10/05/2024 07:36:00 PM,30,RAIN,"DARKNESS, LIGHTED ROAD",TURNING,OTHER,DRY,INJURY AND / OR TOW DUE TO CRASH,FAILING TO YIELD RIGHT-OF-WAY,4,10,NONINCAPACITATING INJURY,1,0,19,7,41.7484622246,-87.6826611558
07/09/2023 10:00:00 AM,15,CLEAR,DAYLIGHT,PARKED MOTOR VEHICLE,PARKING LOT,DRY,NO INJURY / DRIVE AWAY,IMPROPER BACKING,2,7,NO INDICATION OF INJURY,0,0,10,1,41.843133975,-87.7243721609
06/16/2021 05:45:00 PM,30,CLEAR,DAYLIGHT,REAR END,NOT DIVIDED,DRY,INJURY AND / OR TOW DUE TO CRASH,FOLLOWING TOO CLOSELY,2,6,NO INDICATION OF INJURY,0,0,17,4,41.7733806909,-87.592561207
05/05/2023 01:00:00 PM,30,CLEAR,DAYLIGHT,PARKED MOTOR VEHICLE,ONE-WAY,DRY,NO INJURY / DRIVE AWAY,FOLLOWING TOO CLOSELY,2,5,NO INDICATION OF INJURY,0,0,13,6,41.9437496115,-87.6479025542
12/13/2024 03:45:00 PM,30,UNKNOWN,UNKNOWN,SIDESWIPE SAME DIRECTION,DIVIDED - W/MEDIAN (NOT RAISED),UNKNOWN,NO INJURY / DRIVE AWAY,DRIVING SKILLS/KNOWLEDGE/EXPERIENCE,2,12,NO INDICATION OF INJURY,0,0,15,6,41.9937733855,-87.6899008967
05/28/2024 11:00:00 PM,30,CLEAR,"DARKNESS, LIGHTED ROAD",PARKED MOTOR VEHICLE,NOT DIVIDED,DRY,NO INJURY / DRIVE AWAY,UNABLE TO DETERMINE,2,5,NO INDICATION OF INJURY,0,0,23,3,41.8724190745,-87.742600422
10/29/2021 04:49:00 AM,30,RAIN,"DARKNESS, LIGHTED ROAD",ANGLE,NOT DIVIDED,WET,INJURY AND / OR TOW DUE TO CRASH,DISREGARDING STOP SIGN,2,10,NO INDICATION OF INJURY,0,0,4,6,41.7589347266,-87.5616638267
03/19/2021 06:53:00 AM,30,CLEAR,DAWN,REAR END,NOT DIVIDED,DRY,NO INJURY / DRIVE AWAY,EQUIPMENT - VEHICLE CONDITION,2,3,NO INDICATION OF INJURY,0,0,6,6,41.7852804907,-87.7034658905
04/25/2025 03:30:00 PM,30,CLEAR,DAYLIGHT,TURNING,NOT DIVIDED,DRY,INJURY AND / OR TOW DUE TO CRASH,UNABLE TO DETERMINE,3,4,NO INDICATION OF INJURY,0,0,15,6,41.8217349207,-87.7043609999
03/23/2021 12:50:00 AM,15,CLEAR,"DARKNESS, LIGHTED ROAD",REAR TO FRONT,PARKING LOT,DRY,NO INJURY / DRIVE AWAY,IMPROPER BACKING,2,3,NO INDICATION OF INJURY,0,0,0,3,41.755939435,-87.6443269829
06/05/2022 08:18:00 PM,30,CLEAR,"DARKNESS, LIGHTED ROAD",ANGLE,FOUR WAY,DRY,INJURY AND / OR TOW DUE TO CRASH,DISREGARDING TRAFFIC SIGNALS,5,6,INCAPACITATING INJURY,3,0,20,1,41.846037569,-87.7247613705
03/07/2025 03:40:00 PM,30,UNKNOWN,UNKNOWN,PARKED MOTOR VEHICLE,ONE-WAY,UNKNOWN,NO INJURY / DRIVE AWAY,UNABLE TO DETERMINE,2,3,NO INDICATION OF INJURY,0,0,15,6,41.9542545969,-87.7054365103
09/06/2023 04:45:00 PM,30,CLEAR,DAWN,PARKED MOTOR VEHICLE,ONE-WAY,DRY,NO INJURY / DRIVE AWAY,NOT APPLICABLE,2,9,NO INDICATION OF INJURY,0,0,16,4,41.9494879913,-87.6787494703
09/22/2021 12:15:00 PM,25,CLEAR,DAYLIGHT,PARKED MOTOR VEHICLE,ONE-WAY,DRY,NO INJURY / DRIVE AWAY,UNABLE TO DETERMINE,2,9,NO INDICATION OF INJURY,0,0,12,4,41.9971663997,-87.6945974636
12/10/2024 01:45:00 PM,30,CLEAR,DAYLIGHT,ANGLE,DIVIDED - W/MEDIAN (NOT RAISED),DRY,INJURY AND / OR TOW DUE TO CRASH,DISREGARDING TRAFFIC SIGNALS,2,12,NO INDICATION OF INJURY,0,0,13,3,41.8867217641,-87.6867273643
12/27/2022 10:50:00 AM,30,CLEAR,DAYLIGHT,REAR TO FRONT,PARKING LOT,DRY,NO INJURY / DRIVE AWAY,UNABLE TO DETERMINE,2,12,NO INDICATION OF INJURY,0,0,10,3,41.755394842,-87.7014838839
02/19/2023 07:00:00 PM,15,CLEAR,"DARKNESS, LIGHTED ROAD",HEAD ON,ALLEY,DRY,NO INJURY / DRIVE AWAY,NOT APPLICABLE,2,2,NO INDICATION OF INJURY,0,0,19,1,41.8052528706,-87.7188706516
10/01/2025 07:10:00 AM,30,CLEAR,DAYLIGHT,TURNING,NOT DIVIDED,DRY,NO INJURY / DRIVE AWAY,UNABLE TO DETERMINE,2,10,NO INDICATION OF INJURY,0,0,7,4,41.9775463527,-87.8399634888
05/17/2022 08:20:00 AM,20,CLEAR,DAYLIGHT,TURNING,ONE-WAY,DRY,INJURY AND / OR TOW DUE TO CRASH,UNABLE TO DETERMINE,2,5,NO INDICATION OF INJURY,0,0,8,3,41.9640352454,-87.723164956
05/25/2021 11:40:00 AM,20,CLEAR,DAYLIGHT,PARKED MOTOR VEHICLE,ONE-WAY,DRY,NO INJURY / DRIVE AWAY,UNABLE TO DETERMINE,2,5,NO INDICATION OF INJURY,0,0,11,3,41.918763301,-87.7288962766
04/29/2021 12:10:00 PM,20,CLEAR,DAYLIGHT,SIDESWIPE SAME DIRECTION,NOT DIVIDED,WET,NO INJURY / DRIVE AWAY,UNABLE TO DETERMINE,2,4,NO INDICATION OF INJURY,0,0,12,5,41.9867266996,-87.6648988498
04/05/2024 04:00:00 PM,35,CLEAR,DAYLIGHT,TURNING,OTHER,DRY,NO INJURY / DRIVE AWAY,IMPROPER TURNING/NO SIGNAL,2,4,NO INDICATION OF INJURY,0,0,16,6,41.7943726835,-87.6206899897
09/18/2025 12:44:00 PM,30,CLEAR,DAYLIGHT,TURNING,ONE-WAY,DRY,INJURY AND / OR TOW DUE TO CRASH,NOT APPLICABLE,2,9,NONINCAPACITATING INJURY,1,0,12,5,41.8514090903,-87.7267183765
11/26/2022 07:00:00 PM,30,CLEAR,DARKNESS,TURNING,NOT DIVIDED,DRY,INJURY AND / OR TOW DUE TO CRASH,IMPROPER LANE USAGE,2,11,NO INDICATION OF INJURY,0,0,19,7,41.7505750596,-87.6478283267
10/31/2025 08:06:00 AM,30,CLEAR,DAYLIGHT,SIDESWIPE SAME DIRECTION,DIVIDED - W/MEDIAN BARRIER,DRY,NO INJURY / DRIVE AWAY,IMPROPER OVERTAKING/PASSING,2,10,NO INDICATION OF INJURY,0,0,8,6,41.961399138,-87.6986524205
08/12/2023 04:55:00 PM,30,CLEAR,DAYLIGHT,REAR END,NOT DIVIDED,DRY,NO INJURY / DRIVE AWAY,UNABLE TO DETERMINE,2,8,NO INDICATION OF INJURY,0,0,16,7,41.9256132521,-87.6358847891
06/26/2022 03:00:00 PM,30,CLEAR,DAYLIGHT,REAR END,FOUR WAY,DRY,NO INJURY / DRIVE AWAY,FOLLOWING TOO CLOSELY,2,6,NO INDICATION OF INJURY,0,0,15,1,41.9310291091,-87.7760247449
05/25/2021 02:40:00 PM,25,CLEAR,DAYLIGHT,TURNING,NOT DIVIDED,DRY,INJURY AND / OR TOW DUE TO CRASH,DRIVING SKILLS/KNOWLEDGE/EXPERIENCE,2,5,"REPORTED, NOT EVIDENT",1,0,14,3,41.986617427,-87.7841745709
06/18/2023 04:25:00 PM,30,CLOUDY/OVERCAST,UNKNOWN,REAR END,UNKNOWN,UNKNOWN,NO INJURY / DRIVE AWAY,UNABLE TO DETERMINE,2,6,NO INDICATION OF INJURY,0,0,16,1,41.9458796756,-87.7766274209
08/01/2021 06:50:00 PM,30,CLEAR,DAYLIGHT,TURNING,NOT DIVIDED,DRY,NO INJURY / DRIVE AWAY,FAILING TO REDUCE SPEED TO AVOID CRASH,2,8,NO INDICATION OF INJURY,0,0,18,1,41.6925186097,-87.6197048225
09/20/2025 10:06:00 PM,30,CLEAR,"DARKNESS, LIGHTED ROAD",ANGLE,FOUR WAY,DRY,INJURY AND / OR TOW DUE TO CRASH,DISREGARDING TRAFFIC SIGNALS,2,9,NONINCAPACITATING INJURY,3,0,22,7,41.756231795,-87.6324323658
12/22/2022 12:15:00 PM,30,SNOW,DAYLIGHT,PARKED MOTOR VEHICLE,PARKING LOT,WET,NO INJURY / DRIVE AWAY,UNABLE TO DETERMINE,2,12,,,,12,5,41.9904947718,-87.7484774142
09/20/2023 05:48:00 PM,35,CLEAR,DAYLIGHT,REAR TO SIDE,NOT DIVIDED,DRY,NO INJURY / DRIVE AWAY,"OPERATING VEHICLE IN ERRATIC, RECKLESS, CARELESS, NEGLIGENT OR AGGRESSIVE MANNER",2,9,NO INDICATION OF INJURY,0,0,17,4,41.8023481282,-87.591998189
11/12/2022 06:00:00 PM,30,CLEAR,DAYLIGHT,REAR END,NOT DIVIDED,DRY,NO INJURY / DRIVE AWAY,UNABLE TO DETERMINE,2,11,NO INDICATION OF INJURY,0,0,18,7,41.9249702915,-87.6918608787
02/03/2026 09:50:00 AM,30,CLEAR,DAYLIGHT,OTHER OBJECT,FOUR WAY,WET,INJURY AND / OR TOW DUE TO CRASH,UNABLE TO DETERMINE,1,2,NO INDICATION OF INJURY,0,0,9,3,41.864251194,-87.7252627897
12/26/2021 01:10:00 PM,30,CLEAR,DAYLIGHT,REAR END,DIVIDED - W/MEDIAN BARRIER,DRY,NO INJURY / DRIVE AWAY,UNABLE TO DETERMINE,2,12,NO INDICATION OF INJURY,0,0,13,1,41.7219344056,-87.6044495458
11/22/2021 10:40:00 AM,30,CLEAR,DAYLIGHT,PARKED MOTOR VEHICLE,ONE-WAY,DRY,NO INJURY / DRIVE AWAY,UNABLE TO DETERMINE,2,11,NO INDICATION OF INJURY,0,0,10,2,41.7767190921,-87.6992784815
05/04/2026 04:54:00 PM,0,CLEAR,DAYLIGHT,TURNING,ROUNDABOUT,DRY,NO INJURY / DRIVE AWAY,UNABLE TO DETERMINE,2,5,NO INDICATION OF INJURY,0,0,16,2,41.8149287763,-87.6027135498
10/04/2022 06:43:00 PM,30,CLEAR,DARKNESS,SIDESWIPE OPPOSITE DIRECTION,FOUR WAY,DRY,INJURY AND / OR TOW DUE TO CRASH,UNABLE TO DETERMINE,2,10,NO INDICATION OF INJURY,0,0,18,3,41.7627120201,-87.5663058669
05/23/2024 05:10:00 PM,30,CLEAR,DAYLIGHT,ANGLE,DIVIDED - W/MEDIAN BARRIER,DRY,NO INJURY / DRIVE AWAY,UNABLE TO DETERMINE,2,5,NO INDICATION OF INJURY,0,0,17,5,41.8624842514,-87.7031929234
10/06/2023 03:35:00 PM,30,RAIN,DAYLIGHT,ANGLE,FOUR WAY,WET,INJURY AND / OR TOW DUE TO CRASH,UNABLE TO DETERMINE,2,10,NONINCAPACITATING INJURY,1,0,15,6,41.9483637154,-87.7077208403
11/01/2025 01:00:00 AM,30,CLEAR,DARKNESS,PARKED MOTOR VEHICLE,DIVIDED - W/MEDIAN BARRIER,WET,INJURY AND / OR TOW DUE TO CRASH,FAILING TO REDUCE SPEED TO AVOID CRASH,5,11,"REPORTED, NOT EVIDENT",2,0,1,7,41.74725566,-87.6341516242
05/13/2025 07:58:00 AM,30,CLEAR,DAYLIGHT,ANGLE,UNKNOWN INTERSECTION TYPE,DRY,NO INJURY / DRIVE AWAY,DISREGARDING STOP SIGN,2,5,NO INDICATION OF INJURY,0,0,7,3,41.9515636349,-87.7569707428
06/06/2022 03:15:00 PM,30,CLEAR,DAYLIGHT,REAR END,DIVIDED - W/MEDIAN (NOT RAISED),DRY,NO INJURY / DRIVE AWAY,FOLLOWING TOO CLOSELY,2,6,NO INDICATION OF INJURY,0,0,15,2,41.7790205312,-87.7069651754
07/12/2024 03:40:00 PM,30,CLEAR,DAYLIGHT,ANGLE,FOUR WAY,DRY,NO INJURY / DRIVE AWAY,"VISION OBSCURED (SIGNS, TREE LIMBS, BUILDINGS, ETC.)",2,7,NO INDICATION OF INJURY,0,0,15,6,41.8302367756,-87.6846047573
03/09/2025 09:10:00 PM,30,UNKNOWN,UNKNOWN,PARKED MOTOR VEHICLE,NOT DIVIDED,UNKNOWN,NO INJURY / DRIVE AWAY,IMPROPER OVERTAKING/PASSING,2,3,NO INDICATION OF INJURY,0,0,21,1,41.8419840741,-87.6170541733
11/02/2024 10:05:00 AM,30,CLEAR,DAYLIGHT,OTHER OBJECT,PARKING LOT,DRY,INJURY AND / OR TOW DUE TO CRASH,"OPERATING VEHICLE IN ERRATIC, RECKLESS, CARELESS, NEGLIGENT OR AGGRESSIVE MANNER",2,11,NONINCAPACITATING INJURY,2,0,10,7,41.7812043653,-87.6641132795
09/08/2021 01:45:00 PM,30,CLEAR,DAYLIGHT,PARKED MOTOR VEHICLE,DIVIDED - W/MEDIAN (NOT RAISED),DRY,NO INJURY / DRIVE AWAY,UNABLE TO DETERMINE,2,9,NO INDICATION OF INJURY,0,0,13,4,41.7261212566,-87.5663516385
12/14/2023 02:15:00 PM,10,CLEAR,DAYLIGHT,FIXED OBJECT,RAMP,DRY,NO INJURY / DRIVE AWAY,UNABLE TO DETERMINE,1,12,NO INDICATION OF INJURY,0,0,14,5,41.8642410961,-87.6193466985
11/15/2023 02:00:00 AM,30,CLEAR,DARKNESS,PARKED MOTOR VEHICLE,ONE-WAY,DRY,NO INJURY / DRIVE AWAY,UNABLE TO DETERMINE,2,11,NO INDICATION OF INJURY,0,0,2,4,41.8795945906,-87.7303403139
07/05/2021 12:15:00 AM,30,CLEAR,"DARKNESS, LIGHTED ROAD",ANGLE,FOUR WAY,DRY,INJURY AND / OR TOW DUE TO CRASH,DISREGARDING TRAFFIC SIGNALS,2,7,NO INDICATION OF INJURY,0,0,0,2,41.8880820673,-87.6205011708
09/24/2023 03:00:00 PM,30,UNKNOWN,UNKNOWN,SIDESWIPE SAME DIRECTION,DIVIDED - W/MEDIAN (NOT RAISED),UNKNOWN,NO INJURY / DRIVE AWAY,IMPROPER OVERTAKING/PASSING,2,9,NO INDICATION OF INJURY,0,0,15,1,42.0110095344,-87.6628380002
08/04/2023 12:00:00 PM,30,CLEAR,DAYLIGHT,REAR END,NOT DIVIDED,DRY,NO INJURY / DRIVE AWAY,FAILING TO YIELD RIGHT-OF-WAY,2,8,NO INDICATION OF INJURY,0,0,12,6,41.95428598,-87.7489878823
04/01/2025 11:52:00 AM,25,CLEAR,DAYLIGHT,ANGLE,UNKNOWN INTERSECTION TYPE,DRY,INJURY AND / OR TOW DUE TO CRASH,DISREGARDING STOP SIGN,2,4,NONINCAPACITATING INJURY,1,0,11,3,41.7643484466,-87.5858451682
12/14/2023 01:27:00 PM,30,CLEAR,DAYLIGHT,REAR END,RAMP,DRY,NO INJURY / DRIVE AWAY,UNABLE TO DETERMINE,3,12,NO INDICATION OF INJURY,0,0,13,5,41.7934996445,-87.6306372504
10/22/2022 11:00:00 AM,30,CLEAR,DAYLIGHT,TURNING,DIVIDED - W/MEDIAN BARRIER,DRY,NO INJURY / DRIVE AWAY,IMPROPER LANE USAGE,2,10,NO INDICATION OF INJURY,0,0,11,7,41.8984313721,-87.6280091631
07/03/2021 06:06:00 PM,30,UNKNOWN,UNKNOWN,REAR END,UNKNOWN,UNKNOWN,NO INJURY / DRIVE AWAY,UNABLE TO DETERMINE,2,7,NO INDICATION OF INJURY,0,0,18,7,41.795559922,-87.7037630383
07/29/2024 03:08:00 PM,30,RAIN,DAYLIGHT,REAR END,NOT DIVIDED,WET,NO INJURY / DRIVE AWAY,FOLLOWING TOO CLOSELY,2,7,NO INDICATION OF INJURY,0,0,15,2,41.9812687407,-87.7685221905
11/27/2024 03:30:00 PM,30,CLEAR,DAYLIGHT,PARKED MOTOR VEHICLE,OTHER,DRY,INJURY AND / OR TOW DUE TO CRASH,UNABLE TO DETERMINE,2,11,"REPORTED, NOT EVIDENT",1,0,15,4,41.778864859,-87.7204589167
05/11/2023 03:26:00 PM,30,CLEAR,DAYLIGHT,TURNING,NOT DIVIDED,DRY,NO INJURY / DRIVE AWAY,IMPROPER TURNING/NO SIGNAL,2,5,NO INDICATION OF INJURY,0,0,15,5,41.952634902,-87.7998624259
11/11/2024 04:50:00 PM,30,CLEAR,"DARKNESS, LIGHTED ROAD",FIXED OBJECT,NOT DIVIDED,DRY,INJURY AND / OR TOW DUE TO CRASH,IMPROPER LANE USAGE,1,11,NO INDICATION OF INJURY,0,0,16,2,41.8959757893,-87.6796255956
11/15/2024 05:30:00 PM,30,CLEAR,"DARKNESS, LIGHTED ROAD",REAR END,FOUR WAY,DRY,NO INJURY / DRIVE AWAY,FOLLOWING TOO CLOSELY,2,11,NO INDICATION OF INJURY,0,0,17,6,41.9464159422,-87.727549491
05/24/2021 09:40:00 AM,5,CLEAR,DAYLIGHT,PARKED MOTOR VEHICLE,PARKING LOT,DRY,NO INJURY / DRIVE AWAY,IMPROPER BACKING,2,5,NO INDICATION OF INJURY,0,0,9,2,41.7804036945,-87.6218374892
05/16/2022 06:30:00 PM,30,CLEAR,DAYLIGHT,SIDESWIPE OPPOSITE DIRECTION,DIVIDED - W/MEDIAN (NOT RAISED),DRY,NO INJURY / DRIVE AWAY,EQUIPMENT - VEHICLE CONDITION,2,5,NO INDICATION OF INJURY,0,0,18,2,41.7220366778,-87.5979414813
11/30/2022 05:25:00 PM,30,CLEAR,"DARKNESS, LIGHTED ROAD",SIDESWIPE SAME DIRECTION,FOUR WAY,DRY,NO INJURY / DRIVE AWAY,UNABLE TO DETERMINE,2,11,NO INDICATION OF INJURY,0,0,17,4,41.9287299722,-87.7056226638
12/20/2025 03:31:00 AM,40,CLEAR,"DARKNESS, LIGHTED ROAD",REAR END,NOT DIVIDED,DRY,INJURY AND / OR TOW DUE TO CRASH,"OPERATING VEHICLE IN ERRATIC, RECKLESS, CARELESS, NEGLIGENT OR AGGRESSIVE MANNER",2,12,NO INDICATION OF INJURY,0,0,3,7,41.9978428556,-87.6897420302
07/09/2022 04:50:00 PM,30,CLEAR,DAYLIGHT,SIDESWIPE SAME DIRECTION,NOT DIVIDED,DRY,INJURY AND / OR TOW DUE TO CRASH,FAILING TO REDUCE SPEED TO AVOID CRASH,2,7,INCAPACITATING INJURY,4,0,16,7,41.7537458419,-87.6332954277
08/09/2021 10:20:00 AM,30,CLOUDY/OVERCAST,DAYLIGHT,REAR END,NOT DIVIDED,WET,NO INJURY / DRIVE AWAY,FAILING TO REDUCE SPEED TO AVOID CRASH,2,8,NO INDICATION OF INJURY,0,0,10,2,41.9973821735,-87.7880776739
08/02/2022 11:15:00 PM,30,CLEAR,"DARKNESS, LIGHTED ROAD",PARKED MOTOR VEHICLE,ONE-WAY,DRY,NO INJURY / DRIVE AWAY,EQUIPMENT - VEHICLE CONDITION,3,8,NO INDICATION OF INJURY,0,0,23,3,41.7758930639,-87.7858071226
01/15/2026 09:00:00 AM,30,CLEAR,"DARKNESS, LIGHTED ROAD",PARKED MOTOR VEHICLE,DIVIDED - W/MEDIAN (NOT RAISED),DRY,NO INJURY / DRIVE AWAY,UNABLE TO DETERMINE,2,1,NO INDICATION OF INJURY,0,0,9,5,41.8378674312,-87.651420249
08/15/2021 04:24:00 PM,30,CLEAR,DAYLIGHT,SIDESWIPE SAME DIRECTION,ONE-WAY,DRY,NO INJURY / DRIVE AWAY,UNABLE TO DETERMINE,2,8,NO INDICATION OF INJURY,0,0,16,1,41.9367032432,-87.6386116098
03/08/2022 03:00:00 PM,30,CLEAR,DAYLIGHT,PARKED MOTOR VEHICLE,DIVIDED - W/MEDIAN (NOT RAISED),DRY,NO INJURY / DRIVE AWAY,DRIVING SKILLS/KNOWLEDGE/EXPERIENCE,2,3,NO INDICATION OF INJURY,0,0,15,3,41.9362953817,-87.7190200505
11/13/2022 03:30:00 PM,30,CLEAR,DAYLIGHT,PEDALCYCLIST,FOUR WAY,DRY,NO INJURY / DRIVE AWAY,FAILING TO REDUCE SPEED TO AVOID CRASH,2,11,NO INDICATION OF INJURY,0,0,15,1,41.9286697899,-87.6879222355
06/22/2025 03:56:00 PM,30,CLEAR,DAYLIGHT,TURNING,NOT DIVIDED,DRY,NO INJURY / DRIVE AWAY,IMPROPER TURNING/NO SIGNAL,2,6,NO INDICATION OF INJURY,0,0,15,1,42.0118916738,-87.7825069052
01/16/2024 02:00:00 PM,30,CLEAR,DUSK,ANGLE,NOT DIVIDED,UNKNOWN,NO INJURY / DRIVE AWAY,UNABLE TO DETERMINE,2,1,NO INDICATION OF INJURY,0,0,14,3,41.9364538178,-87.8067737649
10/25/2021 07:25:00 AM,30,RAIN,DAWN,REAR END,NOT DIVIDED,WET,NO INJURY / DRIVE AWAY,UNABLE TO DETERMINE,3,10,NO INDICATION OF INJURY,0,0,7,2,41.7519405033,-87.6053680818
02/06/2022 09:10:00 PM,30,CLEAR,"DARKNESS, LIGHTED ROAD",SIDESWIPE SAME DIRECTION,NOT DIVIDED,DRY,NO INJURY / DRIVE AWAY,FAILING TO YIELD RIGHT-OF-WAY,2,2,NO INDICATION OF INJURY,0,0,21,1,41.9267772078,-87.6413597972
05/22/2024 09:54:00 PM,30,CLEAR,"DARKNESS, LIGHTED ROAD",ANGLE,FOUR WAY,DRY,INJURY AND / OR TOW DUE TO CRASH,FAILING TO YIELD RIGHT-OF-WAY,4,5,NONINCAPACITATING INJURY,3,0,21,4,41.859559782,-87.6663438504
04/14/2025 12:30:00 PM,30,CLEAR,DAYLIGHT,TURNING,NOT DIVIDED,DRY,NO INJURY / DRIVE AWAY,FAILING TO YIELD RIGHT-OF-WAY,2,4,NO INDICATION OF INJURY,0,0,12,2,41.9948170432,-87.7143427683
09/26/2024 01:07:00 PM,30,CLEAR,DAYLIGHT,PEDALCYCLIST,T-INTERSECTION,DRY,NO INJURY / DRIVE AWAY,UNABLE TO DETERMINE,2,9,NO INDICATION OF INJURY,0,0,13,5,41.9466078412,-87.7165375953
04/03/2022 05:54:00 AM,30,CLEAR,DAYLIGHT,TURNING,NOT DIVIDED,DRY,INJURY AND / OR TOW DUE TO CRASH,NOT APPLICABLE,2,4,NO INDICATION OF INJURY,0,0,5,1,41.9975096366,-87.7087156096
05/18/2024 02:26:00 PM,30,CLEAR,DAYLIGHT,TURNING,FOUR WAY,UNKNOWN,NO INJURY / DRIVE AWAY,UNABLE TO DETERMINE,2,5,NO INDICATION OF INJURY,0,0,14,7,41.8798798825,-87.7254947136
02/18/2021 07:40:00 AM,15,SNOW,DAYLIGHT,OTHER OBJECT,ALLEY,SNOW OR SLUSH,NO INJURY / DRIVE AWAY,WEATHER,1,2,NO INDICATION OF INJURY,0,0,7,5,41.7768247904,-87.7411685787
11/06/2024 05:10:00 PM,25,CLEAR,DUSK,PEDALCYCLIST,NOT DIVIDED,DRY,INJURY AND / OR TOW DUE TO CRASH,UNABLE TO DETERMINE,2,11,NONINCAPACITATING INJURY,1,0,17,4,41.8449294555,-87.685304331
04/25/2021 11:00:00 AM,30,UNKNOWN,UNKNOWN,PARKED MOTOR VEHICLE,PARKING LOT,UNKNOWN,INJURY AND / OR TOW DUE TO CRASH,UNABLE TO DETERMINE,2,4,NO INDICATION OF INJURY,0,0,11,1,41.8289840818,-87.6797150896
02/25/2022 08:00:00 AM,15,SNOW,DAYLIGHT,ANGLE,FOUR WAY,SNOW OR SLUSH,NO INJURY / DRIVE AWAY,UNABLE TO DETERMINE,2,2,NO INDICATION OF INJURY,0,0,8,6,41.7408994494,-87.6896462524
10/20/2022 08:20:00 AM,30,CLEAR,DAYLIGHT,SIDESWIPE SAME DIRECTION,DIVIDED - W/MEDIAN (NOT RAISED),DRY,NO INJURY / DRIVE AWAY,IMPROPER OVERTAKING/PASSING,2,10,NO INDICATION OF INJURY,0,0,8,5,41.9739530902,-87.7087773978
11/24/2021 04:00:00 PM,15,CLEAR,DAYLIGHT,PARKED MOTOR VEHICLE,PARKING LOT,DRY,NO INJURY / DRIVE AWAY,IMPROPER TURNING/NO SIGNAL,2,11,NO INDICATION OF INJURY,0,0,16,4,41.9637889643,-87.6566064924
04/19/2026 04:00:00 PM,30,CLEAR,DAYLIGHT,REAR END,FOUR WAY,DRY,NO INJURY / DRIVE AWAY,FAILING TO YIELD RIGHT-OF-WAY,2,4,NO INDICATION OF INJURY,0,0,16,1,41.9526570401,-87.8065170881
10/07/2025 08:23:00 AM,30,RAIN,DAYLIGHT,TURNING,FOUR WAY,WET,INJURY AND / OR TOW DUE TO CRASH,UNABLE TO DETERMINE,3,10,NO INDICATION OF INJURY,0,0,8,3,41.9256299597,-87.6337321887
06/14/2025 12:00:00 PM,30,UNKNOWN,DAYLIGHT,REAR END,FOUR WAY,UNKNOWN,NO INJURY / DRIVE AWAY,UNABLE TO DETERMINE,2,6,NO INDICATION OF INJURY,0,0,12,7,41.7719318147,-87.6249613369
04/16/2022 11:57:00 AM,30,CLEAR,DAYLIGHT,SIDESWIPE SAME DIRECTION,NOT DIVIDED,DRY,NO INJURY / DRIVE AWAY,IMPROPER LANE USAGE,2,4,NO INDICATION OF INJURY,0,0,11,7,41.8782699191,-87.620528612
05/24/2021 06:59:00 PM,35,CLEAR,DAYLIGHT,SIDESWIPE SAME DIRECTION,NOT DIVIDED,DRY,INJURY AND / OR TOW DUE TO CRASH,FOLLOWING TOO CLOSELY,2,5,NO INDICATION OF INJURY,0,0,18,2,41.8882660687,-87.7552076937
10/11/2021 06:11:00 PM,30,RAIN,"DARKNESS, LIGHTED ROAD",REAR END,FOUR WAY,WET,INJURY AND / OR TOW DUE TO CRASH,UNABLE TO DETERMINE,2,10,NONINCAPACITATING INJURY,1,0,18,2,41.8965911301,-87.6373192669
10/12/2021 01:07:00 PM,30,CLOUDY/OVERCAST,DAYLIGHT,TURNING,NOT DIVIDED,"SAND, MUD, DIRT",INJURY AND / OR TOW DUE TO CRASH,FAILING TO REDUCE SPEED TO AVOID CRASH,4,10,NONINCAPACITATING INJURY,1,0,13,3,41.8841395322,-87.7648506391
10/02/2023 04:00:00 AM,30,CLEAR,DAYLIGHT,TURNING,NOT DIVIDED,DRY,NO INJURY / DRIVE AWAY,IMPROPER TURNING/NO SIGNAL,2,10,NO INDICATION OF INJURY,0,0,4,2,41.7790199096,-87.6935354824
10/18/2021 07:30:00 AM,30,CLEAR,DAYLIGHT,SIDESWIPE OPPOSITE DIRECTION,NOT DIVIDED,DRY,NO INJURY / DRIVE AWAY,NOT APPLICABLE,2,10,NO INDICATION OF INJURY,0,0,7,2,41.9589356147,-87.7346725074
12/23/2023 04:45:00 AM,30,FOG/SMOKE/HAZE,"DARKNESS, LIGHTED ROAD",FIXED OBJECT,ONE-WAY,WET,INJURY AND / OR TOW DUE TO CRASH,WEATHER,1,12,NONINCAPACITATING INJURY,1,0,4,7,41.8456529118,-87.617816391
11/25/2023 09:30:00 AM,15,CLEAR,DAYLIGHT,SIDESWIPE OPPOSITE DIRECTION,PARKING LOT,DRY,NO INJURY / DRIVE AWAY,UNABLE TO DETERMINE,2,11,NO INDICATION OF INJURY,0,0,9,7,41.9971568626,-87.7118742354