CRASH_DATE,POSTED_SPEED_LIMIT,WEATHER_CONDITION,LIGHTING_CONDITION,FIRST_CRASH_TYPE,TRAFFICWAY_TYPE,ROADWAY_SURFACE_COND,CRASH_TYPE,PRIM_CONTRIBUTORY_CAUSE,NUM_UNITS,CRASH_MONTH,MOST_SEVERE_INJURY,INJURIES_TOTAL,INJURIES_FATAL,CRASH_HOUR,CRASH_DAY_OF_WEEK,LATITUDE,LONGITUDE
11/21/2024 09:26:00 AM,30,SNOW,DAYLIGHT,REAR END,CENTER TURN LANE,SNOW OR SLUSH,INJURY AND / OR TOW DUE TO CRASH,WEATHER,2,11,INCAPACITATING INJURY,1,0,9,5,41.9678227365,-87.7553494006
09/15/2024 02:04:00 PM,30,CLEAR,DAYLIGHT,TURNING,NOT DIVIDED,DRY,NO INJURY / DRIVE AWAY,IMPROPER TURNING/NO SIGNAL,2,9,NO INDICATION OF INJURY,0,0,14,1,41.7859124082,-87.6742260631
12/24/2022 09:35:00 PM,35,CLEAR,"DARKNESS, LIGHTED ROAD",REAR END,DIVIDED - W/MEDIAN BARRIER,DRY,INJURY AND / OR TOW DUE TO CRASH,UNABLE TO DETERMINE,2,12,NONINCAPACITATING INJURY,1,0,21,7,41.9113055984,-87.6262094323
05/11/2024 01:00:00 PM,30,CLEAR,DAYLIGHT,TURNING,NOT DIVIDED,DRY,INJURY AND / OR TOW DUE TO CRASH,FAILING TO REDUCE SPEED TO AVOID CRASH,2,5,NO INDICATION OF INJURY,0,0,13,7,41.8048805924,-87.7194846014
08/02/2021 11:01:00 PM,30,CLEAR,"DARKNESS, LIGHTED ROAD",ANGLE,FOUR WAY,DRY,INJURY AND / OR TOW DUE TO CRASH,DISREGARDING STOP SIGN,2,8,"REPORTED, NOT EVIDENT",3,0,23,2,41.7138175757,-87.6616793279
03/08/2024 03:30:00 PM,30,RAIN,DAYLIGHT,REAR END,T-INTERSECTION,WET,NO INJURY / DRIVE AWAY,UNABLE TO DETERMINE,2,3,NO INDICATION OF INJURY,0,0,15,6,41.8492375821,-87.6185348032
01/17/2022 07:14:00 PM,35,CLEAR,"DARKNESS, LIGHTED ROAD",REAR END,NOT DIVIDED,DRY,NO INJURY / DRIVE AWAY,FOLLOWING TOO CLOSELY,4,1,NO INDICATION OF INJURY,0,0,19,2,41.9382535496,-87.8069022829
11/07/2021 12:10:00 PM,30,CLEAR,DAYLIGHT,PARKED MOTOR VEHICLE,NOT DIVIDED,DRY,NO INJURY / DRIVE AWAY,UNABLE TO DETERMINE,2,11,NO INDICATION OF INJURY,0,0,12,1,41.939811592,-87.653163914
02/03/2021 10:30:00 AM,30,CLEAR,DAYLIGHT,REAR TO FRONT,NOT DIVIDED,WET,NO INJURY / DRIVE AWAY,IMPROPER BACKING,2,2,NO INDICATION OF INJURY,0,0,10,4,41.8044800916,-87.5855067769
02/19/2025 03:30:00 PM,30,CLEAR,DAYLIGHT,SIDESWIPE SAME DIRECTION,ONE-WAY,DRY,NO INJURY / DRIVE AWAY,IMPROPER LANE USAGE,2,2,NO INDICATION OF INJURY,0,0,15,4,41.7369835807,-87.6256106758
09/06/2023 02:15:00 PM,15,CLEAR,DAYLIGHT,ANGLE,NOT DIVIDED,DRY,INJURY AND / OR TOW DUE TO CRASH,NOT APPLICABLE,2,9,NONINCAPACITATING INJURY,1,0,14,4,41.9250563323,-87.7339913354
08/31/2025 03:18:00 AM,30,CLEAR,"DARKNESS, LIGHTED ROAD",FIXED OBJECT,DIVIDED - W/MEDIAN (NOT RAISED),DRY,INJURY AND / OR TOW DUE TO CRASH,DRIVING SKILLS/KNOWLEDGE/EXPERIENCE,1,8,NO INDICATION OF INJURY,0,0,3,1,41.9330793688,-87.6682752906
04/20/2024 06:00:00 PM,30,CLEAR,DAYLIGHT,ANGLE,ONE-WAY,DRY,NO INJURY / DRIVE AWAY,UNABLE TO DETERMINE,3,4,NO INDICATION OF INJURY,0,0,18,7,41.9677194666,-87.7208246758
06/08/2024 02:20:00 PM,30,CLEAR,DAYLIGHT,PARKED MOTOR VEHICLE,PARKING LOT,DRY,NO INJURY / DRIVE AWAY,DRIVING SKILLS/KNOWLEDGE/EXPERIENCE,2,6,NO INDICATION OF INJURY,0,0,14,7,41.9979934597,-87.6684278857
01/15/2024 05:13:00 PM,30,CLEAR,DAYLIGHT,REAR END,ONE-WAY,WET,NO INJURY / DRIVE AWAY,UNABLE TO DETERMINE,2,1,NO INDICATION OF INJURY,0,0,17,2,41.7653985858,-87.6266955007
05/27/2023 10:50:00 AM,30,CLEAR,DAYLIGHT,REAR END,NOT DIVIDED,DRY,NO INJURY / DRIVE AWAY,NOT APPLICABLE,2,5,NO INDICATION OF INJURY,0,0,10,7,41.6917610074,-87.6936595449
02/12/2025 05:00:00 PM,30,UNKNOWN,UNKNOWN,FIXED OBJECT,UNKNOWN,UNKNOWN,NO INJURY / DRIVE AWAY,WEATHER,1,2,NO INDICATION OF INJURY,0,0,17,4,41.9030261368,-87.6313487722
06/22/2024 08:30:00 AM,15,CLEAR,DAYLIGHT,PARKED MOTOR VEHICLE,NOT DIVIDED,DRY,NO INJURY / DRIVE AWAY,IMPROPER LANE USAGE,2,6,NO INDICATION OF INJURY,0,0,8,7,41.8549561097,-87.6815907249
08/19/2022 04:00:00 PM,30,CLEAR,DAYLIGHT,TURNING,NOT DIVIDED,DRY,NO INJURY / DRIVE AWAY,FOLLOWING TOO CLOSELY,2,8,NO INDICATION OF INJURY,0,0,16,6,41.737346292,-87.6437947704
01/17/2023 03:40:00 PM,25,CLEAR,DAYLIGHT,PARKED MOTOR VEHICLE,NOT DIVIDED,DRY,NO INJURY / DRIVE AWAY,UNABLE TO DETERMINE,2,1,NO INDICATION OF INJURY,0,0,15,3,41.9552190156,-87.7369986534
08/29/2025 01:45:00 PM,30,CLEAR,DAYLIGHT,SIDESWIPE SAME DIRECTION,DIVIDED - W/MEDIAN BARRIER,DRY,NO INJURY / DRIVE AWAY,FAILING TO YIELD RIGHT-OF-WAY,2,8,NO INDICATION OF INJURY,0,0,13,6,41.8083784079,-87.6845707169
09/28/2025 06:37:00 PM,30,CLEAR,DAWN,PEDALCYCLIST,DIVIDED - W/MEDIAN (NOT RAISED),DRY,INJURY AND / OR TOW DUE TO CRASH,DISREGARDING TRAFFIC SIGNALS,2,9,INCAPACITATING INJURY,1,0,18,1,41.9180195829,-87.7755785454
06/14/2021 12:35:00 AM,30,CLEAR,"DARKNESS, LIGHTED ROAD",SIDESWIPE SAME DIRECTION,NOT DIVIDED,DRY,NO INJURY / DRIVE AWAY,"OPERATING VEHICLE IN ERRATIC, RECKLESS, CARELESS, NEGLIGENT OR AGGRESSIVE MANNER",2,6,NO INDICATION OF INJURY,0,0,0,2,41.6632755029,-87.6379599768
10/03/2025 12:25:00 PM,10,CLEAR,DAYLIGHT,PARKED MOTOR VEHICLE,PARKING LOT,DRY,NO INJURY / DRIVE AWAY,UNABLE TO DETERMINE,2,10,NO INDICATION OF INJURY,0,0,12,6,41.696313684,-87.5966322439
07/22/2021 11:20:00 PM,25,UNKNOWN,UNKNOWN,PARKED MOTOR VEHICLE,ONE-WAY,UNKNOWN,NO INJURY / DRIVE AWAY,UNABLE TO DETERMINE,2,7,NO INDICATION OF INJURY,0,0,23,5,42.0134577204,-87.6801514688
01/13/2024 02:00:00 AM,35,SNOW,"DARKNESS, LIGHTED ROAD",ANGLE,ONE-WAY,SNOW OR SLUSH,INJURY AND / OR TOW DUE TO CRASH,WEATHER,2,1,NO INDICATION OF INJURY,0,0,2,7,41.7953359749,-87.7013149637
02/11/2022 06:50:00 AM,30,CLEAR,DAYLIGHT,SIDESWIPE SAME DIRECTION,NOT DIVIDED,WET,NO INJURY / DRIVE AWAY,IMPROPER OVERTAKING/PASSING,2,2,NO INDICATION OF INJURY,0,0,6,6,41.945552923,-87.786368212
08/25/2023 06:00:00 PM,30,CLEAR,DAYLIGHT,PARKED MOTOR VEHICLE,ONE-WAY,DRY,NO INJURY / DRIVE AWAY,UNABLE TO DETERMINE,2,8,NO INDICATION OF INJURY,0,0,18,6,41.9003296526,-87.7129626499
09/14/2024 01:00:00 PM,30,CLEAR,DAYLIGHT,REAR END,NOT DIVIDED,DRY,INJURY AND / OR TOW DUE TO CRASH,FAILING TO YIELD RIGHT-OF-WAY,3,9,NONINCAPACITATING INJURY,1,0,13,7,41.7507503867,-87.6343843454
11/10/2024 12:30:00 PM,30,CLEAR,DAYLIGHT,TURNING,T-INTERSECTION,DRY,INJURY AND / OR TOW DUE TO CRASH,FAILING TO YIELD RIGHT-OF-WAY,2,11,NONINCAPACITATING INJURY,1,0,12,1,41.8962315138,-87.6508289627
01/04/2022 12:00:00 PM,20,CLEAR,DAYLIGHT,REAR TO FRONT,PARKING LOT,DRY,NO INJURY / DRIVE AWAY,IMPROPER BACKING,2,1,NO INDICATION OF INJURY,0,0,12,3,41.7367161215,-87.6078900773
08/29/2024 07:35:00 PM,30,CLEAR,DAYLIGHT,ANGLE,NOT DIVIDED,DRY,NO INJURY / DRIVE AWAY,DISREGARDING STOP SIGN,2,8,NO INDICATION OF INJURY,0,0,19,5,41.8446280676,-87.7076260224
09/12/2021 02:47:00 PM,10,CLEAR,DAYLIGHT,ANGLE,PARKING LOT,DRY,NO INJURY / DRIVE AWAY,UNABLE TO DETERMINE,2,9,NO INDICATION OF INJURY,0,0,14,1,41.7248290625,-87.6820386716
05/26/2022 09:00:00 AM,30,CLEAR,DAYLIGHT,TURNING,ONE-WAY,DRY,NO INJURY / DRIVE AWAY,IMPROPER TURNING/NO SIGNAL,2,5,NO INDICATION OF INJURY,0,0,9,5,41.8909247196,-87.6185593801
05/22/2025 08:00:00 AM,30,CLOUDY/OVERCAST,DAYLIGHT,REAR END,NOT DIVIDED,UNKNOWN,NO INJURY / DRIVE AWAY,UNABLE TO DETERMINE,2,5,NO INDICATION OF INJURY,0,0,8,5,41.9094539681,-87.7509411829
06/13/2025 01:54:00 PM,10,CLEAR,DAYLIGHT,PARKED MOTOR VEHICLE,PARKING LOT,DRY,NO INJURY / DRIVE AWAY,IMPROPER LANE USAGE,2,6,NO INDICATION OF INJURY,0,0,13,6,41.7512694422,-87.61244436
07/19/2022 02:57:00 PM,15,CLEAR,DAYLIGHT,PARKED MOTOR VEHICLE,ONE-WAY,DRY,INJURY AND / OR TOW DUE TO CRASH,UNABLE TO DETERMINE,3,7,NO INDICATION OF INJURY,0,0,14,3,41.7355331739,-87.6110478156
12/09/2022 04:30:00 PM,30,RAIN,DARKNESS,SIDESWIPE SAME DIRECTION,NOT DIVIDED,UNKNOWN,NO INJURY / DRIVE AWAY,IMPROPER OVERTAKING/PASSING,2,12,NO INDICATION OF INJURY,0,0,16,6,41.9542582535,-87.6632160411
06/23/2022 05:53:00 PM,30,CLEAR,DAYLIGHT,PEDESTRIAN,DIVIDED - W/MEDIAN (NOT RAISED),DRY,INJURY AND / OR TOW DUE TO CRASH,FAILING TO YIELD RIGHT-OF-WAY,2,6,NONINCAPACITATING INJURY,1,0,17,5,41.9652375765,-87.6609499853
06/20/2025 03:00:00 PM,25,CLEAR,DAYLIGHT,PARKED MOTOR VEHICLE,ONE-WAY,DRY,NO INJURY / DRIVE AWAY,IMPROPER OVERTAKING/PASSING,2,6,NO INDICATION OF INJURY,0,0,15,6,41.9669718094,-87.7244776553
04/06/2025 06:15:00 PM,30,CLEAR,DAYLIGHT,PARKED MOTOR VEHICLE,T-INTERSECTION,DRY,INJURY AND / OR TOW DUE TO CRASH,"EVASIVE ACTION DUE TO ANIMAL, OBJECT, NONMOTORIST",3,4,"REPORTED, NOT EVIDENT",1,0,18,1,41.9770534681,-87.7877005278
07/16/2024 05:15:00 PM,30,CLEAR,DAYLIGHT,SIDESWIPE SAME DIRECTION,NOT DIVIDED,DRY,NO INJURY / DRIVE AWAY,UNABLE TO DETERMINE,2,7,NO INDICATION OF INJURY,0,0,17,3,42.0101963683,-87.6779581803
10/12/2022 04:50:00 AM,40,RAIN,"DARKNESS, LIGHTED ROAD",FIXED OBJECT,OTHER,WET,INJURY AND / OR TOW DUE TO CRASH,DRIVING SKILLS/KNOWLEDGE/EXPERIENCE,2,10,NO INDICATION OF INJURY,0,0,4,4,41.9007332688,-87.6198570775
07/28/2021 06:45:00 PM,30,CLEAR,DAYLIGHT,TURNING,NOT DIVIDED,DRY,NO INJURY / DRIVE AWAY,FAILING TO YIELD RIGHT-OF-WAY,2,7,NO INDICATION OF INJURY,0,0,18,4,41.8760647764,-87.686415631
03/13/2024 09:45:00 PM,35,CLEAR,"DARKNESS, LIGHTED ROAD",OTHER NONCOLLISION,NOT DIVIDED,DRY,NO INJURY / DRIVE AWAY,ROAD ENGINEERING/SURFACE/MARKING DEFECTS,1,3,NO INDICATION OF INJURY,0,0,21,4,41.7214782366,-87.650694262
08/28/2024 02:31:00 PM,30,CLEAR,DAYLIGHT,ANGLE,NOT DIVIDED,DRY,NO INJURY / DRIVE AWAY,NOT APPLICABLE,2,8,NO INDICATION OF INJURY,0,0,14,4,41.771785305,-87.7029066429
01/10/2024 08:25:00 AM,30,CLEAR,DAYLIGHT,SIDESWIPE SAME DIRECTION,DIVIDED - W/MEDIAN (NOT RAISED),UNKNOWN,NO INJURY / DRIVE AWAY,NOT APPLICABLE,2,1,NO INDICATION OF INJURY,0,0,8,4,41.9534382871,-87.754754328
12/15/2025 12:00:00 PM,25,CLEAR,DAYLIGHT,PARKED MOTOR VEHICLE,NOT DIVIDED,DRY,NO INJURY / DRIVE AWAY,UNABLE TO DETERMINE,2,12,NO INDICATION OF INJURY,0,0,12,2,41.7923272234,-87.7773599494
03/25/2025 04:25:00 PM,30,CLEAR,DAYLIGHT,SIDESWIPE SAME DIRECTION,DIVIDED - W/MEDIAN (NOT RAISED),DRY,NO INJURY / DRIVE AWAY,DRIVING SKILLS/KNOWLEDGE/EXPERIENCE,2,3,NO INDICATION OF INJURY,0,0,16,3,41.8022779347,-87.6113500383
06/09/2024 12:30:00 AM,30,UNKNOWN,DARKNESS,PARKED MOTOR VEHICLE,ONE-WAY,DRY,NO INJURY / DRIVE AWAY,UNABLE TO DETERMINE,2,6,NO INDICATION OF INJURY,0,0,0,1,41.808520059,-87.6226693307
11/07/2021 11:25:00 AM,30,CLEAR,DAYLIGHT,SIDESWIPE SAME DIRECTION,DIVIDED - W/MEDIAN (NOT RAISED),DRY,NO INJURY / DRIVE AWAY,UNABLE TO DETERMINE,2,11,NO INDICATION OF INJURY,0,0,11,1,41.8511582174,-87.7248955423
09/04/2025 08:44:00 AM,30,CLEAR,DAYLIGHT,TURNING,FOUR WAY,DRY,NO INJURY / DRIVE AWAY,IMPROPER LANE USAGE,2,9,NO INDICATION OF INJURY,0,0,8,5,41.8817738925,-87.6396392196
01/13/2023 08:30:00 PM,30,CLEAR,"DARKNESS, LIGHTED ROAD",REAR END,DIVIDED - W/MEDIAN (NOT RAISED),DRY,NO INJURY / DRIVE AWAY,FOLLOWING TOO CLOSELY,2,1,NO INDICATION OF INJURY,0,0,20,6,41.9033544882,-87.6738113449
08/06/2025 03:40:00 AM,30,CLEAR,DAYLIGHT,TURNING,DIVIDED - W/MEDIAN (NOT RAISED),DRY,NO INJURY / DRIVE AWAY,IMPROPER TURNING/NO SIGNAL,2,8,NO INDICATION OF INJURY,0,0,3,4,41.8088150393,-87.6456829532
02/12/2022 09:40:00 AM,30,CLEAR,DAYLIGHT,ANGLE,ONE-WAY,ICE,NO INJURY / DRIVE AWAY,UNABLE TO DETERMINE,2,2,NO INDICATION OF INJURY,0,0,9,7,41.7732977343,-87.5815590175
08/02/2021 08:53:00 AM,15,UNKNOWN,UNKNOWN,FIXED OBJECT,ALLEY,UNKNOWN,NO INJURY / DRIVE AWAY,UNABLE TO DETERMINE,1,8,NO INDICATION OF INJURY,0,0,8,2,41.9675172045,-87.7134853748
05/20/2022 01:15:00 PM,30,CLEAR,DAYLIGHT,SIDESWIPE SAME DIRECTION,NOT DIVIDED,DRY,NO INJURY / DRIVE AWAY,IMPROPER LANE USAGE,2,5,NO INDICATION OF INJURY,0,0,13,6,41.8012329116,-87.6835706984
02/07/2026 03:00:00 PM,25,CLEAR,DAYLIGHT,PEDALCYCLIST,NOT DIVIDED,DRY,INJURY AND / OR TOW DUE TO CRASH,UNABLE TO DETERMINE,2,2,NONINCAPACITATING INJURY,1,0,15,7,41.8421941613,-87.7343726519
03/05/2022 09:30:00 PM,30,CLEAR,"DARKNESS, LIGHTED ROAD",REAR END,DIVIDED - W/MEDIAN (NOT RAISED),DRY,NO INJURY / DRIVE AWAY,UNABLE TO DETERMINE,3,3,NO INDICATION OF INJURY,0,0,21,7,41.9093688616,-87.7575766967
05/13/2021 04:15:00 PM,30,CLEAR,DAYLIGHT,REAR END,NOT DIVIDED,DRY,NO INJURY / DRIVE AWAY,FOLLOWING TOO CLOSELY,2,5,NO INDICATION OF INJURY,0,0,16,5,41.8081236754,-87.7123321476
04/24/2024 03:40:00 PM,25,CLEAR,DAYLIGHT,SIDESWIPE OPPOSITE DIRECTION,FOUR WAY,DRY,INJURY AND / OR TOW DUE TO CRASH,DISREGARDING TRAFFIC SIGNALS,2,4,NONINCAPACITATING INJURY,1,0,15,4,41.8890094526,-87.6445004202
09/22/2022 01:22:00 AM,30,CLEAR,"DARKNESS, LIGHTED ROAD",REAR END,NOT DIVIDED,DRY,INJURY AND / OR TOW DUE TO CRASH,FOLLOWING TOO CLOSELY,2,9,NONINCAPACITATING INJURY,2,0,1,5,41.7646089122,-87.6833870533
09/29/2022 01:00:00 PM,25,CLEAR,DAYLIGHT,PARKED MOTOR VEHICLE,NOT DIVIDED,DRY,NO INJURY / DRIVE AWAY,IMPROPER BACKING,2,9,NO INDICATION OF INJURY,0,0,13,5,41.9922227605,-87.7093244138
06/20/2025 05:30:00 PM,30,CLEAR,DAYLIGHT,TURNING,DIVIDED - W/MEDIAN (NOT RAISED),UNKNOWN,NO INJURY / DRIVE AWAY,DRIVING SKILLS/KNOWLEDGE/EXPERIENCE,2,6,NO INDICATION OF INJURY,0,0,17,6,41.9242427336,-87.6679629887
09/30/2025 02:32:00 PM,30,CLEAR,DAYLIGHT,FIXED OBJECT,OTHER,DRY,NO INJURY / DRIVE AWAY,DRIVING SKILLS/KNOWLEDGE/EXPERIENCE,1,9,NO INDICATION OF INJURY,0,0,14,3,41.7485186696,-87.6583910595
09/02/2024 10:00:00 AM,30,CLEAR,DAYLIGHT,ANGLE,FOUR WAY,DRY,NO INJURY / DRIVE AWAY,UNABLE TO DETERMINE,2,9,NO INDICATION OF INJURY,0,0,10,2,41.8057638361,-87.7527426229
04/11/2026 02:13:00 AM,30,CLEAR,"DARKNESS, LIGHTED ROAD",TURNING,NOT DIVIDED,DRY,NO INJURY / DRIVE AWAY,UNABLE TO DETERMINE,2,4,NO INDICATION OF INJURY,0,0,2,7,41.7715353798,-87.5765919826
04/23/2023 02:10:00 PM,30,RAIN,DAYLIGHT,PARKED MOTOR VEHICLE,NOT DIVIDED,WET,NO INJURY / DRIVE AWAY,DRIVING SKILLS/KNOWLEDGE/EXPERIENCE,2,4,NO INDICATION OF INJURY,0,0,14,1,41.7635428331,-87.5769808775
04/04/2026 01:30:00 PM,30,CLEAR,DAYLIGHT,REAR END,ONE-WAY,DRY,INJURY AND / OR TOW DUE TO CRASH,FOLLOWING TOO CLOSELY,2,4,NO INDICATION OF INJURY,0,0,13,7,41.793462948,-87.6303401977
12/08/2022 12:15:00 PM,30,CLEAR,DAYLIGHT,REAR END,OTHER,DRY,NO INJURY / DRIVE AWAY,FOLLOWING TOO CLOSELY,2,12,NO INDICATION OF INJURY,0,0,12,5,41.9251564407,-87.676293521
09/15/2021 04:20:00 PM,30,CLEAR,DAYLIGHT,SIDESWIPE SAME DIRECTION,NOT DIVIDED,DRY,NO INJURY / DRIVE AWAY,UNABLE TO DETERMINE,2,9,NO INDICATION OF INJURY,0,0,16,4,41.7609618174,-87.6832946843
11/21/2024 09:30:00 AM,30,SNOW,DAYLIGHT,TURNING,NOT DIVIDED,SNOW OR SLUSH,INJURY AND / OR TOW DUE TO CRASH,UNABLE TO DETERMINE,2,11,NO INDICATION OF INJURY,0,0,9,5,41.9968750749,-87.7241330292
01/23/2024 09:00:00 AM,30,RAIN,DAYLIGHT,PARKED MOTOR VEHICLE,PARKING LOT,WET,NO INJURY / DRIVE AWAY,UNABLE TO DETERMINE,2,1,NO INDICATION OF INJURY,0,0,9,3,41.9202454905,-87.6685729626
07/07/2021 09:25:00 AM,30,CLEAR,DAYLIGHT,PEDALCYCLIST,ONE-WAY,DRY,INJURY AND / OR TOW DUE TO CRASH,"VISION OBSCURED (SIGNS, TREE LIMBS, BUILDINGS, ETC.)",2,7,NONINCAPACITATING INJURY,1,0,9,4,41.8672482608,-87.6453284775
12/29/2025 07:30:00 PM,30,UNKNOWN,UNKNOWN,REAR TO FRONT,PARKING LOT,UNKNOWN,NO INJURY / DRIVE AWAY,NOT APPLICABLE,2,12,NO INDICATION OF INJURY,0,0,19,2,41.7362124202,-87.6240124453
04/30/2023 04:22:00 AM,30,CLEAR,"DARKNESS, LIGHTED ROAD",PARKED MOTOR VEHICLE,NOT DIVIDED,DRY,INJURY AND / OR TOW DUE TO CRASH,UNABLE TO DETERMINE,4,4,NONINCAPACITATING INJURY,3,0,4,1,41.9444986407,-87.8068308423
04/19/2022 10:08:00 AM,30,CLEAR,DAYLIGHT,SIDESWIPE SAME DIRECTION,ONE-WAY,DRY,INJURY AND / OR TOW DUE TO CRASH,FAILING TO YIELD RIGHT-OF-WAY,2,4,NO INDICATION OF INJURY,0,0,10,3,41.8830261763,-87.6945232303
09/13/2025 05:00:00 PM,20,CLEAR,DAYLIGHT,ANGLE,DIVIDED - W/MEDIAN (NOT RAISED),DRY,NO INJURY / DRIVE AWAY,FAILING TO YIELD RIGHT-OF-WAY,2,9,NO INDICATION OF INJURY,0,0,17,7,41.9795495131,-87.6928445094
09/20/2025 06:50:00 PM,30,RAIN,"DARKNESS, LIGHTED ROAD",ANGLE,DIVIDED - W/MEDIAN (NOT RAISED),WET,NO INJURY / DRIVE AWAY,UNABLE TO DETERMINE,3,9,NO INDICATION OF INJURY,0,0,18,7,41.9360802897,-87.6441166627
03/30/2022 04:16:00 PM,20,RAIN,DAYLIGHT,TURNING,T-INTERSECTION,WET,INJURY AND / OR TOW DUE TO CRASH,FAILING TO YIELD RIGHT-OF-WAY,2,3,"REPORTED, NOT EVIDENT",2,0,16,4,41.9279267861,-87.732940143
09/27/2024 06:13:00 PM,30,CLEAR,DAYLIGHT,ANGLE,FOUR WAY,DRY,INJURY AND / OR TOW DUE TO CRASH,UNABLE TO DETERMINE,2,9,NO INDICATION OF INJURY,0,0,18,6,41.8770745876,-87.7354739683
10/19/2025 01:00:00 PM,30,CLEAR,DAYLIGHT,REAR END,NOT DIVIDED,DRY,NO INJURY / DRIVE AWAY,UNABLE TO DETERMINE,2,10,NO INDICATION OF INJURY,0,0,13,1,41.8757957178,-87.7550425496
04/29/2024 11:45:00 AM,30,RAIN,DAYLIGHT,PARKED MOTOR VEHICLE,ALLEY,WET,NO INJURY / DRIVE AWAY,WEATHER,3,4,NO INDICATION OF INJURY,0,0,11,2,41.9800386666,-87.8403184352
10/31/2022 09:30:00 AM,30,RAIN,DAYLIGHT,PARKED MOTOR VEHICLE,NOT DIVIDED,UNKNOWN,NO INJURY / DRIVE AWAY,UNABLE TO DETERMINE,2,10,NO INDICATION OF INJURY,0,0,9,2,41.7947423785,-87.6267343078
06/09/2022 06:00:00 PM,30,CLEAR,DUSK,SIDESWIPE SAME DIRECTION,DIVIDED - W/MEDIAN BARRIER,DRY,NO INJURY / DRIVE AWAY,DRIVING SKILLS/KNOWLEDGE/EXPERIENCE,2,6,NO INDICATION OF INJURY,0,0,18,5,41.7086439852,-87.6430243478
07/08/2024 09:30:00 PM,30,CLEAR,"DARKNESS, LIGHTED ROAD",ANGLE,OTHER,DRY,INJURY AND / OR TOW DUE TO CRASH,DISREGARDING TRAFFIC SIGNALS,2,7,NO INDICATION OF INJURY,0,0,21,2,41.7749856333,-87.6106182962
05/10/2024 05:00:00 PM,30,CLEAR,DAYLIGHT,REAR TO FRONT,NOT DIVIDED,DRY,NO INJURY / DRIVE AWAY,IMPROPER BACKING,2,5,NO INDICATION OF INJURY,0,0,17,6,41.9293701133,-87.6389266949
05/18/2021 07:00:00 AM,25,CLEAR,UNKNOWN,PARKED MOTOR VEHICLE,ONE-WAY,DRY,NO INJURY / DRIVE AWAY,NOT APPLICABLE,2,5,NO INDICATION OF INJURY,0,0,7,3,41.9706319793,-87.6963809623
05/20/2022 05:30:00 PM,35,CLEAR,DAYLIGHT,REAR END,NOT DIVIDED,DRY,NO INJURY / DRIVE AWAY,UNABLE TO DETERMINE,2,5,NO INDICATION OF INJURY,0,0,17,6,41.9539895392,-87.7112322357
02/15/2024 02:00:00 PM,10,UNKNOWN,UNKNOWN,PARKED MOTOR VEHICLE,PARKING LOT,UNKNOWN,NO INJURY / DRIVE AWAY,UNABLE TO DETERMINE,2,2,NO INDICATION OF INJURY,0,0,14,5,41.6916993133,-87.698962356
10/15/2024 02:30:00 PM,30,UNKNOWN,UNKNOWN,ANGLE,NOT DIVIDED,UNKNOWN,NO INJURY / DRIVE AWAY,UNABLE TO DETERMINE,2,10,NO INDICATION OF INJURY,0,0,14,3,42.0194146753,-87.6904360912
05/02/2021 03:25:00 AM,30,CLEAR,"DARKNESS, LIGHTED ROAD",PARKED MOTOR VEHICLE,NOT DIVIDED,DRY,NO INJURY / DRIVE AWAY,UNABLE TO DETERMINE,2,5,NO INDICATION OF INJURY,0,0,3,1,41.763381576,-87.5928497262
12/21/2024 10:00:00 AM,30,CLEAR,DAYLIGHT,TURNING,NOT DIVIDED,DRY,NO INJURY / DRIVE AWAY,IMPROPER OVERTAKING/PASSING,2,12,NO INDICATION OF INJURY,0,0,10,7,41.8437510555,-87.704872456
08/01/2021 05:00:00 PM,30,CLEAR,DAYLIGHT,PARKED MOTOR VEHICLE,NOT DIVIDED,DRY,NO INJURY / DRIVE AWAY,UNABLE TO DETERMINE,2,8,NO INDICATION OF INJURY,0,0,17,1,41.9698471916,-87.7135514623
08/27/2024 09:29:00 AM,30,CLEAR,DAYLIGHT,PARKED MOTOR VEHICLE,NOT DIVIDED,DRY,NO INJURY / DRIVE AWAY,UNABLE TO DETERMINE,2,8,NO INDICATION OF INJURY,0,0,9,3,41.8519061124,-87.7030605918
01/28/2021 05:14:00 PM,30,CLEAR,"DARKNESS, LIGHTED ROAD",ANGLE,DIVIDED - W/MEDIAN (NOT RAISED),DRY,INJURY AND / OR TOW DUE TO CRASH,FAILING TO YIELD RIGHT-OF-WAY,2,1,"REPORTED, NOT EVIDENT",1,0,17,5,41.7449971119,-87.6500944665
02/23/2026 06:15:00 PM,30,CLEAR,"DARKNESS, LIGHTED ROAD",ANGLE,FOUR WAY,DRY,NO INJURY / DRIVE AWAY,FAILING TO YIELD RIGHT-OF-WAY,2,2,NO INDICATION OF INJURY,0,0,18,2,41.9254944675,-87.799134456
05/29/2025 09:15:00 AM,10,CLEAR,DAYLIGHT,PARKED MOTOR VEHICLE,PARKING LOT,DRY,NO INJURY / DRIVE AWAY,UNABLE TO DETERMINE,2,5,NO INDICATION OF INJURY,0,0,9,5,41.7214995129,-87.5751864229
03/24/2025 02:50:00 PM,25,CLEAR,DAYLIGHT,REAR END,NOT DIVIDED,DRY,INJURY AND / OR TOW DUE TO CRASH,FOLLOWING TOO CLOSELY,2,3,NO INDICATION OF INJURY,0,0,14,2,41.7868558128,-87.6491779187