CRASH_DATE,POSTED_SPEED_LIMIT,WEATHER_CONDITION,LIGHTING_CONDITION,FIRST_CRASH_TYPE,TRAFFICWAY_TYPE,ROADWAY_SURFACE_COND,CRASH_TYPE,PRIM_CONTRIBUTORY_CAUSE,NUM_UNITS,CRASH_MONTH,MOST_SEVERE_INJURY,INJURIES_TOTAL,INJURIES_FATAL,CRASH_HOUR,CRASH_DAY_OF_WEEK,LATITUDE,LONGITUDE
05/04/2026 08:40:00 PM,30,RAIN,"DARKNESS, LIGHTED ROAD",FIXED OBJECT,CENTER TURN LANE,WET,INJURY AND / OR TOW DUE TO CRASH,UNABLE TO DETERMINE,1,5,NO INDICATION OF INJURY,0,0,20,2,41.8239049795,-87.6067248387
04/29/2022 02:46:00 AM,30,CLEAR,"DARKNESS, LIGHTED ROAD",PARKED MOTOR VEHICLE,NOT DIVIDED,DRY,INJURY AND / OR TOW DUE TO CRASH,UNABLE TO DETERMINE,2,4,NO INDICATION OF INJURY,0,0,2,6,41.8849166053,-87.7550851282
07/19/2023 03:13:00 AM,30,CLEAR,"DARKNESS, LIGHTED ROAD",PARKED MOTOR VEHICLE,NOT DIVIDED,DRY,INJURY AND / OR TOW DUE TO CRASH,IMPROPER OVERTAKING/PASSING,3,7,NO INDICATION OF INJURY,0,0,3,4,41.9092095596,-87.6870441821
08/21/2021 09:00:00 PM,35,CLEAR,"DARKNESS, LIGHTED ROAD",REAR END,ONE-WAY,DRY,INJURY AND / OR TOW DUE TO CRASH,UNABLE TO DETERMINE,2,8,"REPORTED, NOT EVIDENT",3,0,21,7,41.7643246644,-87.5665458308
11/26/2023 01:10:00 PM,30,CLOUDY/OVERCAST,DAYLIGHT,TURNING,CENTER TURN LANE,WET,NO INJURY / DRIVE AWAY,FAILING TO YIELD RIGHT-OF-WAY,2,11,NO INDICATION OF INJURY,0,0,13,1,41.9689907291,-87.6687614644
08/15/2021 02:40:00 AM,30,CLEAR,"DARKNESS, LIGHTED ROAD",OTHER OBJECT,ONE-WAY,DRY,INJURY AND / OR TOW DUE TO CRASH,"OPERATING VEHICLE IN ERRATIC, RECKLESS, CARELESS, NEGLIGENT OR AGGRESSIVE MANNER",1,8,NO INDICATION OF INJURY,0,0,2,1,41.7198014134,-87.625447396
10/27/2023 12:30:00 PM,30,CLEAR,DAYLIGHT,REAR END,FOUR WAY,DRY,NO INJURY / DRIVE AWAY,UNABLE TO DETERMINE,2,10,NO INDICATION OF INJURY,0,0,12,6,41.7879702014,-87.7035444651
10/01/2021 10:13:00 AM,30,CLEAR,DAYLIGHT,FIXED OBJECT,NOT DIVIDED,DRY,INJURY AND / OR TOW DUE TO CRASH,UNABLE TO DETERMINE,1,10,NO INDICATION OF INJURY,0,0,10,6,41.8301657201,-87.6864429752
10/14/2025 10:05:00 AM,20,CLEAR,DAYLIGHT,TURNING,NOT DIVIDED,DRY,NO INJURY / DRIVE AWAY,"VISION OBSCURED (SIGNS, TREE LIMBS, BUILDINGS, ETC.)",2,10,NO INDICATION OF INJURY,0,0,10,3,41.8952572399,-87.7261401931
05/07/2023 10:00:00 PM,30,RAIN,"DARKNESS, LIGHTED ROAD",REAR END,DIVIDED - W/MEDIAN (NOT RAISED),WET,NO INJURY / DRIVE AWAY,FOLLOWING TOO CLOSELY,2,5,NO INDICATION OF INJURY,0,0,22,1,41.7634442246,-87.5663214041
09/12/2024 06:48:00 AM,35,CLEAR,DAYLIGHT,ANGLE,DIVIDED - W/MEDIAN BARRIER,DRY,INJURY AND / OR TOW DUE TO CRASH,FAILING TO YIELD RIGHT-OF-WAY,2,9,NONINCAPACITATING INJURY,2,0,6,5,41.7643097391,-87.5651941594
04/21/2026 04:19:00 PM,30,CLEAR,DAYLIGHT,ANGLE,UNKNOWN,DRY,INJURY AND / OR TOW DUE TO CRASH,UNABLE TO DETERMINE,2,4,NO INDICATION OF INJURY,0,0,16,3,41.8024884297,-87.7039611613
08/30/2021 09:40:00 AM,30,CLEAR,DAYLIGHT,REAR TO FRONT,OTHER,DRY,NO INJURY / DRIVE AWAY,DRIVING SKILLS/KNOWLEDGE/EXPERIENCE,2,8,NO INDICATION OF INJURY,0,0,9,2,41.887845762,-87.6247427907
09/18/2021 08:10:00 PM,30,CLEAR,"DARKNESS, LIGHTED ROAD",TURNING,FOUR WAY,DRY,NO INJURY / DRIVE AWAY,IMPROPER TURNING/NO SIGNAL,2,9,NO INDICATION OF INJURY,0,0,20,7,41.8673683718,-87.6239895865
10/20/2022 12:00:00 PM,20,CLEAR,DAYLIGHT,SIDESWIPE SAME DIRECTION,ONE-WAY,DRY,NO INJURY / DRIVE AWAY,FAILING TO YIELD RIGHT-OF-WAY,2,10,NO INDICATION OF INJURY,0,0,12,5,41.9035680716,-87.7335646095
06/25/2024 10:30:00 PM,30,CLEAR,"DARKNESS, LIGHTED ROAD",SIDESWIPE SAME DIRECTION,DIVIDED - W/MEDIAN (NOT RAISED),DRY,NO INJURY / DRIVE AWAY,UNABLE TO DETERMINE,2,6,NO INDICATION OF INJURY,0,0,22,3,41.7493390001,-87.7220520909
10/15/2023 07:50:00 PM,15,CLEAR,DARKNESS,OVERTURNED,ONE-WAY,DRY,INJURY AND / OR TOW DUE TO CRASH,"OPERATING VEHICLE IN ERRATIC, RECKLESS, CARELESS, NEGLIGENT OR AGGRESSIVE MANNER",1,10,NONINCAPACITATING INJURY,6,0,19,1,41.7707848087,-87.6974082857
06/27/2025 09:15:00 AM,30,CLEAR,DAYLIGHT,PARKED MOTOR VEHICLE,DIVIDED - W/MEDIAN (NOT RAISED),DRY,NO INJURY / DRIVE AWAY,DRIVING SKILLS/KNOWLEDGE/EXPERIENCE,2,6,NO INDICATION OF INJURY,0,0,9,6,41.9534242816,-87.7377857657
05/21/2024 07:45:00 AM,30,CLEAR,DAYLIGHT,REAR END,ONE-WAY,DRY,NO INJURY / DRIVE AWAY,UNABLE TO DETERMINE,2,5,NO INDICATION OF INJURY,0,0,7,3,41.939387374,-87.7200007538
05/26/2021 06:44:00 PM,25,CLEAR,DAYLIGHT,TURNING,"FIVE POINT, OR MORE",DRY,INJURY AND / OR TOW DUE TO CRASH,TURNING RIGHT ON RED,2,5,NO INDICATION OF INJURY,0,0,18,4,41.8020231541,-87.6162718395
03/17/2026 01:20:00 PM,30,CLEAR,DAYLIGHT,PARKED MOTOR VEHICLE,ONE-WAY,DRY,NO INJURY / DRIVE AWAY,DRIVING SKILLS/KNOWLEDGE/EXPERIENCE,2,3,NO INDICATION OF INJURY,0,0,13,3,41.7012004652,-87.627073228
05/07/2022 06:25:00 PM,30,CLEAR,DUSK,TURNING,UNKNOWN INTERSECTION TYPE,DRY,INJURY AND / OR TOW DUE TO CRASH,FAILING TO YIELD RIGHT-OF-WAY,2,5,NO INDICATION OF INJURY,0,0,18,7,41.7390596369,-87.5552526276
11/17/2021 11:30:00 PM,30,CLEAR,"DARKNESS, LIGHTED ROAD",PARKED MOTOR VEHICLE,DIVIDED - W/MEDIAN BARRIER,DRY,NO INJURY / DRIVE AWAY,UNABLE TO DETERMINE,2,11,NO INDICATION OF INJURY,0,0,23,4,41.8800449808,-87.7704933793
12/15/2023 10:04:00 AM,30,CLEAR,DAYLIGHT,REAR END,NOT DIVIDED,DRY,NO INJURY / DRIVE AWAY,UNABLE TO DETERMINE,2,12,NO INDICATION OF INJURY,0,0,10,6,41.8707377306,-87.7204174302
10/05/2023 07:30:00 AM,30,RAIN,DAYLIGHT,PARKED MOTOR VEHICLE,NOT DIVIDED,WET,NO INJURY / DRIVE AWAY,UNABLE TO DETERMINE,2,10,NO INDICATION OF INJURY,0,0,7,5,41.9145451835,-87.6703852182
07/19/2023 07:44:00 PM,30,CLEAR,DAYLIGHT,SIDESWIPE SAME DIRECTION,DIVIDED - W/MEDIAN (NOT RAISED),DRY,INJURY AND / OR TOW DUE TO CRASH,UNABLE TO DETERMINE,2,7,NO INDICATION OF INJURY,0,0,19,4,41.9109800428,-87.6781713694
02/28/2022 06:45:00 AM,20,CLEAR,DAYLIGHT,SIDESWIPE SAME DIRECTION,DIVIDED - W/MEDIAN (NOT RAISED),DRY,NO INJURY / DRIVE AWAY,IMPROPER OVERTAKING/PASSING,2,2,NO INDICATION OF INJURY,0,0,6,2,41.8319647775,-87.7240985832
02/27/2022 01:20:00 AM,30,CLEAR,"DARKNESS, LIGHTED ROAD",ANGLE,FOUR WAY,WET,INJURY AND / OR TOW DUE TO CRASH,DISREGARDING TRAFFIC SIGNALS,2,2,NONINCAPACITATING INJURY,2,0,1,1,41.9023581147,-87.7558395341
04/18/2024 01:40:00 PM,30,CLEAR,DAYLIGHT,SIDESWIPE SAME DIRECTION,NOT DIVIDED,DRY,NO INJURY / DRIVE AWAY,UNABLE TO DETERMINE,2,4,NO INDICATION OF INJURY,0,0,13,5,41.8096415334,-87.6066300446
04/07/2026 12:35:00 AM,30,CLEAR,"DARKNESS, LIGHTED ROAD",REAR END,NOT DIVIDED,DRY,NO INJURY / DRIVE AWAY,DISREGARDING TRAFFIC SIGNALS,2,4,NO INDICATION OF INJURY,0,0,0,3,41.7223567785,-87.5755966879
10/10/2025 10:34:00 PM,30,CLEAR,"DARKNESS, LIGHTED ROAD",REAR END,NOT DIVIDED,DRY,INJURY AND / OR TOW DUE TO CRASH,UNABLE TO DETERMINE,3,10,NO INDICATION OF INJURY,0,0,22,6,41.8889382585,-87.6399870217
02/23/2022 03:49:00 PM,30,CLEAR,DAYLIGHT,REAR END,DIVIDED - W/MEDIAN (NOT RAISED),DRY,NO INJURY / DRIVE AWAY,FOLLOWING TOO CLOSELY,2,2,NO INDICATION OF INJURY,0,0,15,4,41.9695611506,-87.7083622652
08/26/2022 08:41:00 AM,35,CLEAR,DAYLIGHT,SIDESWIPE SAME DIRECTION,DIVIDED - W/MEDIAN (NOT RAISED),DRY,INJURY AND / OR TOW DUE TO CRASH,UNABLE TO DETERMINE,2,8,NO INDICATION OF INJURY,0,0,8,6,41.7947423785,-87.6267343078
02/02/2021 06:25:00 AM,30,SNOW,DAWN,TURNING,DIVIDED - W/MEDIAN (NOT RAISED),WET,INJURY AND / OR TOW DUE TO CRASH,IMPROPER TURNING/NO SIGNAL,2,2,INCAPACITATING INJURY,1,0,6,3,41.7499537023,-87.7034947549
02/15/2021 08:10:00 AM,30,CLEAR,DAYLIGHT,ANGLE,PARKING LOT,DRY,NO INJURY / DRIVE AWAY,IMPROPER BACKING,2,2,NO INDICATION OF INJURY,0,0,8,2,41.9526437098,-87.7956932249
04/06/2021 12:55:00 PM,30,CLEAR,DAWN,SIDESWIPE SAME DIRECTION,ONE-WAY,DRY,NO INJURY / DRIVE AWAY,IMPROPER OVERTAKING/PASSING,2,4,NO INDICATION OF INJURY,0,0,12,3,41.875536766,-87.6329327258
05/13/2024 08:20:00 AM,30,CLEAR,DAYLIGHT,TURNING,FOUR WAY,DRY,INJURY AND / OR TOW DUE TO CRASH,FAILING TO YIELD RIGHT-OF-WAY,2,5,"REPORTED, NOT EVIDENT",2,0,8,2,41.8546457019,-87.7152062518
08/19/2024 07:45:00 AM,30,CLEAR,DAYLIGHT,REAR END,FOUR WAY,DRY,NO INJURY / DRIVE AWAY,UNABLE TO DETERMINE,2,8,NO INDICATION OF INJURY,0,0,7,2,41.787238652,-87.606122038
03/18/2022 12:00:00 AM,30,CLEAR,"DARKNESS, LIGHTED ROAD",PARKED MOTOR VEHICLE,NOT DIVIDED,DRY,NO INJURY / DRIVE AWAY,UNABLE TO DETERMINE,2,3,NO INDICATION OF INJURY,0,0,0,6,41.8905656338,-87.7555858743
05/18/2024 12:30:00 AM,30,CLEAR,"DARKNESS, LIGHTED ROAD",ANGLE,FOUR WAY,DRY,INJURY AND / OR TOW DUE TO CRASH,DISREGARDING TRAFFIC SIGNALS,2,5,NO INDICATION OF INJURY,0,0,0,7,41.6922347231,-87.6631842891
05/23/2021 10:15:00 AM,30,CLEAR,DAYLIGHT,ANGLE,T-INTERSECTION,DRY,INJURY AND / OR TOW DUE TO CRASH,UNABLE TO DETERMINE,3,5,NONINCAPACITATING INJURY,3,0,10,1,41.9095948967,-87.7398017195
06/28/2024 12:38:00 PM,30,UNKNOWN,DAYLIGHT,SIDESWIPE SAME DIRECTION,NOT DIVIDED,UNKNOWN,INJURY AND / OR TOW DUE TO CRASH,DRIVING SKILLS/KNOWLEDGE/EXPERIENCE,3,6,NO INDICATION OF INJURY,0,0,12,6,41.8720871263,-87.6309691079
09/18/2022 07:18:00 PM,30,CLEAR,DUSK,TURNING,FOUR WAY,DRY,INJURY AND / OR TOW DUE TO CRASH,FAILING TO YIELD RIGHT-OF-WAY,2,9,NONINCAPACITATING INJURY,1,0,19,1,41.9900080073,-87.7483769512
08/05/2023 06:09:00 PM,30,CLEAR,DAYLIGHT,TURNING,DIVIDED - W/MEDIAN BARRIER,WET,INJURY AND / OR TOW DUE TO CRASH,FAILING TO YIELD RIGHT-OF-WAY,2,8,NONINCAPACITATING INJURY,3,0,18,7,41.986275977,-87.8365222549
03/07/2025 03:15:00 PM,30,RAIN,DAYLIGHT,ANGLE,NOT DIVIDED,WET,NO INJURY / DRIVE AWAY,UNABLE TO DETERMINE,2,3,NO INDICATION OF INJURY,0,0,15,6,41.9640548328,-87.7081893219
12/11/2025 05:10:00 PM,30,CLEAR,DUSK,ANGLE,NOT DIVIDED,DRY,NO INJURY / DRIVE AWAY,UNABLE TO DETERMINE,2,12,NO INDICATION OF INJURY,0,0,17,5,41.8815760841,-87.666148545
08/14/2021 12:30:00 PM,35,CLEAR,DAYLIGHT,REAR END,NOT DIVIDED,DRY,INJURY AND / OR TOW DUE TO CRASH,FAILING TO REDUCE SPEED TO AVOID CRASH,2,8,NO INDICATION OF INJURY,0,0,12,7,41.7665288519,-87.6445934871
12/29/2022 02:00:00 PM,30,UNKNOWN,DAYLIGHT,PARKED MOTOR VEHICLE,NOT DIVIDED,UNKNOWN,NO INJURY / DRIVE AWAY,UNABLE TO DETERMINE,2,12,NO INDICATION OF INJURY,0,0,14,5,41.880490392,-87.7363573758
10/01/2024 12:32:00 AM,20,CLEAR,"DARKNESS, LIGHTED ROAD",PARKED MOTOR VEHICLE,ONE-WAY,DRY,INJURY AND / OR TOW DUE TO CRASH,UNABLE TO DETERMINE,2,10,,,,0,3,41.9294578808,-87.7581498609
02/24/2023 07:05:00 PM,25,CLEAR,"DARKNESS, LIGHTED ROAD",ANGLE,DIVIDED - W/MEDIAN (NOT RAISED),DRY,INJURY AND / OR TOW DUE TO CRASH,IMPROPER OVERTAKING/PASSING,2,2,NO INDICATION OF INJURY,0,0,19,6,41.9496645511,-87.6881921408
04/18/2026 03:50:00 AM,25,RAIN,"DARKNESS, LIGHTED ROAD",PARKED MOTOR VEHICLE,NOT DIVIDED,WET,INJURY AND / OR TOW DUE TO CRASH,UNABLE TO DETERMINE,5,4,NONINCAPACITATING INJURY,1,0,3,7,41.9629807304,-87.6961463193
04/28/2026 08:17:00 AM,30,CLOUDY/OVERCAST,DAYLIGHT,ANGLE,NOT DIVIDED,DRY,INJURY AND / OR TOW DUE TO CRASH,UNABLE TO DETERMINE,2,4,NONINCAPACITATING INJURY,2,0,8,3,41.8770069147,-87.7232249499
06/17/2021 12:00:00 PM,30,CLEAR,DAYLIGHT,PARKED MOTOR VEHICLE,ONE-WAY,DRY,NO INJURY / DRIVE AWAY,UNABLE TO DETERMINE,2,6,NO INDICATION OF INJURY,0,0,12,5,41.8747667822,-87.7526842771
07/12/2022 12:15:00 PM,30,CLEAR,DAYLIGHT,REAR END,NOT DIVIDED,DRY,INJURY AND / OR TOW DUE TO CRASH,FOLLOWING TOO CLOSELY,3,7,"REPORTED, NOT EVIDENT",3,0,12,3,41.8953042088,-87.7354607902
01/22/2025 10:07:00 AM,30,SNOW,DAYLIGHT,FIXED OBJECT,DIVIDED - W/MEDIAN (NOT RAISED),SNOW OR SLUSH,INJURY AND / OR TOW DUE TO CRASH,WEATHER,1,1,NO INDICATION OF INJURY,0,0,10,4,41.7359376145,-87.6454510788
03/30/2023 08:45:00 AM,30,CLEAR,DAYLIGHT,REAR END,NOT DIVIDED,DRY,NO INJURY / DRIVE AWAY,UNABLE TO DETERMINE,2,3,NO INDICATION OF INJURY,0,0,8,5,41.8079420499,-87.7430110941
10/30/2021 07:30:00 PM,30,UNKNOWN,"DARKNESS, LIGHTED ROAD",TURNING,NOT DIVIDED,UNKNOWN,NO INJURY / DRIVE AWAY,FAILING TO YIELD RIGHT-OF-WAY,2,10,NO INDICATION OF INJURY,0,0,19,7,41.8019079886,-87.6215609943
02/10/2023 07:20:00 AM,30,CLEAR,DAYLIGHT,SIDESWIPE SAME DIRECTION,T-INTERSECTION,DRY,NO INJURY / DRIVE AWAY,IMPROPER OVERTAKING/PASSING,2,2,NO INDICATION OF INJURY,0,0,7,6,41.9900519362,-87.6676959794
04/14/2023 09:50:00 AM,30,CLEAR,DAYLIGHT,SIDESWIPE SAME DIRECTION,DIVIDED - W/MEDIAN (NOT RAISED),DRY,NO INJURY / DRIVE AWAY,FAILING TO YIELD RIGHT-OF-WAY,2,4,NO INDICATION OF INJURY,0,0,9,6,41.9021556114,-87.755918846
03/06/2021 03:08:00 PM,30,CLEAR,DAYLIGHT,PEDESTRIAN,FOUR WAY,DRY,INJURY AND / OR TOW DUE TO CRASH,UNABLE TO DETERMINE,2,3,"REPORTED, NOT EVIDENT",1,0,15,7,41.8786253283,-87.686512638
02/05/2026 11:00:00 AM,30,CLEAR,DAYLIGHT,TURNING,T-INTERSECTION,DRY,NO INJURY / DRIVE AWAY,IMPROPER TURNING/NO SIGNAL,2,2,NO INDICATION OF INJURY,0,0,11,5,41.7952973181,-87.5878225555
03/13/2024 12:00:00 PM,15,CLEAR,DAYLIGHT,PARKED MOTOR VEHICLE,PARKING LOT,DRY,NO INJURY / DRIVE AWAY,UNABLE TO DETERMINE,2,3,NO INDICATION OF INJURY,0,0,12,4,41.6661129912,-87.5590030803
09/27/2021 05:34:00 PM,30,CLEAR,DAYLIGHT,TURNING,DIVIDED - W/MEDIAN (NOT RAISED),DRY,NO INJURY / DRIVE AWAY,FAILING TO YIELD RIGHT-OF-WAY,2,9,NO INDICATION OF INJURY,0,0,17,2,41.806648729,-87.7234014411
04/09/2024 10:06:00 PM,30,CLEAR,UNKNOWN,PARKED MOTOR VEHICLE,ONE-WAY,UNKNOWN,NO INJURY / DRIVE AWAY,NOT APPLICABLE,2,4,NO INDICATION OF INJURY,0,0,22,3,41.9251425472,-87.7581379043
01/23/2022 12:00:00 AM,30,SNOW,"DARKNESS, LIGHTED ROAD",TURNING,T-INTERSECTION,SNOW OR SLUSH,NO INJURY / DRIVE AWAY,FAILING TO YIELD RIGHT-OF-WAY,2,1,NO INDICATION OF INJURY,0,0,0,1,41.8020498215,-87.6119283625
11/01/2022 11:21:00 AM,30,CLEAR,DAYLIGHT,ANGLE,FOUR WAY,DRY,NO INJURY / DRIVE AWAY,FAILING TO YIELD RIGHT-OF-WAY,2,11,NO INDICATION OF INJURY,0,0,11,3,41.8780530407,-87.6338743329
04/09/2021 11:27:00 AM,30,RAIN,DAYLIGHT,PARKED MOTOR VEHICLE,NOT DIVIDED,DRY,NO INJURY / DRIVE AWAY,IMPROPER LANE USAGE,2,4,NO INDICATION OF INJURY,0,0,11,6,41.9347493069,-87.665919948
01/13/2024 11:30:00 AM,30,CLEAR,DAYLIGHT,PARKED MOTOR VEHICLE,ONE-WAY,SNOW OR SLUSH,INJURY AND / OR TOW DUE TO CRASH,"OPERATING VEHICLE IN ERRATIC, RECKLESS, CARELESS, NEGLIGENT OR AGGRESSIVE MANNER",2,1,NONINCAPACITATING INJURY,1,0,11,7,41.8995952795,-87.7546328673
04/08/2022 10:30:00 PM,30,RAIN,"DARKNESS, LIGHTED ROAD",SIDESWIPE SAME DIRECTION,DIVIDED - W/MEDIAN BARRIER,WET,NO INJURY / DRIVE AWAY,UNABLE TO DETERMINE,2,4,NO INDICATION OF INJURY,0,0,22,6,41.9514659649,-87.6691261782
12/15/2022 07:45:00 AM,35,UNKNOWN,DAYLIGHT,REAR END,DIVIDED - W/MEDIAN (NOT RAISED),WET,NO INJURY / DRIVE AWAY,UNABLE TO DETERMINE,2,12,NO INDICATION OF INJURY,0,0,7,5,41.7666153965,-87.5857888391
11/28/2021 07:20:00 AM,30,CLEAR,DAYLIGHT,PEDESTRIAN,NOT DIVIDED,DRY,INJURY AND / OR TOW DUE TO CRASH,UNABLE TO DETERMINE,2,11,NONINCAPACITATING INJURY,1,0,7,1,41.6998922044,-87.664392658
06/03/2022 06:30:00 PM,25,CLEAR,DAYLIGHT,PARKED MOTOR VEHICLE,NOT DIVIDED,DRY,NO INJURY / DRIVE AWAY,NOT APPLICABLE,2,6,NO INDICATION OF INJURY,0,0,18,6,41.8859289389,-87.7320590541
11/05/2024 06:30:00 PM,30,RAIN,DARKNESS,TURNING,T-INTERSECTION,WET,INJURY AND / OR TOW DUE TO CRASH,IMPROPER TURNING/NO SIGNAL,3,11,NO INDICATION OF INJURY,0,0,18,3,41.7209851323,-87.6725062506
09/19/2021 06:30:00 AM,30,CLEAR,DAYLIGHT,HEAD ON,NOT DIVIDED,DRY,INJURY AND / OR TOW DUE TO CRASH,UNDER THE INFLUENCE OF ALCOHOL/DRUGS (USE WHEN ARREST IS EFFECTED),2,9,"REPORTED, NOT EVIDENT",3,0,6,1,41.8772798069,-87.700448968
06/04/2025 09:49:00 AM,30,CLEAR,DAYLIGHT,SIDESWIPE SAME DIRECTION,DIVIDED - W/MEDIAN (NOT RAISED),WET,NO INJURY / DRIVE AWAY,IMPROPER OVERTAKING/PASSING,2,6,NO INDICATION OF INJURY,0,0,9,4,41.8755827739,-87.6766533005
10/18/2021 04:10:00 PM,30,CLEAR,DUSK,OTHER OBJECT,DIVIDED - W/MEDIAN (NOT RAISED),DRY,NO INJURY / DRIVE AWAY,UNABLE TO DETERMINE,1,10,NO INDICATION OF INJURY,0,0,16,2,41.8912830778,-87.706279565
06/05/2023 03:06:00 PM,30,CLEAR,DAYLIGHT,PARKED MOTOR VEHICLE,DIVIDED - W/MEDIAN (NOT RAISED),DRY,INJURY AND / OR TOW DUE TO CRASH,PHYSICAL CONDITION OF DRIVER,2,6,NO INDICATION OF INJURY,0,0,15,2,41.9099756743,-87.7656938372
05/25/2024 10:00:00 AM,30,CLEAR,DAYLIGHT,SIDESWIPE SAME DIRECTION,ONE-WAY,DRY,NO INJURY / DRIVE AWAY,FAILING TO YIELD RIGHT-OF-WAY,2,5,NO INDICATION OF INJURY,0,0,10,7,41.8830714945,-87.6399562648
01/06/2021 03:00:00 PM,10,CLEAR,DAYLIGHT,ANGLE,ALLEY,DRY,NO INJURY / DRIVE AWAY,UNABLE TO DETERMINE,2,1,NO INDICATION OF INJURY,0,0,15,4,41.9108586176,-87.7323266908
10/17/2022 05:23:00 PM,30,CLEAR,"DARKNESS, LIGHTED ROAD",SIDESWIPE SAME DIRECTION,NOT DIVIDED,DRY,NO INJURY / DRIVE AWAY,UNABLE TO DETERMINE,2,10,NO INDICATION OF INJURY,0,0,17,2,41.7646089122,-87.6833870533
08/21/2024 04:15:00 PM,30,CLEAR,DAYLIGHT,PARKED MOTOR VEHICLE,NOT DIVIDED,DRY,NO INJURY / DRIVE AWAY,UNABLE TO DETERMINE,2,8,NO INDICATION OF INJURY,0,0,16,4,41.8138274904,-87.6068070355
04/30/2024 04:45:00 PM,30,CLEAR,DAYLIGHT,REAR END,OTHER,DRY,NO INJURY / DRIVE AWAY,FOLLOWING TOO CLOSELY,2,4,NO INDICATION OF INJURY,0,0,16,3,41.9397395728,-87.6688100555
07/12/2024 12:05:00 PM,30,CLEAR,DAYLIGHT,REAR END,DIVIDED - W/MEDIAN (NOT RAISED),DRY,NO INJURY / DRIVE AWAY,FOLLOWING TOO CLOSELY,2,7,NO INDICATION OF INJURY,0,0,12,6,41.8083961396,-87.6765526144
02/12/2026 07:00:00 PM,35,UNKNOWN,UNKNOWN,PARKED MOTOR VEHICLE,PARKING LOT,UNKNOWN,NO INJURY / DRIVE AWAY,UNABLE TO DETERMINE,2,2,NO INDICATION OF INJURY,0,0,19,5,41.9537660771,-87.9141970727
11/30/2023 11:50:00 AM,30,CLEAR,DAYLIGHT,REAR END,NOT DIVIDED,DRY,NO INJURY / DRIVE AWAY,IMPROPER OVERTAKING/PASSING,2,11,NO INDICATION OF INJURY,0,0,11,5,41.7290795671,-87.551085388
05/24/2025 06:15:00 AM,30,CLEAR,DAYLIGHT,TURNING,NOT DIVIDED,DRY,INJURY AND / OR TOW DUE TO CRASH,FAILING TO YIELD RIGHT-OF-WAY,2,5,NO INDICATION OF INJURY,0,0,6,7,41.9287086995,-87.7660040091
10/06/2022 02:14:00 PM,30,CLEAR,DAYLIGHT,TURNING,NOT DIVIDED,DRY,INJURY AND / OR TOW DUE TO CRASH,IMPROPER TURNING/NO SIGNAL,2,10,NO INDICATION OF INJURY,0,0,14,5,41.9754477538,-87.7257412311
07/10/2023 01:15:00 PM,15,CLEAR,DAYLIGHT,FIXED OBJECT,OTHER,DRY,NO INJURY / DRIVE AWAY,UNABLE TO DETERMINE,1,7,NO INDICATION OF INJURY,0,0,13,2,41.7851352167,-87.6642106051
06/26/2024 04:49:00 PM,20,CLEAR,DAYLIGHT,REAR END,ONE-WAY,DRY,NO INJURY / DRIVE AWAY,DRIVING SKILLS/KNOWLEDGE/EXPERIENCE,2,6,NO INDICATION OF INJURY,0,0,16,4,41.9047870754,-87.6261790114
10/02/2025 12:20:00 PM,30,UNKNOWN,UNKNOWN,ANGLE,DIVIDED - W/MEDIAN (NOT RAISED),UNKNOWN,INJURY AND / OR TOW DUE TO CRASH,ROAD CONSTRUCTION/MAINTENANCE,2,10,NONINCAPACITATING INJURY,1,0,12,5,41.8671431598,-87.6392931741
05/07/2024 02:45:00 PM,30,CLEAR,DAYLIGHT,PARKED MOTOR VEHICLE,NOT DIVIDED,DRY,NO INJURY / DRIVE AWAY,DRIVING SKILLS/KNOWLEDGE/EXPERIENCE,2,5,NO INDICATION OF INJURY,0,0,14,3,41.8132153177,-87.6165492074
04/22/2025 08:00:00 AM,30,UNKNOWN,UNKNOWN,PARKED MOTOR VEHICLE,T-INTERSECTION,OTHER,NO INJURY / DRIVE AWAY,UNABLE TO DETERMINE,2,4,NO INDICATION OF INJURY,0,0,8,3,41.9137734725,-87.7039847572
08/16/2022 09:20:00 PM,30,CLEAR,"DARKNESS, LIGHTED ROAD",TURNING,FOUR WAY,DRY,NO INJURY / DRIVE AWAY,FAILING TO YIELD RIGHT-OF-WAY,2,8,NO INDICATION OF INJURY,0,0,21,3,41.9403811309,-87.8367181683
01/16/2023 06:30:00 AM,30,CLEAR,DUSK,FIXED OBJECT,NOT DIVIDED,DRY,INJURY AND / OR TOW DUE TO CRASH,UNABLE TO DETERMINE,1,1,NO INDICATION OF INJURY,0,0,6,2,41.8946547997,-87.771654816
11/02/2022 01:40:00 PM,15,CLEAR,DAYLIGHT,REAR TO REAR,PARKING LOT,DRY,NO INJURY / DRIVE AWAY,IMPROPER BACKING,2,11,NO INDICATION OF INJURY,0,0,13,4,41.9768950984,-87.6922796678
12/31/2023 01:35:00 PM,20,CLEAR,DAYLIGHT,TURNING,NOT DIVIDED,WET,NO INJURY / DRIVE AWAY,FAILING TO YIELD RIGHT-OF-WAY,2,12,NO INDICATION OF INJURY,0,0,13,1,41.7894451128,-87.616873763
11/28/2021 02:11:00 AM,30,CLEAR,"DARKNESS, LIGHTED ROAD",REAR END,NOT DIVIDED,DRY,INJURY AND / OR TOW DUE TO CRASH,FAILING TO REDUCE SPEED TO AVOID CRASH,3,11,NO INDICATION OF INJURY,0,0,2,1,41.8870246461,-87.6476595432