CRASH_DATE,POSTED_SPEED_LIMIT,WEATHER_CONDITION,LIGHTING_CONDITION,FIRST_CRASH_TYPE,TRAFFICWAY_TYPE,ROADWAY_SURFACE_COND,CRASH_TYPE,PRIM_CONTRIBUTORY_CAUSE,NUM_UNITS,CRASH_MONTH,MOST_SEVERE_INJURY,INJURIES_TOTAL,INJURIES_FATAL,CRASH_HOUR,CRASH_DAY_OF_WEEK,LATITUDE,LONGITUDE
01/14/2026 03:55:00 PM,35,SNOW,DAYLIGHT,HEAD ON,FOUR WAY,SNOW OR SLUSH,INJURY AND / OR TOW DUE TO CRASH,WEATHER,2,1,NONINCAPACITATING INJURY,4,0,15,4,41.8022940708,-87.6065553878
08/31/2024 04:00:00 PM,30,UNKNOWN,DAYLIGHT,REAR END,DIVIDED - W/MEDIAN (NOT RAISED),UNKNOWN,NO INJURY / DRIVE AWAY,UNABLE TO DETERMINE,2,8,NO INDICATION OF INJURY,0,0,16,7,41.9537584266,-87.7275589211
03/10/2024 03:01:00 AM,30,CLEAR,"DARKNESS, LIGHTED ROAD",PARKED MOTOR VEHICLE,DIVIDED - W/MEDIAN (NOT RAISED),DRY,NO INJURY / DRIVE AWAY,"EVASIVE ACTION DUE TO ANIMAL, OBJECT, NONMOTORIST",2,3,NO INDICATION OF INJURY,0,0,3,1,41.9028332343,-87.7201561138
05/08/2021 02:06:00 PM,25,CLEAR,DAYLIGHT,PARKED MOTOR VEHICLE,ONE-WAY,DRY,NO INJURY / DRIVE AWAY,UNABLE TO DETERMINE,2,5,NO INDICATION OF INJURY,0,0,14,7,41.9207581317,-87.7718101564
02/20/2022 05:58:00 PM,30,CLEAR,DUSK,PARKED MOTOR VEHICLE,NOT DIVIDED,UNKNOWN,NO INJURY / DRIVE AWAY,UNABLE TO DETERMINE,2,2,NO INDICATION OF INJURY,0,0,17,1,41.8809024179,-87.702551225
07/24/2021 08:15:00 PM,30,RAIN,DAWN,PARKED MOTOR VEHICLE,NOT DIVIDED,WET,INJURY AND / OR TOW DUE TO CRASH,UNABLE TO DETERMINE,3,7,NO INDICATION OF INJURY,0,0,20,7,41.7512179339,-87.6014014102
09/30/2024 08:00:00 PM,30,CLEAR,"DARKNESS, LIGHTED ROAD",PARKED MOTOR VEHICLE,ONE-WAY,DRY,INJURY AND / OR TOW DUE TO CRASH,UNABLE TO DETERMINE,2,9,NO INDICATION OF INJURY,0,0,20,2,41.6935413786,-87.6694142571
12/30/2021 07:20:00 PM,30,FOG/SMOKE/HAZE,"DARKNESS, LIGHTED ROAD",PEDESTRIAN,FOUR WAY,WET,INJURY AND / OR TOW DUE TO CRASH,FAILING TO YIELD RIGHT-OF-WAY,2,12,NONINCAPACITATING INJURY,1,0,19,5,42.0078316085,-87.6617955732
05/03/2021 03:20:00 PM,30,CLEAR,DAYLIGHT,PARKED MOTOR VEHICLE,ONE-WAY,DRY,NO INJURY / DRIVE AWAY,IMPROPER LANE USAGE,2,5,NO INDICATION OF INJURY,0,0,15,2,41.7846351945,-87.6971425978
10/29/2025 06:20:00 PM,30,CLEAR,"DARKNESS, LIGHTED ROAD",REAR END,DIVIDED - W/MEDIAN (NOT RAISED),DRY,INJURY AND / OR TOW DUE TO CRASH,IMPROPER OVERTAKING/PASSING,2,10,NONINCAPACITATING INJURY,2,0,18,4,41.7945609659,-87.7230519611
07/27/2021 06:20:00 PM,30,CLEAR,DAYLIGHT,TURNING,FOUR WAY,DRY,INJURY AND / OR TOW DUE TO CRASH,UNABLE TO DETERMINE,2,7,FATAL,3,1,18,3,41.8417849597,-87.6579405384
02/13/2025 11:55:00 AM,30,CLEAR,DAYLIGHT,REAR END,DIVIDED - W/MEDIAN BARRIER,SNOW OR SLUSH,NO INJURY / DRIVE AWAY,FOLLOWING TOO CLOSELY,2,2,NO INDICATION OF INJURY,0,0,11,5,41.7947368671,-87.6647495647
02/12/2024 06:53:00 PM,15,CLEAR,"DARKNESS, LIGHTED ROAD",FIXED OBJECT,PARKING LOT,DRY,INJURY AND / OR TOW DUE TO CRASH,UNABLE TO DETERMINE,1,2,NO INDICATION OF INJURY,0,0,18,2,41.7347194927,-87.5857450346
03/24/2025 08:44:00 PM,30,CLEAR,"DARKNESS, LIGHTED ROAD",TURNING,NOT DIVIDED,DRY,NO INJURY / DRIVE AWAY,IMPROPER TURNING/NO SIGNAL,2,3,NO INDICATION OF INJURY,0,0,20,2,41.9903895102,-87.6897306368
03/17/2023 09:15:00 AM,30,CLOUDY/OVERCAST,DAYLIGHT,REAR END,NOT DIVIDED,DRY,NO INJURY / DRIVE AWAY,UNABLE TO DETERMINE,2,3,NO INDICATION OF INJURY,0,0,9,6,41.8741332734,-87.6667440829
05/16/2025 04:37:00 PM,30,CLEAR,DAYLIGHT,FIXED OBJECT,FOUR WAY,DRY,NO INJURY / DRIVE AWAY,IMPROPER TURNING/NO SIGNAL,1,5,NO INDICATION OF INJURY,0,0,16,6,41.8525261656,-87.6612900647
07/14/2022 09:00:00 AM,20,UNKNOWN,UNKNOWN,PARKED MOTOR VEHICLE,ONE-WAY,UNKNOWN,NO INJURY / DRIVE AWAY,UNABLE TO DETERMINE,2,7,NO INDICATION OF INJURY,0,0,9,5,41.7820584434,-87.7669169127
09/08/2024 10:20:00 PM,30,CLEAR,"DARKNESS, LIGHTED ROAD",TURNING,NOT DIVIDED,DRY,NO INJURY / DRIVE AWAY,DISREGARDING TRAFFIC SIGNALS,2,9,NO INDICATION OF INJURY,0,0,22,1,42.0123831918,-87.6832570797
01/31/2023 08:10:00 AM,30,CLEAR,DAYLIGHT,REAR END,NOT DIVIDED,DRY,NO INJURY / DRIVE AWAY,FOLLOWING TOO CLOSELY,2,1,NO INDICATION OF INJURY,0,0,8,3,42.0192762315,-87.6661973884
07/27/2023 09:15:00 AM,30,CLEAR,DAYLIGHT,HEAD ON,NOT DIVIDED,DRY,INJURY AND / OR TOW DUE TO CRASH,UNABLE TO DETERMINE,2,7,NONINCAPACITATING INJURY,2,0,9,5,41.891052857,-87.6696235387
12/23/2023 02:02:00 AM,30,RAIN,"DARKNESS, LIGHTED ROAD",SIDESWIPE SAME DIRECTION,ONE-WAY,WET,NO INJURY / DRIVE AWAY,IMPROPER BACKING,2,12,NO INDICATION OF INJURY,0,0,2,7,41.9463716587,-87.656851503
11/02/2023 05:00:00 PM,15,CLEAR,DUSK,REAR TO FRONT,PARKING LOT,DRY,NO INJURY / DRIVE AWAY,UNABLE TO DETERMINE,2,11,NO INDICATION OF INJURY,0,0,17,5,41.9754395939,-87.726485978
02/15/2022 08:38:00 AM,30,CLEAR,DAYLIGHT,FIXED OBJECT,OTHER,ICE,NO INJURY / DRIVE AWAY,NOT APPLICABLE,1,2,NO INDICATION OF INJURY,0,0,8,3,41.7730478219,-87.6059130529
10/07/2025 07:30:00 AM,30,RAIN,DAYLIGHT,REAR END,DIVIDED - W/MEDIAN (NOT RAISED),WET,NO INJURY / DRIVE AWAY,FOLLOWING TOO CLOSELY,2,10,NO INDICATION OF INJURY,0,0,7,3,41.9530315459,-87.7861357818
07/21/2023 01:40:00 PM,30,CLEAR,DAYLIGHT,SIDESWIPE SAME DIRECTION,DIVIDED - W/MEDIAN BARRIER,DRY,NO INJURY / DRIVE AWAY,UNABLE TO DETERMINE,2,7,NO INDICATION OF INJURY,0,0,13,6,41.7217363135,-87.5852892261
05/09/2021 08:00:00 PM,20,CLEAR,DUSK,PARKED MOTOR VEHICLE,DRIVEWAY,DRY,NO INJURY / DRIVE AWAY,NOT APPLICABLE,2,5,NO INDICATION OF INJURY,0,0,20,1,41.7468389631,-87.6623628904
07/04/2025 10:00:00 PM,30,CLEAR,"DARKNESS, LIGHTED ROAD",REAR END,DIVIDED - W/MEDIAN (NOT RAISED),DRY,INJURY AND / OR TOW DUE TO CRASH,FOLLOWING TOO CLOSELY,2,7,"REPORTED, NOT EVIDENT",2,0,22,6,41.8991764049,-87.6958750756
09/04/2023 11:18:00 AM,3,CLEAR,DAYLIGHT,REAR END,UNKNOWN INTERSECTION TYPE,DRY,NO INJURY / DRIVE AWAY,UNABLE TO DETERMINE,2,9,NO INDICATION OF INJURY,0,0,11,2,41.9774367154,-87.7134389686
06/28/2024 06:30:00 PM,30,CLEAR,DAYLIGHT,REAR END,NOT DIVIDED,DRY,NO INJURY / DRIVE AWAY,FOLLOWING TOO CLOSELY,3,6,NO INDICATION OF INJURY,0,0,18,6,41.7932842571,-87.7267770431
09/14/2024 12:58:00 PM,30,CLEAR,DAYLIGHT,SIDESWIPE SAME DIRECTION,NOT DIVIDED,DRY,NO INJURY / DRIVE AWAY,FAILING TO YIELD RIGHT-OF-WAY,3,9,NO INDICATION OF INJURY,0,0,12,7,41.9074168705,-87.7659894338
06/20/2021 09:25:00 PM,30,RAIN,"DARKNESS, LIGHTED ROAD",PARKED MOTOR VEHICLE,NOT DIVIDED,WET,NO INJURY / DRIVE AWAY,UNABLE TO DETERMINE,2,6,NO INDICATION OF INJURY,0,0,21,1,41.9359148891,-87.6905547831
01/29/2024 09:14:00 AM,30,CLEAR,DAYLIGHT,REAR END,ONE-WAY,UNKNOWN,INJURY AND / OR TOW DUE TO CRASH,UNABLE TO DETERMINE,2,1,NONINCAPACITATING INJURY,1,0,9,2,41.765156091,-87.6416882698
12/06/2025 04:00:00 PM,30,CLEAR,DARKNESS,SIDESWIPE SAME DIRECTION,DIVIDED - W/MEDIAN (NOT RAISED),UNKNOWN,INJURY AND / OR TOW DUE TO CRASH,FAILING TO YIELD RIGHT-OF-WAY,2,12,"REPORTED, NOT EVIDENT",1,0,16,7,41.8740677338,-87.6258416329
02/01/2025 03:31:00 AM,30,CLEAR,"DARKNESS, LIGHTED ROAD",HEAD ON,DIVIDED - W/MEDIAN BARRIER,DRY,INJURY AND / OR TOW DUE TO CRASH,UNABLE TO DETERMINE,3,2,NONINCAPACITATING INJURY,1,0,3,7,41.8336678549,-87.6950723481
03/12/2024 12:52:00 PM,30,CLEAR,DAYLIGHT,REAR END,DIVIDED - W/MEDIAN BARRIER,DRY,NO INJURY / DRIVE AWAY,UNABLE TO DETERMINE,2,3,NO INDICATION OF INJURY,0,0,12,3,41.7944153118,-87.6448915556
10/20/2022 09:10:00 PM,30,CLEAR,"DARKNESS, LIGHTED ROAD",REAR END,NOT DIVIDED,DRY,NO INJURY / DRIVE AWAY,FOLLOWING TOO CLOSELY,2,10,NO INDICATION OF INJURY,0,0,21,5,41.9472706806,-87.6493374658
08/01/2024 09:15:00 AM,30,CLEAR,DAYLIGHT,SIDESWIPE SAME DIRECTION,FOUR WAY,WET,NO INJURY / DRIVE AWAY,FOLLOWING TOO CLOSELY,2,8,NO INDICATION OF INJURY,0,0,9,5,41.8379140423,-87.6851775051
06/13/2022 11:00:00 PM,30,CLEAR,DAYLIGHT,REAR END,FOUR WAY,DRY,NO INJURY / DRIVE AWAY,DRIVING SKILLS/KNOWLEDGE/EXPERIENCE,2,6,NO INDICATION OF INJURY,0,0,23,2,41.8675665406,-87.6240941748
07/13/2023 12:30:00 PM,30,CLEAR,DUSK,TURNING,UNKNOWN INTERSECTION TYPE,DRY,NO INJURY / DRIVE AWAY,UNABLE TO DETERMINE,2,7,NO INDICATION OF INJURY,0,0,12,5,41.7691553353,-87.6268126763
09/26/2023 08:05:00 AM,15,CLOUDY/OVERCAST,DAYLIGHT,PARKED MOTOR VEHICLE,ALLEY,WET,NO INJURY / DRIVE AWAY,OBSTRUCTED CROSSWALKS,2,9,NO INDICATION OF INJURY,0,0,8,3,41.9991579466,-87.6839770157
06/11/2023 11:47:00 AM,30,UNKNOWN,UNKNOWN,TURNING,UNKNOWN,WET,NO INJURY / DRIVE AWAY,UNABLE TO DETERMINE,2,6,NO INDICATION OF INJURY,0,0,11,1,41.9974667944,-87.7873385973
05/17/2023 05:35:00 PM,30,CLEAR,DAYLIGHT,REAR END,DIVIDED - W/MEDIAN (NOT RAISED),DRY,NO INJURY / DRIVE AWAY,UNABLE TO DETERMINE,2,5,NO INDICATION OF INJURY,0,0,17,4,41.8819257197,-87.6444338891
08/28/2021 04:18:00 PM,45,CLEAR,DAYLIGHT,REAR END,DIVIDED - W/MEDIAN BARRIER,DRY,INJURY AND / OR TOW DUE TO CRASH,FOLLOWING TOO CLOSELY,2,8,NO INDICATION OF INJURY,0,0,16,7,41.8942665454,-87.6152991116
09/03/2023 12:01:00 AM,30,CLEAR,DARKNESS,TURNING,"FIVE POINT, OR MORE",DRY,NO INJURY / DRIVE AWAY,UNABLE TO DETERMINE,2,9,NO INDICATION OF INJURY,0,0,0,1,41.7157849711,-87.6528394458
07/19/2023 06:45:00 PM,30,CLEAR,DAYLIGHT,PARKED MOTOR VEHICLE,NOT DIVIDED,DRY,NO INJURY / DRIVE AWAY,IMPROPER OVERTAKING/PASSING,2,7,NO INDICATION OF INJURY,0,0,18,4,41.9006702853,-87.6308416959
02/24/2021 03:00:00 PM,30,CLEAR,DAYLIGHT,REAR END,NOT DIVIDED,DRY,NO INJURY / DRIVE AWAY,FAILING TO REDUCE SPEED TO AVOID CRASH,2,2,NO INDICATION OF INJURY,0,0,15,4,41.9103484786,-87.6789225542
04/02/2026 01:50:00 PM,30,RAIN,DAYLIGHT,REAR END,DIVIDED - W/MEDIAN BARRIER,WET,INJURY AND / OR TOW DUE TO CRASH,WEATHER,3,4,NO INDICATION OF INJURY,0,0,13,5,41.7212936994,-87.6648291827
08/05/2021 12:07:00 AM,30,CLEAR,"DARKNESS, LIGHTED ROAD",HEAD ON,NOT DIVIDED,DRY,INJURY AND / OR TOW DUE TO CRASH,IMPROPER OVERTAKING/PASSING,2,8,NONINCAPACITATING INJURY,3,0,0,5,41.6550570029,-87.5542597821
02/22/2023 08:00:00 AM,30,RAIN,DAYLIGHT,ANGLE,DIVIDED - W/MEDIAN BARRIER,WET,INJURY AND / OR TOW DUE TO CRASH,UNABLE TO DETERMINE,3,2,NONINCAPACITATING INJURY,1,0,8,4,41.7956880528,-87.8014596705
05/06/2022 05:03:00 PM,30,RAIN,DAYLIGHT,SIDESWIPE SAME DIRECTION,DIVIDED - W/MEDIAN (NOT RAISED),WET,NO INJURY / DRIVE AWAY,FAILING TO YIELD RIGHT-OF-WAY,2,5,NO INDICATION OF INJURY,0,0,17,6,41.8031134113,-87.7235925197
10/07/2024 03:52:00 PM,30,CLEAR,DAYLIGHT,SIDESWIPE SAME DIRECTION,DIVIDED - W/MEDIAN (NOT RAISED),DRY,NO INJURY / DRIVE AWAY,FAILING TO YIELD RIGHT-OF-WAY,2,10,NO INDICATION OF INJURY,0,0,15,2,41.9930041781,-87.6553303231
05/22/2023 08:10:00 AM,30,CLEAR,DAYLIGHT,SIDESWIPE SAME DIRECTION,NOT DIVIDED,DRY,NO INJURY / DRIVE AWAY,UNABLE TO DETERMINE,2,5,NO INDICATION OF INJURY,0,0,8,2,41.9543993037,-87.6691128654
11/25/2024 11:30:00 AM,30,CLOUDY/OVERCAST,DAYLIGHT,PARKED MOTOR VEHICLE,ONE-WAY,DRY,NO INJURY / DRIVE AWAY,UNABLE TO DETERMINE,2,11,NO INDICATION OF INJURY,0,0,11,2,41.9643415887,-87.6544304611
04/30/2023 05:48:00 PM,30,RAIN,DAYLIGHT,ANGLE,NOT DIVIDED,WET,INJURY AND / OR TOW DUE TO CRASH,UNABLE TO DETERMINE,3,4,NO INDICATION OF INJURY,0,0,17,1,41.7515286623,-87.5734797639
11/03/2021 04:00:00 PM,15,CLEAR,DAYLIGHT,PARKED MOTOR VEHICLE,OTHER,DRY,NO INJURY / DRIVE AWAY,UNABLE TO DETERMINE,2,11,NO INDICATION OF INJURY,0,0,16,4,41.8313499001,-87.6758478479
04/24/2025 02:40:00 PM,10,CLEAR,DAYLIGHT,PARKED MOTOR VEHICLE,PARKING LOT,DRY,NO INJURY / DRIVE AWAY,IMPROPER BACKING,2,4,NO INDICATION OF INJURY,0,0,14,5,41.7223639761,-87.5748987698
06/24/2024 09:45:00 PM,30,RAIN,"DARKNESS, LIGHTED ROAD",ANGLE,FOUR WAY,WET,INJURY AND / OR TOW DUE TO CRASH,FAILING TO YIELD RIGHT-OF-WAY,2,6,NO INDICATION OF INJURY,0,0,21,2,41.897210186,-87.6708447998
07/15/2022 02:30:00 PM,30,CLEAR,DAYLIGHT,PARKED MOTOR VEHICLE,ONE-WAY,DRY,INJURY AND / OR TOW DUE TO CRASH,UNABLE TO DETERMINE,2,7,NO INDICATION OF INJURY,0,0,14,6,41.9022904637,-87.681544578
05/27/2023 10:00:00 AM,30,CLEAR,DAYLIGHT,ANGLE,ALLEY,DRY,NO INJURY / DRIVE AWAY,FAILING TO REDUCE SPEED TO AVOID CRASH,2,5,NO INDICATION OF INJURY,0,0,10,7,41.7190533146,-87.5776460085
11/05/2025 07:15:00 AM,30,CLEAR,DAYLIGHT,PARKED MOTOR VEHICLE,ONE-WAY,DRY,NO INJURY / DRIVE AWAY,UNABLE TO DETERMINE,2,11,NO INDICATION OF INJURY,0,0,7,4,41.8791505162,-87.6957592601
11/17/2021 05:47:00 PM,40,RAIN,"DARKNESS, LIGHTED ROAD",REAR END,DIVIDED - W/MEDIAN BARRIER,WET,INJURY AND / OR TOW DUE TO CRASH,FAILING TO REDUCE SPEED TO AVOID CRASH,2,11,"REPORTED, NOT EVIDENT",1,0,17,4,41.9024816462,-87.6242210436
01/17/2026 01:14:00 AM,15,OTHER,DARKNESS,OVERTURNED,ALLEY,ICE,INJURY AND / OR TOW DUE TO CRASH,WEATHER,1,1,NO INDICATION OF INJURY,0,0,1,7,41.7513479937,-87.6079737
07/20/2024 11:00:00 PM,30,CLEAR,UNKNOWN,PARKED MOTOR VEHICLE,NOT DIVIDED,DRY,INJURY AND / OR TOW DUE TO CRASH,UNABLE TO DETERMINE,2,7,NO INDICATION OF INJURY,0,0,23,7,41.9415337976,-87.6443003017
03/03/2024 11:45:00 AM,30,UNKNOWN,UNKNOWN,SIDESWIPE SAME DIRECTION,FOUR WAY,UNKNOWN,NO INJURY / DRIVE AWAY,UNABLE TO DETERMINE,2,3,NO INDICATION OF INJURY,0,0,11,1,41.8860136402,-87.6311301818
07/14/2022 04:52:00 PM,30,CLEAR,DAYLIGHT,OVERTURNED,NOT DIVIDED,DRY,INJURY AND / OR TOW DUE TO CRASH,UNABLE TO DETERMINE,1,7,INCAPACITATING INJURY,1,0,16,5,41.7023844979,-87.6325393332
02/23/2023 03:58:00 PM,30,CLEAR,DAYLIGHT,SIDESWIPE SAME DIRECTION,ONE-WAY,DRY,NO INJURY / DRIVE AWAY,FOLLOWING TOO CLOSELY,2,2,NO INDICATION OF INJURY,0,0,15,5,41.8454197052,-87.7210656664
12/19/2024 06:10:00 PM,30,UNKNOWN,UNKNOWN,PARKED MOTOR VEHICLE,NOT DIVIDED,UNKNOWN,NO INJURY / DRIVE AWAY,UNABLE TO DETERMINE,2,12,NO INDICATION OF INJURY,0,0,18,5,41.8908838178,-87.6349740862
02/07/2025 10:30:00 PM,30,CLEAR,"DARKNESS, LIGHTED ROAD",ANGLE,NOT DIVIDED,DRY,NO INJURY / DRIVE AWAY,UNABLE TO DETERMINE,2,2,NO INDICATION OF INJURY,0,0,22,6,41.7650230083,-87.6634089135
10/17/2023 06:25:00 PM,45,CLEAR,DAYLIGHT,REAR END,NOT DIVIDED,DRY,NO INJURY / DRIVE AWAY,NOT APPLICABLE,2,10,NO INDICATION OF INJURY,0,0,18,3,41.8911183327,-87.6143846846
05/19/2022 08:32:00 AM,30,CLEAR,DAYLIGHT,TURNING,DIVIDED - W/MEDIAN (NOT RAISED),DRY,NO INJURY / DRIVE AWAY,DISREGARDING OTHER TRAFFIC SIGNS,2,5,NO INDICATION OF INJURY,0,0,8,5,41.9112496561,-87.6333002484
09/24/2025 02:27:00 AM,35,CLEAR,"DARKNESS, LIGHTED ROAD",FIXED OBJECT,DIVIDED - W/MEDIAN BARRIER,DRY,INJURY AND / OR TOW DUE TO CRASH,UNABLE TO DETERMINE,2,9,NO INDICATION OF INJURY,0,0,2,4,41.7561275695,-87.6367225468
12/07/2023 06:00:00 PM,30,CLEAR,DARKNESS,SIDESWIPE SAME DIRECTION,DIVIDED - W/MEDIAN (NOT RAISED),UNKNOWN,NO INJURY / DRIVE AWAY,UNABLE TO DETERMINE,2,12,NO INDICATION OF INJURY,0,0,18,5,41.8856813788,-87.6400072448
09/12/2021 05:40:00 AM,30,CLEAR,DAWN,REAR END,NOT DIVIDED,DRY,INJURY AND / OR TOW DUE TO CRASH,FOLLOWING TOO CLOSELY,2,9,"REPORTED, NOT EVIDENT",1,0,5,1,41.8710513803,-87.7010721726
12/24/2021 01:40:00 AM,30,CLEAR,"DARKNESS, LIGHTED ROAD",REAR END,FOUR WAY,DRY,NO INJURY / DRIVE AWAY,FOLLOWING TOO CLOSELY,2,12,NO INDICATION OF INJURY,0,0,1,6,41.7444545429,-87.5751335885
04/23/2022 01:00:00 PM,30,CLEAR,DAYLIGHT,PEDALCYCLIST,T-INTERSECTION,DRY,INJURY AND / OR TOW DUE TO CRASH,IMPROPER TURNING/NO SIGNAL,2,4,NONINCAPACITATING INJURY,1,0,13,7,41.906935777,-87.6386100703
10/27/2021 01:15:00 PM,30,CLEAR,DAYLIGHT,REAR TO REAR,PARKING LOT,DRY,NO INJURY / DRIVE AWAY,UNABLE TO DETERMINE,2,10,NO INDICATION OF INJURY,0,0,13,4,41.8034975103,-87.7039875659
05/25/2024 09:00:00 PM,30,CLEAR,"DARKNESS, LIGHTED ROAD",PARKED MOTOR VEHICLE,ONE-WAY,DRY,NO INJURY / DRIVE AWAY,UNABLE TO DETERMINE,2,5,NO INDICATION OF INJURY,0,0,21,7,41.9446244145,-87.650404272
02/11/2026 04:00:00 AM,20,CLEAR,UNKNOWN,PARKED MOTOR VEHICLE,NOT DIVIDED,DRY,NO INJURY / DRIVE AWAY,UNABLE TO DETERMINE,2,2,NO INDICATION OF INJURY,0,0,4,4,41.8915535432,-87.7415136334
02/20/2021 02:39:00 PM,30,SNOW,DAYLIGHT,PARKED MOTOR VEHICLE,DIVIDED - W/MEDIAN (NOT RAISED),SNOW OR SLUSH,NO INJURY / DRIVE AWAY,UNABLE TO DETERMINE,2,2,NO INDICATION OF INJURY,0,0,14,7,41.9208931323,-87.7780289002
06/20/2024 05:40:00 AM,30,CLEAR,DAYLIGHT,ANGLE,NOT DIVIDED,DRY,INJURY AND / OR TOW DUE TO CRASH,FAILING TO REDUCE SPEED TO AVOID CRASH,2,6,NONINCAPACITATING INJURY,1,0,5,5,41.9768975732,-87.841391883
11/26/2023 07:03:00 PM,30,CLEAR,DARKNESS,FIXED OBJECT,DIVIDED - W/MEDIAN BARRIER,OTHER,NO INJURY / DRIVE AWAY,UNABLE TO DETERMINE,1,11,NO INDICATION OF INJURY,0,0,19,1,41.9908114194,-87.7078415844
11/28/2024 09:53:00 PM,30,CLEAR,"DARKNESS, LIGHTED ROAD",SIDESWIPE SAME DIRECTION,ONE-WAY,DRY,INJURY AND / OR TOW DUE TO CRASH,UNABLE TO DETERMINE,3,11,NO INDICATION OF INJURY,0,0,21,5,41.7652227977,-87.566010917
04/18/2023 09:00:00 AM,15,CLEAR,DAYLIGHT,SIDESWIPE SAME DIRECTION,DRIVEWAY,DRY,NO INJURY / DRIVE AWAY,IMPROPER LANE USAGE,2,4,NO INDICATION OF INJURY,0,0,9,3,41.8514192199,-87.61747568
12/14/2021 05:09:00 AM,30,CLEAR,"DARKNESS, LIGHTED ROAD",REAR END,NOT DIVIDED,DRY,INJURY AND / OR TOW DUE TO CRASH,FOLLOWING TOO CLOSELY,2,12,NONINCAPACITATING INJURY,1,0,5,3,41.8268211493,-87.6656278816
11/19/2023 08:00:00 PM,30,CLEAR,DARKNESS,PARKED MOTOR VEHICLE,ONE-WAY,DRY,NO INJURY / DRIVE AWAY,UNABLE TO DETERMINE,2,11,NO INDICATION OF INJURY,0,0,20,1,41.8879789691,-87.7495432553
10/03/2025 08:00:00 PM,30,CLEAR,"DARKNESS, LIGHTED ROAD",REAR END,DIVIDED - W/MEDIAN (NOT RAISED),DRY,NO INJURY / DRIVE AWAY,IMPROPER OVERTAKING/PASSING,2,10,NO INDICATION OF INJURY,0,0,20,6,41.7589868647,-87.576082626
11/16/2023 10:55:00 AM,25,CLEAR,DAYLIGHT,SIDESWIPE SAME DIRECTION,NOT DIVIDED,DRY,NO INJURY / DRIVE AWAY,UNABLE TO DETERMINE,3,11,NO INDICATION OF INJURY,0,0,10,5,41.8966984259,-87.6191332205
02/25/2024 07:30:00 PM,30,CLEAR,DARKNESS,SIDESWIPE SAME DIRECTION,ONE-WAY,DRY,INJURY AND / OR TOW DUE TO CRASH,UNABLE TO DETERMINE,2,2,NONINCAPACITATING INJURY,1,0,19,1,41.7295181284,-87.5856364085
02/24/2024 02:54:00 PM,30,CLEAR,DAYLIGHT,REAR END,FOUR WAY,DRY,NO INJURY / DRIVE AWAY,FAILING TO REDUCE SPEED TO AVOID CRASH,2,2,NO INDICATION OF INJURY,0,0,14,7,41.7438429548,-87.6194923447
12/05/2021 09:10:00 AM,30,UNKNOWN,UNKNOWN,PARKED MOTOR VEHICLE,NOT DIVIDED,UNKNOWN,NO INJURY / DRIVE AWAY,UNABLE TO DETERMINE,2,12,NO INDICATION OF INJURY,0,0,9,1,41.7551446054,-87.7162282658
12/18/2021 10:29:00 PM,30,CLEAR,"DARKNESS, LIGHTED ROAD",OTHER OBJECT,NOT DIVIDED,DRY,INJURY AND / OR TOW DUE TO CRASH,UNABLE TO DETERMINE,1,12,INCAPACITATING INJURY,1,0,22,7,41.8775773999,-87.7649118281
08/31/2025 12:15:00 AM,30,CLEAR,"DARKNESS, LIGHTED ROAD",TURNING,FOUR WAY,DRY,INJURY AND / OR TOW DUE TO CRASH,IMPROPER TURNING/NO SIGNAL,2,8,NONINCAPACITATING INJURY,1,0,0,1,41.8824570182,-87.7552898413
10/23/2023 08:49:00 AM,30,UNKNOWN,UNKNOWN,PARKED MOTOR VEHICLE,NOT DIVIDED,UNKNOWN,NO INJURY / DRIVE AWAY,FAILING TO REDUCE SPEED TO AVOID CRASH,2,10,NO INDICATION OF INJURY,0,0,8,2,41.7674485367,-87.7269735342
05/07/2023 10:30:00 PM,30,RAIN,DARKNESS,REAR END,NOT DIVIDED,WET,NO INJURY / DRIVE AWAY,FOLLOWING TOO CLOSELY,2,5,NO INDICATION OF INJURY,0,0,22,1,41.7512240943,-87.6148969613
08/24/2024 03:46:00 PM,30,CLEAR,DARKNESS,SIDESWIPE SAME DIRECTION,NOT DIVIDED,UNKNOWN,INJURY AND / OR TOW DUE TO CRASH,IMPROPER LANE USAGE,2,8,NONINCAPACITATING INJURY,1,0,15,7,41.8987896138,-87.74602339
01/18/2022 06:14:00 PM,30,CLEAR,"DARKNESS, LIGHTED ROAD",SIDESWIPE SAME DIRECTION,DIVIDED - W/MEDIAN (NOT RAISED),DRY,NO INJURY / DRIVE AWAY,UNABLE TO DETERMINE,2,1,NO INDICATION OF INJURY,0,0,18,3,41.9390815401,-87.7363269586
04/13/2024 02:30:00 PM,30,CLEAR,DAYLIGHT,ANGLE,DIVIDED - W/MEDIAN (NOT RAISED),DRY,NO INJURY / DRIVE AWAY,FAILING TO YIELD RIGHT-OF-WAY,2,4,NO INDICATION OF INJURY,0,0,14,7,41.7714223364,-87.586427401
02/27/2022 12:36:00 PM,30,CLEAR,DAYLIGHT,ANGLE,FOUR WAY,DRY,INJURY AND / OR TOW DUE TO CRASH,DISREGARDING TRAFFIC SIGNALS,3,2,NO INDICATION OF INJURY,0,0,12,1,41.7839034408,-87.6208907982