CRASH_DATE,POSTED_SPEED_LIMIT,WEATHER_CONDITION,LIGHTING_CONDITION,FIRST_CRASH_TYPE,TRAFFICWAY_TYPE,ROADWAY_SURFACE_COND,CRASH_TYPE,PRIM_CONTRIBUTORY_CAUSE,NUM_UNITS,CRASH_MONTH,MOST_SEVERE_INJURY,INJURIES_TOTAL,INJURIES_FATAL,CRASH_HOUR,CRASH_DAY_OF_WEEK,LATITUDE,LONGITUDE
05/05/2023 06:36:00 PM,30,CLEAR,DAYLIGHT,REAR END,NOT DIVIDED,DRY,NO INJURY / DRIVE AWAY,FOLLOWING TOO CLOSELY,2,5,NO INDICATION OF INJURY,0,0,18,6,41.6855355226,-87.6132136125
12/17/2024 04:53:00 PM,35,CLEAR,DARKNESS,PARKED MOTOR VEHICLE,NOT DIVIDED,DRY,INJURY AND / OR TOW DUE TO CRASH,NOT APPLICABLE,2,12,NO INDICATION OF INJURY,0,0,16,3,41.8661766224,-87.7160695387
12/09/2021 08:13:00 PM,30,CLEAR,"DARKNESS, LIGHTED ROAD",REAR TO FRONT,FOUR WAY,DRY,NO INJURY / DRIVE AWAY,NOT APPLICABLE,2,12,NO INDICATION OF INJURY,0,0,20,5,41.8529197036,-87.6256475156
07/17/2021 07:30:00 PM,30,CLEAR,DAWN,TURNING,DIVIDED - W/MEDIAN (NOT RAISED),DRY,INJURY AND / OR TOW DUE TO CRASH,FAILING TO YIELD RIGHT-OF-WAY,2,7,NO INDICATION OF INJURY,0,0,19,7,41.7361892353,-87.624176526
03/07/2024 09:15:00 AM,30,CLEAR,DAYLIGHT,REAR END,NOT DIVIDED,DRY,NO INJURY / DRIVE AWAY,UNABLE TO DETERMINE,2,3,NO INDICATION OF INJURY,0,0,9,5,41.7062823319,-87.6817635946
12/07/2024 12:03:00 PM,30,CLEAR,DAYLIGHT,FIXED OBJECT,ONE-WAY,DRY,INJURY AND / OR TOW DUE TO CRASH,UNABLE TO DETERMINE,1,12,NO INDICATION OF INJURY,0,0,12,7,41.7756309992,-87.7886393838
10/08/2022 04:00:00 PM,30,CLEAR,UNKNOWN,PEDESTRIAN,FOUR WAY,DRY,INJURY AND / OR TOW DUE TO CRASH,FAILING TO YIELD RIGHT-OF-WAY,2,10,INCAPACITATING INJURY,2,0,16,7,41.799636118,-87.5905076071
08/23/2021 12:10:00 AM,35,CLEAR,"DARKNESS, LIGHTED ROAD",PARKED MOTOR VEHICLE,NOT DIVIDED,DRY,NO INJURY / DRIVE AWAY,DRIVING SKILLS/KNOWLEDGE/EXPERIENCE,2,8,NO INDICATION OF INJURY,0,0,0,2,41.7913824018,-87.669518792
12/12/2024 07:45:00 PM,30,UNKNOWN,DARKNESS,PEDALCYCLIST,NOT DIVIDED,UNKNOWN,NO INJURY / DRIVE AWAY,UNABLE TO DETERMINE,2,12,NO INDICATION OF INJURY,0,0,19,5,41.8309356324,-87.6404175996
04/12/2022 04:30:00 PM,30,CLEAR,DAYLIGHT,SIDESWIPE SAME DIRECTION,DIVIDED - W/MEDIAN BARRIER,UNKNOWN,NO INJURY / DRIVE AWAY,UNABLE TO DETERMINE,2,4,NO INDICATION OF INJURY,0,0,16,3,41.8233513513,-87.7239118342
06/13/2024 05:28:00 PM,30,CLEAR,DAYLIGHT,TURNING,NOT DIVIDED,DRY,INJURY AND / OR TOW DUE TO CRASH,FAILING TO YIELD RIGHT-OF-WAY,2,6,NONINCAPACITATING INJURY,2,0,17,5,41.6779064738,-87.6431683153
12/09/2025 09:11:00 AM,30,CLOUDY/OVERCAST,DAYLIGHT,ANGLE,NOT DIVIDED,SNOW OR SLUSH,NO INJURY / DRIVE AWAY,FAILING TO YIELD RIGHT-OF-WAY,2,12,NO INDICATION OF INJURY,0,0,9,3,41.9320523575,-87.688544543
07/28/2023 04:30:00 PM,30,CLEAR,DAYLIGHT,SIDESWIPE SAME DIRECTION,NOT DIVIDED,DRY,NO INJURY / DRIVE AWAY,IMPROPER OVERTAKING/PASSING,2,7,NO INDICATION OF INJURY,0,0,16,6,41.8084687952,-87.6677274811
10/05/2023 06:30:00 AM,30,RAIN,DAYLIGHT,ANGLE,DIVIDED - W/MEDIAN (NOT RAISED),WET,INJURY AND / OR TOW DUE TO CRASH,"VISION OBSCURED (SIGNS, TREE LIMBS, BUILDINGS, ETC.)",2,10,NO INDICATION OF INJURY,0,0,6,5,41.7422893096,-87.7127691526
03/04/2023 07:50:00 PM,30,CLEAR,"DARKNESS, LIGHTED ROAD",SIDESWIPE OPPOSITE DIRECTION,NOT DIVIDED,WET,NO INJURY / DRIVE AWAY,IMPROPER LANE USAGE,2,3,NO INDICATION OF INJURY,0,0,19,7,41.8765516617,-87.6478697034
07/28/2025 05:45:00 PM,30,CLEAR,DAYLIGHT,FIXED OBJECT,NOT DIVIDED,DRY,NO INJURY / DRIVE AWAY,UNABLE TO DETERMINE,1,7,NO INDICATION OF INJURY,0,0,17,2,41.881278154,-87.6860038806
09/18/2023 11:30:00 AM,30,CLEAR,DAYLIGHT,SIDESWIPE OPPOSITE DIRECTION,NOT DIVIDED,DRY,INJURY AND / OR TOW DUE TO CRASH,UNABLE TO DETERMINE,2,9,INCAPACITATING INJURY,1,0,11,2,41.9937919049,-87.7875107896
05/30/2023 03:15:00 PM,15,CLEAR,DAYLIGHT,PARKED MOTOR VEHICLE,PARKING LOT,DRY,NO INJURY / DRIVE AWAY,UNABLE TO DETERMINE,2,5,NO INDICATION OF INJURY,0,0,15,3,41.8320330436,-87.684785143
09/26/2021 11:30:00 AM,20,CLEAR,DAYLIGHT,PARKED MOTOR VEHICLE,NOT DIVIDED,DRY,NO INJURY / DRIVE AWAY,UNABLE TO DETERMINE,2,9,NO INDICATION OF INJURY,0,0,11,1,41.7903536994,-87.7254105446
10/17/2025 12:00:00 PM,10,UNKNOWN,UNKNOWN,PARKED MOTOR VEHICLE,PARKING LOT,DRY,NO INJURY / DRIVE AWAY,UNABLE TO DETERMINE,2,10,NO INDICATION OF INJURY,0,0,12,6,41.8981109989,-87.6290276432
12/30/2021 07:00:00 PM,30,CLEAR,"DARKNESS, LIGHTED ROAD",REAR END,NOT DIVIDED,UNKNOWN,NO INJURY / DRIVE AWAY,UNABLE TO DETERMINE,2,12,NO INDICATION OF INJURY,0,0,19,5,41.7650894399,-87.6590315479
10/06/2022 06:28:00 AM,30,CLOUDY/OVERCAST,DAWN,REAR END,FOUR WAY,UNKNOWN,INJURY AND / OR TOW DUE TO CRASH,UNABLE TO DETERMINE,2,10,"REPORTED, NOT EVIDENT",1,0,6,5,41.8575308592,-87.6449286074
04/19/2023 09:00:00 AM,25,CLEAR,DAYLIGHT,REAR END,NOT DIVIDED,DRY,NO INJURY / DRIVE AWAY,FOLLOWING TOO CLOSELY,2,4,NO INDICATION OF INJURY,0,0,9,4,41.9398046498,-87.6687859001
12/04/2025 11:23:00 AM,30,CLEAR,DAYLIGHT,SIDESWIPE SAME DIRECTION,FOUR WAY,DRY,NO INJURY / DRIVE AWAY,DRIVING SKILLS/KNOWLEDGE/EXPERIENCE,2,12,NO INDICATION OF INJURY,0,0,11,5,41.7001095983,-87.6282420119
10/09/2021 06:30:00 AM,25,CLEAR,"DARKNESS, LIGHTED ROAD",SIDESWIPE SAME DIRECTION,RAMP,UNKNOWN,NO INJURY / DRIVE AWAY,UNABLE TO DETERMINE,2,10,NO INDICATION OF INJURY,0,0,6,7,41.9854848313,-87.8309852229
12/05/2023 08:01:00 PM,15,CLEAR,DAYLIGHT,REAR TO SIDE,PARKING LOT,DRY,NO INJURY / DRIVE AWAY,FAILING TO YIELD RIGHT-OF-WAY,2,12,NO INDICATION OF INJURY,0,0,20,3,41.9750675611,-87.8759908276
05/19/2025 11:24:00 AM,30,CLEAR,DAYLIGHT,SIDESWIPE SAME DIRECTION,DIVIDED - W/MEDIAN (NOT RAISED),DRY,NO INJURY / DRIVE AWAY,IMPROPER OVERTAKING/PASSING,2,5,NO INDICATION OF INJURY,0,0,11,2,41.7175672262,-87.5753863283
03/21/2023 12:00:00 PM,30,CLEAR,DAYLIGHT,PARKED MOTOR VEHICLE,OTHER,DRY,NO INJURY / DRIVE AWAY,UNABLE TO DETERMINE,2,3,NO INDICATION OF INJURY,0,0,12,3,41.8030077423,-87.6671962336
09/28/2021 10:00:00 PM,30,CLEAR,"DARKNESS, LIGHTED ROAD",REAR END,FOUR WAY,DRY,NO INJURY / DRIVE AWAY,FOLLOWING TOO CLOSELY,2,9,NO INDICATION OF INJURY,0,0,22,3,41.7720812738,-87.6640794984
07/09/2025 08:00:00 AM,30,CLEAR,DAYLIGHT,PARKED MOTOR VEHICLE,NOT DIVIDED,DRY,NO INJURY / DRIVE AWAY,NOT APPLICABLE,2,7,NO INDICATION OF INJURY,0,0,8,4,41.8656287063,-87.7193603414
01/22/2022 05:15:00 PM,30,SNOW,DARKNESS,ANGLE,ONE-WAY,UNKNOWN,NO INJURY / DRIVE AWAY,WEATHER,2,1,NO INDICATION OF INJURY,0,0,17,7,41.9268990107,-87.6420478459
08/26/2025 05:13:00 PM,25,CLEAR,DAYLIGHT,REAR END,NOT DIVIDED,DRY,INJURY AND / OR TOW DUE TO CRASH,FOLLOWING TOO CLOSELY,2,8,"REPORTED, NOT EVIDENT",1,0,17,3,41.8466742099,-87.724776011
03/06/2023 02:20:00 AM,30,OTHER,"DARKNESS, LIGHTED ROAD",PARKED MOTOR VEHICLE,PARKING LOT,WET,NO INJURY / DRIVE AWAY,PHYSICAL CONDITION OF DRIVER,2,3,NO INDICATION OF INJURY,0,0,2,2,41.8469909977,-87.6755586112
11/11/2025 04:47:00 PM,30,CLEAR,DUSK,SIDESWIPE SAME DIRECTION,T-INTERSECTION,DRY,NO INJURY / DRIVE AWAY,IMPROPER OVERTAKING/PASSING,2,11,NO INDICATION OF INJURY,0,0,16,3,41.7805073009,-87.5865193473
05/05/2021 08:30:00 AM,30,CLEAR,DAYLIGHT,SIDESWIPE SAME DIRECTION,NOT DIVIDED,DRY,NO INJURY / DRIVE AWAY,UNABLE TO DETERMINE,2,5,NO INDICATION OF INJURY,0,0,8,4,41.9626389099,-87.6549051566
02/16/2021 04:00:00 PM,10,SNOW,DAYLIGHT,PARKED MOTOR VEHICLE,PARKING LOT,SNOW OR SLUSH,NO INJURY / DRIVE AWAY,WEATHER,2,2,NO INDICATION OF INJURY,0,0,16,3,41.7480393827,-87.7220081355
04/20/2026 01:11:00 AM,30,CLEAR,"DARKNESS, LIGHTED ROAD",REAR END,T-INTERSECTION,DRY,INJURY AND / OR TOW DUE TO CRASH,UNABLE TO DETERMINE,2,4,"REPORTED, NOT EVIDENT",1,0,1,2,41.7664817254,-87.5666198196
02/14/2022 03:45:00 PM,30,CLEAR,DAYLIGHT,PEDESTRIAN,ONE-WAY,DRY,INJURY AND / OR TOW DUE TO CRASH,IMPROPER BACKING,2,2,"REPORTED, NOT EVIDENT",1,0,15,2,41.8099635185,-87.6968498491
06/22/2023 08:25:00 AM,30,CLEAR,DAYLIGHT,SIDESWIPE SAME DIRECTION,NOT DIVIDED,DRY,NO INJURY / DRIVE AWAY,FAILING TO YIELD RIGHT-OF-WAY,2,6,NO INDICATION OF INJURY,0,0,8,5,41.9071568871,-87.6492594716
01/12/2025 01:00:00 AM,20,SNOW,DAYLIGHT,PARKED MOTOR VEHICLE,ONE-WAY,SNOW OR SLUSH,INJURY AND / OR TOW DUE TO CRASH,UNABLE TO DETERMINE,2,1,NO INDICATION OF INJURY,0,0,1,1,41.8970559223,-87.7285383692
01/15/2025 03:22:00 PM,30,CLEAR,DAYLIGHT,ANGLE,NOT DIVIDED,DRY,INJURY AND / OR TOW DUE TO CRASH,DRIVING ON WRONG SIDE/WRONG WAY,2,1,NO INDICATION OF INJURY,0,0,15,4,41.9098635734,-87.7363802961
07/02/2026 12:25:00 PM,30,CLEAR,DAYLIGHT,SIDESWIPE SAME DIRECTION,FOUR WAY,DRY,INJURY AND / OR TOW DUE TO CRASH,FOLLOWING TOO CLOSELY,2,7,NONINCAPACITATING INJURY,1,0,12,5,,
05/28/2021 08:00:00 PM,30,CLEAR,"DARKNESS, LIGHTED ROAD",SIDESWIPE SAME DIRECTION,FOUR WAY,WET,NO INJURY / DRIVE AWAY,UNABLE TO DETERMINE,2,5,NO INDICATION OF INJURY,0,0,20,6,41.7213650608,-87.6433580423
03/13/2021 10:00:00 AM,25,CLEAR,DAYLIGHT,REAR END,RAMP,DRY,NO INJURY / DRIVE AWAY,PHYSICAL CONDITION OF DRIVER,2,3,NO INDICATION OF INJURY,0,0,10,7,41.9177671286,-87.6704652809
10/19/2023 07:39:00 PM,30,UNKNOWN,"DARKNESS, LIGHTED ROAD",SIDESWIPE OPPOSITE DIRECTION,DIVIDED - W/MEDIAN (NOT RAISED),UNKNOWN,NO INJURY / DRIVE AWAY,IMPROPER OVERTAKING/PASSING,2,10,NO INDICATION OF INJURY,0,0,19,5,41.9322828444,-87.6692959243
08/01/2021 11:10:00 AM,35,CLEAR,DAYLIGHT,SIDESWIPE SAME DIRECTION,NOT DIVIDED,DRY,NO INJURY / DRIVE AWAY,FAILING TO YIELD RIGHT-OF-WAY,2,8,NO INDICATION OF INJURY,0,0,11,1,41.7514357338,-87.5808234449
03/23/2023 07:47:00 AM,25,RAIN,DAYLIGHT,SIDESWIPE SAME DIRECTION,NOT DIVIDED,WET,NO INJURY / DRIVE AWAY,UNABLE TO DETERMINE,2,3,NO INDICATION OF INJURY,0,0,7,5,41.8290913791,-87.6263710164
10/31/2023 02:30:00 PM,30,UNKNOWN,UNKNOWN,PARKED MOTOR VEHICLE,ONE-WAY,UNKNOWN,NO INJURY / DRIVE AWAY,UNABLE TO DETERMINE,2,10,NO INDICATION OF INJURY,0,0,14,3,42.003158769,-87.6679512584
09/02/2025 09:15:00 AM,30,CLEAR,DAYLIGHT,SIDESWIPE SAME DIRECTION,NOT DIVIDED,DRY,NO INJURY / DRIVE AWAY,UNABLE TO DETERMINE,2,9,NO INDICATION OF INJURY,0,0,9,3,41.7933631339,-87.7064308784
06/09/2025 07:51:00 AM,30,CLEAR,DAYLIGHT,PARKED MOTOR VEHICLE,DIVIDED - W/MEDIAN (NOT RAISED),DRY,NO INJURY / DRIVE AWAY,UNABLE TO DETERMINE,2,6,NO INDICATION OF INJURY,0,0,7,2,41.7074577747,-87.5534542093
11/19/2022 03:46:00 PM,30,CLEAR,DAYLIGHT,ANGLE,FOUR WAY,ICE,NO INJURY / DRIVE AWAY,DRIVING SKILLS/KNOWLEDGE/EXPERIENCE,2,11,NO INDICATION OF INJURY,0,0,15,7,41.7455438723,-87.6149629651
02/27/2021 09:27:00 AM,30,CLEAR,DAYLIGHT,ANGLE,NOT DIVIDED,DRY,INJURY AND / OR TOW DUE TO CRASH,FAILING TO YIELD RIGHT-OF-WAY,2,2,NO INDICATION OF INJURY,0,0,9,7,41.958203375,-87.7082969481
03/27/2023 03:07:00 AM,30,CLEAR,DARKNESS,PARKED MOTOR VEHICLE,ONE-WAY,DRY,NO INJURY / DRIVE AWAY,UNABLE TO DETERMINE,2,3,,,,3,2,41.9035088681,-87.6921123681
02/25/2024 12:40:00 PM,20,CLEAR,DAYLIGHT,PARKED MOTOR VEHICLE,ONE-WAY,DRY,NO INJURY / DRIVE AWAY,UNABLE TO DETERMINE,2,2,NO INDICATION OF INJURY,0,0,12,1,41.8416279515,-87.7096870133
08/10/2025 03:00:00 AM,30,CLEAR,"DARKNESS, LIGHTED ROAD",TURNING,NOT DIVIDED,DRY,NO INJURY / DRIVE AWAY,UNABLE TO DETERMINE,2,8,NO INDICATION OF INJURY,0,0,3,1,41.8865747476,-87.7431421442
06/16/2021 06:30:00 PM,30,CLEAR,DAYLIGHT,ANGLE,FOUR WAY,DRY,NO INJURY / DRIVE AWAY,DISREGARDING TRAFFIC SIGNALS,2,6,NO INDICATION OF INJURY,0,0,18,4,41.9027209574,-87.7069096429
09/14/2022 06:10:00 PM,30,CLEAR,DAYLIGHT,REAR END,NOT DIVIDED,DRY,NO INJURY / DRIVE AWAY,FAILING TO REDUCE SPEED TO AVOID CRASH,2,9,NO INDICATION OF INJURY,0,0,18,4,41.8917945817,-87.6899950358
01/31/2026 08:31:00 PM,25,SNOW,"DARKNESS, LIGHTED ROAD",PEDESTRIAN,DIVIDED - W/MEDIAN (NOT RAISED),WET,INJURY AND / OR TOW DUE TO CRASH,FAILING TO YIELD RIGHT-OF-WAY,2,1,NONINCAPACITATING INJURY,1,0,20,7,41.8609744191,-87.71033193
08/25/2025 02:00:00 PM,30,CLEAR,DAYLIGHT,REAR END,NOT DIVIDED,DRY,NO INJURY / DRIVE AWAY,FOLLOWING TOO CLOSELY,2,8,NO INDICATION OF INJURY,0,0,14,2,41.9527670619,-87.7569845206
04/25/2025 06:10:00 PM,25,CLEAR,DAYLIGHT,REAR END,NOT DIVIDED,DRY,NO INJURY / DRIVE AWAY,FOLLOWING TOO CLOSELY,2,4,NO INDICATION OF INJURY,0,0,18,6,41.7936245045,-87.7034959504
01/14/2026 08:30:00 AM,20,SNOW,DAYLIGHT,FIXED OBJECT,NOT DIVIDED,SNOW OR SLUSH,INJURY AND / OR TOW DUE TO CRASH,WEATHER,1,1,NO INDICATION OF INJURY,0,0,8,4,41.7749017029,-87.6009994008
07/13/2021 07:00:00 PM,30,CLEAR,DAYLIGHT,ANGLE,ALLEY,DRY,NO INJURY / DRIVE AWAY,FAILING TO YIELD RIGHT-OF-WAY,2,7,NO INDICATION OF INJURY,0,0,19,3,41.9485744478,-87.7064179699
10/06/2025 05:22:00 PM,30,RAIN,DAYLIGHT,ANGLE,PARKING LOT,WET,NO INJURY / DRIVE AWAY,IMPROPER OVERTAKING/PASSING,2,10,NO INDICATION OF INJURY,0,0,17,2,41.9613977799,-87.6545929748
02/06/2021 02:45:00 PM,30,CLEAR,DAYLIGHT,REAR END,NOT DIVIDED,ICE,NO INJURY / DRIVE AWAY,WEATHER,2,2,NO INDICATION OF INJURY,0,0,14,7,41.93500366,-87.768864724
01/25/2023 07:25:00 AM,30,SNOW,DAYLIGHT,SIDESWIPE SAME DIRECTION,NOT DIVIDED,SNOW OR SLUSH,NO INJURY / DRIVE AWAY,UNABLE TO DETERMINE,2,1,NO INDICATION OF INJURY,0,0,7,4,41.7223420932,-87.5767142484
11/10/2025 07:30:00 AM,30,UNKNOWN,UNKNOWN,REAR END,T-INTERSECTION,UNKNOWN,NO INJURY / DRIVE AWAY,UNABLE TO DETERMINE,2,11,NO INDICATION OF INJURY,0,0,7,2,41.8165281681,-87.6165398818
01/24/2026 07:12:00 AM,30,CLEAR,DAYLIGHT,PARKED MOTOR VEHICLE,ONE-WAY,DRY,NO INJURY / DRIVE AWAY,UNABLE TO DETERMINE,2,1,NO INDICATION OF INJURY,0,0,7,7,41.7540232091,-87.6685346391
12/15/2022 05:35:00 PM,30,FREEZING RAIN/DRIZZLE,"DARKNESS, LIGHTED ROAD",ANGLE,NOT DIVIDED,WET,NO INJURY / DRIVE AWAY,FAILING TO YIELD RIGHT-OF-WAY,2,12,NO INDICATION OF INJURY,0,0,17,5,41.9603462467,-87.7855216867
04/28/2023 06:00:00 PM,30,CLEAR,DAYLIGHT,PARKED MOTOR VEHICLE,NOT DIVIDED,DRY,NO INJURY / DRIVE AWAY,UNABLE TO DETERMINE,2,4,NO INDICATION OF INJURY,0,0,18,6,41.8947655404,-87.7259174034
10/19/2025 05:31:00 PM,30,CLEAR,"DARKNESS, LIGHTED ROAD",SIDESWIPE SAME DIRECTION,DIVIDED - W/MEDIAN (NOT RAISED),DRY,INJURY AND / OR TOW DUE TO CRASH,IMPROPER LANE USAGE,2,10,NO INDICATION OF INJURY,0,0,17,1,41.6590247218,-87.6090913977
03/10/2025 06:41:00 PM,30,CLEAR,"DARKNESS, LIGHTED ROAD",FIXED OBJECT,NOT DIVIDED,DRY,NO INJURY / DRIVE AWAY,UNABLE TO DETERMINE,1,3,NO INDICATION OF INJURY,0,0,18,2,41.6843706482,-87.7006772043
07/30/2022 03:04:00 PM,30,CLEAR,DAYLIGHT,ANGLE,NOT DIVIDED,DRY,NO INJURY / DRIVE AWAY,NOT APPLICABLE,2,7,NO INDICATION OF INJURY,0,0,15,7,41.9254206277,-87.6440448645
07/03/2025 08:00:00 AM,10,UNKNOWN,UNKNOWN,PARKED MOTOR VEHICLE,PARKING LOT,UNKNOWN,NO INJURY / DRIVE AWAY,UNABLE TO DETERMINE,2,7,NO INDICATION OF INJURY,0,0,8,5,41.8556299596,-87.6217346611
05/12/2024 02:06:00 AM,30,CLEAR,"DARKNESS, LIGHTED ROAD",TURNING,FOUR WAY,DRY,INJURY AND / OR TOW DUE TO CRASH,DISREGARDING TRAFFIC SIGNALS,2,5,"REPORTED, NOT EVIDENT",2,0,2,1,41.9094879555,-87.7657769873
01/17/2023 06:45:00 PM,30,CLEAR,"DARKNESS, LIGHTED ROAD",ANGLE,NOT DIVIDED,DRY,NO INJURY / DRIVE AWAY,IMPROPER LANE USAGE,2,1,NO INDICATION OF INJURY,0,0,18,3,42.0123275477,-87.6831545592
07/26/2025 03:53:00 AM,30,RAIN,"DARKNESS, LIGHTED ROAD",PARKED MOTOR VEHICLE,NOT DIVIDED,WET,NO INJURY / DRIVE AWAY,FAILING TO REDUCE SPEED TO AVOID CRASH,2,7,NO INDICATION OF INJURY,0,0,3,7,41.8163618365,-87.6415944206
04/17/2023 03:28:00 PM,30,CLEAR,DAYLIGHT,TURNING,OTHER,DRY,NO INJURY / DRIVE AWAY,UNABLE TO DETERMINE,2,4,NO INDICATION OF INJURY,0,0,15,2,41.7516115233,-87.5855922843
06/02/2021 04:50:00 PM,30,CLEAR,DAYLIGHT,TURNING,NOT DIVIDED,DRY,NO INJURY / DRIVE AWAY,FAILING TO REDUCE SPEED TO AVOID CRASH,2,6,NO INDICATION OF INJURY,0,0,16,4,41.6770350298,-87.6206291024
07/23/2024 11:15:00 AM,30,CLEAR,DAYLIGHT,SIDESWIPE SAME DIRECTION,ONE-WAY,DRY,NO INJURY / DRIVE AWAY,IMPROPER LANE USAGE,2,7,NO INDICATION OF INJURY,0,0,11,3,41.8930995233,-87.6325609981
09/21/2025 09:10:00 AM,35,CLEAR,DAYLIGHT,TURNING,DIVIDED - W/MEDIAN (NOT RAISED),DRY,INJURY AND / OR TOW DUE TO CRASH,DISREGARDING TRAFFIC SIGNALS,2,9,NONINCAPACITATING INJURY,3,0,9,1,41.952852245,-87.7963341442
08/11/2022 04:09:00 AM,30,CLEAR,"DARKNESS, LIGHTED ROAD",OTHER OBJECT,ONE-WAY,DRY,NO INJURY / DRIVE AWAY,FAILING TO REDUCE SPEED TO AVOID CRASH,1,8,NO INDICATION OF INJURY,0,0,4,5,41.8662012343,-87.660354785
02/23/2023 01:49:00 AM,30,CLEAR,DARKNESS,FIXED OBJECT,FOUR WAY,WET,INJURY AND / OR TOW DUE TO CRASH,UNABLE TO DETERMINE,1,2,NO INDICATION OF INJURY,0,0,1,5,41.6921034233,-87.6544146099
02/27/2021 05:34:00 PM,30,CLEAR,DAYLIGHT,SIDESWIPE SAME DIRECTION,DIVIDED - W/MEDIAN BARRIER,DRY,INJURY AND / OR TOW DUE TO CRASH,IMPROPER OVERTAKING/PASSING,2,2,NONINCAPACITATING INJURY,1,0,17,7,41.8842320739,-87.651256329
04/20/2024 02:30:00 PM,30,CLEAR,DAYLIGHT,SIDESWIPE SAME DIRECTION,NOT DIVIDED,DRY,NO INJURY / DRIVE AWAY,NOT APPLICABLE,2,4,NO INDICATION OF INJURY,0,0,14,7,41.7944566751,-87.6161188295
10/22/2022 08:31:00 AM,25,CLEAR,DAYLIGHT,PARKED MOTOR VEHICLE,ONE-WAY,DRY,NO INJURY / DRIVE AWAY,UNABLE TO DETERMINE,2,10,NO INDICATION OF INJURY,0,0,8,7,41.8511462516,-87.6917835441
03/02/2022 03:05:00 PM,30,UNKNOWN,UNKNOWN,ANGLE,NOT DIVIDED,UNKNOWN,NO INJURY / DRIVE AWAY,UNABLE TO DETERMINE,2,3,NO INDICATION OF INJURY,0,0,15,4,41.9246592358,-87.701718283
12/20/2025 11:30:00 AM,45,CLEAR,"DARKNESS, LIGHTED ROAD",SIDESWIPE SAME DIRECTION,DIVIDED - W/MEDIAN BARRIER,DRY,NO INJURY / DRIVE AWAY,FAILING TO YIELD RIGHT-OF-WAY,2,12,NO INDICATION OF INJURY,0,0,11,7,41.8648880153,-87.6174011267
01/07/2025 08:50:00 AM,30,CLEAR,DAYLIGHT,REAR END,DIVIDED - W/MEDIAN (NOT RAISED),DRY,NO INJURY / DRIVE AWAY,UNABLE TO DETERMINE,2,1,NO INDICATION OF INJURY,0,0,8,3,41.874937903,-87.6861124677
05/01/2023 02:50:00 PM,30,RAIN,UNKNOWN,REAR END,NOT DIVIDED,WET,NO INJURY / DRIVE AWAY,WEATHER,2,5,NO INDICATION OF INJURY,0,0,14,2,41.9978564374,-87.676425026
11/12/2021 04:24:00 PM,30,CLEAR,DUSK,OTHER OBJECT,DIVIDED - W/MEDIAN BARRIER,WET,INJURY AND / OR TOW DUE TO CRASH,FAILING TO REDUCE SPEED TO AVOID CRASH,1,11,NO INDICATION OF INJURY,0,0,16,6,41.7215165704,-87.6309700754
03/03/2024 01:50:00 AM,30,CLEAR,DARKNESS,REAR END,NOT DIVIDED,DRY,NO INJURY / DRIVE AWAY,FAILING TO YIELD RIGHT-OF-WAY,2,3,NO INDICATION OF INJURY,0,0,1,1,41.7280905235,-87.6821381268
05/19/2021 12:04:00 PM,35,UNKNOWN,DAYLIGHT,TURNING,OTHER,UNKNOWN,NO INJURY / DRIVE AWAY,UNABLE TO DETERMINE,2,5,NO INDICATION OF INJURY,0,0,12,4,41.720796224,-87.5363513666
02/03/2021 01:30:00 PM,30,CLEAR,DAYLIGHT,REAR END,NOT DIVIDED,WET,INJURY AND / OR TOW DUE TO CRASH,FOLLOWING TOO CLOSELY,2,2,NONINCAPACITATING INJURY,1,0,13,4,41.8912021834,-87.6865611417
03/28/2023 08:30:00 AM,35,CLEAR,DAYLIGHT,REAR END,NOT DIVIDED,DRY,INJURY AND / OR TOW DUE TO CRASH,FOLLOWING TOO CLOSELY,2,3,NONINCAPACITATING INJURY,1,0,8,3,41.9135748383,-87.6644447507
08/30/2022 09:45:00 AM,10,UNKNOWN,DAYLIGHT,PARKED MOTOR VEHICLE,PARKING LOT,UNKNOWN,NO INJURY / DRIVE AWAY,UNABLE TO DETERMINE,2,8,NO INDICATION OF INJURY,0,0,9,3,41.7928616696,-87.7033892581
08/03/2021 11:00:00 PM,35,CLEAR,"DARKNESS, LIGHTED ROAD",SIDESWIPE SAME DIRECTION,DIVIDED - W/MEDIAN BARRIER,DRY,NO INJURY / DRIVE AWAY,DRIVING SKILLS/KNOWLEDGE/EXPERIENCE,2,8,NO INDICATION OF INJURY,0,0,23,3,41.7495098812,-87.7312276045
08/26/2024 10:55:00 AM,30,CLEAR,DAYLIGHT,TURNING,FOUR WAY,DRY,INJURY AND / OR TOW DUE TO CRASH,DISREGARDING STOP SIGN,2,8,INCAPACITATING INJURY,2,0,10,2,41.8557317661,-87.6755176839
01/19/2021 10:00:00 PM,30,SNOW,DARKNESS,TURNING,NOT DIVIDED,SNOW OR SLUSH,NO INJURY / DRIVE AWAY,DISREGARDING TRAFFIC SIGNALS,2,1,NO INDICATION OF INJURY,0,0,22,3,41.7703926295,-87.6121012191
11/03/2025 01:21:00 PM,25,CLOUDY/OVERCAST,DAYLIGHT,ANGLE,ALLEY,DRY,INJURY AND / OR TOW DUE TO CRASH,FAILING TO YIELD RIGHT-OF-WAY,2,11,"REPORTED, NOT EVIDENT",1,0,13,2,41.9433162313,-87.6634171478
06/08/2025 09:30:00 PM,35,CLEAR,"DARKNESS, LIGHTED ROAD",REAR END,DIVIDED - W/MEDIAN BARRIER,DRY,INJURY AND / OR TOW DUE TO CRASH,EQUIPMENT - VEHICLE CONDITION,3,6,"REPORTED, NOT EVIDENT",1,0,21,1,41.7495648244,-87.7281990928