CRASH_DATE,POSTED_SPEED_LIMIT,WEATHER_CONDITION,LIGHTING_CONDITION,FIRST_CRASH_TYPE,TRAFFICWAY_TYPE,ROADWAY_SURFACE_COND,CRASH_TYPE,PRIM_CONTRIBUTORY_CAUSE,NUM_UNITS,CRASH_MONTH,MOST_SEVERE_INJURY,INJURIES_TOTAL,INJURIES_FATAL,CRASH_HOUR,CRASH_DAY_OF_WEEK,LATITUDE,LONGITUDE
09/23/2024 09:16:00 AM,30,CLEAR,DAYLIGHT,SIDESWIPE SAME DIRECTION,DIVIDED - W/MEDIAN BARRIER,DRY,NO INJURY / DRIVE AWAY,IMPROPER LANE USAGE,2,9,NO INDICATION OF INJURY,0,0,9,2,41.7901163843,-87.5787914526
09/17/2022 11:30:00 AM,30,CLEAR,DAYLIGHT,REAR END,DIVIDED - W/MEDIAN (NOT RAISED),DRY,NO INJURY / DRIVE AWAY,UNABLE TO DETERMINE,2,9,NO INDICATION OF INJURY,0,0,11,7,41.8761533872,-87.7648617414
02/15/2022 03:44:00 PM,30,CLEAR,DAYLIGHT,ANGLE,TRAFFIC ROUTE,DRY,INJURY AND / OR TOW DUE TO CRASH,FAILING TO REDUCE SPEED TO AVOID CRASH,2,2,"REPORTED, NOT EVIDENT",3,0,15,3,41.7733684085,-87.5766385522
05/01/2022 07:45:00 PM,30,CLEAR,DAWN,ANGLE,T-INTERSECTION,DRY,NO INJURY / DRIVE AWAY,UNABLE TO DETERMINE,2,5,NO INDICATION OF INJURY,0,0,19,1,41.7440891061,-87.6042865716
09/19/2024 06:45:00 AM,30,CLEAR,DAWN,PARKED MOTOR VEHICLE,DIVIDED - W/MEDIAN BARRIER,DRY,INJURY AND / OR TOW DUE TO CRASH,DISTRACTION - FROM INSIDE VEHICLE,4,9,NO INDICATION OF INJURY,0,0,6,5,41.9283454177,-87.6684028963
09/11/2025 08:27:00 AM,5,CLEAR,DAYLIGHT,REAR TO FRONT,PARKING LOT,DRY,INJURY AND / OR TOW DUE TO CRASH,IMPROPER BACKING,2,9,NONINCAPACITATING INJURY,1,0,8,5,41.8743251279,-87.6651417459
04/23/2022 04:38:00 PM,25,CLEAR,DAYLIGHT,SIDESWIPE SAME DIRECTION,DIVIDED - W/MEDIAN BARRIER,DRY,NO INJURY / DRIVE AWAY,UNABLE TO DETERMINE,2,4,NO INDICATION OF INJURY,0,0,16,7,41.8878300916,-87.7579324205
07/30/2024 08:45:00 PM,20,CLEAR,DARKNESS,ANGLE,FOUR WAY,DRY,INJURY AND / OR TOW DUE TO CRASH,UNABLE TO DETERMINE,2,7,NO INDICATION OF INJURY,0,0,20,3,41.8819839618,-87.7476353608
02/28/2024 11:01:00 AM,30,CLEAR,DAYLIGHT,ANGLE,DIVIDED - W/MEDIAN (NOT RAISED),DRY,NO INJURY / DRIVE AWAY,DISREGARDING TRAFFIC SIGNALS,2,2,NO INDICATION OF INJURY,0,0,11,4,41.7790199096,-87.6935354824
04/18/2023 09:30:00 AM,15,CLEAR,DAYLIGHT,REAR TO SIDE,PARKING LOT,DRY,NO INJURY / DRIVE AWAY,IMPROPER BACKING,2,4,NO INDICATION OF INJURY,0,0,9,3,41.8527298149,-87.7206372099
09/12/2023 09:53:00 AM,35,CLEAR,DAYLIGHT,REAR END,NOT DIVIDED,DRY,NO INJURY / DRIVE AWAY,FOLLOWING TOO CLOSELY,2,9,NO INDICATION OF INJURY,0,0,9,3,41.9973821735,-87.7880776739
02/04/2022 10:00:00 AM,20,CLEAR,DAYLIGHT,REAR END,NOT DIVIDED,SNOW OR SLUSH,NO INJURY / DRIVE AWAY,DRIVING SKILLS/KNOWLEDGE/EXPERIENCE,2,2,NO INDICATION OF INJURY,0,0,10,6,41.7301044721,-87.5778332654
09/07/2021 02:52:00 PM,30,CLEAR,DAYLIGHT,ANGLE,FOUR WAY,DRY,NO INJURY / DRIVE AWAY,FAILING TO YIELD RIGHT-OF-WAY,2,9,NO INDICATION OF INJURY,0,0,14,3,41.8819343208,-87.7402987202
11/25/2022 08:26:00 PM,30,CLEAR,"DARKNESS, LIGHTED ROAD",REAR END,ONE-WAY,DRY,NO INJURY / DRIVE AWAY,DRIVING SKILLS/KNOWLEDGE/EXPERIENCE,2,11,NO INDICATION OF INJURY,0,0,20,6,41.8948311538,-87.6243100411
01/21/2026 03:58:00 PM,30,CLEAR,DAYLIGHT,PARKED MOTOR VEHICLE,NOT DIVIDED,DRY,NO INJURY / DRIVE AWAY,NOT APPLICABLE,2,1,NO INDICATION OF INJURY,0,0,15,4,41.7002040917,-87.6210676205
05/03/2026 07:11:00 AM,30,CLEAR,DAYLIGHT,FIXED OBJECT,NOT DIVIDED,DRY,NO INJURY / DRIVE AWAY,UNABLE TO DETERMINE,1,5,NO INDICATION OF INJURY,0,0,7,1,41.7352956696,-87.7022190188
12/24/2023 12:00:00 PM,30,CLEAR,DAYLIGHT,REAR END,NOT DIVIDED,UNKNOWN,NO INJURY / DRIVE AWAY,FOLLOWING TOO CLOSELY,2,12,NO INDICATION OF INJURY,0,0,12,1,41.6519428398,-87.6141566106
05/08/2022 06:08:00 PM,10,CLEAR,DAYLIGHT,PARKED MOTOR VEHICLE,ALLEY,DRY,NO INJURY / DRIVE AWAY,NOT APPLICABLE,2,5,NO INDICATION OF INJURY,0,0,18,1,41.9978590363,-87.6887269145
03/03/2023 04:05:00 PM,25,BLOWING SNOW,DAYLIGHT,SIDESWIPE SAME DIRECTION,NOT DIVIDED,SNOW OR SLUSH,NO INJURY / DRIVE AWAY,FAILING TO YIELD RIGHT-OF-WAY,2,3,NO INDICATION OF INJURY,0,0,16,6,41.6534167299,-87.5457684681
08/06/2025 12:30:00 PM,25,CLEAR,DAYLIGHT,PARKED MOTOR VEHICLE,ONE-WAY,DRY,NO INJURY / DRIVE AWAY,UNABLE TO DETERMINE,2,8,NO INDICATION OF INJURY,0,0,12,4,41.9427354604,-87.7187916016
02/01/2024 04:52:00 PM,30,FOG/SMOKE/HAZE,DARKNESS,SIDESWIPE OPPOSITE DIRECTION,NOT DIVIDED,DRY,INJURY AND / OR TOW DUE TO CRASH,UNDER THE INFLUENCE OF ALCOHOL/DRUGS (USE WHEN ARREST IS EFFECTED),2,2,NONINCAPACITATING INJURY,1,0,16,5,41.7011840318,-87.5246824295
09/13/2023 11:45:00 AM,20,CLEAR,DAYLIGHT,ANGLE,NOT DIVIDED,DRY,NO INJURY / DRIVE AWAY,IMPROPER OVERTAKING/PASSING,2,9,NO INDICATION OF INJURY,0,0,11,4,41.8675394136,-87.765233133
11/28/2021 02:43:00 AM,30,CLEAR,"DARKNESS, LIGHTED ROAD",FIXED OBJECT,NOT DIVIDED,DRY,INJURY AND / OR TOW DUE TO CRASH,TEXTING,1,11,NO INDICATION OF INJURY,0,0,2,1,41.7620417411,-87.7416149908
11/10/2021 05:25:00 PM,30,CLEAR,"DARKNESS, LIGHTED ROAD",PARKED MOTOR VEHICLE,DIVIDED - W/MEDIAN (NOT RAISED),DRY,NO INJURY / DRIVE AWAY,UNABLE TO DETERMINE,2,11,NO INDICATION OF INJURY,0,0,17,4,41.961376955,-87.6956940221
02/25/2022 09:15:00 PM,25,CLEAR,"DARKNESS, LIGHTED ROAD",ANGLE,FOUR WAY,SNOW OR SLUSH,INJURY AND / OR TOW DUE TO CRASH,DISREGARDING STOP SIGN,2,2,"REPORTED, NOT EVIDENT",2,0,21,6,41.9130525662,-87.6640555726
08/29/2025 07:54:00 AM,35,CLEAR,DAYLIGHT,SIDESWIPE SAME DIRECTION,NOT DIVIDED,DRY,NO INJURY / DRIVE AWAY,ROAD CONSTRUCTION/MAINTENANCE,2,8,NO INDICATION OF INJURY,0,0,7,6,41.9532487765,-87.7522954848
09/19/2025 03:20:00 PM,30,CLEAR,DAYLIGHT,ANGLE,FOUR WAY,DRY,INJURY AND / OR TOW DUE TO CRASH,FAILING TO YIELD RIGHT-OF-WAY,3,9,NO INDICATION OF INJURY,0,0,15,6,41.8801009025,-87.6669018188
10/31/2025 05:35:00 PM,30,CLEAR,"DARKNESS, LIGHTED ROAD",PEDESTRIAN,NOT DIVIDED,DRY,INJURY AND / OR TOW DUE TO CRASH,DRIVING SKILLS/KNOWLEDGE/EXPERIENCE,2,10,"REPORTED, NOT EVIDENT",1,0,17,6,42.0045775371,-87.6607026147
11/08/2024 01:45:00 PM,30,CLEAR,DAYLIGHT,REAR END,NOT DIVIDED,DRY,INJURY AND / OR TOW DUE TO CRASH,FOLLOWING TOO CLOSELY,2,11,NONINCAPACITATING INJURY,1,0,13,6,41.7506680786,-87.7412665006
04/05/2021 03:50:00 PM,30,CLEAR,DAYLIGHT,ANGLE,NOT DIVIDED,DRY,INJURY AND / OR TOW DUE TO CRASH,FAILING TO YIELD RIGHT-OF-WAY,2,4,NONINCAPACITATING INJURY,2,0,15,2,41.7879763642,-87.7032512421
09/10/2024 08:19:00 PM,30,CLEAR,"DARKNESS, LIGHTED ROAD",ANGLE,FOUR WAY,DRY,INJURY AND / OR TOW DUE TO CRASH,DRIVING SKILLS/KNOWLEDGE/EXPERIENCE,2,9,"REPORTED, NOT EVIDENT",1,0,20,3,41.7514606032,-87.585971993
03/17/2025 12:45:00 PM,30,CLEAR,DAYLIGHT,REAR TO FRONT,DIVIDED - W/MEDIAN (NOT RAISED),DRY,NO INJURY / DRIVE AWAY,UNABLE TO DETERMINE,2,3,NO INDICATION OF INJURY,0,0,12,2,41.9251792092,-87.6743935513
11/18/2023 01:30:00 PM,35,CLEAR,DAYLIGHT,REAR END,DIVIDED - W/MEDIAN (NOT RAISED),DRY,NO INJURY / DRIVE AWAY,FOLLOWING TOO CLOSELY,2,11,NO INDICATION OF INJURY,0,0,13,7,41.7530569072,-87.6017349965
03/28/2026 02:24:00 PM,30,CLEAR,DAYLIGHT,REAR END,NOT DIVIDED,DRY,NO INJURY / DRIVE AWAY,FAILING TO REDUCE SPEED TO AVOID CRASH,2,3,NO INDICATION OF INJURY,0,0,14,7,41.9253720231,-87.6604147533
10/26/2021 07:50:00 AM,30,UNKNOWN,UNKNOWN,PARKED MOTOR VEHICLE,ONE-WAY,UNKNOWN,NO INJURY / DRIVE AWAY,UNABLE TO DETERMINE,2,10,NO INDICATION OF INJURY,0,0,7,3,41.7603562806,-87.6854227387
02/20/2021 03:30:00 PM,30,CLEAR,DAYLIGHT,PARKED MOTOR VEHICLE,NOT DIVIDED,WET,NO INJURY / DRIVE AWAY,FAILING TO YIELD RIGHT-OF-WAY,2,2,NO INDICATION OF INJURY,0,0,15,7,42.0158219686,-87.6734966984
05/08/2023 01:06:00 PM,30,UNKNOWN,UNKNOWN,REAR TO FRONT,NOT DIVIDED,UNKNOWN,NO INJURY / DRIVE AWAY,UNABLE TO DETERMINE,2,5,NO INDICATION OF INJURY,0,0,13,2,41.9027970935,-87.6673306948
01/06/2024 04:45:00 PM,25,SNOW,"DARKNESS, LIGHTED ROAD",REAR END,NOT DIVIDED,SNOW OR SLUSH,NO INJURY / DRIVE AWAY,UNABLE TO DETERMINE,2,1,NO INDICATION OF INJURY,0,0,16,7,41.9866532744,-87.6651911745
06/05/2024 06:30:00 PM,35,CLEAR,DAYLIGHT,SIDESWIPE SAME DIRECTION,NOT DIVIDED,DRY,NO INJURY / DRIVE AWAY,EQUIPMENT - VEHICLE CONDITION,2,6,NO INDICATION OF INJURY,0,0,18,4,41.7825000126,-87.7617573572
02/23/2024 05:20:00 PM,30,FREEZING RAIN/DRIZZLE,"DARKNESS, LIGHTED ROAD",REAR END,NOT DIVIDED,DRY,NO INJURY / DRIVE AWAY,DRIVING SKILLS/KNOWLEDGE/EXPERIENCE,2,2,NO INDICATION OF INJURY,0,0,17,6,41.8998409837,-87.666012873
05/05/2022 09:10:00 PM,30,RAIN,"DARKNESS, LIGHTED ROAD",PARKED MOTOR VEHICLE,NOT DIVIDED,WET,NO INJURY / DRIVE AWAY,FOLLOWING TOO CLOSELY,2,5,NO INDICATION OF INJURY,0,0,21,5,41.694080844,-87.6813735259
10/11/2022 08:43:00 AM,30,CLEAR,DAYLIGHT,PARKED MOTOR VEHICLE,PARKING LOT,DRY,NO INJURY / DRIVE AWAY,IMPROPER OVERTAKING/PASSING,2,10,NO INDICATION OF INJURY,0,0,8,3,41.87434258,-87.6261417704
06/24/2023 05:35:00 AM,30,CLEAR,"DARKNESS, LIGHTED ROAD",TURNING,FOUR WAY,DRY,NO INJURY / DRIVE AWAY,IMPROPER TURNING/NO SIGNAL,2,6,NO INDICATION OF INJURY,0,0,5,7,41.7509181383,-87.6246901225
04/18/2025 04:43:00 PM,30,CLEAR,"DARKNESS, LIGHTED ROAD",REAR END,RAMP,DRY,NO INJURY / DRIVE AWAY,UNABLE TO DETERMINE,2,4,NO INDICATION OF INJURY,0,0,16,6,41.9409091633,-87.63936916
07/21/2022 01:07:00 AM,30,CLEAR,"DARKNESS, LIGHTED ROAD",ANGLE,FOUR WAY,WET,NO INJURY / DRIVE AWAY,IMPROPER TURNING/NO SIGNAL,2,7,NO INDICATION OF INJURY,0,0,1,5,41.9540078498,-87.7081649002
04/25/2022 02:04:00 PM,30,CLEAR,DAYLIGHT,REAR END,ONE-WAY,DRY,NO INJURY / DRIVE AWAY,UNABLE TO DETERMINE,2,4,NO INDICATION OF INJURY,0,0,14,2,41.8844984057,-87.6340428468
07/06/2025 01:00:00 PM,30,CLEAR,DAYLIGHT,ANGLE,FOUR WAY,DRY,NO INJURY / DRIVE AWAY,FAILING TO YIELD RIGHT-OF-WAY,2,7,NO INDICATION OF INJURY,0,0,13,1,41.9764237018,-87.6605074869
06/28/2021 07:05:00 AM,30,CLEAR,DAYLIGHT,PARKED MOTOR VEHICLE,DIVIDED - W/MEDIAN (NOT RAISED),DRY,INJURY AND / OR TOW DUE TO CRASH,UNABLE TO DETERMINE,4,6,NONINCAPACITATING INJURY,2,0,7,2,42.0079118331,-87.6812640099
05/30/2023 10:42:00 AM,30,CLEAR,DAYLIGHT,SIDESWIPE SAME DIRECTION,DIVIDED - W/MEDIAN (NOT RAISED),DRY,NO INJURY / DRIVE AWAY,UNABLE TO DETERMINE,2,5,NO INDICATION OF INJURY,0,0,10,3,41.9244079586,-87.7240276764
11/15/2021 04:25:00 PM,30,CLEAR,DAYLIGHT,SIDESWIPE SAME DIRECTION,NOT DIVIDED,DRY,NO INJURY / DRIVE AWAY,FAILING TO YIELD RIGHT-OF-WAY,2,11,NO INDICATION OF INJURY,0,0,16,2,41.8955707325,-87.7262344589
09/12/2021 01:44:00 AM,30,CLEAR,"DARKNESS, LIGHTED ROAD",REAR END,NOT DIVIDED,DRY,NO INJURY / DRIVE AWAY,"EVASIVE ACTION DUE TO ANIMAL, OBJECT, NONMOTORIST",2,9,NO INDICATION OF INJURY,0,0,1,1,41.8819720877,-87.6865999558
10/11/2024 10:10:00 PM,30,CLEAR,"DARKNESS, LIGHTED ROAD",ANGLE,FOUR WAY,DRY,NO INJURY / DRIVE AWAY,UNABLE TO DETERMINE,2,10,NO INDICATION OF INJURY,0,0,22,6,41.8229636279,-87.6843847854
03/30/2022 04:55:00 PM,30,RAIN,DAYLIGHT,REAR END,NOT DIVIDED,WET,NO INJURY / DRIVE AWAY,NOT APPLICABLE,2,3,NO INDICATION OF INJURY,0,0,16,4,41.7482251673,-87.7024975089
04/01/2023 02:52:00 PM,20,CLEAR,DAYLIGHT,FIXED OBJECT,ONE-WAY,WET,NO INJURY / DRIVE AWAY,WEATHER,1,4,,,,14,7,41.6738547384,-87.6250869666
10/21/2024 06:30:00 AM,30,CLEAR,DAYLIGHT,PARKED MOTOR VEHICLE,OTHER,DRY,NO INJURY / DRIVE AWAY,UNABLE TO DETERMINE,2,10,NO INDICATION OF INJURY,0,0,6,2,41.7937800736,-87.6483678479
04/16/2024 08:00:00 AM,20,CLEAR,DAYLIGHT,SIDESWIPE SAME DIRECTION,NOT DIVIDED,DRY,NO INJURY / DRIVE AWAY,FAILING TO REDUCE SPEED TO AVOID CRASH,2,4,NO INDICATION OF INJURY,0,0,8,3,41.9183238684,-87.7864430772
08/07/2023 09:22:00 PM,5,UNKNOWN,"DARKNESS, LIGHTED ROAD",SIDESWIPE SAME DIRECTION,"FIVE POINT, OR MORE",DRY,NO INJURY / DRIVE AWAY,"OPERATING VEHICLE IN ERRATIC, RECKLESS, CARELESS, NEGLIGENT OR AGGRESSIVE MANNER",2,8,NO INDICATION OF INJURY,0,0,21,2,41.7730814018,-87.6153098746
08/04/2024 04:30:00 PM,30,CLEAR,DAYLIGHT,PARKED MOTOR VEHICLE,DIVIDED - W/MEDIAN (NOT RAISED),DRY,NO INJURY / DRIVE AWAY,UNABLE TO DETERMINE,2,8,NO INDICATION OF INJURY,0,0,16,1,41.8366719179,-87.733083222
08/23/2021 03:30:00 PM,30,CLEAR,DAYLIGHT,TURNING,NOT DIVIDED,DRY,NO INJURY / DRIVE AWAY,UNABLE TO DETERMINE,2,8,NO INDICATION OF INJURY,0,0,15,2,41.8928755597,-87.6576451357
12/24/2023 02:00:00 AM,30,CLEAR,"DARKNESS, LIGHTED ROAD",PARKED MOTOR VEHICLE,NOT DIVIDED,UNKNOWN,NO INJURY / DRIVE AWAY,UNABLE TO DETERMINE,2,12,NO INDICATION OF INJURY,0,0,2,1,41.8077654005,-87.6870070127
12/02/2021 07:54:00 AM,30,CLEAR,DAYLIGHT,SIDESWIPE OPPOSITE DIRECTION,NOT DIVIDED,DRY,NO INJURY / DRIVE AWAY,UNABLE TO DETERMINE,2,12,NO INDICATION OF INJURY,0,0,7,5,41.7058597124,-87.653785854
03/19/2024 07:00:00 AM,25,CLEAR,DAYLIGHT,PARKED MOTOR VEHICLE,PARKING LOT,UNKNOWN,NO INJURY / DRIVE AWAY,DRIVING SKILLS/KNOWLEDGE/EXPERIENCE,2,3,NO INDICATION OF INJURY,0,0,7,3,41.9121804339,-87.7116057149
12/28/2024 05:22:00 PM,30,CLEAR,"DARKNESS, LIGHTED ROAD",REAR END,FOUR WAY,DRY,NO INJURY / DRIVE AWAY,"EVASIVE ACTION DUE TO ANIMAL, OBJECT, NONMOTORIST",2,12,NO INDICATION OF INJURY,0,0,17,7,41.9094785432,-87.7462616862
06/13/2021 09:40:00 AM,30,CLEAR,DAYLIGHT,REAR END,NOT DIVIDED,DRY,NO INJURY / DRIVE AWAY,FOLLOWING TOO CLOSELY,3,6,NO INDICATION OF INJURY,0,0,9,1,41.9830328998,-87.7684901052
11/24/2022 07:25:00 PM,30,CLEAR,"DARKNESS, LIGHTED ROAD",PEDESTRIAN,FOUR WAY,DRY,INJURY AND / OR TOW DUE TO CRASH,UNABLE TO DETERMINE,2,11,NONINCAPACITATING INJURY,1,0,19,5,41.8018902979,-87.6260352641
08/14/2022 11:00:00 AM,30,CLEAR,DAYLIGHT,PARKED MOTOR VEHICLE,PARKING LOT,DRY,NO INJURY / DRIVE AWAY,NOT APPLICABLE,2,8,NO INDICATION OF INJURY,0,0,11,1,41.696313684,-87.5966322439
10/29/2022 08:30:00 PM,30,UNKNOWN,UNKNOWN,ANGLE,NOT DIVIDED,UNKNOWN,INJURY AND / OR TOW DUE TO CRASH,UNABLE TO DETERMINE,2,10,NO INDICATION OF INJURY,0,0,20,7,41.7821428884,-87.6058204135
12/13/2022 05:00:00 PM,35,CLEAR,"DARKNESS, LIGHTED ROAD",PARKED MOTOR VEHICLE,NOT DIVIDED,DRY,INJURY AND / OR TOW DUE TO CRASH,UNABLE TO DETERMINE,2,12,NO INDICATION OF INJURY,0,0,17,3,41.9543379878,-87.6573607242
05/24/2024 03:55:00 PM,30,CLEAR,DAYLIGHT,TURNING,FOUR WAY,DRY,INJURY AND / OR TOW DUE TO CRASH,FAILING TO YIELD RIGHT-OF-WAY,2,5,NONINCAPACITATING INJURY,2,0,15,6,41.9036929665,-87.6523112562
01/20/2024 07:15:00 PM,30,UNKNOWN,DUSK,ANGLE,FOUR WAY,UNKNOWN,NO INJURY / DRIVE AWAY,FAILING TO YIELD RIGHT-OF-WAY,2,1,NO INDICATION OF INJURY,0,0,19,7,41.9375837227,-87.7808490107
07/18/2021 12:01:00 AM,30,CLEAR,"DARKNESS, LIGHTED ROAD",PARKED MOTOR VEHICLE,NOT DIVIDED,UNKNOWN,NO INJURY / DRIVE AWAY,UNABLE TO DETERMINE,2,7,NO INDICATION OF INJURY,0,0,0,1,41.7953020602,-87.6867715136
02/19/2023 09:00:00 AM,30,CLEAR,DAYLIGHT,TURNING,NOT DIVIDED,DRY,NO INJURY / DRIVE AWAY,IMPROPER TURNING/NO SIGNAL,2,2,NO INDICATION OF INJURY,0,0,9,1,41.8737180712,-87.7353722442
03/11/2025 07:30:00 AM,30,CLEAR,UNKNOWN,PARKED MOTOR VEHICLE,NOT DIVIDED,DRY,NO INJURY / DRIVE AWAY,UNABLE TO DETERMINE,2,3,NO INDICATION OF INJURY,0,0,7,3,41.809728875,-87.6339553265
10/28/2025 06:00:00 AM,30,CLEAR,"DARKNESS, LIGHTED ROAD",SIDESWIPE SAME DIRECTION,DIVIDED - W/MEDIAN (NOT RAISED),DRY,NO INJURY / DRIVE AWAY,IMPROPER LANE USAGE,2,10,NO INDICATION OF INJURY,0,0,6,3,41.7733465062,-87.5959650671
11/21/2025 10:27:00 PM,25,CLEAR,"DARKNESS, LIGHTED ROAD",PEDESTRIAN,NOT DIVIDED,DRY,INJURY AND / OR TOW DUE TO CRASH,UNABLE TO DETERMINE,3,11,NONINCAPACITATING INJURY,1,0,22,6,41.7558981795,-87.5661656436
08/16/2022 03:30:00 PM,30,CLEAR,DAYLIGHT,PARKED MOTOR VEHICLE,NOT DIVIDED,DRY,NO INJURY / DRIVE AWAY,DRIVING SKILLS/KNOWLEDGE/EXPERIENCE,2,8,NO INDICATION OF INJURY,0,0,15,3,41.7950797348,-87.5871265404
02/04/2026 06:09:00 PM,30,CLEAR,DAWN,TURNING,UNKNOWN,DRY,INJURY AND / OR TOW DUE TO CRASH,FAILING TO YIELD RIGHT-OF-WAY,2,2,NO INDICATION OF INJURY,0,0,18,4,41.7585612924,-87.6440989814
03/03/2021 04:54:00 PM,30,CLEAR,DAYLIGHT,TURNING,FOUR WAY,DRY,INJURY AND / OR TOW DUE TO CRASH,IMPROPER OVERTAKING/PASSING,2,3,NO INDICATION OF INJURY,0,0,16,4,41.7358416433,-87.6534839498
01/01/2026 01:10:00 PM,30,CLEAR,DAYLIGHT,REAR TO FRONT,NOT DIVIDED,UNKNOWN,NO INJURY / DRIVE AWAY,UNABLE TO DETERMINE,2,1,NO INDICATION OF INJURY,0,0,13,5,41.976201139,-87.9053091251
04/06/2024 12:01:00 AM,30,UNKNOWN,"DARKNESS, LIGHTED ROAD",PARKED MOTOR VEHICLE,NOT DIVIDED,UNKNOWN,NO INJURY / DRIVE AWAY,UNABLE TO DETERMINE,2,4,NO INDICATION OF INJURY,0,0,0,7,41.6965700101,-87.6520982554
04/03/2022 01:17:00 PM,20,CLEAR,DAYLIGHT,PARKED MOTOR VEHICLE,NOT DIVIDED,DRY,NO INJURY / DRIVE AWAY,UNABLE TO DETERMINE,2,4,NO INDICATION OF INJURY,0,0,13,1,41.9279766114,-87.6545723124
10/30/2022 06:47:00 PM,30,RAIN,"DARKNESS, LIGHTED ROAD",HEAD ON,NOT DIVIDED,WET,INJURY AND / OR TOW DUE TO CRASH,WEATHER,2,10,NONINCAPACITATING INJURY,1,0,18,1,41.9462918779,-87.7252560017
09/16/2025 07:40:00 AM,30,CLEAR,DAYLIGHT,REAR END,DIVIDED - W/MEDIAN (NOT RAISED),DRY,NO INJURY / DRIVE AWAY,UNABLE TO DETERMINE,2,9,NO INDICATION OF INJURY,0,0,7,3,41.702851906,-87.5371392924
11/19/2022 07:50:00 PM,30,CLOUDY/OVERCAST,"DARKNESS, LIGHTED ROAD",REAR END,DIVIDED - W/MEDIAN (NOT RAISED),DRY,NO INJURY / DRIVE AWAY,FOLLOWING TOO CLOSELY,2,11,NO INDICATION OF INJURY,0,0,19,7,41.9855844698,-87.6585810435
03/31/2024 07:30:00 AM,30,CLEAR,DAYLIGHT,PARKED MOTOR VEHICLE,ONE-WAY,DRY,NO INJURY / DRIVE AWAY,UNABLE TO DETERMINE,2,3,NO INDICATION OF INJURY,0,0,7,1,41.7519882602,-87.5798031926
03/04/2025 03:23:00 PM,30,RAIN,DAYLIGHT,TURNING,T-INTERSECTION,WET,NO INJURY / DRIVE AWAY,FAILING TO YIELD RIGHT-OF-WAY,2,3,NO INDICATION OF INJURY,0,0,15,3,41.9361059202,-87.6576819247
10/25/2023 04:49:00 AM,30,RAIN,"DARKNESS, LIGHTED ROAD",TURNING,NOT DIVIDED,WET,NO INJURY / DRIVE AWAY,UNABLE TO DETERMINE,2,10,NO INDICATION OF INJURY,0,0,4,4,41.9035490006,-87.6612866281
06/04/2025 11:16:00 PM,35,CLEAR,"DARKNESS, LIGHTED ROAD",TURNING,T-INTERSECTION,WET,NO INJURY / DRIVE AWAY,IMPROPER TURNING/NO SIGNAL,2,6,NO INDICATION OF INJURY,0,0,23,4,41.6854537559,-87.6130055363
07/26/2022 05:55:00 PM,30,CLEAR,DAYLIGHT,REAR END,NOT DIVIDED,DRY,NO INJURY / DRIVE AWAY,UNABLE TO DETERMINE,2,7,NO INDICATION OF INJURY,0,0,17,3,41.8869027146,-87.7521699648
04/02/2024 01:53:00 PM,30,RAIN,DAYLIGHT,PEDALCYCLIST,NOT DIVIDED,WET,INJURY AND / OR TOW DUE TO CRASH,UNABLE TO DETERMINE,2,4,INCAPACITATING INJURY,1,0,13,3,41.951276866,-87.6497656218
02/18/2022 10:10:00 AM,30,CLEAR,DAYLIGHT,REAR END,FOUR WAY,DRY,NO INJURY / DRIVE AWAY,UNABLE TO DETERMINE,2,2,NO INDICATION OF INJURY,0,0,10,6,41.7217101993,-87.625182231
02/06/2023 12:04:00 PM,30,CLEAR,DAYLIGHT,TURNING,FOUR WAY,DRY,NO INJURY / DRIVE AWAY,IMPROPER TURNING/NO SIGNAL,2,2,NO INDICATION OF INJURY,0,0,12,2,41.997817807,-87.6900330347
06/27/2022 03:00:00 PM,30,CLEAR,DAYLIGHT,SIDESWIPE SAME DIRECTION,ONE-WAY,DRY,NO INJURY / DRIVE AWAY,UNABLE TO DETERMINE,2,6,NO INDICATION OF INJURY,0,0,15,2,41.7800822686,-87.6311802489
06/09/2026 01:44:00 PM,30,CLEAR,DAYLIGHT,REAR END,DIVIDED - W/MEDIAN (NOT RAISED),DRY,INJURY AND / OR TOW DUE TO CRASH,FAILING TO REDUCE SPEED TO AVOID CRASH,3,6,NO INDICATION OF INJURY,0,0,13,3,42.0110731654,-87.6824961677
11/26/2024 02:02:00 AM,20,CLEAR,"DARKNESS, LIGHTED ROAD",TURNING,DIVIDED - W/MEDIAN BARRIER,DRY,INJURY AND / OR TOW DUE TO CRASH,IMPROPER TURNING/NO SIGNAL,2,11,NONINCAPACITATING INJURY,1,0,2,3,41.8800138216,-87.6365353573
05/03/2021 01:30:00 AM,30,RAIN,"DARKNESS, LIGHTED ROAD",PARKED MOTOR VEHICLE,NOT DIVIDED,WET,NO INJURY / DRIVE AWAY,NOT APPLICABLE,2,5,NO INDICATION OF INJURY,0,0,1,2,41.7882120717,-87.6326842932
10/23/2022 12:54:00 AM,30,CLEAR,"DARKNESS, LIGHTED ROAD",PARKED MOTOR VEHICLE,NOT DIVIDED,DRY,INJURY AND / OR TOW DUE TO CRASH,UNABLE TO DETERMINE,3,10,NO INDICATION OF INJURY,0,0,0,1,41.730568801,-87.6537002666
02/20/2024 06:00:00 AM,30,CLEAR,UNKNOWN,PARKED MOTOR VEHICLE,ONE-WAY,DRY,NO INJURY / DRIVE AWAY,NOT APPLICABLE,2,2,NO INDICATION OF INJURY,0,0,6,3,41.7598329488,-87.6747650305