CRASH_DATE,POSTED_SPEED_LIMIT,WEATHER_CONDITION,LIGHTING_CONDITION,FIRST_CRASH_TYPE,TRAFFICWAY_TYPE,ROADWAY_SURFACE_COND,CRASH_TYPE,PRIM_CONTRIBUTORY_CAUSE,NUM_UNITS,CRASH_MONTH,MOST_SEVERE_INJURY,INJURIES_TOTAL,INJURIES_FATAL,CRASH_HOUR,CRASH_DAY_OF_WEEK,LATITUDE,LONGITUDE
05/04/2026 12:30:00 AM,30,CLEAR,DUSK,REAR END,NOT DIVIDED,DRY,NO INJURY / DRIVE AWAY,IMPROPER LANE USAGE,2,5,NO INDICATION OF INJURY,0,0,0,2,41.7658120532,-87.6054363096
06/26/2021 01:38:00 PM,30,CLOUDY/OVERCAST,DAYLIGHT,REAR END,DIVIDED - W/MEDIAN (NOT RAISED),WET,NO INJURY / DRIVE AWAY,FOLLOWING TOO CLOSELY,2,6,NO INDICATION OF INJURY,0,0,13,7,41.9245341658,-87.7137768714
08/05/2021 10:44:00 AM,30,CLEAR,DAYLIGHT,FIXED OBJECT,FOUR WAY,DRY,INJURY AND / OR TOW DUE TO CRASH,UNABLE TO DETERMINE,1,8,NO INDICATION OF INJURY,0,0,10,5,41.8989173947,-87.7211588207
04/29/2024 11:30:00 AM,30,CLEAR,DAYLIGHT,PARKED MOTOR VEHICLE,ONE-WAY,DRY,NO INJURY / DRIVE AWAY,NOT APPLICABLE,2,4,NO INDICATION OF INJURY,0,0,11,2,41.8069950457,-87.675715018
01/23/2023 05:05:00 PM,35,CLEAR,DUSK,REAR END,DIVIDED - W/MEDIAN (NOT RAISED),DRY,INJURY AND / OR TOW DUE TO CRASH,FOLLOWING TOO CLOSELY,2,1,"REPORTED, NOT EVIDENT",1,0,17,2,41.768808563,-87.7226566903
09/11/2022 08:20:00 PM,45,RAIN,"DARKNESS, LIGHTED ROAD",OTHER NONCOLLISION,DIVIDED - W/MEDIAN BARRIER,WET,INJURY AND / OR TOW DUE TO CRASH,UNABLE TO DETERMINE,1,9,NONINCAPACITATING INJURY,1,0,20,1,41.7693978715,-87.6134237601
06/06/2023 10:10:00 AM,35,CLEAR,DAYLIGHT,SIDESWIPE SAME DIRECTION,DIVIDED - W/MEDIAN BARRIER,DRY,NO INJURY / DRIVE AWAY,FAILING TO YIELD RIGHT-OF-WAY,2,6,NO INDICATION OF INJURY,0,0,10,3,41.7248290625,-87.6820386716
05/27/2025 07:40:00 AM,30,CLEAR,DAYLIGHT,TURNING,T-INTERSECTION,DRY,NO INJURY / DRIVE AWAY,UNABLE TO DETERMINE,2,5,NO INDICATION OF INJURY,0,0,7,3,41.9390880586,-87.7359087094
01/01/2024 06:38:00 PM,20,UNKNOWN,UNKNOWN,OTHER OBJECT,NOT DIVIDED,UNKNOWN,INJURY AND / OR TOW DUE TO CRASH,NOT APPLICABLE,1,1,,,,18,2,41.8644423594,-87.7286414058
04/17/2025 08:45:00 AM,35,UNKNOWN,DAYLIGHT,ANGLE,UNKNOWN,UNKNOWN,INJURY AND / OR TOW DUE TO CRASH,UNABLE TO DETERMINE,2,4,NONINCAPACITATING INJURY,1,0,8,5,41.8022206334,-87.60655293
12/05/2022 05:40:00 PM,30,CLEAR,"DARKNESS, LIGHTED ROAD",SIDESWIPE OPPOSITE DIRECTION,DIVIDED - W/MEDIAN (NOT RAISED),DRY,INJURY AND / OR TOW DUE TO CRASH,IMPROPER TURNING/NO SIGNAL,2,12,NO INDICATION OF INJURY,0,0,17,2,41.7967545719,-87.7234092203
02/11/2026 02:30:00 PM,30,CLEAR,DAYLIGHT,SIDESWIPE SAME DIRECTION,NOT DIVIDED,DRY,NO INJURY / DRIVE AWAY,IMPROPER LANE USAGE,2,2,NO INDICATION OF INJURY,0,0,14,4,41.7509984419,-87.6733063689
05/22/2024 08:28:00 AM,30,CLEAR,DAYLIGHT,REAR END,NOT DIVIDED,DRY,INJURY AND / OR TOW DUE TO CRASH,FAILING TO REDUCE SPEED TO AVOID CRASH,2,5,"REPORTED, NOT EVIDENT",1,0,8,4,41.7670802529,-87.6734448635
10/10/2024 10:00:00 AM,30,CLEAR,DAYLIGHT,PARKED MOTOR VEHICLE,NOT DIVIDED,UNKNOWN,NO INJURY / DRIVE AWAY,UNABLE TO DETERMINE,2,10,NO INDICATION OF INJURY,0,0,10,5,41.8746344331,-87.6304183957
12/07/2025 08:35:00 PM,30,CLEAR,"DARKNESS, LIGHTED ROAD",SIDESWIPE SAME DIRECTION,DIVIDED - W/MEDIAN (NOT RAISED),WET,NO INJURY / DRIVE AWAY,UNABLE TO DETERMINE,2,12,NO INDICATION OF INJURY,0,0,20,1,41.879430511,-87.6683123823
10/07/2022 05:00:00 PM,30,CLEAR,DAYLIGHT,SIDESWIPE SAME DIRECTION,NOT DIVIDED,DRY,NO INJURY / DRIVE AWAY,UNABLE TO DETERMINE,2,10,NO INDICATION OF INJURY,0,0,17,6,41.8148367504,-87.7435014806
04/06/2024 12:39:00 AM,30,CLEAR,"DARKNESS, LIGHTED ROAD",REAR END,NOT DIVIDED,DRY,NO INJURY / DRIVE AWAY,FOLLOWING TOO CLOSELY,2,4,NO INDICATION OF INJURY,0,0,0,7,41.8927181693,-87.7654596437
10/01/2021 06:11:00 PM,20,CLEAR,DAYLIGHT,ANGLE,DIVIDED - W/MEDIAN (NOT RAISED),DRY,INJURY AND / OR TOW DUE TO CRASH,FAILING TO YIELD RIGHT-OF-WAY,2,10,NO INDICATION OF INJURY,0,0,18,6,41.8995052843,-87.6734260064
03/15/2023 02:45:00 PM,30,CLEAR,DAYLIGHT,REAR END,NOT DIVIDED,DRY,INJURY AND / OR TOW DUE TO CRASH,UNABLE TO DETERMINE,2,3,"REPORTED, NOT EVIDENT",1,0,14,4,41.968183762,-87.7437445215
07/27/2022 04:58:00 PM,30,CLEAR,DAYLIGHT,ANGLE,FOUR WAY,DRY,INJURY AND / OR TOW DUE TO CRASH,FAILING TO YIELD RIGHT-OF-WAY,2,7,NONINCAPACITATING INJURY,4,0,16,4,41.983234951,-87.694452368
12/21/2023 10:00:00 PM,35,FREEZING RAIN/DRIZZLE,"DARKNESS, LIGHTED ROAD",PARKED MOTOR VEHICLE,ONE-WAY,WET,NO INJURY / DRIVE AWAY,FAILING TO REDUCE SPEED TO AVOID CRASH,2,12,NO INDICATION OF INJURY,0,0,22,5,41.7751838504,-87.7049672548
05/08/2021 07:00:00 PM,15,UNKNOWN,UNKNOWN,PARKED MOTOR VEHICLE,PARKING LOT,UNKNOWN,NO INJURY / DRIVE AWAY,UNABLE TO DETERMINE,2,5,NO INDICATION OF INJURY,0,0,19,7,41.7634392308,-87.5631403043
12/29/2021 03:15:00 PM,20,CLEAR,DAYLIGHT,SIDESWIPE SAME DIRECTION,ONE-WAY,DRY,NO INJURY / DRIVE AWAY,UNABLE TO DETERMINE,2,12,NO INDICATION OF INJURY,0,0,15,4,41.7846921129,-87.6133982287
11/06/2025 06:00:00 PM,30,CLEAR,DUSK,REAR END,NOT DIVIDED,DRY,NO INJURY / DRIVE AWAY,FOLLOWING TOO CLOSELY,2,11,NO INDICATION OF INJURY,0,0,18,5,41.8336759736,-87.6755148649
09/13/2022 02:50:00 PM,30,CLEAR,DAYLIGHT,REAR END,DIVIDED - W/MEDIAN (NOT RAISED),DRY,NO INJURY / DRIVE AWAY,FOLLOWING TOO CLOSELY,2,9,NO INDICATION OF INJURY,0,0,14,3,42.0024528871,-87.6787461963
10/24/2024 03:50:00 AM,30,CLEAR,"DARKNESS, LIGHTED ROAD",SIDESWIPE SAME DIRECTION,DIVIDED - W/MEDIAN (NOT RAISED),DRY,NO INJURY / DRIVE AWAY,IMPROPER OVERTAKING/PASSING,2,10,NO INDICATION OF INJURY,0,0,3,5,41.9689668757,-87.6743243563
06/20/2021 09:00:00 AM,30,CLEAR,DAYLIGHT,REAR END,NOT DIVIDED,UNKNOWN,NO INJURY / DRIVE AWAY,UNABLE TO DETERMINE,2,6,NO INDICATION OF INJURY,0,0,9,1,41.7383900198,-87.7177125294
01/03/2024 04:13:00 PM,30,CLEAR,"DARKNESS, LIGHTED ROAD",ANGLE,FOUR WAY,DRY,NO INJURY / DRIVE AWAY,FAILING TO YIELD RIGHT-OF-WAY,2,1,NO INDICATION OF INJURY,0,0,16,4,41.9310223008,-87.7930905709
08/27/2021 12:30:00 PM,30,CLEAR,DAYLIGHT,TURNING,NOT DIVIDED,DRY,NO INJURY / DRIVE AWAY,UNABLE TO DETERMINE,2,8,NO INDICATION OF INJURY,0,0,12,6,41.8849333302,-87.6519722125
08/01/2024 05:35:00 AM,30,CLEAR,DAWN,SIDESWIPE SAME DIRECTION,NOT DIVIDED,DRY,INJURY AND / OR TOW DUE TO CRASH,IMPROPER LANE USAGE,2,8,NO INDICATION OF INJURY,0,0,5,5,41.9669094187,-87.6887061222
07/28/2021 07:30:00 AM,30,CLEAR,DAYLIGHT,SIDESWIPE SAME DIRECTION,FOUR WAY,DRY,NO INJURY / DRIVE AWAY,IMPROPER LANE USAGE,2,7,NO INDICATION OF INJURY,0,0,7,4,41.9723492826,-87.7468250858
01/21/2025 03:14:00 PM,30,CLEAR,DAYLIGHT,OTHER NONCOLLISION,NOT DIVIDED,DRY,NO INJURY / DRIVE AWAY,EQUIPMENT - VEHICLE CONDITION,1,1,NO INDICATION OF INJURY,0,0,15,3,41.9677185892,-87.7278651361
02/25/2022 11:30:00 PM,35,CLEAR,"DARKNESS, LIGHTED ROAD",ANGLE,FOUR WAY,SNOW OR SLUSH,INJURY AND / OR TOW DUE TO CRASH,UNABLE TO DETERMINE,2,2,"REPORTED, NOT EVIDENT",1,0,23,6,41.892464033,-87.6312948859
04/14/2024 01:00:00 PM,30,CLEAR,UNKNOWN,PARKED MOTOR VEHICLE,NOT DIVIDED,UNKNOWN,INJURY AND / OR TOW DUE TO CRASH,UNABLE TO DETERMINE,6,4,NO INDICATION OF INJURY,0,0,13,1,41.9286356222,-87.7564595135
05/02/2023 09:30:00 AM,30,CLEAR,DAYLIGHT,SIDESWIPE OPPOSITE DIRECTION,NOT DIVIDED,DRY,NO INJURY / DRIVE AWAY,ROAD CONSTRUCTION/MAINTENANCE,2,5,NO INDICATION OF INJURY,0,0,9,3,41.7657485896,-87.6067687835
01/22/2025 10:30:00 AM,30,SNOW,DAYLIGHT,TURNING,L-INTERSECTION,SNOW OR SLUSH,NO INJURY / DRIVE AWAY,WEATHER,2,1,NO INDICATION OF INJURY,0,0,10,4,41.8452853968,-87.6465950786
06/28/2025 11:00:00 PM,30,CLEAR,DARKNESS,ANGLE,DIVIDED - W/MEDIAN (NOT RAISED),DRY,NO INJURY / DRIVE AWAY,UNABLE TO DETERMINE,2,6,NO INDICATION OF INJURY,0,0,23,7,41.7743475413,-87.6369980223
08/15/2023 03:30:00 PM,20,CLEAR,DAYLIGHT,SIDESWIPE SAME DIRECTION,DIVIDED - W/MEDIAN (NOT RAISED),DRY,INJURY AND / OR TOW DUE TO CRASH,IMPROPER TURNING/NO SIGNAL,3,8,NO INDICATION OF INJURY,0,0,15,3,41.9960165253,-87.7188790226
06/20/2022 08:58:00 AM,10,CLEAR,DAYLIGHT,OTHER OBJECT,ALLEY,DRY,NO INJURY / DRIVE AWAY,IMPROPER BACKING,1,6,NO INDICATION OF INJURY,0,0,8,2,41.7018267529,-87.5414923476
02/10/2022 01:15:00 PM,35,CLEAR,DAYLIGHT,REAR END,ONE-WAY,WET,NO INJURY / DRIVE AWAY,FOLLOWING TOO CLOSELY,2,2,NO INDICATION OF INJURY,0,0,13,5,41.714323337,-87.6430667142
10/14/2021 05:00:00 PM,30,CLEAR,DAYLIGHT,REAR END,NOT DIVIDED,DRY,NO INJURY / DRIVE AWAY,FOLLOWING TOO CLOSELY,2,10,NO INDICATION OF INJURY,0,0,17,5,41.9979837503,-87.6814204479
09/15/2024 03:18:00 AM,30,CLEAR,"DARKNESS, LIGHTED ROAD",ANGLE,FOUR WAY,DRY,INJURY AND / OR TOW DUE TO CRASH,DRIVING SKILLS/KNOWLEDGE/EXPERIENCE,4,9,NONINCAPACITATING INJURY,2,0,3,1,41.7488809702,-87.6348607958
10/25/2022 05:00:00 PM,0,RAIN,DAYLIGHT,PARKED MOTOR VEHICLE,PARKING LOT,WET,NO INJURY / DRIVE AWAY,UNABLE TO DETERMINE,2,10,NO INDICATION OF INJURY,0,0,17,3,41.7627310922,-87.6009862771
03/26/2023 04:20:00 AM,30,CLEAR,"DARKNESS, LIGHTED ROAD",FIXED OBJECT,DIVIDED - W/MEDIAN (NOT RAISED),DRY,NO INJURY / DRIVE AWAY,UNABLE TO DETERMINE,2,3,NO INDICATION OF INJURY,0,0,4,1,41.8057097755,-87.7429586308
05/17/2025 12:30:00 PM,30,CLEAR,DAYLIGHT,ANGLE,NOT DIVIDED,DRY,INJURY AND / OR TOW DUE TO CRASH,UNABLE TO DETERMINE,2,5,NONINCAPACITATING INJURY,2,0,12,7,41.9051595391,-87.6482696941
10/16/2023 04:10:00 AM,30,UNKNOWN,UNKNOWN,PARKED MOTOR VEHICLE,ONE-WAY,UNKNOWN,NO INJURY / DRIVE AWAY,UNABLE TO DETERMINE,2,10,NO INDICATION OF INJURY,0,0,4,2,41.7999392472,-87.7002230132
09/07/2025 07:03:00 PM,30,CLEAR,DUSK,ANGLE,DIVIDED - W/MEDIAN (NOT RAISED),DRY,INJURY AND / OR TOW DUE TO CRASH,UNABLE TO DETERMINE,3,9,"REPORTED, NOT EVIDENT",2,0,19,1,41.7724435946,-87.6542519216
05/11/2024 08:53:00 PM,30,CLEAR,"DARKNESS, LIGHTED ROAD",PEDALCYCLIST,NOT DIVIDED,DRY,INJURY AND / OR TOW DUE TO CRASH,UNABLE TO DETERMINE,2,5,NONINCAPACITATING INJURY,1,0,20,7,41.9618661027,-87.6564709909
02/09/2021 09:30:00 PM,30,CLEAR,"DARKNESS, LIGHTED ROAD",REAR END,NOT DIVIDED,OTHER,NO INJURY / DRIVE AWAY,FOLLOWING TOO CLOSELY,2,2,NO INDICATION OF INJURY,0,0,21,3,41.8003541732,-87.7314134974
04/27/2022 03:00:00 PM,5,CLEAR,DAYLIGHT,PARKED MOTOR VEHICLE,OTHER,DRY,NO INJURY / DRIVE AWAY,DRIVING SKILLS/KNOWLEDGE/EXPERIENCE,2,4,NO INDICATION OF INJURY,0,0,15,4,41.8143053405,-87.739840768
01/16/2022 09:20:00 PM,30,SNOW,"DARKNESS, LIGHTED ROAD",TURNING,NOT DIVIDED,SNOW OR SLUSH,NO INJURY / DRIVE AWAY,FAILING TO REDUCE SPEED TO AVOID CRASH,2,1,NO INDICATION OF INJURY,0,0,21,1,41.9759734361,-87.6930015858
10/16/2025 11:40:00 PM,35,CLEAR,"DARKNESS, LIGHTED ROAD",FIXED OBJECT,DIVIDED - W/MEDIAN BARRIER,DRY,INJURY AND / OR TOW DUE TO CRASH,UNDER THE INFLUENCE OF ALCOHOL/DRUGS (USE WHEN ARREST IS EFFECTED),1,10,NONINCAPACITATING INJURY,1,0,23,5,41.8689506342,-87.7352121046
05/13/2022 04:00:00 PM,30,CLEAR,DAYLIGHT,REAR END,NOT DIVIDED,DRY,NO INJURY / DRIVE AWAY,FOLLOWING TOO CLOSELY,2,5,NO INDICATION OF INJURY,0,0,16,6,41.7350919095,-87.7142681404
03/04/2024 10:50:00 AM,5,CLEAR,DAYLIGHT,PARKED MOTOR VEHICLE,PARKING LOT,DRY,NO INJURY / DRIVE AWAY,UNABLE TO DETERMINE,2,3,NO INDICATION OF INJURY,0,0,10,2,41.8364683477,-87.6655669021
01/14/2024 05:35:00 PM,30,CLEAR,"DARKNESS, LIGHTED ROAD",TURNING,DIVIDED - W/MEDIAN (NOT RAISED),UNKNOWN,NO INJURY / DRIVE AWAY,UNABLE TO DETERMINE,2,1,NO INDICATION OF INJURY,0,0,17,1,41.9248974023,-87.7003665719
01/10/2024 10:30:00 AM,35,SNOW,DAYLIGHT,ANGLE,ONE-WAY,SNOW OR SLUSH,NO INJURY / DRIVE AWAY,NOT APPLICABLE,2,1,NO INDICATION OF INJURY,0,0,10,4,41.8693109071,-87.6705986821
06/26/2023 05:31:00 PM,25,CLEAR,DAYLIGHT,PARKED MOTOR VEHICLE,NOT DIVIDED,DRY,NO INJURY / DRIVE AWAY,UNABLE TO DETERMINE,2,6,NO INDICATION OF INJURY,0,0,17,2,41.9324698985,-87.76152062
12/06/2021 01:50:00 PM,30,CLOUDY/OVERCAST,UNKNOWN,REAR END,UNKNOWN,UNKNOWN,NO INJURY / DRIVE AWAY,UNABLE TO DETERMINE,2,12,NO INDICATION OF INJURY,0,0,13,2,41.9751732786,-87.7519322853
05/07/2021 01:35:00 PM,30,CLEAR,DAYLIGHT,SIDESWIPE SAME DIRECTION,NOT DIVIDED,DRY,NO INJURY / DRIVE AWAY,"OPERATING VEHICLE IN ERRATIC, RECKLESS, CARELESS, NEGLIGENT OR AGGRESSIVE MANNER",2,5,NO INDICATION OF INJURY,0,0,13,6,41.7366909453,-87.6096190938
03/12/2026 07:30:00 AM,30,FREEZING RAIN/DRIZZLE,DAYLIGHT,REAR END,NOT DIVIDED,ICE,INJURY AND / OR TOW DUE TO CRASH,WEATHER,2,3,NO INDICATION OF INJURY,0,0,7,5,41.8816715757,-87.7159382082
10/26/2024 10:43:00 AM,20,CLEAR,DAYLIGHT,PEDESTRIAN,NOT DIVIDED,DRY,NO INJURY / DRIVE AWAY,IMPROPER BACKING,2,10,NO INDICATION OF INJURY,0,0,10,7,41.9255528116,-87.7012005987
01/15/2022 01:52:00 AM,30,SNOW,"DARKNESS, LIGHTED ROAD",PARKED MOTOR VEHICLE,NOT DIVIDED,WET,NO INJURY / DRIVE AWAY,PHYSICAL CONDITION OF DRIVER,2,1,NO INDICATION OF INJURY,0,0,1,7,41.8932820257,-87.6352038233
12/03/2023 02:15:00 PM,30,CLEAR,DAYLIGHT,SIDESWIPE SAME DIRECTION,DIVIDED - W/MEDIAN (NOT RAISED),DRY,NO INJURY / DRIVE AWAY,NOT APPLICABLE,2,12,NO INDICATION OF INJURY,0,0,14,1,41.961094563,-87.6788039273
01/14/2026 08:00:00 PM,30,CLEAR,"DARKNESS, LIGHTED ROAD",PARKED MOTOR VEHICLE,DIVIDED - W/MEDIAN (NOT RAISED),ICE,NO INJURY / DRIVE AWAY,WEATHER,2,1,NO INDICATION OF INJURY,0,0,20,4,41.9682624953,-87.7162349658
06/14/2024 03:20:00 AM,15,CLEAR,"DARKNESS, LIGHTED ROAD",PARKED MOTOR VEHICLE,ONE-WAY,DRY,INJURY AND / OR TOW DUE TO CRASH,UNABLE TO DETERMINE,3,6,NONINCAPACITATING INJURY,1,0,3,6,41.7626266513,-87.6928301692
09/26/2022 12:00:00 AM,30,UNKNOWN,"DARKNESS, LIGHTED ROAD",PARKED MOTOR VEHICLE,ONE-WAY,UNKNOWN,NO INJURY / DRIVE AWAY,UNABLE TO DETERMINE,2,9,NO INDICATION OF INJURY,0,0,0,2,41.9707579584,-87.7584191056
04/29/2023 08:12:00 PM,45,CLEAR,"DARKNESS, LIGHTED ROAD",REAR END,DIVIDED - W/MEDIAN BARRIER,DRY,NO INJURY / DRIVE AWAY,FAILING TO REDUCE SPEED TO AVOID CRASH,2,4,NO INDICATION OF INJURY,0,0,20,7,41.7916165742,-87.5799369721
07/16/2024 12:00:00 PM,30,CLEAR,DAYLIGHT,REAR END,DIVIDED - W/MEDIAN (NOT RAISED),DRY,INJURY AND / OR TOW DUE TO CRASH,UNABLE TO DETERMINE,2,7,"REPORTED, NOT EVIDENT",1,0,12,3,41.9622348116,-87.7277137182
06/17/2021 02:30:00 PM,30,CLEAR,DAYLIGHT,REAR END,NOT DIVIDED,DRY,NO INJURY / DRIVE AWAY,UNABLE TO DETERMINE,2,6,NO INDICATION OF INJURY,0,0,14,5,41.8806196505,-87.7255455347
12/19/2023 09:48:00 PM,35,CLEAR,"DARKNESS, LIGHTED ROAD",PARKED MOTOR VEHICLE,NOT DIVIDED,DRY,NO INJURY / DRIVE AWAY,UNABLE TO DETERMINE,3,12,NO INDICATION OF INJURY,0,0,21,3,41.6807149798,-87.6809555509
12/31/2022 12:00:00 PM,30,CLEAR,DAYLIGHT,ANGLE,ONE-WAY,DRY,INJURY AND / OR TOW DUE TO CRASH,FAILING TO YIELD RIGHT-OF-WAY,2,12,NO INDICATION OF INJURY,0,0,12,7,41.9240870938,-87.7192777887
04/05/2026 02:15:00 PM,15,CLEAR,DAYLIGHT,PARKED MOTOR VEHICLE,ONE-WAY,DRY,NO INJURY / DRIVE AWAY,UNABLE TO DETERMINE,2,4,NO INDICATION OF INJURY,0,0,14,1,41.896207051,-87.7701618923
10/21/2025 08:03:00 AM,30,CLEAR,DAYLIGHT,ANGLE,UNKNOWN INTERSECTION TYPE,DRY,INJURY AND / OR TOW DUE TO CRASH,"VISION OBSCURED (SIGNS, TREE LIMBS, BUILDINGS, ETC.)",2,10,NO INDICATION OF INJURY,0,0,8,3,41.8110320839,-87.6214046233
05/20/2024 12:40:00 PM,30,CLEAR,DAYLIGHT,SIDESWIPE SAME DIRECTION,NOT DIVIDED,DRY,NO INJURY / DRIVE AWAY,UNABLE TO DETERMINE,2,5,NO INDICATION OF INJURY,0,0,12,2,41.6890583925,-87.6083983137
01/04/2021 10:43:00 AM,30,OTHER,DAYLIGHT,ANGLE,DIVIDED - W/MEDIAN (NOT RAISED),WET,INJURY AND / OR TOW DUE TO CRASH,FAILING TO YIELD RIGHT-OF-WAY,2,1,"REPORTED, NOT EVIDENT",1,0,10,2,41.7774307414,-87.6740015893
08/29/2024 03:03:00 PM,30,CLEAR,DAYLIGHT,TURNING,FOUR WAY,DRY,NO INJURY / DRIVE AWAY,UNABLE TO DETERMINE,2,8,NO INDICATION OF INJURY,0,0,15,5,41.9465925484,-87.7079677141
05/09/2024 11:50:00 AM,30,CLEAR,DAYLIGHT,SIDESWIPE SAME DIRECTION,NOT DIVIDED,DRY,NO INJURY / DRIVE AWAY,UNABLE TO DETERMINE,2,5,NO INDICATION OF INJURY,0,0,11,5,41.9655817519,-87.7362452761
05/24/2021 10:35:00 PM,25,CLEAR,"DARKNESS, LIGHTED ROAD",FIXED OBJECT,NOT DIVIDED,DRY,INJURY AND / OR TOW DUE TO CRASH,UNABLE TO DETERMINE,1,5,NO INDICATION OF INJURY,0,0,22,2,41.9057310023,-87.6496459664
05/11/2025 06:42:00 PM,15,CLEAR,DAYLIGHT,OTHER OBJECT,FOUR WAY,DRY,INJURY AND / OR TOW DUE TO CRASH,FAILING TO YIELD RIGHT-OF-WAY,2,5,NONINCAPACITATING INJURY,1,0,18,1,41.8461018345,-87.7113235738
10/08/2024 04:12:00 AM,10,CLEAR,"DARKNESS, LIGHTED ROAD",PARKED MOTOR VEHICLE,PARKING LOT,DRY,INJURY AND / OR TOW DUE TO CRASH,UNABLE TO DETERMINE,2,10,NO INDICATION OF INJURY,0,0,4,3,41.8678670902,-87.6256868412
05/14/2025 04:40:00 PM,30,CLEAR,DAYLIGHT,TURNING,NOT DIVIDED,DRY,NO INJURY / DRIVE AWAY,FAILING TO YIELD RIGHT-OF-WAY,2,5,NO INDICATION OF INJURY,0,0,16,4,41.8833492286,-87.6667254829
03/29/2023 05:50:00 PM,30,CLEAR,DAYLIGHT,REAR END,NOT DIVIDED,DRY,NO INJURY / DRIVE AWAY,FOLLOWING TOO CLOSELY,2,3,NO INDICATION OF INJURY,0,0,17,4,41.8204544078,-87.694434207
03/05/2025 08:50:00 AM,30,CLEAR,DAYLIGHT,SIDESWIPE SAME DIRECTION,DIVIDED - W/MEDIAN BARRIER,DRY,NO INJURY / DRIVE AWAY,UNABLE TO DETERMINE,2,3,NO INDICATION OF INJURY,0,0,8,4,41.7275574612,-87.5442583321
07/17/2022 09:30:00 PM,30,CLEAR,"DARKNESS, LIGHTED ROAD",ANGLE,NOT DIVIDED,DRY,NO INJURY / DRIVE AWAY,UNABLE TO DETERMINE,2,7,NO INDICATION OF INJURY,0,0,21,1,41.8128899318,-87.7434468592
11/22/2023 05:30:00 PM,30,UNKNOWN,UNKNOWN,PARKED MOTOR VEHICLE,ONE-WAY,UNKNOWN,NO INJURY / DRIVE AWAY,UNABLE TO DETERMINE,2,11,NO INDICATION OF INJURY,0,0,17,4,41.8950143403,-87.6262881537
07/19/2024 10:05:00 AM,30,CLEAR,DAYLIGHT,ANGLE,DIVIDED - W/MEDIAN BARRIER,DRY,NO INJURY / DRIVE AWAY,IMPROPER OVERTAKING/PASSING,2,7,NO INDICATION OF INJURY,0,0,10,6,41.8867077526,-87.6288632671
08/12/2024 12:40:00 PM,30,CLEAR,DAYLIGHT,TURNING,DIVIDED - W/MEDIAN (NOT RAISED),DRY,INJURY AND / OR TOW DUE TO CRASH,IMPROPER TURNING/NO SIGNAL,2,8,NONINCAPACITATING INJURY,8,0,12,2,41.8763914131,-87.6665186348
06/08/2023 07:05:00 AM,30,CLEAR,DAYLIGHT,REAR END,DIVIDED - W/MEDIAN BARRIER,DRY,NO INJURY / DRIVE AWAY,FOLLOWING TOO CLOSELY,2,6,NO INDICATION OF INJURY,0,0,7,5,41.8142721559,-87.7431905916
12/23/2024 03:45:00 PM,30,CLEAR,DAYLIGHT,SIDESWIPE SAME DIRECTION,ONE-WAY,DRY,NO INJURY / DRIVE AWAY,UNABLE TO DETERMINE,2,12,NO INDICATION OF INJURY,0,0,15,2,41.9910661706,-87.6569910297
05/28/2021 09:00:00 AM,30,CLOUDY/OVERCAST,DAYLIGHT,REAR END,TRAFFIC ROUTE,WET,INJURY AND / OR TOW DUE TO CRASH,"OPERATING VEHICLE IN ERRATIC, RECKLESS, CARELESS, NEGLIGENT OR AGGRESSIVE MANNER",3,5,NO INDICATION OF INJURY,0,0,9,6,41.7513326733,-87.6078064053
04/24/2026 11:20:00 PM,30,CLEAR,"DARKNESS, LIGHTED ROAD",TURNING,FOUR WAY,DRY,INJURY AND / OR TOW DUE TO CRASH,UNABLE TO DETERMINE,2,4,"REPORTED, NOT EVIDENT",1,0,23,6,41.7726346256,-87.62527215
08/30/2021 10:30:00 AM,30,CLEAR,DAYLIGHT,TURNING,FOUR WAY,DRY,NO INJURY / DRIVE AWAY,IMPROPER TURNING/NO SIGNAL,2,8,NO INDICATION OF INJURY,0,0,10,2,41.8148418931,-87.7432080988
04/24/2025 08:08:00 PM,30,CLEAR,"DARKNESS, LIGHTED ROAD",OTHER OBJECT,NOT DIVIDED,DRY,INJURY AND / OR TOW DUE TO CRASH,UNABLE TO DETERMINE,1,4,NONINCAPACITATING INJURY,1,0,20,5,41.8215945157,-87.7433745818
04/13/2022 08:10:00 AM,30,CLOUDY/OVERCAST,DAYLIGHT,SIDESWIPE SAME DIRECTION,FOUR WAY,DRY,NO INJURY / DRIVE AWAY,FOLLOWING TOO CLOSELY,2,4,NO INDICATION OF INJURY,0,0,8,4,41.7939466314,-87.6838966456
02/22/2023 03:53:00 PM,30,UNKNOWN,UNKNOWN,REAR END,UNKNOWN,UNKNOWN,NO INJURY / DRIVE AWAY,UNABLE TO DETERMINE,2,2,NO INDICATION OF INJURY,0,0,15,4,41.9549559897,-87.7493866775
08/01/2021 12:00:00 PM,30,CLEAR,DAYLIGHT,TURNING,NOT DIVIDED,DRY,NO INJURY / DRIVE AWAY,NOT APPLICABLE,2,8,NO INDICATION OF INJURY,0,0,12,1,41.8083784079,-87.6845707169
03/04/2023 06:30:00 PM,30,RAIN,"DARKNESS, LIGHTED ROAD",SIDESWIPE SAME DIRECTION,NOT DIVIDED,WET,NO INJURY / DRIVE AWAY,NOT APPLICABLE,2,3,NO INDICATION OF INJURY,0,0,18,7,41.8318358109,-87.6754618393
03/04/2023 05:02:00 PM,30,CLEAR,DAYLIGHT,REAR END,NOT DIVIDED,WET,NO INJURY / DRIVE AWAY,FOLLOWING TOO CLOSELY,2,3,NO INDICATION OF INJURY,0,0,17,7,41.9763204308,-87.7780180544