CRASH_DATE,POSTED_SPEED_LIMIT,WEATHER_CONDITION,LIGHTING_CONDITION,FIRST_CRASH_TYPE,TRAFFICWAY_TYPE,ROADWAY_SURFACE_COND,CRASH_TYPE,PRIM_CONTRIBUTORY_CAUSE,NUM_UNITS,CRASH_MONTH,MOST_SEVERE_INJURY,INJURIES_TOTAL,INJURIES_FATAL,CRASH_HOUR,CRASH_DAY_OF_WEEK,LATITUDE,LONGITUDE
10/05/2022 02:00:00 PM,35,CLEAR,DAYLIGHT,REAR END,DIVIDED - W/MEDIAN (NOT RAISED),DRY,NO INJURY / DRIVE AWAY,RELATED TO BUS STOP,2,10,NO INDICATION OF INJURY,0,0,14,4,41.953864485,-87.6981742845
08/11/2023 03:45:00 PM,30,CLEAR,DAYLIGHT,REAR END,DIVIDED - W/MEDIAN (NOT RAISED),DRY,INJURY AND / OR TOW DUE TO CRASH,FOLLOWING TOO CLOSELY,2,8,NO INDICATION OF INJURY,0,0,15,6,41.9888364321,-87.7050064343
02/25/2022 05:20:00 PM,30,CLEAR,DUSK,REAR END,NOT DIVIDED,WET,NO INJURY / DRIVE AWAY,FAILING TO REDUCE SPEED TO AVOID CRASH,2,2,NO INDICATION OF INJURY,0,0,17,6,41.9104090236,-87.6873702684
05/26/2023 07:25:00 PM,30,CLEAR,DAYLIGHT,SIDESWIPE SAME DIRECTION,FOUR WAY,DRY,NO INJURY / DRIVE AWAY,IMPROPER OVERTAKING/PASSING,2,5,NO INDICATION OF INJURY,0,0,19,6,41.7652657241,-87.6348105267
02/26/2026 07:15:00 AM,30,CLEAR,DAYLIGHT,REAR END,NOT DIVIDED,DRY,NO INJURY / DRIVE AWAY,FAILING TO REDUCE SPEED TO AVOID CRASH,2,2,NO INDICATION OF INJURY,0,0,7,5,41.8995194763,-87.6725067949
04/06/2022 02:03:00 AM,35,RAIN,"DARKNESS, LIGHTED ROAD",PARKED MOTOR VEHICLE,NOT DIVIDED,WET,INJURY AND / OR TOW DUE TO CRASH,IMPROPER LANE USAGE,2,4,NONINCAPACITATING INJURY,1,0,2,4,41.8079667224,-87.7074358375
03/28/2025 07:37:00 AM,30,CLEAR,DAYLIGHT,PEDESTRIAN,NOT DIVIDED,WET,INJURY AND / OR TOW DUE TO CRASH,UNABLE TO DETERMINE,2,3,NONINCAPACITATING INJURY,1,0,7,6,41.7741010568,-87.6642196705
02/03/2023 07:50:00 AM,30,CLEAR,DAYLIGHT,REAR END,NOT DIVIDED,DRY,NO INJURY / DRIVE AWAY,FOLLOWING TOO CLOSELY,2,2,NO INDICATION OF INJURY,0,0,7,6,41.7879702014,-87.7035444651
07/12/2022 05:15:00 PM,30,CLEAR,DAYLIGHT,TURNING,NOT DIVIDED,DRY,INJURY AND / OR TOW DUE TO CRASH,FAILING TO YIELD RIGHT-OF-WAY,2,7,NONINCAPACITATING INJURY,3,0,17,3,41.7785046482,-87.7263594862
10/28/2023 03:00:00 PM,25,UNKNOWN,UNKNOWN,TURNING,FOUR WAY,UNKNOWN,NO INJURY / DRIVE AWAY,IMPROPER TURNING/NO SIGNAL,2,10,NO INDICATION OF INJURY,0,0,15,7,41.8864047215,-87.6323217145
12/13/2021 02:25:00 PM,0,CLEAR,DAYLIGHT,TURNING,PARKING LOT,DRY,NO INJURY / DRIVE AWAY,FAILING TO YIELD RIGHT-OF-WAY,2,12,NO INDICATION OF INJURY,0,0,14,2,41.8774128376,-87.6766908959
09/19/2024 06:20:00 AM,45,UNKNOWN,UNKNOWN,OTHER OBJECT,DIVIDED - W/MEDIAN BARRIER,UNKNOWN,NO INJURY / DRIVE AWAY,UNABLE TO DETERMINE,1,9,NO INDICATION OF INJURY,0,0,6,5,41.9261607198,-87.6315146648
11/26/2024 06:35:00 PM,30,UNKNOWN,DARKNESS,REAR END,DIVIDED - W/MEDIAN (NOT RAISED),UNKNOWN,NO INJURY / DRIVE AWAY,UNABLE TO DETERMINE,2,11,NO INDICATION OF INJURY,0,0,18,3,41.9314456581,-87.7613987487
01/24/2023 06:05:00 AM,15,CLEAR,"DARKNESS, LIGHTED ROAD",PEDESTRIAN,OTHER,DRY,INJURY AND / OR TOW DUE TO CRASH,FAILING TO YIELD RIGHT-OF-WAY,2,1,"REPORTED, NOT EVIDENT",1,0,6,3,41.8941336002,-87.6181791496
12/20/2025 08:16:00 PM,30,CLEAR,"DARKNESS, LIGHTED ROAD",TURNING,FOUR WAY,UNKNOWN,INJURY AND / OR TOW DUE TO CRASH,FAILING TO YIELD RIGHT-OF-WAY,2,12,NONINCAPACITATING INJURY,1,0,20,7,42.0089709006,-87.6782074942
12/08/2025 09:30:00 AM,25,CLEAR,DAYLIGHT,REAR TO FRONT,ONE-WAY,SNOW OR SLUSH,NO INJURY / DRIVE AWAY,IMPROPER BACKING,2,12,NO INDICATION OF INJURY,0,0,9,2,41.8804977398,-87.7503223964
10/21/2022 05:55:00 PM,30,CLEAR,DARKNESS,ANGLE,NOT DIVIDED,DRY,NO INJURY / DRIVE AWAY,UNABLE TO DETERMINE,2,10,NO INDICATION OF INJURY,0,0,17,6,41.8597166206,-87.6662352169
09/13/2021 01:00:00 PM,35,CLEAR,DAYLIGHT,REAR END,NOT DIVIDED,DRY,NO INJURY / DRIVE AWAY,UNABLE TO DETERMINE,2,9,NO INDICATION OF INJURY,0,0,13,2,41.7939420483,-87.7746332149
08/08/2021 02:40:00 PM,30,CLEAR,DAYLIGHT,SIDESWIPE SAME DIRECTION,ONE-WAY,DRY,NO INJURY / DRIVE AWAY,IMPROPER LANE USAGE,2,8,NO INDICATION OF INJURY,0,0,14,1,41.8949297144,-87.6321630908
05/04/2021 08:45:00 AM,30,RAIN,DAYLIGHT,TURNING,DIVIDED - W/MEDIAN (NOT RAISED),WET,INJURY AND / OR TOW DUE TO CRASH,"VISION OBSCURED (SIGNS, TREE LIMBS, BUILDINGS, ETC.)",2,5,NO INDICATION OF INJURY,0,0,8,3,41.8715659906,-87.6666754145
07/14/2021 04:20:00 PM,30,CLEAR,DAYLIGHT,ANGLE,NOT DIVIDED,DRY,NO INJURY / DRIVE AWAY,UNABLE TO DETERMINE,2,7,NO INDICATION OF INJURY,0,0,16,4,42.0054044078,-87.6758097117
06/25/2022 11:43:00 PM,30,CLEAR,"DARKNESS, LIGHTED ROAD",PARKED MOTOR VEHICLE,NOT DIVIDED,DRY,INJURY AND / OR TOW DUE TO CRASH,IMPROPER LANE USAGE,2,6,NO INDICATION OF INJURY,0,0,23,7,41.828523492,-87.6691908249
06/02/2025 07:30:00 PM,30,CLEAR,DUSK,PARKED MOTOR VEHICLE,PARKING LOT,DRY,NO INJURY / DRIVE AWAY,IMPROPER BACKING,2,6,NO INDICATION OF INJURY,0,0,19,2,41.8734046453,-87.7203996283
08/24/2024 07:00:00 PM,30,CLEAR,DAYLIGHT,REAR END,DIVIDED - W/MEDIAN (NOT RAISED),DRY,NO INJURY / DRIVE AWAY,FAILING TO REDUCE SPEED TO AVOID CRASH,2,8,NO INDICATION OF INJURY,0,0,19,7,41.7504346599,-87.6659249342
01/20/2022 11:30:00 AM,30,CLEAR,DAYLIGHT,PARKED MOTOR VEHICLE,OTHER,UNKNOWN,NO INJURY / DRIVE AWAY,UNABLE TO DETERMINE,2,1,NO INDICATION OF INJURY,0,0,11,5,41.8364083317,-87.7281360806
07/16/2021 03:38:00 PM,30,CLEAR,DAYLIGHT,TURNING,NOT DIVIDED,DRY,NO INJURY / DRIVE AWAY,IMPROPER TURNING/NO SIGNAL,2,7,NO INDICATION OF INJURY,0,0,15,6,41.9278708473,-87.8062439655
06/04/2023 11:00:00 PM,30,CLEAR,"DARKNESS, LIGHTED ROAD",SIDESWIPE SAME DIRECTION,NOT DIVIDED,DRY,INJURY AND / OR TOW DUE TO CRASH,IMPROPER OVERTAKING/PASSING,2,6,NO INDICATION OF INJURY,0,0,23,1,41.8820937692,-87.7307403401
10/30/2023 07:25:00 AM,30,CLEAR,DAYLIGHT,PARKED MOTOR VEHICLE,FOUR WAY,DRY,INJURY AND / OR TOW DUE TO CRASH,UNABLE TO DETERMINE,2,10,INCAPACITATING INJURY,1,0,7,2,41.902772339,-87.7267346157
06/15/2021 06:00:00 PM,30,CLEAR,DAYLIGHT,SIDESWIPE OPPOSITE DIRECTION,NOT DIVIDED,DRY,NO INJURY / DRIVE AWAY,"VISION OBSCURED (SIGNS, TREE LIMBS, BUILDINGS, ETC.)",2,6,NO INDICATION OF INJURY,0,0,18,3,41.7993980248,-87.5921741347
08/12/2023 11:15:00 AM,30,CLEAR,DAYLIGHT,SIDESWIPE SAME DIRECTION,NOT DIVIDED,DRY,NO INJURY / DRIVE AWAY,IMPROPER OVERTAKING/PASSING,2,8,NO INDICATION OF INJURY,0,0,11,7,41.8755842342,-87.6277655039
08/18/2021 01:05:00 AM,30,CLEAR,"DARKNESS, LIGHTED ROAD",PARKED MOTOR VEHICLE,OTHER,DRY,INJURY AND / OR TOW DUE TO CRASH,DRIVING ON WRONG SIDE/WRONG WAY,2,8,NO INDICATION OF INJURY,0,0,1,4,41.6924838997,-87.7193258924
07/15/2021 09:10:00 PM,30,CLEAR,"DARKNESS, LIGHTED ROAD",TURNING,DIVIDED - W/MEDIAN BARRIER,DRY,NO INJURY / DRIVE AWAY,FAILING TO YIELD RIGHT-OF-WAY,2,7,NO INDICATION OF INJURY,0,0,21,5,41.7715949362,-87.7153492858
08/16/2025 08:00:00 PM,25,RAIN,DARKNESS,PARKED MOTOR VEHICLE,NOT DIVIDED,WET,NO INJURY / DRIVE AWAY,IMPROPER BACKING,2,8,NO INDICATION OF INJURY,0,0,20,7,42.015218372,-87.807665922
07/13/2023 06:40:00 AM,30,CLEAR,DAYLIGHT,SIDESWIPE SAME DIRECTION,NOT DIVIDED,DRY,NO INJURY / DRIVE AWAY,IMPROPER OVERTAKING/PASSING,2,7,NO INDICATION OF INJURY,0,0,6,5,41.8998219477,-87.7114386571
10/05/2022 02:55:00 PM,30,CLEAR,DAYLIGHT,REAR END,DIVIDED - W/MEDIAN (NOT RAISED),DRY,NO INJURY / DRIVE AWAY,FOLLOWING TOO CLOSELY,2,10,NO INDICATION OF INJURY,0,0,14,4,41.9105025175,-87.6824097632
04/25/2025 04:40:00 PM,30,RAIN,DAYLIGHT,TURNING,FOUR WAY,WET,INJURY AND / OR TOW DUE TO CRASH,IMPROPER LANE USAGE,2,4,NO INDICATION OF INJURY,0,0,16,6,41.7792428893,-87.671347166
04/15/2024 04:08:00 PM,15,CLEAR,DAYLIGHT,PEDESTRIAN,ALLEY,DRY,INJURY AND / OR TOW DUE TO CRASH,DRIVING SKILLS/KNOWLEDGE/EXPERIENCE,3,4,NONINCAPACITATING INJURY,2,0,16,2,41.9982235743,-87.686093043
09/07/2022 05:16:00 PM,30,CLEAR,DAYLIGHT,PEDESTRIAN,NOT DIVIDED,DRY,INJURY AND / OR TOW DUE TO CRASH,FAILING TO REDUCE SPEED TO AVOID CRASH,2,9,NONINCAPACITATING INJURY,1,0,17,4,41.9979598072,-87.7886083869
05/08/2025 05:27:00 PM,25,CLEAR,DAYLIGHT,SIDESWIPE SAME DIRECTION,ONE-WAY,DRY,NO INJURY / DRIVE AWAY,IMPROPER LANE USAGE,2,5,NO INDICATION OF INJURY,0,0,17,5,41.9609327744,-87.7328711086
12/31/2023 09:56:00 PM,30,UNKNOWN,"DARKNESS, LIGHTED ROAD",SIDESWIPE SAME DIRECTION,DIVIDED - W/MEDIAN (NOT RAISED),UNKNOWN,INJURY AND / OR TOW DUE TO CRASH,DISREGARDING TRAFFIC SIGNALS,2,12,NO INDICATION OF INJURY,0,0,21,1,41.9095923449,-87.7400086474
04/26/2021 01:30:00 PM,30,CLEAR,DAYLIGHT,SIDESWIPE SAME DIRECTION,NOT DIVIDED,DRY,NO INJURY / DRIVE AWAY,DRIVING SKILLS/KNOWLEDGE/EXPERIENCE,2,4,NO INDICATION OF INJURY,0,0,13,2,41.7657235563,-87.6200202371
07/03/2023 12:39:00 PM,35,CLEAR,DAYLIGHT,FIXED OBJECT,DIVIDED - W/MEDIAN (NOT RAISED),DRY,INJURY AND / OR TOW DUE TO CRASH,FAILING TO YIELD RIGHT-OF-WAY,1,7,NO INDICATION OF INJURY,0,0,12,2,41.7006224823,-87.6231880802
08/20/2025 11:07:00 AM,25,CLEAR,DAYLIGHT,REAR TO SIDE,PARKING LOT,DRY,NO INJURY / DRIVE AWAY,UNABLE TO DETERMINE,2,8,NO INDICATION OF INJURY,0,0,11,4,41.7684549099,-87.664038433
12/21/2024 12:36:00 AM,45,CLEAR,"DARKNESS, LIGHTED ROAD",SIDESWIPE SAME DIRECTION,DIVIDED - W/MEDIAN BARRIER,DRY,NO INJURY / DRIVE AWAY,IMPROPER OVERTAKING/PASSING,2,12,NO INDICATION OF INJURY,0,0,0,7,41.8758897182,-87.6169951545
08/01/2023 03:42:00 PM,25,CLEAR,DAYLIGHT,ANGLE,FOUR WAY,DRY,INJURY AND / OR TOW DUE TO CRASH,FAILING TO YIELD RIGHT-OF-WAY,2,8,"REPORTED, NOT EVIDENT",1,0,15,3,41.8901948827,-87.6476686991
02/05/2025 10:05:00 PM,25,RAIN,"DARKNESS, LIGHTED ROAD",TURNING,DIVIDED - W/MEDIAN (NOT RAISED),WET,NO INJURY / DRIVE AWAY,FAILING TO REDUCE SPEED TO AVOID CRASH,2,2,NO INDICATION OF INJURY,0,0,22,4,41.9941294077,-87.6812545956
07/10/2023 08:44:00 PM,15,CLEAR,"DARKNESS, LIGHTED ROAD",FIXED OBJECT,PARKING LOT,UNKNOWN,NO INJURY / DRIVE AWAY,DISTRACTION - FROM OUTSIDE VEHICLE,1,7,NO INDICATION OF INJURY,0,0,20,2,41.9112245556,-87.6264825724
02/17/2026 10:50:00 AM,25,CLEAR,DAYLIGHT,ANGLE,ALLEY,DRY,NO INJURY / DRIVE AWAY,UNABLE TO DETERMINE,2,2,NO INDICATION OF INJURY,0,0,10,3,41.9319780785,-87.7208008034
11/07/2024 12:00:00 PM,25,CLEAR,DAYLIGHT,REAR END,NOT DIVIDED,DRY,NO INJURY / DRIVE AWAY,UNABLE TO DETERMINE,2,11,NO INDICATION OF INJURY,0,0,12,5,41.8847536764,-87.7112297886
04/30/2026 03:45:00 PM,30,CLOUDY/OVERCAST,DAYLIGHT,FIXED OBJECT,ALLEY,UNKNOWN,NO INJURY / DRIVE AWAY,UNABLE TO DETERMINE,1,4,NO INDICATION OF INJURY,0,0,15,5,41.822322292,-87.604207857
01/22/2023 02:16:00 PM,30,RAIN,DAYLIGHT,REAR END,ONE-WAY,WET,NO INJURY / DRIVE AWAY,UNABLE TO DETERMINE,2,1,NO INDICATION OF INJURY,0,0,14,1,41.8760381715,-87.7011030232
09/28/2021 09:22:00 AM,30,CLEAR,DAYLIGHT,PARKED MOTOR VEHICLE,NOT DIVIDED,DRY,NO INJURY / DRIVE AWAY,NOT APPLICABLE,2,9,NO INDICATION OF INJURY,0,0,9,3,41.7532770837,-87.7050712533
10/01/2021 08:13:00 AM,30,CLEAR,DAYLIGHT,PARKED MOTOR VEHICLE,NOT DIVIDED,DRY,NO INJURY / DRIVE AWAY,DRIVING SKILLS/KNOWLEDGE/EXPERIENCE,2,10,NO INDICATION OF INJURY,0,0,8,6,41.9304398213,-87.7079475066
02/01/2024 06:41:00 AM,30,CLEAR,"DARKNESS, LIGHTED ROAD",PEDESTRIAN,FOUR WAY,DRY,INJURY AND / OR TOW DUE TO CRASH,DISREGARDING TRAFFIC SIGNALS,2,2,NONINCAPACITATING INJURY,1,0,6,5,41.9538970815,-87.7177548777
07/07/2022 10:30:00 PM,30,UNKNOWN,UNKNOWN,PARKED MOTOR VEHICLE,NOT DIVIDED,UNKNOWN,NO INJURY / DRIVE AWAY,UNABLE TO DETERMINE,2,7,NO INDICATION OF INJURY,0,0,22,5,41.9658250312,-87.736600263
02/19/2026 03:30:00 PM,30,UNKNOWN,UNKNOWN,SIDESWIPE SAME DIRECTION,UNKNOWN,UNKNOWN,NO INJURY / DRIVE AWAY,UNABLE TO DETERMINE,2,2,NO INDICATION OF INJURY,0,0,15,5,41.8749778962,-87.6539612568
09/30/2023 01:15:00 PM,20,CLEAR,DAYLIGHT,REAR END,DIVIDED - W/MEDIAN BARRIER,DRY,NO INJURY / DRIVE AWAY,FOLLOWING TOO CLOSELY,3,9,NO INDICATION OF INJURY,0,0,13,7,41.8686754964,-87.7107638239
01/30/2023 02:30:00 PM,30,CLEAR,DAYLIGHT,SIDESWIPE SAME DIRECTION,NOT DIVIDED,DRY,NO INJURY / DRIVE AWAY,UNABLE TO DETERMINE,2,1,NO INDICATION OF INJURY,0,0,14,2,41.9468248791,-87.6932129127
07/02/2023 03:06:00 AM,30,RAIN,"DARKNESS, LIGHTED ROAD",FIXED OBJECT,FOUR WAY,WET,INJURY AND / OR TOW DUE TO CRASH,NOT APPLICABLE,1,7,NO INDICATION OF INJURY,0,0,3,1,41.851330916,-87.66817994
01/22/2021 08:55:00 AM,30,CLEAR,DAYLIGHT,PEDALCYCLIST,ONE-WAY,DRY,INJURY AND / OR TOW DUE TO CRASH,FAILING TO YIELD RIGHT-OF-WAY,2,1,NONINCAPACITATING INJURY,1,0,8,6,41.8845826561,-87.6325080097
01/09/2024 06:05:00 PM,25,CLEAR,"DARKNESS, LIGHTED ROAD",ANGLE,FOUR WAY,WET,NO INJURY / DRIVE AWAY,FAILING TO YIELD RIGHT-OF-WAY,2,1,NO INDICATION OF INJURY,0,0,18,3,41.8550871967,-87.7139390022
02/22/2021 06:29:00 PM,30,CLEAR,"DARKNESS, LIGHTED ROAD",SIDESWIPE SAME DIRECTION,DIVIDED - W/MEDIAN (NOT RAISED),WET,NO INJURY / DRIVE AWAY,IMPROPER LANE USAGE,2,2,NO INDICATION OF INJURY,0,0,18,2,41.9969264603,-87.7640843277
01/28/2022 08:30:00 AM,30,SNOW,DAYLIGHT,REAR END,NOT DIVIDED,SNOW OR SLUSH,INJURY AND / OR TOW DUE TO CRASH,UNABLE TO DETERMINE,3,1,"REPORTED, NOT EVIDENT",1,0,8,6,41.9905196688,-87.7050440861
08/05/2022 04:30:00 PM,30,CLEAR,DAYLIGHT,SIDESWIPE SAME DIRECTION,NOT DIVIDED,DRY,NO INJURY / DRIVE AWAY,UNABLE TO DETERMINE,2,8,NO INDICATION OF INJURY,0,0,16,6,41.9391056932,-87.7174565546
09/21/2023 05:00:00 PM,15,CLEAR,DAYLIGHT,ANGLE,ALLEY,WET,INJURY AND / OR TOW DUE TO CRASH,UNABLE TO DETERMINE,2,9,"REPORTED, NOT EVIDENT",6,0,17,5,41.8930459633,-87.7463982959
04/18/2022 11:05:00 AM,30,CLEAR,DAYLIGHT,REAR END,UNKNOWN,DRY,NO INJURY / DRIVE AWAY,UNABLE TO DETERMINE,2,4,NO INDICATION OF INJURY,0,0,11,2,41.9112233799,-87.6386560318
05/14/2021 10:10:00 PM,30,CLEAR,"DARKNESS, LIGHTED ROAD",TURNING,DIVIDED - W/MEDIAN (NOT RAISED),DRY,NO INJURY / DRIVE AWAY,IMPROPER TURNING/NO SIGNAL,2,5,NO INDICATION OF INJURY,0,0,22,6,41.8238246726,-87.6263451219
07/31/2025 09:50:00 PM,30,CLEAR,DUSK,SIDESWIPE SAME DIRECTION,FOUR WAY,DRY,NO INJURY / DRIVE AWAY,DRIVING SKILLS/KNOWLEDGE/EXPERIENCE,2,7,NO INDICATION OF INJURY,0,0,21,5,41.8755691096,-87.6293832259
06/24/2023 03:45:00 PM,30,CLEAR,DAYLIGHT,SIDESWIPE SAME DIRECTION,NOT DIVIDED,DRY,NO INJURY / DRIVE AWAY,IMPROPER OVERTAKING/PASSING,2,6,NO INDICATION OF INJURY,0,0,15,7,41.924434564,-87.7217392177
10/17/2025 06:43:00 PM,5,CLEAR,DAYLIGHT,PEDESTRIAN,PARKING LOT,DRY,INJURY AND / OR TOW DUE TO CRASH,IMPROPER BACKING,2,10,"REPORTED, NOT EVIDENT",1,0,18,6,41.751623374,-87.5833655113
02/25/2022 05:20:00 PM,30,UNKNOWN,DUSK,REAR END,NOT DIVIDED,UNKNOWN,NO INJURY / DRIVE AWAY,UNABLE TO DETERMINE,2,2,NO INDICATION OF INJURY,0,0,17,6,41.8307677505,-87.6530551808
02/04/2026 01:45:00 PM,30,CLEAR,DAYLIGHT,SIDESWIPE SAME DIRECTION,FOUR WAY,UNKNOWN,NO INJURY / DRIVE AWAY,UNABLE TO DETERMINE,2,2,NO INDICATION OF INJURY,0,0,13,4,41.7127069209,-87.6202895053
02/23/2022 03:30:00 PM,25,UNKNOWN,DAYLIGHT,SIDESWIPE SAME DIRECTION,NOT DIVIDED,UNKNOWN,NO INJURY / DRIVE AWAY,FAILING TO YIELD RIGHT-OF-WAY,2,2,NO INDICATION OF INJURY,0,0,15,4,41.9720521688,-87.7984756611
07/04/2022 11:15:00 AM,30,CLEAR,DAYLIGHT,REAR END,NOT DIVIDED,DRY,INJURY AND / OR TOW DUE TO CRASH,UNABLE TO DETERMINE,2,7,"REPORTED, NOT EVIDENT",2,0,11,2,41.6918902888,-87.6813131417
05/31/2021 12:25:00 PM,30,CLEAR,DAYLIGHT,REAR END,DIVIDED - W/MEDIAN BARRIER,DRY,INJURY AND / OR TOW DUE TO CRASH,IMPROPER OVERTAKING/PASSING,2,5,NONINCAPACITATING INJURY,1,0,12,2,41.7211981285,-87.655441607
07/31/2022 06:00:00 PM,30,CLEAR,DAYLIGHT,PARKED MOTOR VEHICLE,PARKING LOT,UNKNOWN,NO INJURY / DRIVE AWAY,UNABLE TO DETERMINE,2,7,NO INDICATION OF INJURY,0,0,18,1,41.8173476258,-87.7237672948
01/31/2025 05:15:00 PM,30,CLOUDY/OVERCAST,DUSK,REAR END,DIVIDED - W/MEDIAN (NOT RAISED),UNKNOWN,NO INJURY / DRIVE AWAY,UNABLE TO DETERMINE,2,1,NO INDICATION OF INJURY,0,0,17,6,41.9759110646,-87.7877227201
03/18/2022 12:55:00 AM,30,CLEAR,"DARKNESS, LIGHTED ROAD",TURNING,NOT DIVIDED,DRY,NO INJURY / DRIVE AWAY,UNABLE TO DETERMINE,2,3,NO INDICATION OF INJURY,0,0,0,6,41.9038310455,-87.6287400478
01/12/2026 12:30:00 PM,30,CLEAR,DAYLIGHT,OTHER OBJECT,DIVIDED - W/MEDIAN (NOT RAISED),UNKNOWN,NO INJURY / DRIVE AWAY,UNABLE TO DETERMINE,2,1,NO INDICATION OF INJURY,0,0,12,2,41.8846463654,-87.6172484962
05/16/2022 12:58:00 AM,30,CLEAR,"DARKNESS, LIGHTED ROAD",ANGLE,FOUR WAY,DRY,INJURY AND / OR TOW DUE TO CRASH,DISREGARDING TRAFFIC SIGNALS,2,5,NO INDICATION OF INJURY,0,0,0,2,41.8924450146,-87.6242380264
08/02/2025 11:00:00 AM,30,CLEAR,DAYLIGHT,REAR TO REAR,PARKING LOT,DRY,NO INJURY / DRIVE AWAY,DRIVING SKILLS/KNOWLEDGE/EXPERIENCE,2,8,NO INDICATION OF INJURY,0,0,11,7,41.7361451282,-87.626917844
12/15/2023 06:50:00 PM,30,CLEAR,UNKNOWN,SIDESWIPE SAME DIRECTION,ROUNDABOUT,UNKNOWN,NO INJURY / DRIVE AWAY,UNABLE TO DETERMINE,2,12,NO INDICATION OF INJURY,0,0,18,6,41.9983309571,-87.6576010283
06/08/2021 12:24:00 PM,30,CLEAR,DAYLIGHT,TURNING,DIVIDED - W/MEDIAN (NOT RAISED),DRY,NO INJURY / DRIVE AWAY,IMPROPER OVERTAKING/PASSING,2,6,NO INDICATION OF INJURY,0,0,12,3,41.899441094,-87.6917416074
02/25/2021 12:32:00 AM,25,CLEAR,"DARKNESS, LIGHTED ROAD",FIXED OBJECT,DIVIDED - W/MEDIAN BARRIER,DRY,INJURY AND / OR TOW DUE TO CRASH,FOLLOWING TOO CLOSELY,1,2,"REPORTED, NOT EVIDENT",1,0,0,5,41.8796169609,-87.624499957
07/03/2024 12:46:00 PM,30,CLEAR,DAYLIGHT,REAR END,DIVIDED - W/MEDIAN (NOT RAISED),DRY,INJURY AND / OR TOW DUE TO CRASH,FOLLOWING TOO CLOSELY,2,7,NONINCAPACITATING INJURY,2,0,12,4,41.7750965721,-87.7423288464
09/25/2024 06:00:00 PM,30,CLEAR,DAYLIGHT,PARKED MOTOR VEHICLE,FOUR WAY,DRY,NO INJURY / DRIVE AWAY,UNABLE TO DETERMINE,2,9,NO INDICATION OF INJURY,0,0,18,4,41.9651638181,-87.6664984327
12/08/2022 06:30:00 PM,30,CLEAR,"DARKNESS, LIGHTED ROAD",TURNING,T-INTERSECTION,DRY,NO INJURY / DRIVE AWAY,UNABLE TO DETERMINE,2,12,NO INDICATION OF INJURY,0,0,18,5,41.7224836835,-87.5648613505
05/06/2023 05:30:00 PM,15,CLEAR,DAYLIGHT,SIDESWIPE SAME DIRECTION,RAMP,DRY,NO INJURY / DRIVE AWAY,UNABLE TO DETERMINE,2,5,NO INDICATION OF INJURY,0,0,17,7,41.8818600331,-87.6175788148
10/25/2023 02:09:00 PM,30,CLEAR,DAYLIGHT,SIDESWIPE SAME DIRECTION,NOT DIVIDED,DRY,NO INJURY / DRIVE AWAY,FAILING TO REDUCE SPEED TO AVOID CRASH,2,10,NO INDICATION OF INJURY,0,0,14,4,41.8726436475,-87.6304742233
09/12/2022 04:30:00 PM,10,CLEAR,DAYLIGHT,SIDESWIPE SAME DIRECTION,NOT DIVIDED,DRY,NO INJURY / DRIVE AWAY,UNABLE TO DETERMINE,2,9,NO INDICATION OF INJURY,0,0,16,2,41.8949795111,-87.6243999705
10/31/2021 11:00:00 AM,30,CLEAR,DAYLIGHT,REAR END,NOT DIVIDED,DRY,NO INJURY / DRIVE AWAY,FAILING TO REDUCE SPEED TO AVOID CRASH,2,10,NO INDICATION OF INJURY,0,0,11,1,41.8524979443,-87.6272294276
04/21/2021 12:00:00 PM,30,UNKNOWN,DAYLIGHT,PARKED MOTOR VEHICLE,NOT DIVIDED,UNKNOWN,NO INJURY / DRIVE AWAY,IMPROPER OVERTAKING/PASSING,2,4,NO INDICATION OF INJURY,0,0,12,4,41.8011042686,-87.6759359241
06/08/2024 09:09:00 PM,35,RAIN,"DARKNESS, LIGHTED ROAD",ANGLE,FOUR WAY,WET,INJURY AND / OR TOW DUE TO CRASH,FAILING TO YIELD RIGHT-OF-WAY,3,6,NO INDICATION OF INJURY,0,0,21,7,41.7588946702,-87.5665178399
01/12/2024 07:40:00 AM,30,SNOW,DAYLIGHT,TURNING,NOT DIVIDED,SNOW OR SLUSH,NO INJURY / DRIVE AWAY,WEATHER,2,1,NO INDICATION OF INJURY,0,0,7,6,41.9452881607,-87.6544164941
08/16/2024 04:30:00 PM,30,CLEAR,DAYLIGHT,PARKED MOTOR VEHICLE,NOT DIVIDED,WET,NO INJURY / DRIVE AWAY,UNABLE TO DETERMINE,2,8,NO INDICATION OF INJURY,0,0,16,6,41.6857717883,-87.6206730099
01/15/2023 04:00:00 PM,30,CLEAR,DAWN,PEDESTRIAN,FOUR WAY,DRY,NO INJURY / DRIVE AWAY,UNABLE TO DETERMINE,2,1,NO INDICATION OF INJURY,0,0,16,1,41.8699420696,-87.7056373097
11/29/2025 02:50:00 PM,40,SNOW,DAYLIGHT,REAR END,DIVIDED - W/MEDIAN (NOT RAISED),SNOW OR SLUSH,INJURY AND / OR TOW DUE TO CRASH,UNABLE TO DETERMINE,2,11,NO INDICATION OF INJURY,0,0,14,7,41.7355174011,-87.6895933471
05/31/2022 11:30:00 AM,30,CLEAR,DAYLIGHT,SIDESWIPE SAME DIRECTION,DIVIDED - W/MEDIAN (NOT RAISED),DRY,NO INJURY / DRIVE AWAY,UNABLE TO DETERMINE,2,5,NO INDICATION OF INJURY,0,0,11,3,41.8867196239,-87.7554402062