CRASH_DATE,POSTED_SPEED_LIMIT,WEATHER_CONDITION,LIGHTING_CONDITION,FIRST_CRASH_TYPE,TRAFFICWAY_TYPE,ROADWAY_SURFACE_COND,CRASH_TYPE,PRIM_CONTRIBUTORY_CAUSE,NUM_UNITS,CRASH_MONTH,MOST_SEVERE_INJURY,INJURIES_TOTAL,INJURIES_FATAL,CRASH_HOUR,CRASH_DAY_OF_WEEK,LATITUDE,LONGITUDE
12/05/2024 05:30:00 AM,30,CLEAR,DAYLIGHT,ANGLE,NOT DIVIDED,DRY,INJURY AND / OR TOW DUE TO CRASH,UNABLE TO DETERMINE,2,12,"REPORTED, NOT EVIDENT",1,0,5,5,41.7504037787,-87.6587357079
11/12/2021 02:46:00 PM,30,RAIN,DAYLIGHT,REAR END,NOT DIVIDED,WET,NO INJURY / DRIVE AWAY,UNABLE TO DETERMINE,2,11,NO INDICATION OF INJURY,0,0,14,6,41.6924064842,-87.6473675361
01/02/2024 07:32:00 PM,40,RAIN,"DARKNESS, LIGHTED ROAD",REAR END,DIVIDED - W/MEDIAN BARRIER,DRY,INJURY AND / OR TOW DUE TO CRASH,UNABLE TO DETERMINE,2,1,NONINCAPACITATING INJURY,1,0,19,3,41.8630120296,-87.6190130679
06/12/2022 03:00:00 AM,30,CLEAR,"DARKNESS, LIGHTED ROAD",PARKED MOTOR VEHICLE,NOT DIVIDED,DRY,NO INJURY / DRIVE AWAY,UNABLE TO DETERMINE,2,6,NO INDICATION OF INJURY,0,0,3,1,41.8550515292,-87.674888009
04/01/2021 06:46:00 PM,30,CLEAR,DAYLIGHT,PARKED MOTOR VEHICLE,DIVIDED - W/MEDIAN (NOT RAISED),DRY,NO INJURY / DRIVE AWAY,IMPROPER LANE USAGE,2,4,NO INDICATION OF INJURY,0,0,18,5,41.7929818424,-87.7359831033
04/13/2022 03:30:00 PM,30,RAIN,DAYLIGHT,TURNING,NOT DIVIDED,WET,NO INJURY / DRIVE AWAY,IMPROPER LANE USAGE,2,4,NO INDICATION OF INJURY,0,0,15,4,41.7354443724,-87.6823649393
08/22/2022 12:15:00 PM,15,CLEAR,DAYLIGHT,FIXED OBJECT,OTHER,UNKNOWN,NO INJURY / DRIVE AWAY,UNABLE TO DETERMINE,1,8,NO INDICATION OF INJURY,0,0,12,2,41.90049067,-87.6568128948
09/18/2025 02:40:00 PM,30,CLEAR,DAYLIGHT,PARKED MOTOR VEHICLE,ONE-WAY,DRY,NO INJURY / DRIVE AWAY,IMPROPER TURNING/NO SIGNAL,2,9,NO INDICATION OF INJURY,0,0,14,5,41.7784371902,-87.5898020249
03/25/2024 07:00:00 AM,15,UNKNOWN,UNKNOWN,FIXED OBJECT,NOT DIVIDED,DRY,NO INJURY / DRIVE AWAY,NOT APPLICABLE,2,3,NO INDICATION OF INJURY,0,0,7,2,41.9241891458,-87.7582297412
11/07/2025 10:39:00 PM,30,CLEAR,"DARKNESS, LIGHTED ROAD",SIDESWIPE SAME DIRECTION,NOT DIVIDED,DRY,NO INJURY / DRIVE AWAY,IMPROPER TURNING/NO SIGNAL,2,11,NO INDICATION OF INJURY,0,0,22,6,41.8768218869,-87.6717729593
04/19/2021 10:30:00 AM,30,RAIN,DAYLIGHT,SIDESWIPE SAME DIRECTION,NOT DIVIDED,WET,NO INJURY / DRIVE AWAY,FAILING TO YIELD RIGHT-OF-WAY,2,4,NO INDICATION OF INJURY,0,0,10,2,41.8082794586,-87.6875328087
06/20/2025 08:34:00 PM,25,CLEAR,DUSK,PARKED MOTOR VEHICLE,UNKNOWN,UNKNOWN,INJURY AND / OR TOW DUE TO CRASH,UNABLE TO DETERMINE,2,6,NO INDICATION OF INJURY,0,0,20,6,41.7733702355,-87.5936202311
05/07/2024 02:45:00 PM,30,CLEAR,DAYLIGHT,REAR END,NOT DIVIDED,DRY,NO INJURY / DRIVE AWAY,FOLLOWING TOO CLOSELY,2,5,NO INDICATION OF INJURY,0,0,14,3,41.9829885184,-87.7915383035
07/06/2025 06:00:00 AM,30,UNKNOWN,UNKNOWN,PARKED MOTOR VEHICLE,NOT DIVIDED,UNKNOWN,INJURY AND / OR TOW DUE TO CRASH,UNABLE TO DETERMINE,2,7,NO INDICATION OF INJURY,0,0,6,1,41.6566625736,-87.5412430347
08/01/2023 07:00:00 AM,20,CLEAR,DAYLIGHT,OTHER OBJECT,ALLEY,DRY,NO INJURY / DRIVE AWAY,UNABLE TO DETERMINE,1,8,NO INDICATION OF INJURY,0,0,7,3,41.8934753577,-87.6225746736
03/31/2023 07:00:00 PM,25,RAIN,DAYLIGHT,TURNING,OTHER,WET,NO INJURY / DRIVE AWAY,UNABLE TO DETERMINE,2,3,NO INDICATION OF INJURY,0,0,19,6,41.7410955053,-87.6048033637
06/12/2023 02:10:00 PM,30,CLEAR,DAYLIGHT,PARKED MOTOR VEHICLE,PARKING LOT,DRY,NO INJURY / DRIVE AWAY,IMPROPER BACKING,2,6,NO INDICATION OF INJURY,0,0,14,2,41.719488343,-87.6818725754
07/06/2024 10:00:00 AM,30,UNKNOWN,DAYLIGHT,PARKED MOTOR VEHICLE,ONE-WAY,UNKNOWN,NO INJURY / DRIVE AWAY,UNABLE TO DETERMINE,2,7,NO INDICATION OF INJURY,0,0,10,7,41.8112142437,-87.6929243231
06/02/2025 07:00:00 PM,35,CLEAR,DAYLIGHT,REAR END,NOT DIVIDED,DRY,NO INJURY / DRIVE AWAY,UNABLE TO DETERMINE,2,6,NO INDICATION OF INJURY,0,0,19,2,42.0062880246,-87.7628981578
03/03/2021 07:00:00 AM,30,CLEAR,DAWN,PARKED MOTOR VEHICLE,NOT DIVIDED,DRY,NO INJURY / DRIVE AWAY,UNABLE TO DETERMINE,2,3,NO INDICATION OF INJURY,0,0,7,4,41.7455595881,-87.6128622814
03/05/2026 03:45:00 PM,30,CLEAR,DAYLIGHT,REAR END,NOT DIVIDED,UNKNOWN,NO INJURY / DRIVE AWAY,DRIVING SKILLS/KNOWLEDGE/EXPERIENCE,2,3,NO INDICATION OF INJURY,0,0,15,5,41.7501917279,-87.6829967216
11/17/2021 07:50:00 PM,30,CLEAR,"DARKNESS, LIGHTED ROAD",TURNING,ONE-WAY,DRY,NO INJURY / DRIVE AWAY,NOT APPLICABLE,2,11,NO INDICATION OF INJURY,0,0,19,4,41.8807061647,-87.6248537969
07/06/2021 01:15:00 PM,30,CLEAR,DAYLIGHT,SIDESWIPE SAME DIRECTION,NOT DIVIDED,DRY,NO INJURY / DRIVE AWAY,NOT APPLICABLE,2,7,NO INDICATION OF INJURY,0,0,13,3,41.7713258652,-87.7227213773
02/19/2026 05:00:00 PM,30,CLEAR,DAYLIGHT,SIDESWIPE SAME DIRECTION,FOUR WAY,UNKNOWN,NO INJURY / DRIVE AWAY,NOT APPLICABLE,2,2,NO INDICATION OF INJURY,0,0,17,5,41.7646972538,-87.6734714312
11/01/2025 06:30:00 PM,30,CLEAR,DARKNESS,PARKED MOTOR VEHICLE,UNKNOWN,DRY,INJURY AND / OR TOW DUE TO CRASH,FOLLOWING TOO CLOSELY,2,11,NO INDICATION OF INJURY,0,0,18,7,41.734648982,-87.6092012587
12/07/2023 06:00:00 PM,30,CLEAR,"DARKNESS, LIGHTED ROAD",SIDESWIPE SAME DIRECTION,DIVIDED - W/MEDIAN (NOT RAISED),DRY,NO INJURY / DRIVE AWAY,FAILING TO YIELD RIGHT-OF-WAY,2,12,NO INDICATION OF INJURY,0,0,18,5,41.8808489882,-87.7248262437
06/01/2024 10:50:00 AM,30,RAIN,DAYLIGHT,SIDESWIPE SAME DIRECTION,NOT DIVIDED,WET,NO INJURY / DRIVE AWAY,FAILING TO YIELD RIGHT-OF-WAY,2,6,NO INDICATION OF INJURY,0,0,10,7,41.9313043115,-87.7553785094
09/01/2023 09:10:00 AM,25,CLEAR,DAYLIGHT,SIDESWIPE SAME DIRECTION,DIVIDED - W/MEDIAN (NOT RAISED),DRY,NO INJURY / DRIVE AWAY,FAILING TO YIELD RIGHT-OF-WAY,2,9,NO INDICATION OF INJURY,0,0,9,6,41.8517887524,-87.6957855852
04/06/2025 08:00:00 AM,30,CLEAR,DAYLIGHT,TURNING,OTHER,DRY,NO INJURY / DRIVE AWAY,FAILING TO YIELD RIGHT-OF-WAY,2,4,NO INDICATION OF INJURY,0,0,8,1,42.0080482451,-87.6738929379
06/06/2022 03:30:00 PM,30,CLEAR,DAYLIGHT,TURNING,FOUR WAY,DRY,NO INJURY / DRIVE AWAY,IMPROPER TURNING/NO SIGNAL,2,6,NO INDICATION OF INJURY,0,0,15,2,41.8377948997,-87.685148751
03/06/2025 01:24:00 PM,30,CLEAR,DAYLIGHT,TURNING,NOT DIVIDED,DRY,INJURY AND / OR TOW DUE TO CRASH,IMPROPER TURNING/NO SIGNAL,2,3,NONINCAPACITATING INJURY,1,0,13,5,41.7086988126,-87.6393838805
08/10/2023 08:32:00 PM,15,CLEAR,DAYLIGHT,ANGLE,ALLEY,DRY,NO INJURY / DRIVE AWAY,UNABLE TO DETERMINE,2,8,NO INDICATION OF INJURY,0,0,20,5,41.7993067498,-87.7428009616
12/11/2021 12:22:00 AM,30,RAIN,"DARKNESS, LIGHTED ROAD",ANGLE,FOUR WAY,WET,INJURY AND / OR TOW DUE TO CRASH,DISREGARDING TRAFFIC SIGNALS,2,12,NONINCAPACITATING INJURY,1,0,0,7,41.7071289311,-87.6349183071
10/06/2021 09:00:00 AM,10,CLEAR,DAYLIGHT,HEAD ON,ALLEY,DRY,INJURY AND / OR TOW DUE TO CRASH,UNABLE TO DETERMINE,2,10,NO INDICATION OF INJURY,0,0,9,4,41.7564242815,-87.6124823821
04/06/2026 05:51:00 AM,30,CLEAR,"DARKNESS, LIGHTED ROAD",PEDESTRIAN,DIVIDED - W/MEDIAN (NOT RAISED),DRY,INJURY AND / OR TOW DUE TO CRASH,UNABLE TO DETERMINE,2,4,NONINCAPACITATING INJURY,1,0,5,2,41.91682247,-87.7461730914
11/08/2021 06:40:00 PM,30,UNKNOWN,UNKNOWN,PARKED MOTOR VEHICLE,ONE-WAY,UNKNOWN,NO INJURY / DRIVE AWAY,UNABLE TO DETERMINE,3,11,NO INDICATION OF INJURY,0,0,18,2,41.9401999054,-87.7739710756
04/12/2022 06:15:00 PM,30,CLEAR,DAYLIGHT,SIDESWIPE SAME DIRECTION,NOT DIVIDED,DRY,INJURY AND / OR TOW DUE TO CRASH,UNABLE TO DETERMINE,2,4,NO INDICATION OF INJURY,0,0,18,3,41.7833392531,-87.6839004715
04/21/2023 01:45:00 PM,30,CLEAR,DAYLIGHT,TURNING,DIVIDED - W/MEDIAN (NOT RAISED),DRY,NO INJURY / DRIVE AWAY,UNABLE TO DETERMINE,2,4,NO INDICATION OF INJURY,0,0,13,6,41.9113023122,-87.6333004833
12/17/2024 12:50:00 PM,30,CLEAR,DAYLIGHT,PARKED MOTOR VEHICLE,NOT DIVIDED,DRY,NO INJURY / DRIVE AWAY,FOLLOWING TOO CLOSELY,2,12,NO INDICATION OF INJURY,0,0,12,3,41.7262876719,-87.6820853055
04/27/2024 05:00:00 PM,25,CLEAR,DARKNESS,PARKED MOTOR VEHICLE,ONE-WAY,DRY,NO INJURY / DRIVE AWAY,UNABLE TO DETERMINE,2,4,NO INDICATION OF INJURY,0,0,17,7,41.8353310674,-87.7205053519
03/01/2022 10:00:00 AM,30,CLEAR,DAYLIGHT,ANGLE,ONE-WAY,DRY,NO INJURY / DRIVE AWAY,FAILING TO YIELD RIGHT-OF-WAY,2,3,NO INDICATION OF INJURY,0,0,10,3,41.7779390004,-87.7125537772
04/17/2026 08:13:00 PM,30,UNKNOWN,DAYLIGHT,OTHER OBJECT,NOT DIVIDED,UNKNOWN,NO INJURY / DRIVE AWAY,"OPERATING VEHICLE IN ERRATIC, RECKLESS, CARELESS, NEGLIGENT OR AGGRESSIVE MANNER",1,4,NO INDICATION OF INJURY,0,0,20,6,41.8769903549,-87.7423839842
07/28/2023 11:30:00 PM,25,RAIN,DARKNESS,TURNING,NOT DIVIDED,WET,NO INJURY / DRIVE AWAY,UNABLE TO DETERMINE,2,7,NO INDICATION OF INJURY,0,0,23,6,41.8094587087,-87.7115605882
01/28/2026 01:55:00 PM,30,CLEAR,DAYLIGHT,SIDESWIPE SAME DIRECTION,NOT DIVIDED,DRY,NO INJURY / DRIVE AWAY,FAILING TO YIELD RIGHT-OF-WAY,2,1,NO INDICATION OF INJURY,0,0,13,4,41.7647270148,-87.6882014704
11/22/2021 03:15:00 PM,30,CLEAR,DAYLIGHT,ANGLE,NOT DIVIDED,DRY,NO INJURY / DRIVE AWAY,FAILING TO YIELD RIGHT-OF-WAY,2,11,NO INDICATION OF INJURY,0,0,15,2,41.9368615207,-87.7664980017
12/30/2023 05:28:00 PM,30,CLOUDY/OVERCAST,"DARKNESS, LIGHTED ROAD",PARKED MOTOR VEHICLE,NOT DIVIDED,UNKNOWN,NO INJURY / DRIVE AWAY,UNABLE TO DETERMINE,2,12,NO INDICATION OF INJURY,0,0,17,7,41.9021252838,-87.7742126566
09/10/2021 10:05:00 AM,30,CLEAR,DAYLIGHT,PEDALCYCLIST,NOT DIVIDED,UNKNOWN,INJURY AND / OR TOW DUE TO CRASH,UNABLE TO DETERMINE,2,9,NONINCAPACITATING INJURY,1,0,10,6,41.9687663388,-87.669343749
02/17/2022 04:05:00 PM,30,SNOW,DAYLIGHT,FIXED OBJECT,NOT DIVIDED,SNOW OR SLUSH,INJURY AND / OR TOW DUE TO CRASH,FAILING TO REDUCE SPEED TO AVOID CRASH,1,2,NO INDICATION OF INJURY,0,0,16,5,41.767699059,-87.7174609396
06/16/2025 03:00:00 PM,25,CLEAR,DAYLIGHT,PARKED MOTOR VEHICLE,NOT DIVIDED,DRY,NO INJURY / DRIVE AWAY,UNABLE TO DETERMINE,2,6,NO INDICATION OF INJURY,0,0,15,2,41.8304513224,-87.6206850743
09/30/2023 06:05:00 PM,30,CLEAR,DAYLIGHT,ANGLE,NOT DIVIDED,DRY,NO INJURY / DRIVE AWAY,UNABLE TO DETERMINE,2,9,NO INDICATION OF INJURY,0,0,18,7,41.910438429,-87.686739096
03/20/2024 02:22:00 PM,30,CLEAR,DAYLIGHT,REAR END,DIVIDED - W/MEDIAN (NOT RAISED),DRY,INJURY AND / OR TOW DUE TO CRASH,FAILING TO REDUCE SPEED TO AVOID CRASH,2,3,NO INDICATION OF INJURY,0,0,14,4,41.8995274608,-87.6329464841
07/04/2021 03:00:00 PM,30,CLEAR,UNKNOWN,PARKED MOTOR VEHICLE,NOT DIVIDED,DRY,INJURY AND / OR TOW DUE TO CRASH,UNABLE TO DETERMINE,2,7,NO INDICATION OF INJURY,0,0,15,1,41.9626982061,-87.7671667294
03/25/2025 07:00:00 PM,30,CLEAR,DARKNESS,PARKED MOTOR VEHICLE,ONE-WAY,UNKNOWN,NO INJURY / DRIVE AWAY,UNABLE TO DETERMINE,2,3,NO INDICATION OF INJURY,0,0,19,3,41.9530182438,-87.7017315841
02/20/2021 11:50:00 AM,30,OTHER,DAYLIGHT,REAR END,NOT DIVIDED,DRY,INJURY AND / OR TOW DUE TO CRASH,DISTRACTION - FROM INSIDE VEHICLE,2,2,INCAPACITATING INJURY,1,0,11,7,41.8507948688,-87.7252432703
05/01/2023 04:44:00 PM,30,RAIN,DAYLIGHT,TURNING,NOT DIVIDED,WET,INJURY AND / OR TOW DUE TO CRASH,UNABLE TO DETERMINE,2,5,NONINCAPACITATING INJURY,2,0,16,2,41.7260228502,-87.5755902772
03/05/2025 10:50:00 PM,30,CLEAR,"DARKNESS, LIGHTED ROAD",SIDESWIPE SAME DIRECTION,ONE-WAY,DRY,NO INJURY / DRIVE AWAY,IMPROPER OVERTAKING/PASSING,2,3,NO INDICATION OF INJURY,0,0,22,4,41.8665599794,-87.7014030158
04/07/2025 06:35:00 PM,30,CLEAR,DAYLIGHT,REAR END,NOT DIVIDED,DRY,INJURY AND / OR TOW DUE TO CRASH,FOLLOWING TOO CLOSELY,2,4,"REPORTED, NOT EVIDENT",1,0,18,2,41.9927711295,-87.6604997526
07/02/2026 05:55:00 AM,30,CLEAR,DAYLIGHT,ANGLE,FOUR WAY,DRY,INJURY AND / OR TOW DUE TO CRASH,UNABLE TO DETERMINE,2,7,NO INDICATION OF INJURY,0,0,5,5,41.7499441365,-87.7040992098
03/09/2025 05:02:00 PM,30,CLEAR,DAYLIGHT,FIXED OBJECT,"FIVE POINT, OR MORE",DRY,NO INJURY / DRIVE AWAY,UNABLE TO DETERMINE,1,3,NO INDICATION OF INJURY,0,0,17,1,41.9541246748,-87.6788974772
09/08/2023 06:54:00 PM,40,CLEAR,DUSK,REAR END,DIVIDED - W/MEDIAN BARRIER,WET,INJURY AND / OR TOW DUE TO CRASH,FAILING TO REDUCE SPEED TO AVOID CRASH,3,9,NO INDICATION OF INJURY,0,0,18,6,41.8757562552,-87.6175156798
06/15/2022 04:57:00 AM,30,CLEAR,DAYLIGHT,HEAD ON,DIVIDED - W/MEDIAN (NOT RAISED),DRY,INJURY AND / OR TOW DUE TO CRASH,PHYSICAL CONDITION OF DRIVER,2,6,NONINCAPACITATING INJURY,1,0,4,4,41.8424178975,-87.6851686905
06/24/2025 12:59:00 AM,30,CLEAR,"DARKNESS, LIGHTED ROAD",ANGLE,FOUR WAY,DRY,INJURY AND / OR TOW DUE TO CRASH,DRIVING SKILLS/KNOWLEDGE/EXPERIENCE,2,6,NO INDICATION OF INJURY,0,0,0,3,41.9191027583,-87.7266781466
10/01/2021 04:00:00 PM,30,CLEAR,DAYLIGHT,SIDESWIPE SAME DIRECTION,NOT DIVIDED,DRY,NO INJURY / DRIVE AWAY,FAILING TO YIELD RIGHT-OF-WAY,2,10,NO INDICATION OF INJURY,0,0,16,6,41.6881383678,-87.5399531471
07/23/2025 05:09:00 PM,30,CLEAR,DAYLIGHT,REAR TO SIDE,ONE-WAY,DRY,INJURY AND / OR TOW DUE TO CRASH,FAILING TO REDUCE SPEED TO AVOID CRASH,2,7,NO INDICATION OF INJURY,0,0,17,4,42.0127539445,-87.6887545537
02/27/2024 05:16:00 PM,30,CLEAR,DAYLIGHT,REAR END,DIVIDED - W/MEDIAN (NOT RAISED),DRY,NO INJURY / DRIVE AWAY,FOLLOWING TOO CLOSELY,2,2,NO INDICATION OF INJURY,0,0,17,3,41.866428168,-87.6662364768
01/24/2025 05:46:00 PM,25,CLEAR,"DARKNESS, LIGHTED ROAD",SIDESWIPE SAME DIRECTION,NOT DIVIDED,DRY,NO INJURY / DRIVE AWAY,IMPROPER OVERTAKING/PASSING,2,1,NO INDICATION OF INJURY,0,0,17,6,41.9315732915,-87.6491188506
03/31/2025 04:52:00 PM,30,CLEAR,DAYLIGHT,ANGLE,NOT DIVIDED,DRY,INJURY AND / OR TOW DUE TO CRASH,UNABLE TO DETERMINE,2,3,NONINCAPACITATING INJURY,1,0,16,2,41.9973882526,-87.7032305304
05/27/2024 10:45:00 PM,30,CLEAR,"DARKNESS, LIGHTED ROAD",SIDESWIPE SAME DIRECTION,NOT DIVIDED,DRY,NO INJURY / DRIVE AWAY,UNABLE TO DETERMINE,2,5,NO INDICATION OF INJURY,0,0,22,2,41.7961975914,-87.7233918834
08/28/2023 09:50:00 AM,30,CLEAR,DAYLIGHT,REAR END,DIVIDED - W/MEDIAN BARRIER,DRY,INJURY AND / OR TOW DUE TO CRASH,UNABLE TO DETERMINE,2,8,"REPORTED, NOT EVIDENT",2,0,9,2,41.756995183,-87.5855441023
10/06/2025 01:25:00 PM,25,CLEAR,DAYLIGHT,SIDESWIPE SAME DIRECTION,NOT DIVIDED,DRY,NO INJURY / DRIVE AWAY,UNABLE TO DETERMINE,2,10,NO INDICATION OF INJURY,0,0,13,2,41.7884805908,-87.7158236749
12/05/2022 10:20:00 AM,35,CLEAR,DAYLIGHT,REAR END,DIVIDED - W/MEDIAN BARRIER,DRY,NO INJURY / DRIVE AWAY,FOLLOWING TOO CLOSELY,2,12,NO INDICATION OF INJURY,0,0,10,2,41.9800253453,-87.8364344563
07/17/2024 06:52:00 AM,35,CLEAR,DAYLIGHT,TURNING,FOUR WAY,DRY,NO INJURY / DRIVE AWAY,DISREGARDING TRAFFIC SIGNALS,2,7,NO INDICATION OF INJURY,0,0,6,4,41.6619488873,-87.6412311442
02/22/2023 02:30:00 PM,30,RAIN,DAYLIGHT,REAR END,DIVIDED - W/MEDIAN (NOT RAISED),WET,INJURY AND / OR TOW DUE TO CRASH,FOLLOWING TOO CLOSELY,2,2,"REPORTED, NOT EVIDENT",2,0,14,4,41.8629649399,-87.7151977279
06/18/2025 11:45:00 AM,30,RAIN,DAYLIGHT,TURNING,NOT DIVIDED,WET,INJURY AND / OR TOW DUE TO CRASH,FAILING TO YIELD RIGHT-OF-WAY,2,6,NO INDICATION OF INJURY,0,0,11,4,42.0009449776,-87.8069051096
08/16/2024 01:48:00 PM,35,CLEAR,DAYLIGHT,PEDESTRIAN,CENTER TURN LANE,DRY,INJURY AND / OR TOW DUE TO CRASH,UNABLE TO DETERMINE,2,8,INCAPACITATING INJURY,1,0,13,6,41.7213088303,-87.6625400064
01/13/2024 03:30:00 PM,30,CLEAR,DAYLIGHT,ANGLE,FOUR WAY,SNOW OR SLUSH,NO INJURY / DRIVE AWAY,DISREGARDING OTHER TRAFFIC SIGNS,2,1,NO INDICATION OF INJURY,0,0,15,7,41.8695873951,-87.6436639606
08/23/2023 07:00:00 PM,30,CLEAR,DUSK,PARKED MOTOR VEHICLE,NOT DIVIDED,DRY,NO INJURY / DRIVE AWAY,UNABLE TO DETERMINE,2,8,NO INDICATION OF INJURY,0,0,19,4,41.9469470653,-87.6646612707
07/11/2022 10:00:00 AM,30,CLOUDY/OVERCAST,DAYLIGHT,PARKED MOTOR VEHICLE,NOT DIVIDED,DRY,NO INJURY / DRIVE AWAY,UNABLE TO DETERMINE,2,7,NO INDICATION OF INJURY,0,0,10,2,41.8483346829,-87.6337454126
05/30/2025 07:59:00 PM,30,CLEAR,DAYLIGHT,ANGLE,FOUR WAY,DRY,INJURY AND / OR TOW DUE TO CRASH,DISREGARDING STOP SIGN,2,5,NONINCAPACITATING INJURY,2,0,19,6,41.706714203,-87.653813468
04/26/2026 02:33:00 AM,35,CLEAR,DARKNESS,FIXED OBJECT,DIVIDED - W/MEDIAN (NOT RAISED),DRY,INJURY AND / OR TOW DUE TO CRASH,NOT APPLICABLE,1,4,NONINCAPACITATING INJURY,1,0,2,1,41.658117628,-87.6410991825
11/08/2022 07:02:00 PM,30,CLEAR,"DARKNESS, LIGHTED ROAD",TURNING,DIVIDED - W/MEDIAN (NOT RAISED),DRY,INJURY AND / OR TOW DUE TO CRASH,UNABLE TO DETERMINE,2,11,NO INDICATION OF INJURY,0,0,19,3,41.9752580953,-87.7519905572
10/09/2025 06:10:00 AM,30,CLEAR,DAYLIGHT,SIDESWIPE SAME DIRECTION,ONE-WAY,DRY,NO INJURY / DRIVE AWAY,UNABLE TO DETERMINE,2,10,NO INDICATION OF INJURY,0,0,6,5,41.7555019444,-87.5638185121
05/11/2024 08:20:00 PM,30,CLEAR,"DARKNESS, LIGHTED ROAD",SIDESWIPE SAME DIRECTION,NOT DIVIDED,DRY,NO INJURY / DRIVE AWAY,UNABLE TO DETERMINE,2,5,NO INDICATION OF INJURY,0,0,20,7,41.9099153282,-87.714045329
08/27/2021 07:54:00 PM,30,CLEAR,"DARKNESS, LIGHTED ROAD",SIDESWIPE SAME DIRECTION,NOT DIVIDED,DRY,INJURY AND / OR TOW DUE TO CRASH,IMPROPER OVERTAKING/PASSING,2,8,"REPORTED, NOT EVIDENT",1,0,19,6,41.8807566347,-87.6241898577
07/21/2025 04:30:00 PM,30,CLEAR,DAYLIGHT,PARKED MOTOR VEHICLE,NOT DIVIDED,DRY,NO INJURY / DRIVE AWAY,FAILING TO REDUCE SPEED TO AVOID CRASH,2,7,NO INDICATION OF INJURY,0,0,16,2,41.9320249201,-87.6921690444
10/15/2022 02:30:00 AM,30,CLEAR,"DARKNESS, LIGHTED ROAD",PARKED MOTOR VEHICLE,NOT DIVIDED,DRY,INJURY AND / OR TOW DUE TO CRASH,FAILING TO REDUCE SPEED TO AVOID CRASH,6,10,NO INDICATION OF INJURY,0,0,2,7,41.9622345821,-87.7179216357
11/05/2025 03:40:00 PM,30,CLEAR,DAYLIGHT,SIDESWIPE SAME DIRECTION,DIVIDED - W/MEDIAN (NOT RAISED),UNKNOWN,NO INJURY / DRIVE AWAY,FAILING TO YIELD RIGHT-OF-WAY,2,11,NO INDICATION OF INJURY,0,0,15,4,41.6881373223,-87.5402460226
08/29/2022 09:00:00 AM,30,CLEAR,DAYLIGHT,ANGLE,DIVIDED - W/MEDIAN (NOT RAISED),DRY,INJURY AND / OR TOW DUE TO CRASH,FAILING TO YIELD RIGHT-OF-WAY,2,8,"REPORTED, NOT EVIDENT",2,0,9,2,41.788264057,-87.6840280022
12/25/2024 09:00:00 PM,25,UNKNOWN,UNKNOWN,PARKED MOTOR VEHICLE,ONE-WAY,UNKNOWN,NO INJURY / DRIVE AWAY,UNABLE TO DETERMINE,2,12,NO INDICATION OF INJURY,0,0,21,4,41.8857392607,-87.7710812925
01/27/2025 07:30:00 PM,30,CLEAR,DARKNESS,TURNING,FOUR WAY,DRY,INJURY AND / OR TOW DUE TO CRASH,IMPROPER TURNING/NO SIGNAL,2,1,NONINCAPACITATING INJURY,1,0,19,2,41.902823718,-87.7212934973
06/16/2023 09:40:00 AM,30,CLEAR,DAYLIGHT,ANGLE,FOUR WAY,DRY,NO INJURY / DRIVE AWAY,UNABLE TO DETERMINE,2,6,NO INDICATION OF INJURY,0,0,9,6,41.9093670517,-87.7577132775
04/07/2021 06:13:00 PM,25,CLEAR,DAYLIGHT,SIDESWIPE SAME DIRECTION,ONE-WAY,DRY,NO INJURY / DRIVE AWAY,IMPROPER LANE USAGE,2,4,NO INDICATION OF INJURY,0,0,18,4,41.6986276277,-87.5280367531
10/05/2022 04:15:00 PM,30,CLEAR,DAYLIGHT,PARKED MOTOR VEHICLE,DIVIDED - W/MEDIAN (NOT RAISED),DRY,NO INJURY / DRIVE AWAY,UNABLE TO DETERMINE,2,10,NO INDICATION OF INJURY,0,0,16,4,41.8947633648,-87.762891862
06/06/2023 01:58:00 AM,30,CLEAR,"DARKNESS, LIGHTED ROAD",REAR END,PARKING LOT,DRY,NO INJURY / DRIVE AWAY,"OPERATING VEHICLE IN ERRATIC, RECKLESS, CARELESS, NEGLIGENT OR AGGRESSIVE MANNER",2,6,NO INDICATION OF INJURY,0,0,1,3,41.9387328914,-87.7628853223
04/11/2022 04:10:00 PM,30,CLEAR,DAYLIGHT,REAR END,NOT DIVIDED,DRY,NO INJURY / DRIVE AWAY,UNABLE TO DETERMINE,2,4,NO INDICATION OF INJURY,0,0,16,2,41.8924213661,-87.6282348711
02/01/2025 11:30:00 PM,30,CLEAR,"DARKNESS, LIGHTED ROAD",PARKED MOTOR VEHICLE,NOT DIVIDED,OTHER,NO INJURY / DRIVE AWAY,UNABLE TO DETERMINE,2,2,NO INDICATION OF INJURY,0,0,23,7,41.9707587278,-87.7631471761
11/24/2025 10:30:00 AM,25,CLEAR,DAYLIGHT,PARKED MOTOR VEHICLE,ONE-WAY,DRY,NO INJURY / DRIVE AWAY,DRIVING SKILLS/KNOWLEDGE/EXPERIENCE,2,11,NO INDICATION OF INJURY,0,0,10,2,41.775740014,-87.6047537501
04/11/2022 11:30:00 AM,20,CLEAR,DAYLIGHT,ANGLE,DIVIDED - W/MEDIAN (NOT RAISED),DRY,NO INJURY / DRIVE AWAY,UNABLE TO DETERMINE,2,4,NO INDICATION OF INJURY,0,0,11,2,41.8806340554,-87.7429547312