CRASH_DATE,POSTED_SPEED_LIMIT,WEATHER_CONDITION,LIGHTING_CONDITION,FIRST_CRASH_TYPE,TRAFFICWAY_TYPE,ROADWAY_SURFACE_COND,CRASH_TYPE,PRIM_CONTRIBUTORY_CAUSE,NUM_UNITS,CRASH_MONTH,MOST_SEVERE_INJURY,INJURIES_TOTAL,INJURIES_FATAL,CRASH_HOUR,CRASH_DAY_OF_WEEK,LATITUDE,LONGITUDE
06/17/2022 02:00:00 PM,30,CLEAR,DAYLIGHT,PARKED MOTOR VEHICLE,UNKNOWN,DRY,NO INJURY / DRIVE AWAY,UNABLE TO DETERMINE,2,6,NO INDICATION OF INJURY,0,0,14,6,41.813852386,-87.5992048173
01/20/2023 01:40:00 PM,30,CLEAR,DAYLIGHT,REAR TO FRONT,UNKNOWN,DRY,NO INJURY / DRIVE AWAY,UNABLE TO DETERMINE,2,1,NO INDICATION OF INJURY,0,0,13,6,41.7962348752,-87.6304049244
04/07/2024 07:10:00 AM,30,CLEAR,DAYLIGHT,PARKED MOTOR VEHICLE,NOT DIVIDED,DRY,INJURY AND / OR TOW DUE TO CRASH,NOT APPLICABLE,3,4,NONINCAPACITATING INJURY,1,0,7,1,41.7560185031,-87.6576525695
06/08/2021 05:30:00 PM,30,CLEAR,DAYLIGHT,REAR END,DIVIDED - W/MEDIAN (NOT RAISED),DRY,NO INJURY / DRIVE AWAY,FAILING TO YIELD RIGHT-OF-WAY,2,6,NO INDICATION OF INJURY,0,0,17,3,41.6849587274,-87.6431718917
02/07/2026 01:20:00 PM,30,CLEAR,DAYLIGHT,REAR END,NOT DIVIDED,DRY,NO INJURY / DRIVE AWAY,FOLLOWING TOO CLOSELY,2,2,NO INDICATION OF INJURY,0,0,13,7,41.7505335518,-87.683007262
06/02/2024 01:00:00 PM,30,CLEAR,DAYLIGHT,OTHER OBJECT,NOT DIVIDED,DRY,NO INJURY / DRIVE AWAY,ROAD ENGINEERING/SURFACE/MARKING DEFECTS,1,6,NO INDICATION OF INJURY,0,0,13,1,41.9354379672,-87.6683590387
01/22/2023 07:41:00 PM,35,FREEZING RAIN/DRIZZLE,"DARKNESS, LIGHTED ROAD",FIXED OBJECT,DIVIDED - W/MEDIAN BARRIER,WET,INJURY AND / OR TOW DUE TO CRASH,UNABLE TO DETERMINE,1,1,NONINCAPACITATING INJURY,1,0,19,1,41.7806910788,-87.5901288168
08/25/2022 03:25:00 PM,10,CLEAR,DAYLIGHT,PARKED MOTOR VEHICLE,PARKING LOT,DRY,NO INJURY / DRIVE AWAY,DRIVING SKILLS/KNOWLEDGE/EXPERIENCE,2,8,NO INDICATION OF INJURY,0,0,15,5,41.8037547907,-87.5903839454
09/02/2022 10:40:00 AM,30,CLEAR,DAYLIGHT,PEDESTRIAN,FOUR WAY,DRY,INJURY AND / OR TOW DUE TO CRASH,DISREGARDING TRAFFIC SIGNALS,2,9,INCAPACITATING INJURY,1,0,10,6,41.8518245012,-87.6930498825
04/19/2023 10:50:00 AM,30,CLEAR,DAYLIGHT,SIDESWIPE SAME DIRECTION,NOT DIVIDED,DRY,NO INJURY / DRIVE AWAY,FAILING TO YIELD RIGHT-OF-WAY,2,4,NO INDICATION OF INJURY,0,0,10,4,41.9182683367,-87.6498732432
06/06/2021 06:55:00 AM,30,CLEAR,DAYLIGHT,PARKED MOTOR VEHICLE,OTHER,DRY,NO INJURY / DRIVE AWAY,IMPROPER BACKING,4,6,NO INDICATION OF INJURY,0,0,6,1,41.8854036551,-87.7732488774
09/05/2023 05:50:00 AM,30,CLEAR,DAYLIGHT,ANGLE,FOUR WAY,DRY,INJURY AND / OR TOW DUE TO CRASH,FAILING TO REDUCE SPEED TO AVOID CRASH,2,9,"REPORTED, NOT EVIDENT",1,0,5,3,41.9972133722,-87.762117518
02/28/2025 06:49:00 PM,35,CLEAR,DARKNESS,REAR END,NOT DIVIDED,DRY,NO INJURY / DRIVE AWAY,FOLLOWING TOO CLOSELY,2,2,NO INDICATION OF INJURY,0,0,18,6,41.8607896701,-87.7248666107
02/03/2026 09:07:00 AM,30,CLEAR,DAYLIGHT,SIDESWIPE SAME DIRECTION,DIVIDED - W/MEDIAN (NOT RAISED),DRY,INJURY AND / OR TOW DUE TO CRASH,IMPROPER OVERTAKING/PASSING,2,2,NONINCAPACITATING INJURY,1,0,9,3,41.7215707064,-87.6238733539
08/29/2025 09:15:00 AM,30,CLEAR,DAYLIGHT,PARKED MOTOR VEHICLE,NOT DIVIDED,DRY,NO INJURY / DRIVE AWAY,UNABLE TO DETERMINE,2,8,NO INDICATION OF INJURY,0,0,9,6,41.9490500126,-87.6605826415
01/01/2026 02:22:00 PM,25,CLOUDY/OVERCAST,DAYLIGHT,PARKED MOTOR VEHICLE,ONE-WAY,ICE,INJURY AND / OR TOW DUE TO CRASH,NOT APPLICABLE,3,1,NO INDICATION OF INJURY,0,0,14,5,41.7613647866,-87.6201379045
05/05/2022 10:00:00 AM,30,CLEAR,DAYLIGHT,SIDESWIPE SAME DIRECTION,NOT DIVIDED,UNKNOWN,NO INJURY / DRIVE AWAY,UNABLE TO DETERMINE,2,5,NO INDICATION OF INJURY,0,0,10,5,41.7727209126,-87.62298063
12/22/2022 09:00:00 PM,30,SNOW,"DARKNESS, LIGHTED ROAD",REAR END,NOT DIVIDED,SNOW OR SLUSH,NO INJURY / DRIVE AWAY,NOT APPLICABLE,2,12,NO INDICATION OF INJURY,0,0,21,5,41.8521276608,-87.6759854491
06/01/2023 12:00:00 PM,30,CLEAR,DAYLIGHT,TURNING,FOUR WAY,DRY,NO INJURY / DRIVE AWAY,DRIVING SKILLS/KNOWLEDGE/EXPERIENCE,2,6,NO INDICATION OF INJURY,0,0,12,5,41.8924518014,-87.622566449
05/19/2025 07:35:00 AM,30,CLEAR,DAYLIGHT,TURNING,FOUR WAY,DRY,INJURY AND / OR TOW DUE TO CRASH,FAILING TO YIELD RIGHT-OF-WAY,2,5,NO INDICATION OF INJURY,0,0,7,2,41.8008242048,-87.7112476266
11/13/2024 03:52:00 PM,30,CLOUDY/OVERCAST,DAYLIGHT,ANGLE,NOT DIVIDED,DRY,INJURY AND / OR TOW DUE TO CRASH,FAILING TO YIELD RIGHT-OF-WAY,4,11,"REPORTED, NOT EVIDENT",2,0,15,4,41.792684881,-87.7330976706
07/09/2025 12:20:00 PM,30,CLEAR,DAYLIGHT,PARKED MOTOR VEHICLE,DIVIDED - W/MEDIAN (NOT RAISED),DRY,NO INJURY / DRIVE AWAY,UNABLE TO DETERMINE,2,7,NO INDICATION OF INJURY,0,0,12,4,41.8637343909,-87.67631269
12/09/2022 02:55:00 PM,30,RAIN,DUSK,TURNING,FOUR WAY,WET,INJURY AND / OR TOW DUE TO CRASH,FAILING TO YIELD RIGHT-OF-WAY,2,12,NO INDICATION OF INJURY,0,0,14,6,41.9904330857,-87.7139256633
10/30/2022 03:45:00 PM,30,CLEAR,DAYLIGHT,PARKED MOTOR VEHICLE,OTHER,DRY,NO INJURY / DRIVE AWAY,DRIVING SKILLS/KNOWLEDGE/EXPERIENCE,2,10,NO INDICATION OF INJURY,0,0,15,1,41.7803408752,-87.726617466
03/30/2026 10:00:00 AM,30,CLEAR,DAYLIGHT,REAR END,T-INTERSECTION,UNKNOWN,NO INJURY / DRIVE AWAY,DRIVING SKILLS/KNOWLEDGE/EXPERIENCE,2,3,NO INDICATION OF INJURY,0,0,10,2,41.912793335,-87.633658093
01/15/2024 02:00:00 PM,30,CLEAR,DAYLIGHT,REAR END,NOT DIVIDED,DRY,NO INJURY / DRIVE AWAY,FOLLOWING TOO CLOSELY,2,1,NO INDICATION OF INJURY,0,0,14,2,41.9255231509,-87.6513077556
12/11/2025 06:18:00 PM,30,CLEAR,"DARKNESS, LIGHTED ROAD",REAR TO FRONT,PARKING LOT,DRY,NO INJURY / DRIVE AWAY,IMPROPER BACKING,2,12,NO INDICATION OF INJURY,0,0,18,5,41.7301357992,-87.5552565298
09/26/2024 04:47:00 AM,30,CLEAR,"DARKNESS, LIGHTED ROAD",ANGLE,NOT REPORTED,DRY,NO INJURY / DRIVE AWAY,DISREGARDING TRAFFIC SIGNALS,2,9,NO INDICATION OF INJURY,0,0,4,5,41.875658543,-87.6244049409
12/19/2022 03:40:00 PM,30,CLEAR,DAYLIGHT,TURNING,NOT DIVIDED,DRY,NO INJURY / DRIVE AWAY,IMPROPER TURNING/NO SIGNAL,2,12,NO INDICATION OF INJURY,0,0,15,2,41.7569611635,-87.5966889535
01/04/2026 07:35:00 PM,30,CLEAR,"DARKNESS, LIGHTED ROAD",FIXED OBJECT,NOT DIVIDED,DRY,NO INJURY / DRIVE AWAY,UNABLE TO DETERMINE,1,1,NO INDICATION OF INJURY,0,0,19,1,41.9754916774,-87.7134095457
02/02/2026 04:58:00 AM,30,CLEAR,"DARKNESS, LIGHTED ROAD",FIXED OBJECT,NOT DIVIDED,DRY,INJURY AND / OR TOW DUE TO CRASH,UNABLE TO DETERMINE,1,2,NO INDICATION OF INJURY,0,0,4,2,41.7800118254,-87.6203072301
09/11/2022 02:29:00 AM,40,CLEAR,"DARKNESS, LIGHTED ROAD",HEAD ON,DIVIDED - W/MEDIAN BARRIER,DRY,INJURY AND / OR TOW DUE TO CRASH,DRIVING ON WRONG SIDE/WRONG WAY,2,9,FATAL,2,2,2,1,41.9184162335,-87.6292248208
05/06/2025 09:00:00 AM,30,CLEAR,DAYLIGHT,PEDALCYCLIST,T-INTERSECTION,DRY,INJURY AND / OR TOW DUE TO CRASH,UNABLE TO DETERMINE,2,5,NONINCAPACITATING INJURY,1,0,9,3,41.7916513889,-87.5884322422
11/23/2025 03:50:00 PM,25,CLEAR,DAYLIGHT,SIDESWIPE SAME DIRECTION,Y-INTERSECTION,DRY,NO INJURY / DRIVE AWAY,UNABLE TO DETERMINE,2,11,NO INDICATION OF INJURY,0,0,15,1,41.837747146,-87.6671976459
11/13/2021 07:00:00 PM,30,OTHER,UNKNOWN,FIXED OBJECT,OTHER,OTHER,INJURY AND / OR TOW DUE TO CRASH,NOT APPLICABLE,1,11,"REPORTED, NOT EVIDENT",2,0,19,7,41.8764609273,-87.6667076507
05/13/2022 04:31:00 PM,30,CLEAR,DAYLIGHT,REAR END,NOT DIVIDED,DRY,NO INJURY / DRIVE AWAY,UNABLE TO DETERMINE,2,5,NO INDICATION OF INJURY,0,0,16,6,41.9095168462,-87.7460483997
07/25/2022 10:57:00 PM,30,CLEAR,"DARKNESS, LIGHTED ROAD",SIDESWIPE SAME DIRECTION,ONE-WAY,DRY,INJURY AND / OR TOW DUE TO CRASH,UNABLE TO DETERMINE,2,7,INCAPACITATING INJURY,1,0,22,2,41.792545917,-87.6209375109
08/06/2022 01:00:00 AM,30,CLEAR,"DARKNESS, LIGHTED ROAD",ANGLE,DIVIDED - W/MEDIAN (NOT RAISED),DRY,INJURY AND / OR TOW DUE TO CRASH,FAILING TO YIELD RIGHT-OF-WAY,2,8,NONINCAPACITATING INJURY,1,0,1,7,41.8077315262,-87.7237284972
05/12/2022 07:00:00 PM,15,CLEAR,DAYLIGHT,FIXED OBJECT,ALLEY,DRY,NO INJURY / DRIVE AWAY,UNABLE TO DETERMINE,2,5,NO INDICATION OF INJURY,0,0,19,5,41.7814603971,-87.7119560624
02/12/2021 07:45:00 PM,35,SNOW,"DARKNESS, LIGHTED ROAD",FIXED OBJECT,FOUR WAY,SNOW OR SLUSH,INJURY AND / OR TOW DUE TO CRASH,FAILING TO REDUCE SPEED TO AVOID CRASH,1,2,NO INDICATION OF INJURY,0,0,19,6,41.8770773752,-87.7352290762
05/23/2023 01:29:00 AM,15,CLEAR,"DARKNESS, LIGHTED ROAD",FIXED OBJECT,ALLEY,DRY,INJURY AND / OR TOW DUE TO CRASH,UNABLE TO DETERMINE,1,5,NO INDICATION OF INJURY,0,0,1,3,41.8889938108,-87.7622461744
08/23/2023 06:45:00 AM,30,UNKNOWN,UNKNOWN,PARKED MOTOR VEHICLE,NOT DIVIDED,UNKNOWN,NO INJURY / DRIVE AWAY,UNABLE TO DETERMINE,2,8,NO INDICATION OF INJURY,0,0,6,4,41.9623547383,-87.65248807
10/27/2024 06:09:00 PM,30,CLEAR,DUSK,SIDESWIPE OPPOSITE DIRECTION,NOT DIVIDED,DRY,INJURY AND / OR TOW DUE TO CRASH,FAILING TO YIELD RIGHT-OF-WAY,2,10,NO INDICATION OF INJURY,0,0,18,1,41.8767771609,-87.7543443059
04/10/2024 03:10:00 PM,20,CLEAR,DAYLIGHT,PARKED MOTOR VEHICLE,NOT DIVIDED,DRY,NO INJURY / DRIVE AWAY,NOT APPLICABLE,2,4,NO INDICATION OF INJURY,0,0,15,4,41.8777286868,-87.6644707083
12/18/2021 08:33:00 PM,30,CLEAR,"DARKNESS, LIGHTED ROAD",ANGLE,NOT REPORTED,DRY,INJURY AND / OR TOW DUE TO CRASH,FAILING TO YIELD RIGHT-OF-WAY,2,12,NO INDICATION OF INJURY,0,0,20,7,41.8110070469,-87.6230291092
03/18/2023 03:45:00 PM,30,CLEAR,DAYLIGHT,PARKED MOTOR VEHICLE,NOT DIVIDED,DRY,NO INJURY / DRIVE AWAY,DRIVING SKILLS/KNOWLEDGE/EXPERIENCE,2,3,NO INDICATION OF INJURY,0,0,15,7,41.7484860463,-87.6591853358
04/02/2023 06:00:00 PM,10,CLEAR,DAYLIGHT,REAR END,PARKING LOT,DRY,NO INJURY / DRIVE AWAY,UNABLE TO DETERMINE,2,4,NO INDICATION OF INJURY,0,0,18,1,41.7575131975,-87.5862559394
07/16/2025 10:26:00 AM,30,CLEAR,DAYLIGHT,REAR END,NOT DIVIDED,DRY,INJURY AND / OR TOW DUE TO CRASH,FOLLOWING TOO CLOSELY,3,7,"REPORTED, NOT EVIDENT",1,0,10,4,41.9207718215,-87.8060055281
05/18/2021 12:01:00 AM,30,UNKNOWN,UNKNOWN,PARKED MOTOR VEHICLE,ONE-WAY,UNKNOWN,INJURY AND / OR TOW DUE TO CRASH,UNABLE TO DETERMINE,2,5,NO INDICATION OF INJURY,0,0,0,3,41.9021469056,-87.6687508346
12/18/2022 09:00:00 PM,30,UNKNOWN,"DARKNESS, LIGHTED ROAD",PARKED MOTOR VEHICLE,ONE-WAY,UNKNOWN,NO INJURY / DRIVE AWAY,UNABLE TO DETERMINE,2,12,NO INDICATION OF INJURY,0,0,21,1,41.8127315319,-87.6981675535
08/03/2023 09:27:00 PM,30,CLEAR,"DARKNESS, LIGHTED ROAD",SIDESWIPE SAME DIRECTION,DIVIDED - W/MEDIAN (NOT RAISED),DRY,NO INJURY / DRIVE AWAY,IMPROPER OVERTAKING/PASSING,2,8,NO INDICATION OF INJURY,0,0,21,5,41.997838114,-87.6899485368
11/20/2022 02:30:00 PM,30,CLEAR,DAYLIGHT,PARKED MOTOR VEHICLE,NOT DIVIDED,DRY,NO INJURY / DRIVE AWAY,DRIVING SKILLS/KNOWLEDGE/EXPERIENCE,2,11,NO INDICATION OF INJURY,0,0,14,1,41.8854443881,-87.6325821348
06/07/2024 04:12:00 PM,10,CLEAR,DAYLIGHT,ANGLE,PARKING LOT,DRY,NO INJURY / DRIVE AWAY,UNABLE TO DETERMINE,2,6,NO INDICATION OF INJURY,0,0,16,6,42.0119798793,-87.7085338515
04/19/2022 06:28:00 PM,30,CLEAR,DAYLIGHT,ANGLE,NOT DIVIDED,DRY,NO INJURY / DRIVE AWAY,DISREGARDING STOP SIGN,2,4,NO INDICATION OF INJURY,0,0,18,3,41.7587453083,-87.5554238946
01/20/2026 02:30:00 PM,30,CLEAR,DAYLIGHT,ANGLE,NOT DIVIDED,DRY,NO INJURY / DRIVE AWAY,UNABLE TO DETERMINE,2,1,NO INDICATION OF INJURY,0,0,14,3,41.9574068912,-87.7131691561
05/04/2024 05:38:00 PM,30,CLEAR,DAYLIGHT,TURNING,NOT DIVIDED,DRY,NO INJURY / DRIVE AWAY,NOT APPLICABLE,2,5,NO INDICATION OF INJURY,0,0,17,7,41.8987241672,-87.7528678537
02/02/2025 08:00:00 AM,30,UNKNOWN,UNKNOWN,PARKED MOTOR VEHICLE,UNKNOWN,UNKNOWN,NO INJURY / DRIVE AWAY,UNABLE TO DETERMINE,2,2,NO INDICATION OF INJURY,0,0,8,1,41.9389201296,-87.7481480474
02/06/2026 03:36:00 PM,30,CLEAR,DAYLIGHT,REAR END,NOT DIVIDED,DRY,INJURY AND / OR TOW DUE TO CRASH,FAILING TO REDUCE SPEED TO AVOID CRASH,2,2,"REPORTED, NOT EVIDENT",1,0,15,6,41.9032612116,-87.7559439851
04/26/2023 10:20:00 AM,30,CLEAR,DAYLIGHT,TURNING,NOT DIVIDED,DRY,NO INJURY / DRIVE AWAY,FAILING TO YIELD RIGHT-OF-WAY,2,4,NO INDICATION OF INJURY,0,0,10,4,41.9615254801,-87.6659002997
01/02/2025 02:00:00 AM,30,CLEAR,"DARKNESS, LIGHTED ROAD",SIDESWIPE SAME DIRECTION,ONE-WAY,DRY,NO INJURY / DRIVE AWAY,IMPROPER OVERTAKING/PASSING,2,1,NO INDICATION OF INJURY,0,0,2,5,41.8641509216,-87.7091117477
05/06/2023 03:10:00 PM,30,CLEAR,DAYLIGHT,REAR END,PARKING LOT,DRY,NO INJURY / DRIVE AWAY,IMPROPER BACKING,2,5,NO INDICATION OF INJURY,0,0,15,7,41.7275564332,-87.68212193
03/16/2024 11:30:00 AM,30,CLEAR,DAYLIGHT,ANGLE,DIVIDED - W/MEDIAN BARRIER,DRY,NO INJURY / DRIVE AWAY,FAILING TO YIELD RIGHT-OF-WAY,2,3,NO INDICATION OF INJURY,0,0,11,7,41.7718840277,-87.6835884021
10/06/2022 05:00:00 AM,30,CLEAR,DAYLIGHT,ANGLE,NOT DIVIDED,DRY,NO INJURY / DRIVE AWAY,FAILING TO YIELD RIGHT-OF-WAY,2,10,NO INDICATION OF INJURY,0,0,5,5,41.9137285614,-87.6740261797
03/06/2021 12:20:00 PM,30,CLEAR,DAYLIGHT,SIDESWIPE SAME DIRECTION,DIVIDED - W/MEDIAN (NOT RAISED),DRY,NO INJURY / DRIVE AWAY,UNABLE TO DETERMINE,2,3,NO INDICATION OF INJURY,0,0,12,7,41.7365606289,-87.6180138123
08/04/2022 06:07:00 PM,30,CLEAR,DAYLIGHT,TURNING,DIVIDED - W/MEDIAN (NOT RAISED),DRY,NO INJURY / DRIVE AWAY,FAILING TO YIELD RIGHT-OF-WAY,2,8,NO INDICATION OF INJURY,0,0,18,5,41.9242157972,-87.7562107546
03/05/2024 10:02:00 AM,30,CLEAR,DAYLIGHT,REAR END,NOT DIVIDED,DRY,NO INJURY / DRIVE AWAY,FOLLOWING TOO CLOSELY,2,3,NO INDICATION OF INJURY,0,0,10,3,41.8933232319,-87.6225717983
05/27/2024 11:45:00 PM,30,CLEAR,DARKNESS,SIDESWIPE SAME DIRECTION,RAMP,UNKNOWN,INJURY AND / OR TOW DUE TO CRASH,UNABLE TO DETERMINE,2,5,"REPORTED, NOT EVIDENT",1,0,23,2,41.8018902979,-87.6260352641
12/22/2025 06:30:00 PM,30,CLEAR,"DARKNESS, LIGHTED ROAD",PARKED MOTOR VEHICLE,PARKING LOT,DRY,NO INJURY / DRIVE AWAY,IMPROPER BACKING,2,12,NO INDICATION OF INJURY,0,0,18,2,41.9174540325,-87.7117444431
09/20/2025 07:00:00 PM,25,CLEAR,DAYLIGHT,SIDESWIPE SAME DIRECTION,DIVIDED - W/MEDIAN (NOT RAISED),DRY,NO INJURY / DRIVE AWAY,UNABLE TO DETERMINE,2,9,NO INDICATION OF INJURY,0,0,19,7,41.8820439803,-87.6245110366
02/20/2025 05:30:00 PM,30,UNKNOWN,UNKNOWN,FIXED OBJECT,DRIVEWAY,UNKNOWN,NO INJURY / DRIVE AWAY,NOT APPLICABLE,1,2,NO INDICATION OF INJURY,0,0,17,5,41.8464959214,-87.6189370703
03/13/2023 07:30:00 PM,30,CLEAR,DARKNESS,REAR END,NOT DIVIDED,DRY,NO INJURY / DRIVE AWAY,UNABLE TO DETERMINE,2,3,NO INDICATION OF INJURY,0,0,19,2,41.8958970763,-87.6842776449
02/17/2023 09:04:00 AM,30,OTHER,DAYLIGHT,TURNING,UNKNOWN,WET,NO INJURY / DRIVE AWAY,WEATHER,3,2,NO INDICATION OF INJURY,0,0,9,6,41.8113242216,-87.7326475426
07/31/2024 09:55:00 AM,35,CLEAR,DAYLIGHT,REAR END,DIVIDED - W/MEDIAN BARRIER,DRY,INJURY AND / OR TOW DUE TO CRASH,UNABLE TO DETERMINE,2,7,"REPORTED, NOT EVIDENT",1,0,9,4,41.6661129912,-87.5590030803
06/09/2025 04:07:00 PM,25,CLEAR,"DARKNESS, LIGHTED ROAD",ANGLE,UNKNOWN,DRY,INJURY AND / OR TOW DUE TO CRASH,DISREGARDING OTHER TRAFFIC SIGNS,2,6,NONINCAPACITATING INJURY,2,0,16,2,41.884310036,-87.6205260675
11/29/2024 02:55:00 AM,15,CLEAR,"DARKNESS, LIGHTED ROAD",PARKED MOTOR VEHICLE,ALLEY,DRY,INJURY AND / OR TOW DUE TO CRASH,UNABLE TO DETERMINE,6,11,NO INDICATION OF INJURY,0,0,2,6,41.9051761618,-87.7324110832
01/25/2024 02:21:00 PM,20,CLEAR,DAYLIGHT,SIDESWIPE SAME DIRECTION,ONE-WAY,DRY,NO INJURY / DRIVE AWAY,UNABLE TO DETERMINE,2,1,NO INDICATION OF INJURY,0,0,14,5,41.7839604833,-87.5964297216
07/28/2024 10:30:00 AM,30,CLEAR,DAYLIGHT,REAR TO FRONT,NOT DIVIDED,DRY,NO INJURY / DRIVE AWAY,FAILING TO YIELD RIGHT-OF-WAY,2,7,NO INDICATION OF INJURY,0,0,10,1,41.7660322115,-87.72178999
04/05/2023 05:50:00 PM,30,CLOUDY/OVERCAST,DUSK,TURNING,DIVIDED - W/MEDIAN (NOT RAISED),DRY,NO INJURY / DRIVE AWAY,IMPROPER TURNING/NO SIGNAL,2,4,NO INDICATION OF INJURY,0,0,17,4,41.8096168848,-87.596978768
06/10/2022 10:45:00 AM,15,CLEAR,DAYLIGHT,REAR TO SIDE,ONE-WAY,DRY,NO INJURY / DRIVE AWAY,IMPROPER BACKING,2,6,NO INDICATION OF INJURY,0,0,10,6,41.9239388603,-87.7990646295
06/29/2023 12:00:00 PM,25,CLEAR,DAYLIGHT,PARKED MOTOR VEHICLE,ONE-WAY,DRY,INJURY AND / OR TOW DUE TO CRASH,DISTRACTION - FROM INSIDE VEHICLE,2,6,NO INDICATION OF INJURY,0,0,12,5,41.9001607337,-87.7689855342
04/15/2021 04:43:00 PM,30,CLEAR,DAYLIGHT,TURNING,FOUR WAY,DRY,NO INJURY / DRIVE AWAY,FAILING TO YIELD RIGHT-OF-WAY,2,4,NO INDICATION OF INJURY,0,0,16,5,41.7609352889,-87.5615288596
06/30/2024 03:18:00 AM,35,CLEAR,DARKNESS,OTHER OBJECT,ALLEY,DRY,NO INJURY / DRIVE AWAY,DISTRACTION - FROM OUTSIDE VEHICLE,1,6,NO INDICATION OF INJURY,0,0,3,1,41.8471115819,-87.7134983012
11/27/2024 03:30:00 PM,15,CLOUDY/OVERCAST,DAYLIGHT,REAR END,PARKING LOT,DRY,NO INJURY / DRIVE AWAY,FOLLOWING TOO CLOSELY,2,11,NO INDICATION OF INJURY,0,0,15,4,41.945592917,-87.6553914759
03/01/2026 02:12:00 PM,30,CLEAR,DAYLIGHT,REAR END,FOUR WAY,DRY,NO INJURY / DRIVE AWAY,FAILING TO YIELD RIGHT-OF-WAY,2,3,NO INDICATION OF INJURY,0,0,14,1,41.8060783447,-87.6836500139
03/13/2023 07:50:00 AM,30,BLOWING SNOW,DAYLIGHT,TURNING,NOT DIVIDED,WET,INJURY AND / OR TOW DUE TO CRASH,FOLLOWING TOO CLOSELY,2,3,NO INDICATION OF INJURY,0,0,7,2,41.8114467435,-87.7238680306
08/16/2022 11:00:00 AM,30,CLEAR,DAYLIGHT,REAR END,FOUR WAY,DRY,NO INJURY / DRIVE AWAY,FOLLOWING TOO CLOSELY,2,8,NO INDICATION OF INJURY,0,0,11,3,41.7925768008,-87.7758507775
08/14/2021 03:05:00 AM,20,CLEAR,"DARKNESS, LIGHTED ROAD",PARKED MOTOR VEHICLE,NOT DIVIDED,DRY,NO INJURY / DRIVE AWAY,UNABLE TO DETERMINE,2,8,NO INDICATION OF INJURY,0,0,3,7,41.9286957908,-87.7424990196
08/06/2025 02:39:00 PM,15,CLEAR,DAYLIGHT,FIXED OBJECT,OTHER,DRY,NO INJURY / DRIVE AWAY,IMPROPER BACKING,1,8,NO INDICATION OF INJURY,0,0,14,4,41.9080029546,-87.6480506174
09/02/2025 07:45:00 AM,25,CLEAR,DAYLIGHT,REAR END,ONE-WAY,DRY,INJURY AND / OR TOW DUE TO CRASH,DISTRACTION - FROM INSIDE VEHICLE,2,9,NONINCAPACITATING INJURY,1,0,7,3,41.8463529898,-87.7000483072
05/01/2022 06:00:00 PM,25,CLOUDY/OVERCAST,DUSK,PARKED MOTOR VEHICLE,ONE-WAY,UNKNOWN,NO INJURY / DRIVE AWAY,UNABLE TO DETERMINE,2,5,NO INDICATION OF INJURY,0,0,18,1,41.7054380402,-87.5303058842
02/28/2023 12:54:00 AM,30,CLEAR,"DARKNESS, LIGHTED ROAD",ANGLE,UNKNOWN INTERSECTION TYPE,DRY,INJURY AND / OR TOW DUE TO CRASH,DISREGARDING TRAFFIC SIGNALS,2,2,NONINCAPACITATING INJURY,3,0,0,3,41.7800247414,-87.6300041671
01/26/2025 06:26:00 PM,30,CLEAR,"DARKNESS, LIGHTED ROAD",REAR END,DIVIDED - W/MEDIAN (NOT RAISED),DRY,NO INJURY / DRIVE AWAY,UNABLE TO DETERMINE,2,1,NO INDICATION OF INJURY,0,0,18,1,41.9281204109,-87.6683955251
01/30/2026 08:05:00 PM,30,SNOW,"DARKNESS, LIGHTED ROAD",PEDESTRIAN,FOUR WAY,WET,INJURY AND / OR TOW DUE TO CRASH,"OPERATING VEHICLE IN ERRATIC, RECKLESS, CARELESS, NEGLIGENT OR AGGRESSIVE MANNER",2,1,NONINCAPACITATING INJURY,1,0,20,6,41.8790732345,-87.7450781429
08/19/2025 05:00:00 PM,30,UNKNOWN,UNKNOWN,ANGLE,ONE-WAY,UNKNOWN,INJURY AND / OR TOW DUE TO CRASH,UNABLE TO DETERMINE,2,8,NONINCAPACITATING INJURY,2,0,17,3,41.7361651101,-87.625587569
05/03/2022 07:30:00 PM,30,CLEAR,"DARKNESS, LIGHTED ROAD",TURNING,T-INTERSECTION,DRY,INJURY AND / OR TOW DUE TO CRASH,UNABLE TO DETERMINE,2,5,"REPORTED, NOT EVIDENT",1,0,19,3,41.8081706082,-87.7086234781
10/13/2025 06:34:00 AM,30,CLEAR,DAYLIGHT,TURNING,NOT DIVIDED,DRY,INJURY AND / OR TOW DUE TO CRASH,FAILING TO YIELD RIGHT-OF-WAY,2,10,NO INDICATION OF INJURY,0,0,6,2,42.0127306446,-87.6635601653
05/23/2021 01:40:00 PM,30,CLEAR,DAYLIGHT,SIDESWIPE SAME DIRECTION,DIVIDED - W/MEDIAN (NOT RAISED),DRY,NO INJURY / DRIVE AWAY,IMPROPER LANE USAGE,2,5,NO INDICATION OF INJURY,0,0,13,1,41.9097254413,-87.746903271
08/17/2025 02:02:00 AM,30,RAIN,"DARKNESS, LIGHTED ROAD",SIDESWIPE SAME DIRECTION,NOT DIVIDED,WET,INJURY AND / OR TOW DUE TO CRASH,IMPROPER TURNING/NO SIGNAL,2,8,NO INDICATION OF INJURY,0,0,2,1,41.7731562344,-87.6111944097
03/07/2022 10:10:00 AM,30,SNOW,DAYLIGHT,PARKED MOTOR VEHICLE,DIVIDED - W/MEDIAN (NOT RAISED),WET,INJURY AND / OR TOW DUE TO CRASH,FAILING TO REDUCE SPEED TO AVOID CRASH,3,3,NO INDICATION OF INJURY,0,0,10,2,41.9121979337,-87.7066604155