CRASH_DATE,POSTED_SPEED_LIMIT,WEATHER_CONDITION,LIGHTING_CONDITION,FIRST_CRASH_TYPE,TRAFFICWAY_TYPE,ROADWAY_SURFACE_COND,CRASH_TYPE,PRIM_CONTRIBUTORY_CAUSE,NUM_UNITS,CRASH_MONTH,MOST_SEVERE_INJURY,INJURIES_TOTAL,INJURIES_FATAL,CRASH_HOUR,CRASH_DAY_OF_WEEK,LATITUDE,LONGITUDE
12/10/2024 11:56:00 AM,30,CLEAR,DAYLIGHT,SIDESWIPE SAME DIRECTION,DIVIDED - W/MEDIAN (NOT RAISED),DRY,NO INJURY / DRIVE AWAY,UNABLE TO DETERMINE,2,12,NO INDICATION OF INJURY,0,0,11,3,41.9114455131,-87.7657287304
06/24/2023 08:40:00 PM,30,CLEAR,DAYLIGHT,SIDESWIPE SAME DIRECTION,DIVIDED - W/MEDIAN (NOT RAISED),DRY,NO INJURY / DRIVE AWAY,IMPROPER OVERTAKING/PASSING,2,6,NO INDICATION OF INJURY,0,0,20,7,41.9093568855,-87.7584779614
07/25/2022 02:06:00 PM,30,UNKNOWN,UNKNOWN,SIDESWIPE SAME DIRECTION,NOT DIVIDED,UNKNOWN,NO INJURY / DRIVE AWAY,UNABLE TO DETERMINE,2,7,NO INDICATION OF INJURY,0,0,14,2,41.9178389339,-87.6425878728
10/28/2023 01:06:00 PM,30,CLEAR,DAYLIGHT,REAR TO FRONT,FOUR WAY,DRY,INJURY AND / OR TOW DUE TO CRASH,DISREGARDING TRAFFIC SIGNALS,2,10,NO INDICATION OF INJURY,0,0,13,7,41.7370429734,-87.5656969534
11/03/2023 09:00:00 AM,10,UNKNOWN,DAYLIGHT,PARKED MOTOR VEHICLE,PARKING LOT,UNKNOWN,NO INJURY / DRIVE AWAY,UNABLE TO DETERMINE,2,11,NO INDICATION OF INJURY,0,0,9,6,41.7071821754,-87.6203614922
04/09/2025 12:20:00 PM,30,CLEAR,DAYLIGHT,SIDESWIPE SAME DIRECTION,NOT DIVIDED,DRY,NO INJURY / DRIVE AWAY,IMPROPER OVERTAKING/PASSING,2,4,NO INDICATION OF INJURY,0,0,12,4,41.9832563074,-87.6696614931
11/04/2021 07:12:00 AM,30,CLOUDY/OVERCAST,DAWN,OTHER OBJECT,NOT DIVIDED,DRY,NO INJURY / DRIVE AWAY,ROAD CONSTRUCTION/MAINTENANCE,1,11,NO INDICATION OF INJURY,0,0,7,5,41.8696478994,-87.7741323208
11/02/2021 02:55:00 PM,25,CLEAR,DAYLIGHT,SIDESWIPE SAME DIRECTION,NOT DIVIDED,DRY,NO INJURY / DRIVE AWAY,IMPROPER TURNING/NO SIGNAL,2,11,NO INDICATION OF INJURY,0,0,14,3,41.7989239137,-87.7406149416
04/02/2021 11:10:00 PM,30,CLEAR,"DARKNESS, LIGHTED ROAD",PARKED MOTOR VEHICLE,NOT DIVIDED,DRY,INJURY AND / OR TOW DUE TO CRASH,IMPROPER LANE USAGE,3,4,NO INDICATION OF INJURY,0,0,23,6,41.8063228229,-87.7356327734
03/31/2021 02:30:00 PM,30,CLEAR,DAYLIGHT,SIDESWIPE SAME DIRECTION,NOT DIVIDED,DRY,NO INJURY / DRIVE AWAY,IMPROPER LANE USAGE,2,3,NO INDICATION OF INJURY,0,0,14,4,41.9973170127,-87.8013072808
07/27/2024 08:50:00 PM,45,CLEAR,"DARKNESS, LIGHTED ROAD",REAR END,DIVIDED - W/MEDIAN BARRIER,DRY,INJURY AND / OR TOW DUE TO CRASH,UNABLE TO DETERMINE,2,7,"REPORTED, NOT EVIDENT",1,0,20,7,41.8969293689,-87.6169470389
03/13/2026 05:30:00 PM,30,CLEAR,DAYLIGHT,TURNING,NOT DIVIDED,DRY,INJURY AND / OR TOW DUE TO CRASH,UNABLE TO DETERMINE,3,3,"REPORTED, NOT EVIDENT",1,0,17,6,41.7778156804,-87.7682764032
10/23/2025 09:59:00 PM,20,CLEAR,"DARKNESS, LIGHTED ROAD",PARKED MOTOR VEHICLE,ONE-WAY,DRY,INJURY AND / OR TOW DUE TO CRASH,FOLLOWING TOO CLOSELY,3,10,NO INDICATION OF INJURY,0,0,21,5,41.775537322,-87.6931462238
12/28/2022 12:10:00 PM,25,CLEAR,DAYLIGHT,PARKED MOTOR VEHICLE,NOT DIVIDED,DRY,NO INJURY / DRIVE AWAY,UNABLE TO DETERMINE,2,12,NO INDICATION OF INJURY,0,0,12,4,41.9826473482,-87.7769789624
01/17/2021 05:42:00 PM,10,CLEAR,DUSK,PARKED MOTOR VEHICLE,PARKING LOT,WET,NO INJURY / DRIVE AWAY,IMPROPER BACKING,2,1,NO INDICATION OF INJURY,0,0,17,1,41.6661129912,-87.5590030803
08/08/2025 11:25:00 AM,30,CLEAR,DAYLIGHT,SIDESWIPE SAME DIRECTION,NOT DIVIDED,DRY,NO INJURY / DRIVE AWAY,"VISION OBSCURED (SIGNS, TREE LIMBS, BUILDINGS, ETC.)",2,8,NO INDICATION OF INJURY,0,0,11,6,41.7920694925,-87.8001114347
08/27/2022 12:15:00 AM,30,CLEAR,"DARKNESS, LIGHTED ROAD",PARKED MOTOR VEHICLE,DIVIDED - W/MEDIAN (NOT RAISED),DRY,NO INJURY / DRIVE AWAY,UNABLE TO DETERMINE,2,8,NO INDICATION OF INJURY,0,0,0,7,42.0041471722,-87.8185419848
03/25/2021 02:30:00 AM,30,CLEAR,"DARKNESS, LIGHTED ROAD",PARKED MOTOR VEHICLE,DIVIDED - W/MEDIAN (NOT RAISED),DRY,NO INJURY / DRIVE AWAY,UNABLE TO DETERMINE,2,3,NO INDICATION OF INJURY,0,0,2,5,41.9070954062,-87.716559623
08/14/2021 03:54:00 PM,25,CLEAR,DAYLIGHT,PEDALCYCLIST,FOUR WAY,DRY,INJURY AND / OR TOW DUE TO CRASH,DISREGARDING STOP SIGN,2,8,NONINCAPACITATING INJURY,1,0,15,7,41.8868068459,-87.6817449628
12/18/2021 11:00:00 AM,30,RAIN,DAYLIGHT,TURNING,NOT DIVIDED,WET,NO INJURY / DRIVE AWAY,IMPROPER TURNING/NO SIGNAL,2,12,NO INDICATION OF INJURY,0,0,11,7,41.7569668999,-87.5762476242
06/22/2023 09:55:00 PM,30,CLEAR,"DARKNESS, LIGHTED ROAD",REAR END,NOT DIVIDED,DRY,NO INJURY / DRIVE AWAY,IMPROPER OVERTAKING/PASSING,2,6,NO INDICATION OF INJURY,0,0,21,5,41.95446447,-87.6506400858
02/14/2023 09:30:00 PM,30,RAIN,"DARKNESS, LIGHTED ROAD",ANGLE,NOT DIVIDED,WET,NO INJURY / DRIVE AWAY,FAILING TO YIELD RIGHT-OF-WAY,2,2,NO INDICATION OF INJURY,0,0,21,3,41.8668314544,-87.625669609
10/17/2023 10:24:00 AM,30,CLEAR,DAYLIGHT,REAR END,NOT DIVIDED,DRY,NO INJURY / DRIVE AWAY,UNABLE TO DETERMINE,2,10,NO INDICATION OF INJURY,0,0,10,3,41.9257010409,-87.6878184699
04/13/2026 08:30:00 AM,30,CLEAR,DAYLIGHT,REAR TO REAR,PARKING LOT,DRY,NO INJURY / DRIVE AWAY,UNABLE TO DETERMINE,2,4,NO INDICATION OF INJURY,0,0,8,2,41.9282078544,-87.728158558
01/05/2025 11:15:00 PM,35,CLEAR,DAYLIGHT,REAR END,NOT DIVIDED,WET,NO INJURY / DRIVE AWAY,UNABLE TO DETERMINE,2,1,NO INDICATION OF INJURY,0,0,23,1,41.9898868109,-87.7284781534
04/19/2025 06:17:00 PM,25,CLEAR,DAYLIGHT,SIDESWIPE SAME DIRECTION,NOT DIVIDED,DRY,NO INJURY / DRIVE AWAY,UNABLE TO DETERMINE,2,4,NO INDICATION OF INJURY,0,0,18,7,41.7079658471,-87.5663200482
10/09/2021 03:00:00 AM,30,CLEAR,DAYLIGHT,PARKED MOTOR VEHICLE,NOT DIVIDED,DRY,INJURY AND / OR TOW DUE TO CRASH,UNABLE TO DETERMINE,2,10,NO INDICATION OF INJURY,0,0,3,7,41.9684932693,-87.7150428978
07/09/2025 12:00:00 PM,30,CLEAR,DAYLIGHT,SIDESWIPE SAME DIRECTION,DIVIDED - W/MEDIAN (NOT RAISED),DRY,INJURY AND / OR TOW DUE TO CRASH,IMPROPER OVERTAKING/PASSING,2,7,"REPORTED, NOT EVIDENT",2,0,12,4,41.7896728889,-87.6646182965
04/18/2023 05:03:00 PM,35,CLEAR,DAYLIGHT,REAR END,NOT DIVIDED,DRY,NO INJURY / DRIVE AWAY,FOLLOWING TOO CLOSELY,3,4,NO INDICATION OF INJURY,0,0,17,3,41.9282219068,-87.727024943
06/06/2021 03:10:00 PM,30,CLEAR,DAYLIGHT,REAR TO FRONT,ONE-WAY,DRY,NO INJURY / DRIVE AWAY,IMPROPER BACKING,2,6,NO INDICATION OF INJURY,0,0,15,1,41.9655638234,-87.6653358448
11/22/2024 09:30:00 PM,30,CLEAR,"DARKNESS, LIGHTED ROAD",SIDESWIPE OPPOSITE DIRECTION,PARKING LOT,DRY,NO INJURY / DRIVE AWAY,UNABLE TO DETERMINE,2,11,NO INDICATION OF INJURY,0,0,21,6,41.6925370419,-87.6232492653
06/12/2022 05:37:00 PM,30,CLEAR,DAYLIGHT,PARKED MOTOR VEHICLE,NOT DIVIDED,DRY,NO INJURY / DRIVE AWAY,NOT APPLICABLE,2,6,NO INDICATION OF INJURY,0,0,17,1,41.9088572139,-87.6751992219
07/01/2023 04:55:00 PM,30,RAIN,DAYLIGHT,TURNING,NOT DIVIDED,WET,INJURY AND / OR TOW DUE TO CRASH,IMPROPER TURNING/NO SIGNAL,2,7,NO INDICATION OF INJURY,0,0,16,7,41.887953812,-87.7456993667
08/14/2023 06:15:00 PM,10,RAIN,DAYLIGHT,REAR END,PARKING LOT,WET,NO INJURY / DRIVE AWAY,FOLLOWING TOO CLOSELY,2,8,NO INDICATION OF INJURY,0,0,18,2,41.8596296773,-87.6301248993
05/09/2023 12:46:00 PM,30,CLEAR,DAYLIGHT,PARKED MOTOR VEHICLE,NOT DIVIDED,DRY,NO INJURY / DRIVE AWAY,UNABLE TO DETERMINE,2,5,NO INDICATION OF INJURY,0,0,12,3,41.9300094469,-87.6989343341
02/27/2026 04:00:00 PM,20,UNKNOWN,UNKNOWN,PARKED MOTOR VEHICLE,ONE-WAY,UNKNOWN,NO INJURY / DRIVE AWAY,UNABLE TO DETERMINE,2,2,NO INDICATION OF INJURY,0,0,16,6,41.8018976546,-87.6670809387
08/13/2023 06:46:00 PM,30,CLEAR,DAYLIGHT,SIDESWIPE SAME DIRECTION,T-INTERSECTION,DRY,NO INJURY / DRIVE AWAY,IMPROPER OVERTAKING/PASSING,2,8,NO INDICATION OF INJURY,0,0,18,1,41.8291010195,-87.7044302049
06/09/2022 01:30:00 PM,30,CLEAR,DAYLIGHT,SIDESWIPE SAME DIRECTION,NOT DIVIDED,DRY,NO INJURY / DRIVE AWAY,UNABLE TO DETERMINE,2,6,NO INDICATION OF INJURY,0,0,13,5,41.9074798339,-87.6946266478
03/05/2022 12:42:00 AM,30,CLEAR,"DARKNESS, LIGHTED ROAD",TURNING,FOUR WAY,DRY,INJURY AND / OR TOW DUE TO CRASH,UNABLE TO DETERMINE,2,3,NO INDICATION OF INJURY,0,0,0,7,41.8001075354,-87.7344682735
05/03/2026 03:30:00 AM,30,UNKNOWN,"DARKNESS, LIGHTED ROAD",PARKED MOTOR VEHICLE,NOT DIVIDED,UNKNOWN,NO INJURY / DRIVE AWAY,UNABLE TO DETERMINE,2,5,NO INDICATION OF INJURY,0,0,3,1,41.8935605885,-87.7118988934
07/18/2025 05:00:00 PM,30,CLEAR,DAYLIGHT,SIDESWIPE SAME DIRECTION,NOT DIVIDED,DRY,NO INJURY / DRIVE AWAY,IMPROPER OVERTAKING/PASSING,2,7,NO INDICATION OF INJURY,0,0,17,6,41.7406259056,-87.7019981346
04/04/2024 04:38:00 PM,25,UNKNOWN,DAYLIGHT,REAR TO SIDE,DIVIDED - W/MEDIAN (NOT RAISED),UNKNOWN,NO INJURY / DRIVE AWAY,IMPROPER OVERTAKING/PASSING,2,4,NO INDICATION OF INJURY,0,0,16,5,41.8491645108,-87.6268542903
01/21/2025 04:25:00 PM,30,CLEAR,DAYLIGHT,TURNING,DIVIDED - W/MEDIAN (NOT RAISED),DRY,NO INJURY / DRIVE AWAY,UNABLE TO DETERMINE,2,1,NO INDICATION OF INJURY,0,0,16,3,41.9545130901,-87.7323530892
05/06/2021 07:20:00 PM,30,CLEAR,DAYLIGHT,SIDESWIPE SAME DIRECTION,NOT DIVIDED,DRY,NO INJURY / DRIVE AWAY,IMPROPER LANE USAGE,2,5,NO INDICATION OF INJURY,0,0,19,5,41.9544324414,-87.6624462591
07/31/2025 06:00:00 PM,30,CLEAR,DAYLIGHT,REAR END,OTHER,DRY,NO INJURY / DRIVE AWAY,NOT APPLICABLE,2,7,NO INDICATION OF INJURY,0,0,18,5,41.8710541364,-87.7548734343
05/21/2022 10:50:00 AM,30,CLOUDY/OVERCAST,DAYLIGHT,PARKED MOTOR VEHICLE,NOT DIVIDED,DRY,INJURY AND / OR TOW DUE TO CRASH,DRIVING ON WRONG SIDE/WRONG WAY,3,5,NO INDICATION OF INJURY,0,0,10,7,41.850576789,-87.6989065803
02/11/2024 01:22:00 AM,15,CLEAR,"DARKNESS, LIGHTED ROAD",OTHER OBJECT,ROUNDABOUT,DRY,INJURY AND / OR TOW DUE TO CRASH,UNABLE TO DETERMINE,1,2,NO INDICATION OF INJURY,0,0,1,1,41.6952796601,-87.6875643791
08/21/2021 04:53:00 PM,30,CLEAR,DAYLIGHT,PARKED MOTOR VEHICLE,ONE-WAY,DRY,NO INJURY / DRIVE AWAY,UNABLE TO DETERMINE,3,8,NO INDICATION OF INJURY,0,0,16,7,41.9365410539,-87.7787262076
04/05/2025 03:20:00 PM,30,CLEAR,DAYLIGHT,TURNING,NOT DIVIDED,DRY,INJURY AND / OR TOW DUE TO CRASH,UNABLE TO DETERMINE,3,4,NO INDICATION OF INJURY,0,0,15,7,,
04/09/2025 09:20:00 AM,30,CLEAR,DAYLIGHT,TURNING,DIVIDED - W/MEDIAN (NOT RAISED),DRY,INJURY AND / OR TOW DUE TO CRASH,IMPROPER TURNING/NO SIGNAL,2,4,NO INDICATION OF INJURY,0,0,9,4,41.886517172,-87.7422548499
03/22/2025 10:17:00 PM,30,CLEAR,"DARKNESS, LIGHTED ROAD",TURNING,ONE-WAY,DRY,INJURY AND / OR TOW DUE TO CRASH,IMPROPER TURNING/NO SIGNAL,2,3,"REPORTED, NOT EVIDENT",1,0,22,7,,
04/11/2025 11:45:00 PM,30,CLEAR,"DARKNESS, LIGHTED ROAD",REAR END,FOUR WAY,DRY,INJURY AND / OR TOW DUE TO CRASH,UNABLE TO DETERMINE,2,4,NONINCAPACITATING INJURY,1,0,23,6,,
04/03/2025 12:53:00 PM,30,CLEAR,DAYLIGHT,ANGLE,ONE-WAY,DRY,INJURY AND / OR TOW DUE TO CRASH,DRIVING SKILLS/KNOWLEDGE/EXPERIENCE,2,4,NONINCAPACITATING INJURY,2,0,12,5,,
03/20/2025 09:25:00 PM,30,CLEAR,"DARKNESS, LIGHTED ROAD",PARKED MOTOR VEHICLE,ONE-WAY,DRY,NO INJURY / DRIVE AWAY,IMPROPER OVERTAKING/PASSING,2,3,NO INDICATION OF INJURY,0,0,21,5,,
01/13/2025 06:30:00 AM,30,CLEAR,"DARKNESS, LIGHTED ROAD",ANGLE,FOUR WAY,DRY,INJURY AND / OR TOW DUE TO CRASH,FAILING TO YIELD RIGHT-OF-WAY,2,1,NONINCAPACITATING INJURY,1,0,6,2,41.8745518803,-87.7204536586
09/22/2022 11:05:00 AM,30,CLEAR,DAYLIGHT,PEDESTRIAN,NOT DIVIDED,DRY,INJURY AND / OR TOW DUE TO CRASH,UNABLE TO DETERMINE,2,9,NONINCAPACITATING INJURY,1,0,11,5,41.9680847102,-87.7278755175
05/26/2021 05:30:00 PM,30,CLEAR,DAYLIGHT,TURNING,NOT DIVIDED,DRY,NO INJURY / DRIVE AWAY,FAILING TO YIELD RIGHT-OF-WAY,2,5,NO INDICATION OF INJURY,0,0,17,4,41.7872687485,-87.625657367
09/06/2022 07:59:00 PM,30,CLEAR,"DARKNESS, LIGHTED ROAD",TURNING,FOUR WAY,DRY,NO INJURY / DRIVE AWAY,"VISION OBSCURED (SIGNS, TREE LIMBS, BUILDINGS, ETC.)",2,9,NO INDICATION OF INJURY,0,0,19,3,41.6535628383,-87.5423640941
06/18/2022 11:00:00 AM,30,CLEAR,DAYLIGHT,ANGLE,NOT DIVIDED,DRY,INJURY AND / OR TOW DUE TO CRASH,NOT APPLICABLE,2,6,NONINCAPACITATING INJURY,2,0,11,7,41.7656823271,-87.6220157899
12/18/2023 07:35:00 AM,30,CLEAR,DAYLIGHT,FIXED OBJECT,ONE-WAY,UNKNOWN,INJURY AND / OR TOW DUE TO CRASH,DRIVING ON WRONG SIDE/WRONG WAY,1,12,NO INDICATION OF INJURY,0,0,7,2,41.8646980514,-87.7043282214
10/15/2025 03:00:00 PM,35,CLEAR,DAYLIGHT,PARKED MOTOR VEHICLE,ONE-WAY,DRY,NO INJURY / DRIVE AWAY,IMPROPER OVERTAKING/PASSING,2,10,NO INDICATION OF INJURY,0,0,15,4,41.7525305427,-87.6648511542
06/18/2024 02:00:00 PM,30,UNKNOWN,UNKNOWN,PARKED MOTOR VEHICLE,PARKING LOT,UNKNOWN,NO INJURY / DRIVE AWAY,UNABLE TO DETERMINE,2,6,NO INDICATION OF INJURY,0,0,14,3,42.0115064925,-87.8192124883
04/02/2026 05:35:00 PM,30,UNKNOWN,UNKNOWN,SIDESWIPE SAME DIRECTION,DIVIDED - W/MEDIAN (NOT RAISED),UNKNOWN,NO INJURY / DRIVE AWAY,FAILING TO YIELD RIGHT-OF-WAY,2,4,NO INDICATION OF INJURY,0,0,17,5,41.9977813264,-87.6803498638
09/05/2023 01:50:00 PM,30,UNKNOWN,UNKNOWN,TURNING,FOUR WAY,UNKNOWN,NO INJURY / DRIVE AWAY,UNABLE TO DETERMINE,2,9,NO INDICATION OF INJURY,0,0,13,3,41.885778441,-87.6399982286
09/27/2023 03:21:00 PM,15,CLEAR,DAYLIGHT,PARKED MOTOR VEHICLE,PARKING LOT,DRY,INJURY AND / OR TOW DUE TO CRASH,FAILING TO REDUCE SPEED TO AVOID CRASH,2,9,NO INDICATION OF INJURY,0,0,15,4,41.7550442797,-87.722315514
09/18/2022 03:32:00 PM,35,CLEAR,DAYLIGHT,SIDESWIPE SAME DIRECTION,DIVIDED - W/MEDIAN (NOT RAISED),DRY,NO INJURY / DRIVE AWAY,IMPROPER OVERTAKING/PASSING,2,9,NO INDICATION OF INJURY,0,0,15,1,41.8600643185,-87.6304121156
06/02/2024 09:49:00 AM,30,CLEAR,DAYLIGHT,HEAD ON,NOT DIVIDED,DRY,INJURY AND / OR TOW DUE TO CRASH,UNDER THE INFLUENCE OF ALCOHOL/DRUGS (USE WHEN ARREST IS EFFECTED),2,6,NO INDICATION OF INJURY,0,0,9,1,41.8275561808,-87.7043947251
07/31/2022 03:30:00 AM,20,CLEAR,"DARKNESS, LIGHTED ROAD",PARKED MOTOR VEHICLE,ONE-WAY,DRY,INJURY AND / OR TOW DUE TO CRASH,UNABLE TO DETERMINE,2,7,NO INDICATION OF INJURY,0,0,3,1,41.7032325299,-87.658121573
11/05/2025 05:20:00 PM,30,CLEAR,DAYLIGHT,REAR END,NOT DIVIDED,DRY,NO INJURY / DRIVE AWAY,UNABLE TO DETERMINE,2,11,NO INDICATION OF INJURY,0,0,17,4,41.9161857005,-87.6875236877
03/22/2025 03:00:00 PM,30,CLEAR,DAYLIGHT,SIDESWIPE SAME DIRECTION,DIVIDED - W/MEDIAN (NOT RAISED),DRY,NO INJURY / DRIVE AWAY,DRIVING SKILLS/KNOWLEDGE/EXPERIENCE,2,3,NO INDICATION OF INJURY,0,0,15,7,41.9616038158,-87.6760788299
12/19/2023 08:15:00 AM,30,CLEAR,DAYLIGHT,SIDESWIPE SAME DIRECTION,DIVIDED - W/MEDIAN (NOT RAISED),DRY,NO INJURY / DRIVE AWAY,NOT APPLICABLE,2,12,NO INDICATION OF INJURY,0,0,8,3,41.9691584295,-87.7620354334
11/23/2024 05:00:00 PM,30,UNKNOWN,"DARKNESS, LIGHTED ROAD",SIDESWIPE SAME DIRECTION,DIVIDED - W/MEDIAN (NOT RAISED),UNKNOWN,NO INJURY / DRIVE AWAY,UNABLE TO DETERMINE,2,11,NO INDICATION OF INJURY,0,0,17,7,41.9318485169,-87.7133515575
08/19/2022 06:01:00 PM,30,CLEAR,DAYLIGHT,SIDESWIPE SAME DIRECTION,DIVIDED - W/MEDIAN (NOT RAISED),DRY,NO INJURY / DRIVE AWAY,IMPROPER LANE USAGE,2,8,NO INDICATION OF INJURY,0,0,18,6,41.691432058,-87.5399624509
06/18/2023 02:00:00 PM,30,CLEAR,DAYLIGHT,SIDESWIPE SAME DIRECTION,NOT DIVIDED,DRY,NO INJURY / DRIVE AWAY,IMPROPER LANE USAGE,2,6,NO INDICATION OF INJURY,0,0,14,1,41.922047637,-87.6384872794
07/18/2022 01:40:00 AM,30,CLEAR,DARKNESS,SIDESWIPE SAME DIRECTION,DIVIDED - W/MEDIAN BARRIER,UNKNOWN,INJURY AND / OR TOW DUE TO CRASH,IMPROPER OVERTAKING/PASSING,2,7,NO INDICATION OF INJURY,0,0,1,2,41.8800477501,-87.7703294914
05/03/2024 03:00:00 PM,30,CLEAR,DAYLIGHT,ANGLE,FOUR WAY,DRY,NO INJURY / DRIVE AWAY,FAILING TO YIELD RIGHT-OF-WAY,2,5,NO INDICATION OF INJURY,0,0,15,6,41.7765106171,-87.6156798597
05/14/2023 12:30:00 PM,30,CLEAR,DAYLIGHT,REAR END,NOT DIVIDED,WET,NO INJURY / DRIVE AWAY,UNABLE TO DETERMINE,2,5,NO INDICATION OF INJURY,0,0,12,1,41.7790875858,-87.7027402916
03/11/2022 03:00:00 PM,20,CLEAR,DAYLIGHT,PEDESTRIAN,FOUR WAY,DRY,INJURY AND / OR TOW DUE TO CRASH,FAILING TO YIELD RIGHT-OF-WAY,2,3,NONINCAPACITATING INJURY,1,0,15,6,41.942483719,-87.7397476362
03/05/2021 07:55:00 PM,30,CLEAR,"DARKNESS, LIGHTED ROAD",FIXED OBJECT,DIVIDED - W/MEDIAN BARRIER,DRY,INJURY AND / OR TOW DUE TO CRASH,UNABLE TO DETERMINE,1,3,NONINCAPACITATING INJURY,1,0,19,6,41.9971536827,-87.7224625676
04/13/2022 03:40:00 PM,30,RAIN,DAYLIGHT,SIDESWIPE SAME DIRECTION,DIVIDED - W/MEDIAN (NOT RAISED),WET,NO INJURY / DRIVE AWAY,UNABLE TO DETERMINE,2,4,NO INDICATION OF INJURY,0,0,15,4,41.990373699,-87.6921585543
06/17/2022 11:40:00 AM,30,CLEAR,DAYLIGHT,TURNING,FOUR WAY,DRY,INJURY AND / OR TOW DUE TO CRASH,FAILING TO YIELD RIGHT-OF-WAY,5,6,"REPORTED, NOT EVIDENT",1,0,11,6,41.8341956593,-87.6716712556
10/19/2025 01:14:00 PM,30,CLEAR,DAYLIGHT,ANGLE,NOT DIVIDED,WET,NO INJURY / DRIVE AWAY,UNABLE TO DETERMINE,2,10,NO INDICATION OF INJURY,0,0,13,1,41.8649809681,-87.6763452799
08/05/2025 06:00:00 PM,30,CLEAR,DAYLIGHT,FIXED OBJECT,FOUR WAY,DRY,INJURY AND / OR TOW DUE TO CRASH,UNABLE TO DETERMINE,1,8,NO INDICATION OF INJURY,0,0,18,3,41.8230967602,-87.6850189506
04/16/2023 01:55:00 PM,30,RAIN,DAYLIGHT,PARKED MOTOR VEHICLE,NOT DIVIDED,WET,INJURY AND / OR TOW DUE TO CRASH,UNABLE TO DETERMINE,2,4,NO INDICATION OF INJURY,0,0,13,1,41.975394608,-87.7517465989
12/03/2023 06:42:00 PM,30,UNKNOWN,UNKNOWN,SIDESWIPE SAME DIRECTION,T-INTERSECTION,UNKNOWN,NO INJURY / DRIVE AWAY,UNABLE TO DETERMINE,2,12,NO INDICATION OF INJURY,0,0,18,1,41.7858005421,-87.6045760108
04/16/2025 12:05:00 PM,30,CLEAR,DAYLIGHT,REAR END,NOT DIVIDED,UNKNOWN,NO INJURY / DRIVE AWAY,UNABLE TO DETERMINE,2,4,NO INDICATION OF INJURY,0,0,12,4,41.9684254435,-87.6982381202
01/22/2025 04:37:00 PM,30,CLEAR,DAYLIGHT,ANGLE,FOUR WAY,DRY,INJURY AND / OR TOW DUE TO CRASH,DISREGARDING STOP SIGN,3,1,NONINCAPACITATING INJURY,1,0,16,4,41.8644258601,-87.7338326382
07/10/2024 06:20:00 PM,35,CLEAR,DAYLIGHT,ANGLE,FOUR WAY,DRY,INJURY AND / OR TOW DUE TO CRASH,DISREGARDING STOP SIGN,2,7,NO INDICATION OF INJURY,0,0,18,4,41.8918455097,-87.6488178364
05/15/2024 11:34:00 AM,30,CLEAR,DAYLIGHT,SIDESWIPE SAME DIRECTION,NOT DIVIDED,DRY,NO INJURY / DRIVE AWAY,FAILING TO YIELD RIGHT-OF-WAY,2,5,NO INDICATION OF INJURY,0,0,11,4,42.0208093753,-87.6732279524
04/29/2022 04:45:00 PM,35,CLEAR,DAYLIGHT,REAR END,NOT DIVIDED,DRY,INJURY AND / OR TOW DUE TO CRASH,UNABLE TO DETERMINE,2,4,NO INDICATION OF INJURY,0,0,16,6,41.791982567,-87.7949883386
05/24/2024 12:19:00 PM,30,CLOUDY/OVERCAST,DAYLIGHT,ANGLE,FOUR WAY,DRY,INJURY AND / OR TOW DUE TO CRASH,FAILING TO YIELD RIGHT-OF-WAY,3,5,NONINCAPACITATING INJURY,2,0,12,6,41.6850262563,-87.642297367
09/04/2022 02:20:00 PM,20,RAIN,DAYLIGHT,TURNING,NOT DIVIDED,WET,NO INJURY / DRIVE AWAY,FAILING TO REDUCE SPEED TO AVOID CRASH,2,9,NO INDICATION OF INJURY,0,0,14,1,41.7356569703,-87.552375742
08/20/2021 07:15:00 PM,20,CLEAR,DUSK,PEDALCYCLIST,ONE-WAY,DRY,INJURY AND / OR TOW DUE TO CRASH,UNABLE TO DETERMINE,2,8,NONINCAPACITATING INJURY,1,0,19,6,41.9697725445,-87.6944902353
08/31/2024 10:00:00 AM,30,CLEAR,DAYLIGHT,ANGLE,DIVIDED - W/MEDIAN (NOT RAISED),DRY,INJURY AND / OR TOW DUE TO CRASH,DISREGARDING TRAFFIC SIGNALS,2,8,NONINCAPACITATING INJURY,4,0,10,7,41.8730992535,-87.7422099228
06/07/2024 10:09:00 AM,35,CLEAR,DAYLIGHT,REAR END,DIVIDED - W/MEDIAN (NOT RAISED),UNKNOWN,NO INJURY / DRIVE AWAY,IMPROPER OVERTAKING/PASSING,2,6,NO INDICATION OF INJURY,0,0,10,6,41.9092214333,-87.7879441681
05/22/2021 12:57:00 PM,30,CLEAR,DAYLIGHT,TURNING,NOT DIVIDED,DRY,INJURY AND / OR TOW DUE TO CRASH,IMPROPER TURNING/NO SIGNAL,2,5,NONINCAPACITATING INJURY,1,0,12,7,41.9115699705,-87.650221578
12/23/2023 03:00:00 AM,30,CLEAR,DAYLIGHT,REAR END,NOT DIVIDED,WET,NO INJURY / DRIVE AWAY,UNABLE TO DETERMINE,2,12,NO INDICATION OF INJURY,0,0,3,7,41.8919528654,-87.7113879745
10/04/2021 11:19:00 AM,30,CLOUDY/OVERCAST,DAYLIGHT,PARKED MOTOR VEHICLE,DIVIDED - W/MEDIAN (NOT RAISED),DRY,INJURY AND / OR TOW DUE TO CRASH,FAILING TO REDUCE SPEED TO AVOID CRASH,2,10,NONINCAPACITATING INJURY,1,0,11,2,41.726167541,-87.6820815598