CRASH_DATE,POSTED_SPEED_LIMIT,WEATHER_CONDITION,LIGHTING_CONDITION,FIRST_CRASH_TYPE,TRAFFICWAY_TYPE,ROADWAY_SURFACE_COND,CRASH_TYPE,PRIM_CONTRIBUTORY_CAUSE,NUM_UNITS,CRASH_MONTH,MOST_SEVERE_INJURY,INJURIES_TOTAL,INJURIES_FATAL,CRASH_HOUR,CRASH_DAY_OF_WEEK,LATITUDE,LONGITUDE
02/16/2023 03:20:00 PM,30,RAIN,DAYLIGHT,REAR END,NOT DIVIDED,WET,NO INJURY / DRIVE AWAY,FOLLOWING TOO CLOSELY,2,2,NO INDICATION OF INJURY,0,0,15,5,41.7215547166,-87.6250625912
08/26/2025 07:30:00 AM,30,CLEAR,DAYLIGHT,TURNING,NOT DIVIDED,DRY,NO INJURY / DRIVE AWAY,FAILING TO YIELD RIGHT-OF-WAY,2,8,NO INDICATION OF INJURY,0,0,7,3,41.6910951109,-87.720455524
06/17/2021 06:00:00 PM,30,CLEAR,DAWN,REAR END,DIVIDED - W/MEDIAN (NOT RAISED),DRY,NO INJURY / DRIVE AWAY,DISREGARDING TRAFFIC SIGNALS,2,6,NO INDICATION OF INJURY,0,0,18,5,41.8095347808,-87.5924502234
11/21/2024 08:50:00 PM,30,RAIN,DARKNESS,PARKED MOTOR VEHICLE,NOT DIVIDED,WET,INJURY AND / OR TOW DUE TO CRASH,UNABLE TO DETERMINE,2,11,NO INDICATION OF INJURY,0,0,20,5,41.9453457326,-87.7971373022
01/04/2022 07:32:00 AM,30,CLEAR,DAYLIGHT,ANGLE,T-INTERSECTION,WET,NO INJURY / DRIVE AWAY,DISREGARDING TRAFFIC SIGNALS,2,1,NO INDICATION OF INJURY,0,0,7,3,41.8815045556,-87.6666575605
02/17/2021 02:30:00 AM,30,SNOW,"DARKNESS, LIGHTED ROAD",PARKED MOTOR VEHICLE,ONE-WAY,SNOW OR SLUSH,INJURY AND / OR TOW DUE TO CRASH,UNABLE TO DETERMINE,2,2,NO INDICATION OF INJURY,0,0,2,4,41.7589283947,-87.651382886
09/16/2022 07:50:00 AM,30,CLEAR,DAYLIGHT,REAR END,NOT DIVIDED,DRY,NO INJURY / DRIVE AWAY,FAILING TO YIELD RIGHT-OF-WAY,2,9,NO INDICATION OF INJURY,0,0,7,6,41.9607641615,-87.7525226679
05/04/2023 10:00:00 PM,30,CLEAR,"DARKNESS, LIGHTED ROAD",REAR END,NOT DIVIDED,DRY,NO INJURY / DRIVE AWAY,NOT APPLICABLE,2,5,NO INDICATION OF INJURY,0,0,22,5,41.9313592635,-87.7513791826
06/11/2023 10:20:00 PM,30,CLEAR,"DARKNESS, LIGHTED ROAD",PARKED MOTOR VEHICLE,NOT DIVIDED,DRY,INJURY AND / OR TOW DUE TO CRASH,UNABLE TO DETERMINE,4,6,NONINCAPACITATING INJURY,1,0,22,1,41.7088773504,-87.6233746825
08/14/2023 07:02:00 PM,30,RAIN,DUSK,TURNING,NOT DIVIDED,WET,INJURY AND / OR TOW DUE TO CRASH,IMPROPER TURNING/NO SIGNAL,2,8,NO INDICATION OF INJURY,0,0,19,2,41.7621083542,-87.6441873084
03/19/2026 08:50:00 AM,30,CLEAR,DAYLIGHT,TURNING,NOT DIVIDED,DRY,NO INJURY / DRIVE AWAY,DRIVING SKILLS/KNOWLEDGE/EXPERIENCE,2,3,NO INDICATION OF INJURY,0,0,8,5,41.7808845293,-87.6025448104
01/25/2022 07:59:00 AM,30,SNOW,DAYLIGHT,SIDESWIPE OPPOSITE DIRECTION,NOT DIVIDED,SNOW OR SLUSH,INJURY AND / OR TOW DUE TO CRASH,FOLLOWING TOO CLOSELY,2,1,NO INDICATION OF INJURY,0,0,7,3,41.7485254109,-87.5849463197
04/07/2021 11:02:00 PM,35,CLEAR,"DARKNESS, LIGHTED ROAD",REAR END,NOT DIVIDED,DRY,INJURY AND / OR TOW DUE TO CRASH,FAILING TO REDUCE SPEED TO AVOID CRASH,2,4,NONINCAPACITATING INJURY,2,0,23,4,41.7506075687,-87.6536784422
01/07/2023 07:26:00 PM,30,CLEAR,"DARKNESS, LIGHTED ROAD",REAR END,NOT DIVIDED,DRY,NO INJURY / DRIVE AWAY,TEXTING,2,1,NO INDICATION OF INJURY,0,0,19,7,41.9390042002,-87.7418920043
01/25/2024 11:27:00 AM,30,CLEAR,DAYLIGHT,PARKED MOTOR VEHICLE,NOT DIVIDED,WET,NO INJURY / DRIVE AWAY,UNABLE TO DETERMINE,2,1,NO INDICATION OF INJURY,0,0,11,5,41.6559201503,-87.6016738839
12/01/2022 06:10:00 PM,5,CLEAR,"DARKNESS, LIGHTED ROAD",REAR END,PARKING LOT,DRY,NO INJURY / DRIVE AWAY,UNABLE TO DETERMINE,2,12,NO INDICATION OF INJURY,0,0,18,5,41.8408141312,-87.7047814293
04/11/2025 08:25:00 AM,30,CLEAR,DAYLIGHT,REAR END,NOT DIVIDED,DRY,NO INJURY / DRIVE AWAY,UNABLE TO DETERMINE,2,4,NO INDICATION OF INJURY,0,0,8,6,41.938666175,-87.7270253992
04/04/2023 08:43:00 AM,30,RAIN,DAYLIGHT,OTHER OBJECT,NOT DIVIDED,WET,INJURY AND / OR TOW DUE TO CRASH,UNABLE TO DETERMINE,1,4,NO INDICATION OF INJURY,0,0,8,3,41.8743285226,-87.624323316
02/25/2024 09:10:00 AM,30,CLEAR,DAYLIGHT,ANGLE,FOUR WAY,DRY,INJURY AND / OR TOW DUE TO CRASH,DISREGARDING TRAFFIC SIGNALS,5,2,"REPORTED, NOT EVIDENT",1,0,9,1,41.9683528111,-87.727969344
10/11/2025 03:55:00 PM,30,CLEAR,DUSK,SIDESWIPE SAME DIRECTION,NOT DIVIDED,DRY,NO INJURY / DRIVE AWAY,UNABLE TO DETERMINE,2,10,NO INDICATION OF INJURY,0,0,15,7,41.8903184977,-87.6281655014
07/05/2024 08:50:00 AM,25,CLEAR,DAYLIGHT,TURNING,NOT DIVIDED,DRY,NO INJURY / DRIVE AWAY,UNABLE TO DETERMINE,2,7,NO INDICATION OF INJURY,0,0,8,6,41.9218943465,-87.7757892674
08/01/2021 01:20:00 AM,30,CLEAR,DAYLIGHT,ANGLE,NOT DIVIDED,DRY,NO INJURY / DRIVE AWAY,DISREGARDING TRAFFIC SIGNALS,2,8,NO INDICATION OF INJURY,0,0,1,1,41.8817113749,-87.644051246
08/01/2025 10:15:00 AM,30,CLEAR,DAYLIGHT,REAR TO SIDE,T-INTERSECTION,DRY,NO INJURY / DRIVE AWAY,IMPROPER BACKING,2,8,NO INDICATION OF INJURY,0,0,10,6,41.909547104,-87.649315787
09/06/2023 11:10:00 AM,30,CLEAR,DAYLIGHT,TURNING,FOUR WAY,DRY,NO INJURY / DRIVE AWAY,IMPROPER TURNING/NO SIGNAL,2,9,NO INDICATION OF INJURY,0,0,11,4,41.7646089122,-87.6833870533
12/05/2021 05:45:00 PM,30,RAIN,DAWN,REAR END,NOT DIVIDED,WET,NO INJURY / DRIVE AWAY,FOLLOWING TOO CLOSELY,2,12,NO INDICATION OF INJURY,0,0,17,1,41.8671751247,-87.6393758126
02/14/2024 08:30:00 AM,30,CLEAR,DAYLIGHT,SIDESWIPE SAME DIRECTION,NOT DIVIDED,DRY,NO INJURY / DRIVE AWAY,UNABLE TO DETERMINE,2,2,NO INDICATION OF INJURY,0,0,8,4,41.9947511309,-87.7609656291
07/10/2022 02:30:00 AM,45,UNKNOWN,"DARKNESS, LIGHTED ROAD",SIDESWIPE SAME DIRECTION,DIVIDED - W/MEDIAN BARRIER,DRY,NO INJURY / DRIVE AWAY,UNABLE TO DETERMINE,2,7,NO INDICATION OF INJURY,0,0,2,1,41.7735658508,-87.5764281769
12/05/2023 02:26:00 PM,30,RAIN,DAYLIGHT,SIDESWIPE SAME DIRECTION,NOT DIVIDED,WET,NO INJURY / DRIVE AWAY,FAILING TO YIELD RIGHT-OF-WAY,2,12,NO INDICATION OF INJURY,0,0,14,3,41.9240935402,-87.7490327093
07/05/2025 04:05:00 PM,30,UNKNOWN,UNKNOWN,SIDESWIPE SAME DIRECTION,DIVIDED - W/MEDIAN (NOT RAISED),UNKNOWN,NO INJURY / DRIVE AWAY,IMPROPER OVERTAKING/PASSING,2,7,NO INDICATION OF INJURY,0,0,16,7,41.9865369189,-87.6551381759
08/04/2021 10:05:00 AM,30,CLEAR,DAYLIGHT,REAR END,NOT DIVIDED,DRY,INJURY AND / OR TOW DUE TO CRASH,FOLLOWING TOO CLOSELY,3,8,NO INDICATION OF INJURY,0,0,10,4,41.9755882947,-87.6889910524
07/09/2021 09:40:00 AM,25,CLEAR,DAYLIGHT,PARKED MOTOR VEHICLE,NOT DIVIDED,DRY,INJURY AND / OR TOW DUE TO CRASH,TEXTING,2,7,NONINCAPACITATING INJURY,1,0,9,6,41.8978923784,-87.7214197929
10/27/2022 04:00:00 PM,30,CLEAR,DAYLIGHT,SIDESWIPE SAME DIRECTION,NOT DIVIDED,DRY,NO INJURY / DRIVE AWAY,IMPROPER LANE USAGE,2,10,NO INDICATION OF INJURY,0,0,16,5,41.9231020299,-87.765810802
08/13/2022 09:20:00 PM,20,CLEAR,"DARKNESS, LIGHTED ROAD",PARKED MOTOR VEHICLE,NOT DIVIDED,DRY,NO INJURY / DRIVE AWAY,UNABLE TO DETERMINE,2,8,NO INDICATION OF INJURY,0,0,21,7,41.8349253594,-87.680155736
09/02/2022 04:00:00 PM,30,CLEAR,DAYLIGHT,REAR END,NOT DIVIDED,DRY,NO INJURY / DRIVE AWAY,UNABLE TO DETERMINE,2,9,NO INDICATION OF INJURY,0,0,16,6,41.7796575004,-87.6449309928
09/02/2023 11:41:00 PM,30,CLEAR,"DARKNESS, LIGHTED ROAD",PARKED MOTOR VEHICLE,DIVIDED - W/MEDIAN BARRIER,DRY,NO INJURY / DRIVE AWAY,IMPROPER BACKING,2,9,NO INDICATION OF INJURY,0,0,23,7,41.8664360124,-87.6139983392
04/01/2026 08:30:00 AM,25,CLEAR,DAYLIGHT,TURNING,NOT DIVIDED,DRY,NO INJURY / DRIVE AWAY,FAILING TO REDUCE SPEED TO AVOID CRASH,2,4,NO INDICATION OF INJURY,0,0,8,4,41.9134729911,-87.6388100814
04/10/2023 05:45:00 PM,30,UNKNOWN,UNKNOWN,PARKED MOTOR VEHICLE,PARKING LOT,UNKNOWN,NO INJURY / DRIVE AWAY,UNABLE TO DETERMINE,2,4,NO INDICATION OF INJURY,0,0,17,2,41.9768787537,-87.6936014333
05/06/2025 02:08:00 PM,30,CLEAR,DAYLIGHT,PARKED MOTOR VEHICLE,NOT DIVIDED,DRY,INJURY AND / OR TOW DUE TO CRASH,PHYSICAL CONDITION OF DRIVER,3,5,"REPORTED, NOT EVIDENT",1,0,14,3,41.7334141778,-87.551191503
03/31/2024 09:45:00 PM,30,RAIN,DARKNESS,TURNING,CENTER TURN LANE,WET,NO INJURY / DRIVE AWAY,DISREGARDING TRAFFIC SIGNALS,2,3,NO INDICATION OF INJURY,0,0,21,1,41.8811359835,-87.7010847399
12/06/2023 01:40:00 PM,30,CLEAR,DAYLIGHT,TURNING,NOT DIVIDED,DRY,INJURY AND / OR TOW DUE TO CRASH,FAILING TO YIELD RIGHT-OF-WAY,5,12,"REPORTED, NOT EVIDENT",1,0,13,4,41.9973821735,-87.7880776739
04/10/2026 08:52:00 PM,30,CLEAR,DARKNESS,REAR END,FOUR WAY,DRY,NO INJURY / DRIVE AWAY,FAILING TO YIELD RIGHT-OF-WAY,2,4,NO INDICATION OF INJURY,0,0,20,6,41.7993625117,-87.5951037747
12/07/2025 02:30:00 PM,30,CLEAR,DAYLIGHT,REAR END,ONE-WAY,DRY,NO INJURY / DRIVE AWAY,FOLLOWING TOO CLOSELY,2,12,NO INDICATION OF INJURY,0,0,14,1,41.7791561076,-87.6969030994
09/19/2025 03:20:00 PM,30,CLEAR,DAYLIGHT,PARKED MOTOR VEHICLE,ONE-WAY,DRY,NO INJURY / DRIVE AWAY,FAILING TO YIELD RIGHT-OF-WAY,2,9,NO INDICATION OF INJURY,0,0,15,6,41.8592083795,-87.6575413397
01/27/2026 01:30:00 PM,30,CLEAR,DAYLIGHT,PARKED MOTOR VEHICLE,NOT DIVIDED,DRY,INJURY AND / OR TOW DUE TO CRASH,UNABLE TO DETERMINE,2,1,NO INDICATION OF INJURY,0,0,13,3,41.7216693664,-87.6360908665
09/29/2024 04:35:00 PM,30,CLEAR,DAYLIGHT,PARKED MOTOR VEHICLE,NOT DIVIDED,DRY,NO INJURY / DRIVE AWAY,UNABLE TO DETERMINE,2,9,NO INDICATION OF INJURY,0,0,16,1,41.9978071493,-87.6919280708
08/18/2022 06:50:00 PM,5,CLEAR,DAYLIGHT,PARKED MOTOR VEHICLE,PARKING LOT,DRY,NO INJURY / DRIVE AWAY,IMPROPER TURNING/NO SIGNAL,2,8,NO INDICATION OF INJURY,0,0,18,5,41.9490393632,-87.6881747139
08/20/2021 08:04:00 AM,30,CLEAR,DAYLIGHT,PEDESTRIAN,ONE-WAY,DRY,INJURY AND / OR TOW DUE TO CRASH,UNABLE TO DETERMINE,2,8,FATAL,1,1,8,6,41.8725698906,-87.7142110659
12/26/2021 10:39:00 AM,30,CLEAR,DAYLIGHT,OTHER OBJECT,NOT DIVIDED,DRY,INJURY AND / OR TOW DUE TO CRASH,DISTRACTION - FROM OUTSIDE VEHICLE,1,12,"REPORTED, NOT EVIDENT",1,0,10,1,41.9066412696,-87.7461988765
07/03/2025 03:30:00 PM,30,CLEAR,DAYLIGHT,ANGLE,NOT DIVIDED,DRY,NO INJURY / DRIVE AWAY,FAILING TO YIELD RIGHT-OF-WAY,2,7,NO INDICATION OF INJURY,0,0,15,5,41.7936214824,-87.6927259139
10/23/2022 03:13:00 AM,35,CLEAR,"DARKNESS, LIGHTED ROAD",TURNING,NOT DIVIDED,DRY,NO INJURY / DRIVE AWAY,IMPROPER TURNING/NO SIGNAL,2,10,NO INDICATION OF INJURY,0,0,3,1,41.8657003856,-87.6242595813
03/24/2026 09:45:00 AM,20,CLEAR,DAYLIGHT,PARKED MOTOR VEHICLE,DIVIDED - W/MEDIAN BARRIER,DRY,NO INJURY / DRIVE AWAY,UNABLE TO DETERMINE,2,3,NO INDICATION OF INJURY,0,0,9,3,41.9280880855,-87.746333304
02/09/2021 05:27:00 PM,30,SNOW,DAYLIGHT,SIDESWIPE OPPOSITE DIRECTION,NOT DIVIDED,SNOW OR SLUSH,NO INJURY / DRIVE AWAY,FAILING TO YIELD RIGHT-OF-WAY,2,2,NO INDICATION OF INJURY,0,0,17,3,41.9405867814,-87.7604700972
06/03/2022 06:06:00 PM,30,CLEAR,DAYLIGHT,ANGLE,FOUR WAY,DRY,INJURY AND / OR TOW DUE TO CRASH,FAILING TO YIELD RIGHT-OF-WAY,2,6,NO INDICATION OF INJURY,0,0,18,6,41.9830817227,-87.7162412804
12/03/2021 10:41:00 PM,30,CLEAR,"DARKNESS, LIGHTED ROAD",ANGLE,NOT DIVIDED,DRY,INJURY AND / OR TOW DUE TO CRASH,UNABLE TO DETERMINE,2,12,"REPORTED, NOT EVIDENT",4,0,22,6,41.8387586346,-87.7294104483
05/07/2021 06:05:00 PM,10,CLEAR,DAYLIGHT,PARKED MOTOR VEHICLE,PARKING LOT,DRY,NO INJURY / DRIVE AWAY,UNABLE TO DETERMINE,2,5,NO INDICATION OF INJURY,0,0,18,6,42.0113573866,-87.8067884127
10/01/2021 03:10:00 PM,30,CLEAR,DAYLIGHT,PEDESTRIAN,DIVIDED - W/MEDIAN BARRIER,DRY,NO INJURY / DRIVE AWAY,IMPROPER TURNING/NO SIGNAL,2,10,NO INDICATION OF INJURY,0,0,15,6,41.7211194132,-87.6772828232
09/03/2022 01:00:00 AM,40,CLEAR,DARKNESS,SIDESWIPE SAME DIRECTION,NOT DIVIDED,DRY,NO INJURY / DRIVE AWAY,UNABLE TO DETERMINE,2,9,NO INDICATION OF INJURY,0,0,1,7,41.9095798667,-87.6260817682
11/09/2025 05:33:00 AM,40,SLEET/HAIL,"DARKNESS, LIGHTED ROAD",SIDESWIPE SAME DIRECTION,DIVIDED - W/MEDIAN BARRIER,SNOW OR SLUSH,NO INJURY / DRIVE AWAY,WEATHER,2,11,NO INDICATION OF INJURY,0,0,5,1,41.9620271555,-87.6466396613
11/14/2024 06:00:00 PM,30,CLEAR,DARKNESS,SIDESWIPE SAME DIRECTION,DIVIDED - W/MEDIAN BARRIER,DRY,NO INJURY / DRIVE AWAY,FAILING TO YIELD RIGHT-OF-WAY,2,11,NO INDICATION OF INJURY,0,0,18,5,41.8697597563,-87.6862726898
07/23/2022 03:05:00 PM,30,CLEAR,DAYLIGHT,ANGLE,FOUR WAY,DRY,INJURY AND / OR TOW DUE TO CRASH,DISREGARDING STOP SIGN,2,7,NO INDICATION OF INJURY,0,0,15,7,41.8606936137,-87.7166203219
03/19/2022 01:15:00 PM,30,CLEAR,DAYLIGHT,SIDESWIPE SAME DIRECTION,NOT DIVIDED,WET,NO INJURY / DRIVE AWAY,UNABLE TO DETERMINE,2,3,NO INDICATION OF INJURY,0,0,13,7,41.9112233799,-87.6386560318
09/07/2022 02:50:00 PM,30,CLEAR,DAYLIGHT,TURNING,ONE-WAY,DRY,NO INJURY / DRIVE AWAY,FAILING TO YIELD RIGHT-OF-WAY,2,9,NO INDICATION OF INJURY,0,0,14,4,41.7925003562,-87.7966181842
04/27/2025 01:00:00 PM,30,CLEAR,DAYLIGHT,PARKED MOTOR VEHICLE,NOT DIVIDED,UNKNOWN,NO INJURY / DRIVE AWAY,UNABLE TO DETERMINE,2,4,NO INDICATION OF INJURY,0,0,13,1,41.8975178157,-87.6210470858
04/16/2024 09:25:00 AM,15,UNKNOWN,UNKNOWN,PARKED MOTOR VEHICLE,PARKING LOT,UNKNOWN,INJURY AND / OR TOW DUE TO CRASH,NOT APPLICABLE,2,4,NO INDICATION OF INJURY,0,0,9,3,41.8876195554,-87.7015405221
10/26/2021 03:45:00 PM,35,CLEAR,DAYLIGHT,TURNING,OTHER,DRY,INJURY AND / OR TOW DUE TO CRASH,IMPROPER TURNING/NO SIGNAL,2,10,NONINCAPACITATING INJURY,1,0,15,3,41.6590391737,-87.6034845238
07/29/2023 01:15:00 PM,30,CLEAR,DAYLIGHT,SIDESWIPE SAME DIRECTION,NOT DIVIDED,DRY,NO INJURY / DRIVE AWAY,IMPROPER OVERTAKING/PASSING,3,7,NO INDICATION OF INJURY,0,0,13,7,41.9466012053,-87.6940903028
05/01/2021 06:00:00 PM,30,CLEAR,DAYLIGHT,REAR END,NOT DIVIDED,DRY,NO INJURY / DRIVE AWAY,FOLLOWING TOO CLOSELY,2,5,NO INDICATION OF INJURY,0,0,18,7,41.9386794961,-87.7669522164
03/28/2025 01:45:00 PM,30,UNKNOWN,UNKNOWN,TURNING,DIVIDED - W/MEDIAN (NOT RAISED),UNKNOWN,INJURY AND / OR TOW DUE TO CRASH,UNABLE TO DETERMINE,2,3,NO INDICATION OF INJURY,0,0,13,6,41.9297448957,-87.6844923437
08/11/2023 05:47:00 PM,30,CLEAR,DAYLIGHT,ANGLE,FOUR WAY,DRY,INJURY AND / OR TOW DUE TO CRASH,DISREGARDING TRAFFIC SIGNALS,3,8,NONINCAPACITATING INJURY,3,0,17,6,41.7754847585,-87.5962321661
08/31/2021 06:45:00 AM,15,CLEAR,DAWN,PARKED MOTOR VEHICLE,OTHER,DRY,NO INJURY / DRIVE AWAY,UNABLE TO DETERMINE,2,8,NO INDICATION OF INJURY,0,0,6,3,41.8386756729,-87.6083637442
07/24/2022 01:30:00 AM,30,RAIN,DARKNESS,PARKED MOTOR VEHICLE,NOT DIVIDED,WET,INJURY AND / OR TOW DUE TO CRASH,FAILING TO REDUCE SPEED TO AVOID CRASH,2,7,NO INDICATION OF INJURY,0,0,1,1,41.945872956,-87.7773070519
07/23/2022 03:03:00 AM,30,CLEAR,"DARKNESS, LIGHTED ROAD",REAR TO SIDE,NOT DIVIDED,DRY,INJURY AND / OR TOW DUE TO CRASH,IMPROPER BACKING,2,7,NO INDICATION OF INJURY,0,0,3,7,41.9906049238,-87.6900696975
03/14/2024 06:33:00 AM,30,RAIN,DAWN,ANGLE,DIVIDED - W/MEDIAN BARRIER,WET,INJURY AND / OR TOW DUE TO CRASH,FAILING TO YIELD RIGHT-OF-WAY,2,3,NONINCAPACITATING INJURY,2,0,6,5,41.9538926301,-87.71673794
02/27/2024 02:00:00 PM,30,CLEAR,DAYLIGHT,PARKED MOTOR VEHICLE,DIVIDED - W/MEDIAN (NOT RAISED),DRY,NO INJURY / DRIVE AWAY,UNABLE TO DETERMINE,2,2,NO INDICATION OF INJURY,0,0,14,3,41.8244994557,-87.6056241068
10/05/2022 09:30:00 AM,30,CLEAR,DAYLIGHT,PARKED MOTOR VEHICLE,NOT DIVIDED,DRY,NO INJURY / DRIVE AWAY,"VISION OBSCURED (SIGNS, TREE LIMBS, BUILDINGS, ETC.)",2,10,NO INDICATION OF INJURY,0,0,9,4,41.8836733857,-87.6533970421
04/20/2026 03:40:00 PM,30,CLEAR,DAYLIGHT,PARKED MOTOR VEHICLE,ONE-WAY,DRY,NO INJURY / DRIVE AWAY,UNABLE TO DETERMINE,2,4,NO INDICATION OF INJURY,0,0,15,2,41.8774434366,-87.6984807218
09/01/2022 04:03:00 PM,30,CLEAR,DAYLIGHT,SIDESWIPE SAME DIRECTION,NOT DIVIDED,DRY,NO INJURY / DRIVE AWAY,IMPROPER OVERTAKING/PASSING,2,9,NO INDICATION OF INJURY,0,0,16,5,41.975319532,-87.659738127
07/04/2022 08:40:00 PM,35,CLEAR,"DARKNESS, LIGHTED ROAD",REAR END,DIVIDED - W/MEDIAN BARRIER,DRY,NO INJURY / DRIVE AWAY,FOLLOWING TOO CLOSELY,2,7,NO INDICATION OF INJURY,0,0,20,2,41.6995474147,-87.6427519151
08/13/2024 05:06:00 PM,30,CLEAR,DAYLIGHT,PEDALCYCLIST,ONE-WAY,DRY,NO INJURY / DRIVE AWAY,UNABLE TO DETERMINE,2,8,NO INDICATION OF INJURY,0,0,17,3,41.9247355578,-87.7780321911
09/18/2025 07:00:00 AM,35,CLEAR,DAYLIGHT,SIDESWIPE SAME DIRECTION,DIVIDED - W/MEDIAN (NOT RAISED),DRY,NO INJURY / DRIVE AWAY,UNABLE TO DETERMINE,2,9,NO INDICATION OF INJURY,0,0,7,5,41.9684646008,-87.6890504403
02/09/2024 05:50:00 AM,30,CLEAR,DAWN,PARKED MOTOR VEHICLE,ONE-WAY,DRY,NO INJURY / DRIVE AWAY,IMPROPER OVERTAKING/PASSING,2,2,NO INDICATION OF INJURY,0,0,5,6,41.7159389337,-87.5347181019
05/07/2024 11:03:00 AM,30,RAIN,DAYLIGHT,REAR END,NOT DIVIDED,WET,INJURY AND / OR TOW DUE TO CRASH,WEATHER,2,5,NONINCAPACITATING INJURY,2,0,11,3,41.9688730682,-87.6786406934
04/15/2025 07:25:00 AM,30,RAIN,DAYLIGHT,REAR END,NOT DIVIDED,WET,INJURY AND / OR TOW DUE TO CRASH,FOLLOWING TOO CLOSELY,2,4,"REPORTED, NOT EVIDENT",3,0,7,3,41.8817632095,-87.7230163264
02/17/2022 05:05:00 PM,30,BLOWING SNOW,DUSK,FIXED OBJECT,NOT DIVIDED,SNOW OR SLUSH,NO INJURY / DRIVE AWAY,NOT APPLICABLE,2,2,NO INDICATION OF INJURY,0,0,17,5,41.7871860933,-87.6420449041
01/22/2024 07:50:00 PM,25,FREEZING RAIN/DRIZZLE,UNKNOWN,PARKED MOTOR VEHICLE,ONE-WAY,ICE,NO INJURY / DRIVE AWAY,UNABLE TO DETERMINE,2,1,NO INDICATION OF INJURY,0,0,19,2,41.8716694891,-87.7347342765
05/24/2025 08:20:00 PM,30,CLEAR,DUSK,ANGLE,FOUR WAY,DRY,INJURY AND / OR TOW DUE TO CRASH,DRIVING ON WRONG SIDE/WRONG WAY,2,5,NO INDICATION OF INJURY,0,0,20,7,41.8756261015,-87.6258790409
09/18/2021 09:00:00 AM,35,CLEAR,DARKNESS,PARKED MOTOR VEHICLE,DIVIDED - W/MEDIAN BARRIER,DRY,NO INJURY / DRIVE AWAY,UNABLE TO DETERMINE,2,9,NO INDICATION OF INJURY,0,0,9,7,41.8418285826,-87.6270169621
09/14/2024 06:30:00 PM,30,CLEAR,DAYLIGHT,REAR END,NOT DIVIDED,DRY,NO INJURY / DRIVE AWAY,UNABLE TO DETERMINE,2,9,NO INDICATION OF INJURY,0,0,18,7,41.9102252625,-87.7068960583
04/28/2026 05:39:00 PM,30,CLEAR,DAYLIGHT,TURNING,T-INTERSECTION,DRY,NO INJURY / DRIVE AWAY,FAILING TO YIELD RIGHT-OF-WAY,2,4,NO INDICATION OF INJURY,0,0,17,3,41.8272023118,-87.6315653942
02/17/2024 06:40:00 AM,30,CLEAR,DAYLIGHT,TURNING,NOT DIVIDED,DRY,INJURY AND / OR TOW DUE TO CRASH,EQUIPMENT - VEHICLE CONDITION,2,2,NONINCAPACITATING INJURY,1,0,6,7,41.8382628119,-87.7001007487
01/05/2023 07:00:00 PM,35,RAIN,"DARKNESS, LIGHTED ROAD",FIXED OBJECT,DIVIDED - W/MEDIAN BARRIER,WET,INJURY AND / OR TOW DUE TO CRASH,DRIVING SKILLS/KNOWLEDGE/EXPERIENCE,1,1,NONINCAPACITATING INJURY,3,0,19,5,41.8993222788,-87.6187384331
08/26/2023 05:22:00 PM,30,CLEAR,DAYLIGHT,TURNING,NOT DIVIDED,DRY,INJURY AND / OR TOW DUE TO CRASH,FAILING TO YIELD RIGHT-OF-WAY,2,8,NO INDICATION OF INJURY,0,0,17,7,41.830940367,-87.6400793411
03/15/2023 01:00:00 PM,30,CLEAR,DAYLIGHT,ANGLE,FOUR WAY,DRY,NO INJURY / DRIVE AWAY,FAILING TO YIELD RIGHT-OF-WAY,2,3,NO INDICATION OF INJURY,0,0,13,4,41.8763769432,-87.6722086711
01/15/2026 04:54:00 PM,15,CLEAR,"DARKNESS, LIGHTED ROAD",ANGLE,PARKING LOT,WET,INJURY AND / OR TOW DUE TO CRASH,IMPROPER LANE USAGE,2,1,NONINCAPACITATING INJURY,1,0,16,5,41.7222631981,-87.5829176346
08/22/2024 09:47:00 AM,35,CLEAR,DAYLIGHT,ANGLE,DIVIDED - W/MEDIAN (NOT RAISED),DRY,INJURY AND / OR TOW DUE TO CRASH,UNABLE TO DETERMINE,2,8,NO INDICATION OF INJURY,0,0,9,5,41.7580435767,-87.6297076249
12/20/2024 03:50:00 PM,30,CLEAR,DAYLIGHT,REAR END,NOT DIVIDED,DRY,NO INJURY / DRIVE AWAY,UNABLE TO DETERMINE,2,12,NO INDICATION OF INJURY,0,0,15,6,41.7138760632,-87.5354226086
05/20/2022 11:38:00 PM,30,RAIN,"DARKNESS, LIGHTED ROAD",TURNING,DIVIDED - W/MEDIAN BARRIER,WET,INJURY AND / OR TOW DUE TO CRASH,WEATHER,3,5,NONINCAPACITATING INJURY,2,0,23,6,41.7728176836,-87.6300244852
10/31/2025 08:00:00 AM,30,UNKNOWN,UNKNOWN,SIDESWIPE OPPOSITE DIRECTION,UNKNOWN,UNKNOWN,NO INJURY / DRIVE AWAY,UNABLE TO DETERMINE,2,10,NO INDICATION OF INJURY,0,0,8,6,41.7779389216,-87.7424237578
10/22/2023 03:57:00 PM,25,CLEAR,DAYLIGHT,REAR END,OTHER,DRY,INJURY AND / OR TOW DUE TO CRASH,FOLLOWING TOO CLOSELY,2,10,NONINCAPACITATING INJURY,1,0,15,1,41.8096371801,-87.6069081251