CRASH_DATE,POSTED_SPEED_LIMIT,WEATHER_CONDITION,LIGHTING_CONDITION,FIRST_CRASH_TYPE,TRAFFICWAY_TYPE,ROADWAY_SURFACE_COND,CRASH_TYPE,PRIM_CONTRIBUTORY_CAUSE,NUM_UNITS,CRASH_MONTH,MOST_SEVERE_INJURY,INJURIES_TOTAL,INJURIES_FATAL,CRASH_HOUR,CRASH_DAY_OF_WEEK,LATITUDE,LONGITUDE
11/22/2023 12:20:00 PM,30,CLEAR,DAYLIGHT,SIDESWIPE SAME DIRECTION,NOT DIVIDED,DRY,NO INJURY / DRIVE AWAY,UNABLE TO DETERMINE,2,11,NO INDICATION OF INJURY,0,0,12,4,41.9803684396,-87.7480106109
08/27/2025 07:57:00 AM,30,CLEAR,DAYLIGHT,REAR TO FRONT,PARKING LOT,DRY,NO INJURY / DRIVE AWAY,UNABLE TO DETERMINE,2,8,NO INDICATION OF INJURY,0,0,7,4,41.8485391874,-87.6754169836
11/28/2021 07:42:00 PM,30,CLEAR,"DARKNESS, LIGHTED ROAD",REAR END,FOUR WAY,DRY,INJURY AND / OR TOW DUE TO CRASH,UNABLE TO DETERMINE,2,11,NONINCAPACITATING INJURY,1,0,19,1,41.885940221,-87.7456241351
08/22/2022 12:55:00 AM,30,CLEAR,"DARKNESS, LIGHTED ROAD",HEAD ON,NOT DIVIDED,UNKNOWN,NO INJURY / DRIVE AWAY,EQUIPMENT - VEHICLE CONDITION,2,8,NO INDICATION OF INJURY,0,0,0,2,41.7914990592,-87.7093833417
08/13/2022 04:30:00 PM,30,CLEAR,DAYLIGHT,SIDESWIPE SAME DIRECTION,NOT DIVIDED,UNKNOWN,NO INJURY / DRIVE AWAY,UNABLE TO DETERMINE,2,8,NO INDICATION OF INJURY,0,0,16,7,41.9973639939,-87.7665510252
07/16/2022 07:15:00 PM,30,RAIN,DAYLIGHT,SIDESWIPE SAME DIRECTION,OTHER,DRY,NO INJURY / DRIVE AWAY,UNABLE TO DETERMINE,2,7,NO INDICATION OF INJURY,0,0,19,7,41.8560777081,-87.6436590422
05/25/2024 11:21:00 PM,30,UNKNOWN,"DARKNESS, LIGHTED ROAD",REAR END,ONE-WAY,UNKNOWN,NO INJURY / DRIVE AWAY,UNABLE TO DETERMINE,2,5,NO INDICATION OF INJURY,0,0,23,7,41.8905811057,-87.6294750289
03/21/2026 01:02:00 AM,30,CLEAR,"DARKNESS, LIGHTED ROAD",TURNING,T-INTERSECTION,DRY,NO INJURY / DRIVE AWAY,DISREGARDING TRAFFIC SIGNALS,2,3,NO INDICATION OF INJURY,0,0,1,7,41.7076797846,-87.5848520395
08/22/2025 05:38:00 PM,30,CLEAR,DAYLIGHT,PEDESTRIAN,NOT DIVIDED,DRY,INJURY AND / OR TOW DUE TO CRASH,FAILING TO YIELD RIGHT-OF-WAY,2,8,NONINCAPACITATING INJURY,1,0,17,6,41.9647889206,-87.7207137434
03/22/2026 12:00:00 AM,20,CLEAR,DAYLIGHT,PARKED MOTOR VEHICLE,ONE-WAY,DRY,NO INJURY / DRIVE AWAY,UNABLE TO DETERMINE,3,3,NO INDICATION OF INJURY,0,0,0,1,41.9821210828,-87.6946163411
08/08/2024 04:00:00 PM,30,CLEAR,DAYLIGHT,ANGLE,DIVIDED - W/MEDIAN (NOT RAISED),DRY,NO INJURY / DRIVE AWAY,UNABLE TO DETERMINE,2,8,NO INDICATION OF INJURY,0,0,16,5,41.7748873726,-87.7422345192
09/01/2023 06:30:00 PM,30,CLEAR,DUSK,TURNING,NOT DIVIDED,UNKNOWN,NO INJURY / DRIVE AWAY,UNABLE TO DETERMINE,2,9,NO INDICATION OF INJURY,0,0,18,6,41.9092570732,-87.7850565929
01/19/2026 04:13:00 PM,30,CLEAR,DAYLIGHT,REAR END,NOT DIVIDED,ICE,INJURY AND / OR TOW DUE TO CRASH,FOLLOWING TOO CLOSELY,3,1,NO INDICATION OF INJURY,0,0,16,2,41.8241837407,-87.6880187106
08/02/2025 09:45:00 AM,30,CLEAR,DAYLIGHT,ANGLE,TRAFFIC ROUTE,DRY,NO INJURY / DRIVE AWAY,UNABLE TO DETERMINE,2,8,NO INDICATION OF INJURY,0,0,9,7,41.9365991459,-87.756467039
11/08/2024 10:30:00 PM,30,CLEAR,DARKNESS,REAR END,NOT DIVIDED,DRY,NO INJURY / DRIVE AWAY,UNABLE TO DETERMINE,2,11,NO INDICATION OF INJURY,0,0,22,6,41.8159388307,-87.6554788685
12/24/2021 08:10:00 AM,30,CLEAR,DAYLIGHT,REAR END,TRAFFIC ROUTE,WET,NO INJURY / DRIVE AWAY,UNABLE TO DETERMINE,2,12,NO INDICATION OF INJURY,0,0,8,6,41.7361635418,-87.6450227668
03/04/2026 10:16:00 PM,30,CLEAR,"DARKNESS, LIGHTED ROAD",ANGLE,FOUR WAY,DRY,NO INJURY / DRIVE AWAY,FAILING TO YIELD RIGHT-OF-WAY,2,3,NO INDICATION OF INJURY,0,0,22,4,41.9309946347,-87.7784517165
08/08/2025 07:30:00 PM,30,CLEAR,DAYLIGHT,REAR END,DIVIDED - W/MEDIAN (NOT RAISED),DRY,NO INJURY / DRIVE AWAY,FOLLOWING TOO CLOSELY,2,8,NO INDICATION OF INJURY,0,0,19,6,41.9319080934,-87.7121292292
10/12/2025 10:20:00 AM,30,CLEAR,DAYLIGHT,REAR END,NOT DIVIDED,DRY,NO INJURY / DRIVE AWAY,FOLLOWING TOO CLOSELY,2,10,NO INDICATION OF INJURY,0,0,10,1,41.896274407,-87.765592412
06/06/2021 05:01:00 AM,30,CLEAR,DAYLIGHT,ANGLE,DIVIDED - W/MEDIAN (NOT RAISED),DRY,INJURY AND / OR TOW DUE TO CRASH,DISREGARDING TRAFFIC SIGNALS,3,6,NONINCAPACITATING INJURY,1,0,5,1,41.8235667404,-87.6460521714
12/26/2022 06:27:00 PM,30,CLEAR,"DARKNESS, LIGHTED ROAD",SIDESWIPE SAME DIRECTION,NOT DIVIDED,SNOW OR SLUSH,NO INJURY / DRIVE AWAY,FAILING TO YIELD RIGHT-OF-WAY,2,12,NO INDICATION OF INJURY,0,0,18,2,41.8859110122,-87.620797724
01/14/2026 05:30:00 PM,30,SNOW,DAYLIGHT,TURNING,T-INTERSECTION,SNOW OR SLUSH,NO INJURY / DRIVE AWAY,IMPROPER TURNING/NO SIGNAL,2,1,NO INDICATION OF INJURY,0,0,17,4,41.8079024497,-87.7163759681
06/07/2021 12:30:00 PM,30,RAIN,DAYLIGHT,TURNING,OTHER,WET,NO INJURY / DRIVE AWAY,NOT APPLICABLE,2,6,NO INDICATION OF INJURY,0,0,12,2,41.9521447663,-87.8365201876
01/22/2024 05:00:00 PM,30,SLEET/HAIL,"DARKNESS, LIGHTED ROAD",SIDESWIPE SAME DIRECTION,NOT DIVIDED,ICE,NO INJURY / DRIVE AWAY,NOT APPLICABLE,2,1,NO INDICATION OF INJURY,0,0,17,2,41.7976203067,-87.6841034533
01/28/2025 11:21:00 AM,25,CLEAR,DAYLIGHT,PARKED MOTOR VEHICLE,NOT DIVIDED,DRY,NO INJURY / DRIVE AWAY,UNABLE TO DETERMINE,2,1,NO INDICATION OF INJURY,0,0,11,3,41.8095840848,-87.6106198256
03/11/2025 08:40:00 PM,10,CLEAR,"DARKNESS, LIGHTED ROAD",PARKED MOTOR VEHICLE,PARKING LOT,DRY,NO INJURY / DRIVE AWAY,UNABLE TO DETERMINE,2,3,,,,20,3,41.8320564657,-87.6168331694
09/03/2023 01:43:00 PM,30,CLEAR,DAYLIGHT,SIDESWIPE OPPOSITE DIRECTION,PARKING LOT,DRY,NO INJURY / DRIVE AWAY,IMPROPER BACKING,2,9,NO INDICATION OF INJURY,0,0,13,1,41.7356549967,-87.7021776741
04/09/2026 04:07:00 PM,30,CLEAR,DAYLIGHT,ANGLE,FOUR WAY,DRY,NO INJURY / DRIVE AWAY,FAILING TO YIELD RIGHT-OF-WAY,2,4,NO INDICATION OF INJURY,0,0,16,5,41.9575214749,-87.7672920461
08/21/2021 12:00:00 PM,30,CLEAR,DAYLIGHT,PEDALCYCLIST,NOT DIVIDED,DRY,NO INJURY / DRIVE AWAY,UNABLE TO DETERMINE,2,8,NO INDICATION OF INJURY,0,0,12,7,41.9241190242,-87.747032136
07/11/2025 01:25:00 PM,30,CLEAR,DAYLIGHT,TURNING,T-INTERSECTION,UNKNOWN,NO INJURY / DRIVE AWAY,UNABLE TO DETERMINE,2,7,NO INDICATION OF INJURY,0,0,13,6,41.8685014917,-87.7449821867
08/21/2025 05:15:00 PM,30,CLEAR,DAYLIGHT,PEDESTRIAN,DIVIDED - W/MEDIAN BARRIER,DRY,NO INJURY / DRIVE AWAY,FAILING TO YIELD RIGHT-OF-WAY,2,8,NO INDICATION OF INJURY,0,0,17,5,41.7217690422,-87.6287280473
03/19/2021 12:30:00 PM,30,CLEAR,DAYLIGHT,PARKED MOTOR VEHICLE,ONE-WAY,DRY,NO INJURY / DRIVE AWAY,DRIVING SKILLS/KNOWLEDGE/EXPERIENCE,2,3,NO INDICATION OF INJURY,0,0,12,6,41.8910996167,-87.6209676381
05/11/2025 03:30:00 PM,30,CLEAR,DAYLIGHT,SIDESWIPE SAME DIRECTION,NOT DIVIDED,DRY,NO INJURY / DRIVE AWAY,UNABLE TO DETERMINE,2,5,NO INDICATION OF INJURY,0,0,15,1,41.8946051633,-87.7402802519
08/10/2024 11:40:00 PM,30,CLEAR,"DARKNESS, LIGHTED ROAD",FIXED OBJECT,UNKNOWN,DRY,INJURY AND / OR TOW DUE TO CRASH,DRIVING SKILLS/KNOWLEDGE/EXPERIENCE,1,8,NO INDICATION OF INJURY,0,0,23,7,41.7763854167,-87.6269769153
06/10/2023 11:50:00 PM,30,CLEAR,"DARKNESS, LIGHTED ROAD",ANGLE,NOT DIVIDED,DRY,INJURY AND / OR TOW DUE TO CRASH,FAILING TO YIELD RIGHT-OF-WAY,2,6,NO INDICATION OF INJURY,0,0,23,7,41.8816768562,-87.7475735997
12/21/2022 03:35:00 PM,30,CLEAR,DAYLIGHT,ANGLE,NOT DIVIDED,DRY,NO INJURY / DRIVE AWAY,DRIVING SKILLS/KNOWLEDGE/EXPERIENCE,2,12,NO INDICATION OF INJURY,0,0,15,4,41.9326608802,-87.687771152
07/26/2023 01:39:00 PM,35,CLEAR,DAYLIGHT,REAR END,NOT DIVIDED,DRY,INJURY AND / OR TOW DUE TO CRASH,UNABLE TO DETERMINE,2,7,"REPORTED, NOT EVIDENT",1,0,13,4,41.8695113794,-87.6569044203
11/02/2023 06:28:00 PM,30,CLEAR,"DARKNESS, LIGHTED ROAD",TURNING,DIVIDED - W/MEDIAN (NOT RAISED),DRY,NO INJURY / DRIVE AWAY,FAILING TO YIELD RIGHT-OF-WAY,2,11,NO INDICATION OF INJURY,0,0,18,5,41.997432672,-87.7621040244
08/28/2024 04:38:00 PM,30,CLEAR,DAYLIGHT,TURNING,NOT DIVIDED,DRY,NO INJURY / DRIVE AWAY,IMPROPER TURNING/NO SIGNAL,2,8,NO INDICATION OF INJURY,0,0,16,4,41.7943796494,-87.7037307282
04/19/2024 09:31:00 AM,25,CLEAR,DAYLIGHT,PEDALCYCLIST,NOT DIVIDED,DRY,INJURY AND / OR TOW DUE TO CRASH,IMPROPER OVERTAKING/PASSING,2,4,NONINCAPACITATING INJURY,1,0,9,6,41.8418115244,-87.6578761082
06/02/2021 08:00:00 AM,25,CLEAR,DAYLIGHT,PARKED MOTOR VEHICLE,NOT DIVIDED,DRY,NO INJURY / DRIVE AWAY,IMPROPER BACKING,2,6,NO INDICATION OF INJURY,0,0,8,4,41.7699714858,-87.6152255384
12/28/2023 07:30:00 AM,15,CLEAR,DAYLIGHT,FIXED OBJECT,ALLEY,DRY,NO INJURY / DRIVE AWAY,UNABLE TO DETERMINE,1,12,NO INDICATION OF INJURY,0,0,7,5,41.7332036556,-87.6436838916
08/27/2021 04:00:00 PM,30,CLEAR,DAYLIGHT,PEDALCYCLIST,FOUR WAY,DRY,INJURY AND / OR TOW DUE TO CRASH,FAILING TO YIELD RIGHT-OF-WAY,2,8,NONINCAPACITATING INJURY,1,0,16,6,41.9388739761,-87.6394230079
07/28/2021 04:15:00 PM,35,CLEAR,DAYLIGHT,ANGLE,NOT DIVIDED,DRY,INJURY AND / OR TOW DUE TO CRASH,UNABLE TO DETERMINE,4,7,NO INDICATION OF INJURY,0,0,16,4,41.8039850259,-87.6193830689
12/19/2024 06:50:00 AM,30,RAIN,"DARKNESS, LIGHTED ROAD",ANGLE,DIVIDED - W/MEDIAN (NOT RAISED),WET,INJURY AND / OR TOW DUE TO CRASH,UNABLE TO DETERMINE,2,12,"REPORTED, NOT EVIDENT",1,0,6,5,41.7866541783,-87.6645391577
08/06/2024 03:35:00 PM,30,CLOUDY/OVERCAST,DAYLIGHT,REAR TO REAR,NOT DIVIDED,DRY,NO INJURY / DRIVE AWAY,IMPROPER BACKING,2,8,NO INDICATION OF INJURY,0,0,15,3,41.9680530472,-87.6494745552
05/24/2022 04:30:00 PM,30,CLEAR,DAYLIGHT,SIDESWIPE SAME DIRECTION,DIVIDED - W/MEDIAN (NOT RAISED),DRY,NO INJURY / DRIVE AWAY,UNABLE TO DETERMINE,2,5,NO INDICATION OF INJURY,0,0,16,3,41.8080081075,-87.7042017648
03/07/2025 09:58:00 AM,30,RAIN,DAYLIGHT,PARKED MOTOR VEHICLE,NOT DIVIDED,WET,NO INJURY / DRIVE AWAY,"DISTRACTION - OTHER ELECTRONIC DEVICE (NAVIGATION DEVICE, DVD PLAYER, ETC.)",2,3,NO INDICATION OF INJURY,0,0,9,6,41.8912081398,-87.6557343427
01/22/2026 06:25:00 AM,30,CLEAR,DAYLIGHT,TURNING,NOT DIVIDED,DRY,INJURY AND / OR TOW DUE TO CRASH,FAILING TO YIELD RIGHT-OF-WAY,4,1,NONINCAPACITATING INJURY,3,0,6,5,41.8951701689,-87.7307666869
04/08/2024 07:45:00 AM,30,CLEAR,DAYLIGHT,REAR END,DIVIDED - W/MEDIAN (NOT RAISED),DRY,NO INJURY / DRIVE AWAY,FOLLOWING TOO CLOSELY,2,4,NO INDICATION OF INJURY,0,0,7,2,41.9466007889,-87.6941762583
04/12/2021 04:57:00 PM,30,CLEAR,DAYLIGHT,TURNING,NOT DIVIDED,DRY,INJURY AND / OR TOW DUE TO CRASH,IMPROPER OVERTAKING/PASSING,2,4,NO INDICATION OF INJURY,0,0,16,2,41.8009650041,-87.7017813969
02/26/2024 07:58:00 AM,15,CLEAR,DAYLIGHT,TURNING,NOT DIVIDED,DRY,NO INJURY / DRIVE AWAY,FAILING TO YIELD RIGHT-OF-WAY,2,2,NO INDICATION OF INJURY,0,0,7,2,41.7501351039,-87.672051948
11/11/2025 01:45:00 PM,35,SNOW,DAYLIGHT,SIDESWIPE SAME DIRECTION,NOT DIVIDED,SNOW OR SLUSH,NO INJURY / DRIVE AWAY,UNABLE TO DETERMINE,2,11,NO INDICATION OF INJURY,0,0,13,3,41.776087494,-87.683412333
12/14/2022 12:12:00 PM,30,RAIN,DAYLIGHT,SIDESWIPE SAME DIRECTION,ONE-WAY,WET,NO INJURY / DRIVE AWAY,IMPROPER OVERTAKING/PASSING,2,12,NO INDICATION OF INJURY,0,0,12,4,41.8940279145,-87.6241581874
12/06/2024 07:50:00 AM,30,CLEAR,DAYLIGHT,SIDESWIPE SAME DIRECTION,NOT DIVIDED,DRY,NO INJURY / DRIVE AWAY,UNABLE TO DETERMINE,2,12,NO INDICATION OF INJURY,0,0,7,6,41.6902140815,-87.6812517947
06/08/2024 11:59:00 AM,30,CLEAR,DAYLIGHT,ANGLE,FOUR WAY,DRY,INJURY AND / OR TOW DUE TO CRASH,UNABLE TO DETERMINE,2,6,NO INDICATION OF INJURY,0,0,11,7,41.8822612598,-87.6816682918
02/11/2025 08:45:00 AM,30,CLEAR,DAYLIGHT,TURNING,ONE-WAY,SNOW OR SLUSH,NO INJURY / DRIVE AWAY,FAILING TO YIELD RIGHT-OF-WAY,2,2,NO INDICATION OF INJURY,0,0,8,3,41.8818883397,-87.6473210939
04/21/2025 12:35:00 PM,30,CLEAR,DAYLIGHT,ANGLE,T-INTERSECTION,DRY,NO INJURY / DRIVE AWAY,FAILING TO YIELD RIGHT-OF-WAY,2,4,NO INDICATION OF INJURY,0,0,12,2,41.9124619072,-87.6980267039
05/21/2022 02:00:00 AM,20,CLEAR,DARKNESS,PARKED MOTOR VEHICLE,NOT DIVIDED,DRY,NO INJURY / DRIVE AWAY,UNABLE TO DETERMINE,2,5,NO INDICATION OF INJURY,0,0,2,7,41.7814952506,-87.7057799787
12/22/2023 10:14:00 PM,30,CLEAR,DARKNESS,SIDESWIPE SAME DIRECTION,PARKING LOT,UNKNOWN,NO INJURY / DRIVE AWAY,UNABLE TO DETERMINE,2,12,NO INDICATION OF INJURY,0,0,22,6,41.9096618114,-87.7355705215
04/23/2022 11:00:00 PM,30,CLEAR,"DARKNESS, LIGHTED ROAD",REAR TO FRONT,DIVIDED - W/MEDIAN (NOT RAISED),DRY,NO INJURY / DRIVE AWAY,UNABLE TO DETERMINE,2,4,NO INDICATION OF INJURY,0,0,23,7,41.7644512128,-87.7053252994
10/08/2022 12:45:00 PM,30,CLEAR,DAYLIGHT,ANGLE,NOT DIVIDED,DRY,NO INJURY / DRIVE AWAY,UNABLE TO DETERMINE,2,10,NO INDICATION OF INJURY,0,0,12,7,41.9054665003,-87.7119093723
05/05/2025 03:32:00 PM,30,CLEAR,DAYLIGHT,PARKED MOTOR VEHICLE,DIVIDED - W/MEDIAN (NOT RAISED),DRY,NO INJURY / DRIVE AWAY,DRIVING SKILLS/KNOWLEDGE/EXPERIENCE,2,5,NO INDICATION OF INJURY,0,0,15,2,41.793582124,-87.6937336821
12/16/2024 03:20:00 PM,30,CLEAR,DUSK,SIDESWIPE SAME DIRECTION,NOT DIVIDED,DRY,INJURY AND / OR TOW DUE TO CRASH,FAILING TO YIELD RIGHT-OF-WAY,2,12,NO INDICATION OF INJURY,0,0,15,2,41.6921044462,-87.6543392001
08/07/2023 07:20:00 PM,30,CLEAR,DAWN,PARKED MOTOR VEHICLE,NOT DIVIDED,DRY,NO INJURY / DRIVE AWAY,UNABLE TO DETERMINE,2,8,NO INDICATION OF INJURY,0,0,19,2,41.7997151776,-87.5889534796
07/10/2022 12:35:00 AM,30,CLEAR,DARKNESS,FIXED OBJECT,DIVIDED - W/MEDIAN BARRIER,DRY,INJURY AND / OR TOW DUE TO CRASH,UNABLE TO DETERMINE,1,7,INCAPACITATING INJURY,2,0,0,1,41.8718575944,-87.6468729041
10/28/2022 11:00:00 AM,30,UNKNOWN,UNKNOWN,PARKED MOTOR VEHICLE,NOT DIVIDED,UNKNOWN,NO INJURY / DRIVE AWAY,UNABLE TO DETERMINE,2,10,NO INDICATION OF INJURY,0,0,11,6,41.9521874163,-87.6546224602
05/16/2025 07:00:00 AM,30,CLEAR,DAYLIGHT,REAR END,NOT DIVIDED,DRY,NO INJURY / DRIVE AWAY,UNABLE TO DETERMINE,2,5,NO INDICATION OF INJURY,0,0,7,6,41.976201139,-87.9053091251
02/07/2022 09:00:00 AM,15,CLEAR,DAYLIGHT,PARKED MOTOR VEHICLE,PARKING LOT,WET,NO INJURY / DRIVE AWAY,UNABLE TO DETERMINE,2,2,NO INDICATION OF INJURY,0,0,9,2,41.7644468993,-87.6931737199
02/05/2022 11:50:00 PM,30,SNOW,"DARKNESS, LIGHTED ROAD",PARKED MOTOR VEHICLE,ONE-WAY,SNOW OR SLUSH,INJURY AND / OR TOW DUE TO CRASH,UNABLE TO DETERMINE,2,2,NO INDICATION OF INJURY,0,0,23,7,41.8775924506,-87.761394869
01/12/2021 03:40:00 PM,15,CLEAR,DAYLIGHT,PARKED MOTOR VEHICLE,NOT DIVIDED,DRY,NO INJURY / DRIVE AWAY,UNABLE TO DETERMINE,2,1,NO INDICATION OF INJURY,0,0,15,3,41.8104515462,-87.6837744013
10/27/2022 04:00:00 PM,30,CLEAR,DAYLIGHT,ANGLE,FOUR WAY,DRY,INJURY AND / OR TOW DUE TO CRASH,FAILING TO YIELD RIGHT-OF-WAY,2,10,NO INDICATION OF INJURY,0,0,16,5,41.79237466,-87.6464669785
11/07/2025 03:48:00 PM,30,CLEAR,DAYLIGHT,SIDESWIPE SAME DIRECTION,ONE-WAY,DRY,NO INJURY / DRIVE AWAY,UNABLE TO DETERMINE,2,11,NO INDICATION OF INJURY,0,0,15,6,41.8023797296,-87.5879794066
02/08/2025 01:00:00 PM,30,CLEAR,DAYLIGHT,TURNING,DIVIDED - W/MEDIAN (NOT RAISED),DRY,NO INJURY / DRIVE AWAY,FOLLOWING TOO CLOSELY,2,2,NO INDICATION OF INJURY,0,0,13,7,41.9707587278,-87.7631471761
12/12/2025 10:40:00 PM,30,CLEAR,DUSK,TURNING,FOUR WAY,DRY,NO INJURY / DRIVE AWAY,NOT APPLICABLE,2,12,NO INDICATION OF INJURY,0,0,22,6,41.867377773,-87.6242830157
03/20/2025 06:43:00 PM,30,CLEAR,DUSK,ANGLE,FOUR WAY,DRY,NO INJURY / DRIVE AWAY,FAILING TO YIELD RIGHT-OF-WAY,2,3,NO INDICATION OF INJURY,0,0,18,5,41.6851262783,-87.6470787199
04/15/2025 02:30:00 PM,30,UNKNOWN,UNKNOWN,ANGLE,DIVIDED - W/MEDIAN (NOT RAISED),UNKNOWN,NO INJURY / DRIVE AWAY,UNABLE TO DETERMINE,2,4,NO INDICATION OF INJURY,0,0,14,3,,
05/07/2025 12:45:00 AM,25,CLEAR,"DARKNESS, LIGHTED ROAD",PARKED MOTOR VEHICLE,NOT DIVIDED,DRY,INJURY AND / OR TOW DUE TO CRASH,FOLLOWING TOO CLOSELY,2,5,NO INDICATION OF INJURY,0,0,0,4,,
04/02/2025 05:45:00 AM,25,RAIN,"DARKNESS, LIGHTED ROAD",REAR END,ONE-WAY,WET,INJURY AND / OR TOW DUE TO CRASH,FOLLOWING TOO CLOSELY,2,4,"REPORTED, NOT EVIDENT",1,0,5,4,,
04/07/2025 04:00:00 PM,30,CLEAR,DAYLIGHT,REAR END,FOUR WAY,DRY,NO INJURY / DRIVE AWAY,EQUIPMENT - VEHICLE CONDITION,2,4,NO INDICATION OF INJURY,0,0,16,2,,
04/10/2025 09:46:00 PM,10,CLEAR,"DARKNESS, LIGHTED ROAD",PARKED MOTOR VEHICLE,PARKING LOT,DRY,NO INJURY / DRIVE AWAY,DISTRACTION - FROM INSIDE VEHICLE,2,4,NO INDICATION OF INJURY,0,0,21,5,,
03/19/2025 03:35:00 PM,30,RAIN,DAYLIGHT,PARKED MOTOR VEHICLE,NOT DIVIDED,WET,NO INJURY / DRIVE AWAY,NOT APPLICABLE,2,3,NO INDICATION OF INJURY,0,0,15,4,41.7610053317,-87.7040866031
03/22/2021 10:20:00 PM,30,CLEAR,"DARKNESS, LIGHTED ROAD",ANGLE,T-INTERSECTION,DRY,NO INJURY / DRIVE AWAY,FAILING TO YIELD RIGHT-OF-WAY,2,3,NO INDICATION OF INJURY,0,0,22,2,41.9398189188,-87.652819706
06/05/2024 04:57:00 PM,35,CLEAR,DAYLIGHT,SIDESWIPE SAME DIRECTION,NOT DIVIDED,DRY,NO INJURY / DRIVE AWAY,FOLLOWING TOO CLOSELY,2,6,NO INDICATION OF INJURY,0,0,16,4,41.8777916481,-87.6365243444
08/22/2024 12:10:00 PM,30,CLEAR,DAYLIGHT,PARKED MOTOR VEHICLE,DIVIDED - W/MEDIAN BARRIER,DRY,INJURY AND / OR TOW DUE TO CRASH,IMPROPER BACKING,2,8,NONINCAPACITATING INJURY,1,0,12,5,41.7211423859,-87.6757225934
11/09/2024 09:15:00 AM,30,CLEAR,DAYLIGHT,REAR END,DIVIDED - W/MEDIAN (NOT RAISED),DRY,NO INJURY / DRIVE AWAY,UNABLE TO DETERMINE,4,11,NO INDICATION OF INJURY,0,0,9,7,41.9581996074,-87.7975747198
02/25/2026 07:50:00 PM,30,CLEAR,DAWN,SIDESWIPE SAME DIRECTION,DIVIDED - W/MEDIAN (NOT RAISED),DRY,NO INJURY / DRIVE AWAY,UNABLE TO DETERMINE,2,2,NO INDICATION OF INJURY,0,0,19,4,42.0186515138,-87.8066998762
04/03/2025 09:24:00 AM,15,RAIN,DAYLIGHT,PARKED MOTOR VEHICLE,PARKING LOT,WET,NO INJURY / DRIVE AWAY,FOLLOWING TOO CLOSELY,2,4,NO INDICATION OF INJURY,0,0,9,5,41.7784213364,-87.7029760581
02/28/2024 01:22:00 PM,30,CLEAR,DAYLIGHT,REAR END,DIVIDED - W/MEDIAN (NOT RAISED),DRY,INJURY AND / OR TOW DUE TO CRASH,FAILING TO REDUCE SPEED TO AVOID CRASH,3,2,NONINCAPACITATING INJURY,1,0,13,4,41.9521293498,-87.7166509239
08/28/2025 09:35:00 PM,25,CLEAR,DARKNESS,SIDESWIPE SAME DIRECTION,DIVIDED - W/MEDIAN (NOT RAISED),DRY,INJURY AND / OR TOW DUE TO CRASH,IMPROPER OVERTAKING/PASSING,2,8,"REPORTED, NOT EVIDENT",1,0,21,5,41.8233055071,-87.6843998624
04/06/2026 03:50:00 PM,30,CLEAR,DAYLIGHT,SIDESWIPE SAME DIRECTION,NOT DIVIDED,DRY,NO INJURY / DRIVE AWAY,IMPROPER LANE USAGE,2,4,NO INDICATION OF INJURY,0,0,15,2,41.8670614529,-87.6242915566
07/05/2023 09:45:00 AM,30,CLEAR,DAYLIGHT,SIDESWIPE SAME DIRECTION,NOT DIVIDED,UNKNOWN,NO INJURY / DRIVE AWAY,UNABLE TO DETERMINE,2,7,NO INDICATION OF INJURY,0,0,9,4,42.0054120957,-87.6752407845
04/06/2025 11:55:00 AM,20,CLEAR,DAYLIGHT,PARKED MOTOR VEHICLE,NOT DIVIDED,DRY,NO INJURY / DRIVE AWAY,UNABLE TO DETERMINE,2,4,NO INDICATION OF INJURY,0,0,11,1,41.9630216246,-87.6898989564
03/23/2021 06:00:00 AM,30,CLEAR,"DARKNESS, LIGHTED ROAD",SIDESWIPE SAME DIRECTION,NOT DIVIDED,DRY,INJURY AND / OR TOW DUE TO CRASH,"OPERATING VEHICLE IN ERRATIC, RECKLESS, CARELESS, NEGLIGENT OR AGGRESSIVE MANNER",2,3,"REPORTED, NOT EVIDENT",1,0,6,3,41.9121017354,-87.6345926429
02/12/2023 03:26:00 PM,30,CLEAR,DAYLIGHT,PARKED MOTOR VEHICLE,DIVIDED - W/MEDIAN (NOT RAISED),DRY,NO INJURY / DRIVE AWAY,UNABLE TO DETERMINE,2,2,NO INDICATION OF INJURY,0,0,15,1,41.8516594836,-87.6321322792
06/26/2024 05:30:00 PM,30,CLEAR,DAYLIGHT,TURNING,DIVIDED - W/MEDIAN (NOT RAISED),DRY,INJURY AND / OR TOW DUE TO CRASH,FAILING TO YIELD RIGHT-OF-WAY,2,6,NONINCAPACITATING INJURY,1,0,17,4,41.8518740398,-87.7053183263
09/02/2023 10:27:00 PM,30,CLEAR,"DARKNESS, LIGHTED ROAD",REAR END,NOT DIVIDED,DRY,NO INJURY / DRIVE AWAY,FOLLOWING TOO CLOSELY,2,9,NO INDICATION OF INJURY,0,0,22,7,41.8843200933,-87.6436897228
01/31/2025 12:41:00 PM,30,RAIN,DAYLIGHT,PARKED MOTOR VEHICLE,DIVIDED - W/MEDIAN (NOT RAISED),WET,INJURY AND / OR TOW DUE TO CRASH,FAILING TO REDUCE SPEED TO AVOID CRASH,3,1,NO INDICATION OF INJURY,0,0,12,6,41.9900614594,-87.6895113927
09/22/2023 12:20:00 PM,30,UNKNOWN,UNKNOWN,ANGLE,NOT DIVIDED,UNKNOWN,NO INJURY / DRIVE AWAY,UNABLE TO DETERMINE,2,9,NO INDICATION OF INJURY,0,0,12,6,41.743913523,-87.6146121367